06270.703125,1.000000,543.000000,0.000000,0.000000,293.000000,1.000000,1.000000,0.000000,1000.305786,0.750000,0.750000,1.000000,128170.703125,1.000000,543.000000,0.000000,0.000000,293.000000,1.000000,1.000000,0.000000,1000.304932,0.750000,0.750000,1.000000,0.002000000,0.000001110,0.066000,0.000000,0.000000,0.000000,0.000000,0.000000,0.750000,0.000000
128270.703125,1.000000,543.000000,0.000000,0.000000,293.000000,1.000000,1.000000,0.000000,1000.303589,0.750000,0.750000,1.000000,0.002000000,0.000001110,0.066000,0.000000,0.000000,0.000000,0.000000,0.000000,0.750000,0.000000
128270.804688,1.000000,543.000000,0.000000,0.000000,293.000000,1.000000,1.000000,0.000000,1.015935,0.750000,0.750000,1.000000,0.000100000,0.000001113,0.066000,0.000000,0.000000,0.000000,0.000000,0.000000,0.750000,0.000000
0.100000,1.000000,543.000000,0.000000,0.000000,293.000000,1.000000,1.000000,0.000000,1.000000,0.750000,0.750000,1.000000,0.000100000,0.000001114,0.066000,0.000000,0.000000,0.000000,0.000000,0.000000,0.750000,0.000000
0.200000,1.000000,543.000000,0.000000,0.000000,293.000000,1.000000,1.000000,0.000000,1.000856,0.750000,0.750000,1.000000,0.000100000,0.000001113,0.066000,0.000000,0.000000,0.000000,0.000000,0.000000,0.750000,0.000000
0.300000,1.000000,543.000000,0.000000,0.000000,293.000000,1.000000,1.000000,0.000000,1.000857,0.750000,0.750000,1.000000,0.000100000,0.000001113,0.066000,0.000000,0.000000,0.000000,0.000000,0.000000,0.750000,0.000000
0.100000,0.100000,292.799988,0.000000,0.000000,267.799988,0.100000,0.273745,0.014525,1.000000,0.205309,0.205309,1.000000,0.000100000,0.000001114,0.006600,0.000000,-2.075014,0.000000,0.000000,2.075014,0.205309,0.000000
0.200000,0.100000,292.799988,0.000000,0.000000,267.799988,0.100000,0.273745,0.014525,1.000856,0.205309,0.205309,1.000000,0.000100000,0.000001113,0.006600,0.000000,-2.075014,0.000000,0.000000,2.075014,0.205309,0.000000
0.300000,0.100000,292.799988,0.000000,0.000000,267.799988,0.100000,0.273745,0.014525,1.000856,0.205309,0.205309,1.000000,0.000100000,0.000001113,0.006600,0.000000,-2.075014,0.000000,0.000000,2.075014,0.205309,0.000000
0.400000,0.100000,292.799988,0.000000,0.000000,267.799988,0.100000,0.273745,0.014525,1.000855,0.205309,0.205309,1.000000,0.000100000,0.000001113,0.006600,0.000000,-2.075014,0.000000,0.000000,2.075014,0.205309,0.000000
0.500000,0.100000,292.799988,0.000000,0.000000,267.799988,0.100000,0.273745,0.014525,1.000863,0.205309,0.205309,1.000000,0.000100000,0.000001113,0.006600,0.000000,-2.075014,0.000000,0.000000,2.075014,0.205309,0.000000
0.600000,0.100000,292.799988,0.000000,0.000000,267.799988,0.100000,0.273745,0.014525,1.000856,0.205309,0.205309,1.000000,0.000100000,0.000001113,0.006600,0.000000,-2.075014,0.000000,0.000000,2.075014,0.205309,0.000000
0.700000,0.100000,292.799988,0.000000,0.000000,267.799988,0.100000,0.273745,0.014525,1.000856,0.205309,0.205309,1.000000,0.000100000,0.000001113,0.006600,0.000000,-2.075014,0.000000,0.000000,2.075014,0.205309,0.000000
0.800000,0.100000,292.799988,0.000000,0.000000,267.799988,0.100000,0.273745,0.014525,1.000856,0.205309,0.205309,1.000000,0.000100000,0.000001113,0.006600,0.000000,-2.075014,0.000000,0.000000,2.075014,0.205309,0.000000
0.900000,0.100000,292.799988,0.000000,0.000000,267.799988,0.100000,0.273745,0.014525,1.000856,0.205309,0.205309,1.000000,0.000100000,0.000001113,0.006600,0.000000,-2.075014,0.000000,0.000000,2.075014,0.205309,0.000000
1.000000,0.100000,292.799988,0.000000,0.000000,267.799988,0.100000,0.273745,0.014525,1.000856,0.205309,0.205309,1.000000,0.000100000,0.000001113,0.006600,0.000000,-2.075014,0.000000,0.000000,2.075014,0.205309,0.000000
1.100000,0.100000,292.799988,0.000000,0.000000,267.799988,0.100000,0.273745,0.014525,1.000857,0.205309,0.205309,1.000000,0.000100000,0.000001113,0.006600,0.000000,-2.075014,0.000000,0.000000,2.075014,0.205309,0.000000
1.200000,0.100000,292.799988,0.000000,0.000000,267.799988,0.100000,0.273745,0.014525,1.000855,0.205309,0.205309,1.000000,0.000100000,0.000001113,0.006600,0.000000,-2.075014,0.000000,0.000000,2.075014,0.205309,0.000000
1.300000,0.100000,292.799988,0.000000,0.000000,267.799988,0.100000,0.273745,0.014525,1.000854,0.205309,0.205309,1.000000,0.000100000,0.000001113,0.006600,0.000000,-2.075014,0.000000,0.000000,2.075014,0.205309,0.000000
1.400000,0.100000,292.799988,0.000000,0.000000,267.799988,0.100000,0.273745,0.014525,1.000856,0.205309,0.205309,1.000000,0.000100000,0.000001113,0.006600,0.000000,-2.075014,0.000000,0.000000,2.075014,0.205309,0.000000
1.500000,0.100000,292.799988,0.000000,0.000000,267.799988,0.100000,0.273745,0.014525,1.000855,0.205309,0.205309,1.000000,0.000100000,0.000001113,0.006600,0.000000,-2.075014,0.000000,0.000000,2.075014,0.205309,0.000000
1.600000,0.100000,292.799988,0.000000,0.000000,267.799988,0.100000,0.273745,0.014525,1.000855,0.205309,0.205309,1.000000,0.000100000,0.000001113,0.006600,0.000000,-2.075014,0.000000,0.000000,2.075014,0.205309,0.000000
1.700000,0.100000,292.799988,0.000000,0.000000,267.799988,0.100000,0.273745,0.014525,1.000857,0.205309,0.205309,1.000000,0.000100000,0.000001113,0.006600,0.000000,-2.075014,0.000000,0.000000,2.075014,0.205309,0.000000
1.800000,0.100000,292.799988,0.000000,0.000000,267.799988,0.100000,0.273745,0.014525,1.000856,0.205309,0.205309,1.000000,0.000100000,0.000001113,0.006600,0.000000,-2.075014,0.000000,0.000000,2.075014,0.205309,0.000000
1.900000,0.100000,292.799988,0.000000,0.000000,267.799988,0.100000,0.273745,0.014525,1.000856,0.205309,0.205309,1.000000,0.000100000,0.000001113,0.006600,0.000000,-2.075014,0.000000,0.000000,2.075014,0.205309,0.000000
2.000000,0.100000,292.799988,0.000000,0.000000,267.799988,0.100000,0.273745,0.014525,1.000856,0.205309,0.205309,1.000000,0.000100000,0.000001113,0.006600,0.000000,-2.075014,0.000000,0.000000,2.075014,0.205309,0.000000
2.100000,0.100000,292.799988,0.000000,0.000000,267.799988,0.100000,0.273745,0.014525,1.000855,0.205309,0.205309,1.000000,0.000100000,0.000001113,0.006600,0.000000,-2.075014,0.000000,0.000000,2.075014,0.205309,0.000000
2.200000,0.100000,292.799988,0.000000,0.000000,267.799988,0.100000,0.273745,0.014525,1.000864,0.205309,0.205309,1.000000,0.000100000,0.000001113,0.006600,0.000000,-2.075014,0.000000,0.000000,2.075014,0.205309,0.000000
2.300000,0.100000,292.799988,0.000000,0.000000,267.799988,0.100000,0.273745,0.014525,1.000854,0.205309,0.205309,1.000000,0.000100000,0.000001113,0.006600,0.000000,-2.075014,0.000000,0.000000,2.075014,0.205309,0.000000
2.400000,0.100000,292.799988,0.000000,0.000000,267.799988,0.100000,0.273745,0.014525,1.000855,0.205309,0.205309,1.000000,0.000100000,0.000001113,0.006600,0.000000,-2.075014,0.000000,0.000000,2.075014,0.205309,0.000000
2.500000,0.100000,292.799988,0.000000,0.000000,267.799988,0.100000,0.273745,0.014525,1.000858,0.205309,0.205309,1.000000,0.000100000,0.000001113,0.006600,0.000000,-2.075014,0.000000,0.000000,2.075014,0.205309,0.000000
2.600000,0.100000,292.799988,0.000000,0.000000,267.799988,0.100000,0.273745,0.014525,1.000855,0.205309,0.205309,1.000000,0.000100000,0.000001113,0.006600,0.000000,-2.075014,0.000000,0.000000,2.075014,0.205309,0.000000
2.700000,0.100000,292.799988,0.000000,0.000000,267.799988,0.100000,0.273745,0.014525,1.000857,0.205309,0.205309,1.000000,0.000100000,0.000001113,0.006600,0.000000,-2.075014,0.000000,0.000000,2.075014,0.205309,0.000000
2.800000,0.100000,292.799988,0.000000,0.000000,267.799988,0.100000,0.273745,0.014525,1.000855,0.205309,0.205309,1.000000,0.000100000,0.000001113,0.006600,0.000000,-2.075014,0.000000,0.000000,2.075014,0.205309,0.000000
2.900000,0.100000,292.799988,0.000000,0.000000,267.799988,0.100000,0.273745,0.014525,1.000855,0.205309,0.205309,1.000000,0.000100000,0.000001113,0.006600,0.000000,-2.075014,0.000000,0.000000,2.075014,0.205309,0.000000
3.000000,0.100000,292.799988,0.000000,0.000000,267.799988,0.100000,0.273745,0.014525,1.000864,0.205309,0.205309,1.000000,0.000100000,0.000001113,0.006600,0.000000,-2.075014,0.000000,0.000000,2.075014,0.205309,0.000000
3.100000,0.100000,292.799988,0.000000,0.000000,267.799988,0.100000,0.273745,0.014525,1.000855,0.205309,0.205309,1.000000,0.000100000,0.000001113,0.006600,0.000000,-2.075014,0.000000,0.000000,2.075014,0.205309,0.000000
3.200000,0.100000,292.799988,0.000000,0.000000,267.799988,0.100000,0.273745,0.014525,1.000854,0.205309,0.205309,1.000000,0.000100000,0.000001113,0.006600,0.000000,-2.075014,0.000000,0.000000,2.075014,0.205309,0.000000
3.300000,0.100000,292.799988,0.000000,0.000000,267.799988,0.100000,0.273745,0.014525,1.000858,0.205309,0.205309,1.000000,0.000100000,0.000001113,0.006600,0.000000,-2.075014,0.000000,0.000000,2.075014,0.205309,0.000000
3.400000,0.100000,292.799988,0.000000,0.000000,267.799988,0.100000,0.273745,0.014525,1.000855,0.205309,0.205309,1.000000,0.000100000,0.000001113,0.006600,0.000000,-2.075014,0.000000,0.000000,2.075014,0.205309,0.000000
3.500000,0.100000,292.799988,0.000000,0.000000,267.799988,0.100000,0.273745,0.014525,1.000857,0.205309,0.205309,1.000000,0.000100000,0.000001113,0.006600,0.000000,-2.075014,0.000000,0.000000,2.075014,0.205309,0.000000
3.600000,0.100000,292.799988,0.000000,0.000000,267.799988,0.100000,0.273745,0.014525,1.000855,0.205309,0.205309,1.000000,0.000100000,0.000001113,0.006600,0.000000,-2.075014,0.000000,0.000000,2.075014,0.205309,0.000000
3.700000,0.100000,292.799988,0.000000,0.000000,267.799988,0.100000,0.273745,0.014525,1.000855,0.205309,0.205309,1.000000,0.000100000,0.000001113,0.006600,0.000000,-2.075014,0.000000,0.000000,2.075014,0.205309,0.000000
3.800000,0.100000,292.799988,0.000000,0.000000,267.800018,0.100000,0.273745,0.014525,1.000855,0.205309,0.205309,1.000000,0.000100000,0.000001113,0.006600,0.000000,-2.075014,0.000000,-0.000000,2.075014,0.205309,0.000000
3.900000,0.100000,292.799988,0.000000,0.000000,267.800018,0.100000,0.273745,0.014525,1.000856,0.205309,0.205309,1.000000,0.000100000,0.000001113,0.006600,0.000000,-2.075014,0.000000,-0.000000,2.075014,0.205309,0.000000
4.000000,0.100000,292.799988,0.000000,0.000000,267.799988,0.100000,0.273745,0.014525,1.000858,0.205309,0.205309,1.000000,0.000100000,0.000001113,0.006600,0.000000,-2.075014,0.000000,0.000000,2.075014,0.205309,0.000000
4.100000,0.100000,292.799988,0.000000,0.000000,267.799988,0.100000,0.273745,0.014525,1.000853,0.205309,0.205309,1.000000,0.000100000,0.000001113,0.006600,0.000000,-2.075014,0.000000,0.000000,2.075014,0.205309,0.000000
4.200000,0.100000,292.799988,0.000000,0.000000,267.799988,0.100000,0.273745,0.014525,1.000855,0.205309,0.205309,1.000000,0.000100000,0.000001113,0.006600,0.000000,-2.075014,0.000000,0.000000,2.075014,0.205309,0.000000
4.300000,0.100000,292.799988,0.000000,0.000000,267.800018,0.100000,0.273745,0.014525,1.000856,0.205309,0.205309,1.000000,0.000100000,0.000001113,0.006600,0.000000,-2.075014,0.000000,-0.000000,2.075014,0.205309,0.000000
4.400000,0.100000,292.799988,0.000000,0.000000,267.799988,0.100000,0.273745,0.014525,1.000861,0.205309,0.205309,1.000000,0.000100000,0.000001113,0.006600,0.000000,-2.075014,0.000000,0.000000,2.075014,0.205309,0.000000
4.500000,0.100000,292.799988,0.000000,0.000000,267.799988,0.100000,0.273745,0.014525,1.000853,0.205309,0.205309,1.000000,0.000100000,0.000001113,0.006600,0.000000,-2.075014,0.000000,0.000000,2.075014,0.205309,0.000000
4.600000,0.100000,292.799988,0.000000,0.000000,267.799988,0.100000,0.273745,0.014525,1.000856,0.205309,0.205309,1.000000,0.000100000,0.000001113,0.006600,0.000000,-2.075014,0.000000,0.000000,2.075014,0.205309,0.000000
4.700000,0.100000,292.799988,0.000000,0.000000,267.800018,0.100000,0.273745,0.014525,1.000862,0.205309,0.205309,1.000000,0.000100000,0.000001113,0.006600,0.000000,-2.075014,0.000000,-0.000000,2.075014,0.205309,0.000000
4.800000,0.100000,292.799988,0.000000,0.000000,267.800018,0.100000,0.273745,0.014525,1.000856,0.205309,0.205309,1.000000,0.000100000,0.000001113,0.006600,0.000000,-2.075014,0.000000,-0.000000,2.075014,0.205309,0.000000
4.900000,0.100000,292.799988,0.000000,0.000000,267.799988,0.100000,0.273745,0.014525,1.000860,0.205309,0.205309,1.000000,0.000100000,0.000001113,0.006600,0.000000,-2.075014,0.000000,0.000000,2.075014,0.205309,0.000000
5.000000,0.100000,292.799988,0.000000,0.000000,267.799988,0.100000,0.273745,0.014525,1.000854,0.205309,0.205309,1.000000,0.000100000,0.000001113,0.006600,0.000000,-2.075014,0.000000,0.000000,2.075014,0.205309,0.000000
5.100000,0.100000,292.799988,0.000000,0.000000,267.799988,0.100000,0.273745,0.014525,1.000855,0.205309,0.205309,1.000000,0.000100000,0.000001113,0.006600,0.000000,-2.075014,0.000000,0.000000,2.075014,0.205309,0.000000
5.200000,0.100000,292.799988,0.000000,0.000000,267.800018,0.100000,0.273745,0.014525,1.000854,0.205309,0.205309,1.000000,0.000100000,0.000001113,0.006600,0.000000,-2.075014,0.000000,-0.000000,2.075014,0.205309,0.000000
5.300000,0.100000,292.799988,0.000000,0.000000,267.800018,0.100000,0.273745,0.014525,1.000857,0.205309,0.205309,1.000000,0.000100000,0.000001113,0.006600,0.000000,-2.075014,0.000000,-0.000000,2.075014,0.205309,0.000000
5.400000,0.100000,292.799988,0.000000,0.000000,267.799988,0.100000,0.273745,0.014525,1.000860,0.205309,0.205309,1.000000,0.000100000,0.000001113,0.006600,0.000000,-2.075014,0.000000,0.000000,2.075014,0.205309,0.000000
5.500000,0.100000,292.799988,0.000000,0.000000,267.799988,0.100000,0.273745,0.014525,1.000861,0.205309,0.205309,1.000000,0.000100000,0.000001113,0.006600,0.000000,-2.075014,0.000000,0.000000,2.075014,0.205309,0.000000
5.600000,0.100000,292.799988,0.000000,0.000000,267.799988,0.100000,0.273745,0.014525,1.000855,0.205309,0.205309,1.000000,0.000100000,0.000001113,0.006600,0.000000,-2.075014,0.000000,0.000000,2.075014,0.205309,0.000000
5.700000,0.100000,292.799988,0.000000,0.000000,267.800018,0.100000,0.273745,0.014525,1.000854,0.205309,0.205309,1.000000,0.000100000,0.000001113,0.006600,0.000000,-2.075014,0.000000,-0.000000,2.075014,0.205309,0.000000
5.800000,0.100000,292.799988,0.000000,0.000000,267.799988,0.100000,0.273745,0.014525,1.000856,0.205309,0.205309,1.000000,0.000100000,0.000001113,0.006600,0.000000,-2.075014,0.000000,0.000000,2.075014,0.205309,0.000000
5.900000,0.100000,292.799988,0.000000,0.000000,267.799988,0.100000,0.273745,0.014525,1.000854,0.205309,0.205309,1.000000,0.000100000,0.000001113,0.006600,0.000000,-2.075014,0.000000,0.000000,2.075014,0.205309,0.000000
6.000000,0.100000,292.799988,0.000000,0.000000,267.799988,0.100000,0.273745,0.014525,1.000860,0.205309,0.205309,1.000000,0.000100000,0.000001113,0.006600,0.000000,-2.075014,0.000000,0.000000,2.075014,0.205309,0.000000
6.100000,0.100000,292.799988,0.000000,0.000000,267.800018,0.100000,0.273745,0.014525,1.000855,0.205309,0.205309,1.000000,0.000100000,0.000001113,0.006600,0.000000,-2.075014,0.000000,-0.000000,2.075014,0.205309,0.000000
6.200000,0.100000,292.799988,0.000000,0.000000,267.800018,0.100000,0.273745,0.014525,1.000856,0.205309,0.205309,1.000000,0.000100000,0.000001113,0.006600,0.000000,-2.075014,0.000000,-0.000000,2.075014,0.205309,0.000000
6.300000,0.100000,292.799988,0.000000,0.000000,267.799988,0.100000,0.273745,0.014525,1.000852,0.205309,0.205309,1.000000,0.000100000,0.000001113,0.006600,0.000000,-2.075014,0.000000,0.000000,2.075014,0.205309,0.000000
6.400000,0.100000,292.799988,0.000000,0.000000,267.799988,0.100000,0.273745,0.014525,1.000854,0.205309,0.205309,1.000000,0.000100000,0.000001113,0.006600,0.000000,-2.075014,0.000000,0.000000,2.075014,0.205309,0.000000
6.500000,0.100000,292.799988,0.000000,0.000000,267.799988,0.100000,0.273745,0.014525,1.000859,0.205309,0.205309,1.000000,0.000100000,0.000001113,0.006600,0.000000,-2.075014,0.000000,0.000000,2.075014,0.205309,0.000000
6.600000,0.100000,292.799988,0.000000,0.000000,267.800018,0.100000,0.273745,0.014525,1.000855,0.205309,0.205309,1.000000,0.000100000,0.000001113,0.006600,0.000000,-2.075014,0.000000,-0.000000,2.075014,0.205309,0.000000
6.700000,0.100000,292.799988,0.000000,0.000000,267.799988,0.100000,0.273745,0.014525,1.000857,0.205309,0.205309,1.000000,0.000100000,0.000001113,0.006600,0.000000,-2.075014,0.000000,0.000000,2.075014,0.205309,0.000000
6.800000,0.100000,292.799988,0.000000,0.000000,267.799988,0.100000,0.273745,0.014525,1.000854,0.205309,0.205309,1.000000,0.000100000,0.000001113,0.006600,0.000000,-2.075014,0.000000,0.000000,2.075014,0.205309,0.000000
6.900000,0.100000,292.799988,0.000000,0.000000,267.799988,0.100000,0.273745,0.014525,1.000855,0.205309,0.205309,1.000000,0.000100000,0.000001113,0.006600,0.000000,-2.075014,0.000000,0.000000,2.075014,0.205309,0.000000
7.000000,0.100000,292.799988,0.000000,0.000000,267.800018,0.100000,0.273745,0.014525,1.000860,0.205309,0.205309,1.000000,0.000100000,0.000001113,0.006600,0.000000,-2.075014,0.000000,-0.000000,2.075014,0.205309,0.000000
7.100000,0.100000,292.799988,0.000000,0.000000,267.800018,0.100000,0.273745,0.014525,1.000856,0.205309,0.205309,1.000000,0.000100000,0.000001113,0.006600,0.000000,-2.075014,0.000000,-0.000000,2.075014,0.205309,0.000000
7.200000,0.100000,292.799988,0.000000,0.000000,267.799988,0.100000,0.273745,0.014525,1.000852,0.205309,0.205309,1.000000,0.000100000,0.000001113,0.006600,0.000000,-2.075014,0.000000,0.000000,2.075014,0.205309,0.000000
7.300000,0.100000,292.799988,0.000000,0.000000,267.799988,0.100000,0.273745,0.014525,1.000854,0.205309,0.205309,1.000000,0.000100000,0.000001113,0.006600,0.000000,-2.075014,0.000000,0.000000,2.075014,0.205309,0.000000
7.400000,0.100000,292.799988,0.000000,0.000000,267.799988,0.100000,0.273745,0.014525,1.000856,0.205309,0.205309,1.000000,0.000100000,0.000001113,0.006600,0.000000,-2.075014,0.000000,0.000000,2.075014,0.205309,0.000000
7.500000,0.100000,292.799988,0.000000,0.000000,267.800018,0.100000,0.273745,0.014525,1.000859,0.205309,0.205309,1.000000,0.000100000,0.000001113,0.006600,0.000000,-2.075014,0.000000,-0.000000,2.075014,0.205309,0.000000
7.600000,0.100000,292.799988,0.000000,0.000000,267.800018,0.100000,0.273745,0.014525,1.000856,0.205309,0.205309,1.000000,0.000100000,0.000001113,0.006600,0.000000,-2.075014,0.000000,-0.000000,2.075014,0.205309,0.000000
7.700000,0.100000,292.799988,0.000000,0.000000,267.799988,0.100000,0.273745,0.014525,1.000854,0.205309,0.205309,1.000000,0.000100000,0.000001113,0.006600,0.000000,-2.075014,0.000000,0.000000,2.075014,0.205309,0.000000
7.800000,0.100000,292.799988,0.000000,0.000000,267.799988,0.100000,0.273745,0.014525,1.000854,0.205309,0.205309,1.000000,0.000100000,0.000001113,0.006600,0.000000,-2.075014,0.000000,0.000000,2.075014,0.205309,0.000000
7.900000,0.100000,292.799988,0.000000,0.000000,267.799988,0.100000,0.273745,0.014525,1.000855,0.205309,0.205309,1.000000,0.000100000,0.000001113,0.006600,0.000000,-2.075014,0.000000,0.000000,2.075014,0.205309,0.000000
8.000000,0.100000,292.799988,0.000000,0.000000,267.800018,0.100000,0.273745,0.014525,1.000859,0.205309,0.205309,1.000000,0.000100000,0.000001113,0.006600,0.000000,-2.075014,0.000000,-0.000000,2.075014,0.205309,0.000000
8.099999,0.100000,292.799988,0.000000,0.000000,267.799988,0.100000,0.273745,0.014525,1.000849,0.205309,0.205309,1.000000,0.000100000,0.000001113,0.006600,0.000000,-2.075014,0.000000,0.000000,2.075014,0.205309,0.000000
8.200000,0.100000,292.799988,0.000000,0.000000,267.799988,0.100000,0.273745,0.014525,1.000858,0.205309,0.205309,1.000000,0.000100000,0.000001113,0.006600,0.000000,-2.075014,0.000000,0.000000,2.075014,0.205309,0.000000
8.300000,0.100000,292.799988,0.000000,0.000000,267.799988,0.100000,0.273745,0.014525,1.000860,0.205309,0.205309,1.000000,0.000100000,0.000001113,0.006600,0.000000,-2.075014,0.000000,0.000000,2.075014,0.205309,0.000000
8.400000,0.100000,292.799988,0.000000,0.000000,267.800018,0.100000,0.273745,0.014525,1.000850,0.205309,0.205309,1.000000,0.000100000,0.000001113,0.006600,0.000000,-2.075014,0.000000,-0.000000,2.075014,0.205309,0.000000
8.500000,0.100000,292.799988,0.000000,0.000000,267.800018,0.100000,0.273745,0.014525,1.000862,0.205309,0.205309,1.000000,0.000100000,0.000001113,0.006600,0.000000,-2.075014,0.000000,-0.000000,2.075014,0.205309,0.000000
8.599999,0.100000,292.799988,0.000000,0.000000,267.799988,0.100000,0.273745,0.014525,1.000850,0.205309,0.205309,1.000000,0.000100000,0.000001113,0.006600,0.000000,-2.075014,0.000000,0.000000,2.075014,0.205309,0.000000
8.700000,0.100000,292.799988,0.000000,0.000000,267.799988,0.100000,0.273745,0.014525,1.000858,0.205309,0.205309,1.000000,0.000100000,0.000001113,0.006600,0.000000,-2.075014,0.000000,0.000000,2.075014,0.205309,0.000000
8.800000,0.100000,292.799988,0.000000,0.000000,267.799988,0.100000,0.273745,0.014525,1.000860,0.205309,0.205309,1.000000,0.000100000,0.000001113,0.006600,0.000000,-2.075014,0.000000,0.000000,2.075014,0.205309,0.000000
8.900000,0.100000,292.799988,0.000000,0.000000,267.800018,0.100000,0.273745,0.014525,1.000850,0.205309,0.205309,1.000000,0.000100000,0.000001113,0.006600,0.000000,-2.075014,0.000000,-0.000000,2.075014,0.205309,0.000000
9.000000,0.100000,292.799988,0.000000,0.000000,267.800018,0.100000,0.273745,0.014525,1.000858,0.205309,0.205309,1.000000,0.000100000,0.000001113,0.006600,0.000000,-2.075014,0.000000,-0.000000,2.075014,0.205309,0.000000
9.099999,0.100000,292.799988,0.000000,0.000000,267.799988,0.100000,0.273745,0.014525,1.000850,0.205309,0.205309,1.000000,0.000100000,0.000001113,0.006600,0.000000,-2.075014,0.000000,0.000000,2.075014,0.205309,0.000000
9.200000,0.100000,292.799988,0.000000,0.000000,267.799988,0.100000,0.273745,0.014525,1.000859,0.205309,0.205309,1.000000,0.000100000,0.000001113,0.006600,0.000000,-2.075014,0.000000,0.000000,2.075014,0.205309,0.000000
9.300000,0.100000,292.799988,0.000000,0.000000,267.799988,0.100000,0.273745,0.014525,1.000859,0.205309,0.205309,1.000000,0.000100000,0.000001113,0.006600,0.000000,-2.075014,0.000000,0.000000,2.075014,0.205309,0.000000
9.400000,0.100000,292.799988,0.000000,0.000000,267.800018,0.100000,0.273745,0.014525,1.000851,0.205309,0.205309,1.000000,0.000100000,0.000001113,0.006600,0.000000,-2.075014,0.000000,-0.000000,2.075014,0.205309,0.000000
9.500000,0.100000,292.799988,0.000000,0.000000,267.799988,0.100000,0.273745,0.014525,1.000861,0.205309,0.205309,1.000000,0.000100000,0.000001113,0.006600,0.000000,-2.075014,0.000000,0.000000,2.075014,0.205309,0.000000
9.599999,0.100000,292.799988,0.000000,0.000000,267.799988,0.100000,0.273745,0.014525,1.000849,0.205309,0.205309,1.000000,0.000100000,0.000001113,0.006600,0.000000,-2.075014,0.000000,0.000000,2.075014,0.205309,0.000000
9.700000,0.100000,292.799988,0.000000,0.000000,267.799988,0.100000,0.273745,0.014525,1.000860,0.205309,0.205309,1.000000,0.000100000,0.000001113,0.006600,0.000000,-2.075014,0.000000,0.000000,2.075014,0.205309,0.000000
9.800000,0.100000,292.799988,0.000000,0.000000,267.800018,0.100000,0.273745,0.014525,1.000860,0.205309,0.205309,1.000000,0.000100000,0.000001113,0.006600,0.000000,-2.075014,0.000000,-0.000000,2.075014,0.205309,0.000000
9.900000,0.100000,292.799988,0.000000,0.000000,267.800018,0.100000,0.273745,0.014525,1.000849,0.205309,0.205309,1.000000,0.000100000,0.000001113,0.006600,0.000000,-2.075014,0.000000,-0.000000,2.075014,0.205309,0.000000
10.000000,0.100000,292.799988,0.000000,0.000000,267.799988,0.100000,0.273745,0.014525,1.000859,0.205309,0.205309,1.000000,0.000100000,0.000001113,0.006600,0.000000,-2.075014,0.000000,0.000000,2.075014,0.205309,0.000000
10.099999,0.100000,292.799988,0.000000,0.000000,267.799988,0.100000,0.273745,0.014525,1.000851,0.205309,0.205309,1.000000,0.000100000,0.000001113,0.006600,0.000000,-2.075014,0.000000,0.000000,2.075014,0.205309,0.000000
10.200000,0.100000,292.799988,0.000000,0.000000,267.799988,0.100000,0.273745,0.014525,1.000859,0.205309,0.205309,1.000000,0.000100000,0.000001113,0.006600,0.000000,-2.075014,0.000000,0.000000,2.075014,0.205309,0.000000
10.300000,0.100000,292.799988,0.000000,0.000000,267.800018,0.100000,0.273745,0.014525,1.000860,0.205309,0.205309,1.000000,0.000100000,0.000001113,0.006600,0.000000,-2.075014,0.000000,-0.000000,2.075014,0.205309,0.000000
10.400000,0.100000,292.799988,0.000000,0.000000,267.800018,0.100000,0.273745,0.014525,1.000851,0.205309,0.205309,1.000000,0.000100000,0.000001113,0.006600,0.000000,-2.075014,0.000000,-0.000000,2.075014,0.205309,0.000000
10.500000,0.100000,292.799988,0.000000,0.000000,267.799988,0.100000,0.273745,0.014525,1.000860,0.205309,0.205309,1.000000,0.000100000,0.000001113,0.006600,0.000000,-2.075014,0.000000,0.000000,2.075014,0.205309,0.000000
10.599999,0.100000,292.799988,0.000000,0.000000,267.799988,0.100000,0.273745,0.014525,1.000850,0.205309,0.205309,1.000000,0.000100000,0.000001113,0.006600,0.000000,-2.075014,0.000000,0.000000,2.075014,0.205309,0.000000
10.700000,0.100000,292.799988,0.000000,0.000000,267.799988,0.100000,0.273745,0.014525,1.000860,0.205309,0.205309,1.000000,0.000100000,0.000001113,0.006600,0.000000,-2.075014,0.000000,0.000000,2.075014,0.205309,0.000000
10.800000,0.100000,292.799988,0.000000,0.000000,267.800018,0.100000,0.273745,0.014525,1.000856,0.205309,0.205309,1.000000,0.000100000,0.000001113,0.006600,0.000000,-2.075014,0.000000,-0.000000,2.075014,0.205309,0.000000
10.900000,0.100000,292.799988,0.000000,0.000000,267.799988,0.100000,0.273745,0.014525,1.000852,0.205309,0.205309,1.000000,0.000100000,0.000001113,0.006600,0.000000,-2.075014,0.000000,0.000000,2.075014,0.205309,0.000000
11.000000,0.100000,292.799988,0.000000,0.000000,267.799988,0.100000,0.273745,0.014525,1.000858,0.205309,0.205309,1.000000,0.000100000,0.000001113,0.006600,0.000000,-2.075014,0.000000,0.000000,2.075014,0.205309,0.000000
11.099999,0.100000,292.799988,0.000000,0.000000,267.799988,0.100000,0.273745,0.014525,1.000850,0.205309,0.205309,1.000000,0.000100000,0.000001113,0.006600,0.000000,-2.075014,0.000000,0.000000,2.075014,0.205309,0.000000
11.200000,0.100000,292.799988,0.000000,0.000000,267.800018,0.100000,0.273745,0.014525,1.000861,0.205309,0.205309,1.000000,0.000100000,0.000001113,0.006600,0.000000,-2.075014,0.000000,-0.000000,2.075014,0.205309,0.000000
11.300000,0.100000,292.799988,0.000000,0.000000,267.800018,0.100000,0.273745,0.014525,1.000860,0.205309,0.205309,1.000000,0.000100000,0.000001113,0.006600,0.000000,-2.075014,0.000000,-0.000000,2.075014,0.205309,0.000000
11.400000,0.100000,292.799988,0.000000,0.000000,267.799988,0.100000,0.273745,0.014525,1.000851,0.205309,0.205309,1.000000,0.000100000,0.000001113,0.006600,0.000000,-2.075014,0.000000,0.000000,2.075014,0.205309,0.000000
11.500000,0.100000,292.799988,0.000000,0.000000,267.799988,0.100000,0.273745,0.014525,1.000859,0.205309,0.205309,1.000000,0.000100000,0.000001113,0.006600,0.000000,-2.075014,0.000000,0.000000,2.075014,0.205309,0.000000
11.599999,0.100000,292.799988,0.000000,0.000000,267.799988,0.100000,0.273745,0.014525,1.000850,0.205309,0.205309,1.000000,0.000100000,0.000001113,0.006600,0.000000,-2.075014,0.000000,0.000000,2.075014,0.205309,0.000000
11.700000,0.100000,292.799988,0.000000,0.000000,267.800018,0.100000,0.273745,0.014525,1.000857,0.205309,0.205309,1.000000,0.000100000,0.000001113,0.006600,0.000000,-2.075014,0.000000,-0.000000,2.075014,0.205309,0.000000
11.799999,0.100000,292.799988,0.000000,0.000000,267.799988,0.100000,0.273745,0.014525,1.000851,0.205309,0.205309,1.000000,0.000100000,0.000001113,0.006600,0.000000,-2.075014,0.000000,0.000000,2.075014,0.205309,0.000000
11.900000,0.100000,292.799988,0.000000,0.000000,267.799988,0.100000,0.273745,0.014525,1.000859,0.205309,0.205309,1.000000,0.000100000,0.000001113,0.006600,0.000000,-2.075014,0.000000,0.000000,2.075014,0.205309,0.000000
12.000000,0.100000,292.799988,0.000000,0.000000,267.799988,0.100000,0.273745,0.014525,1.000859,0.205309,0.205309,1.000000,0.000100000,0.000001113,0.006600,0.000000,-2.075014,0.000000,0.000000,2.075014,0.205309,0.000000
12.099999,0.100000,292.799988,0.000000,0.000000,267.800018,0.100000,0.273745,0.014525,1.000850,0.205309,0.205309,1.000000,0.000100000,0.000001113,0.006600,0.000000,-2.075014,0.000000,-0.000000,2.075014,0.205309,0.000000
12.200000,0.100000,292.799988,0.000000,0.000000,267.800018,0.100000,0.273745,0.014525,1.000861,0.205309,0.205309,1.000000,0.000100000,0.000001113,0.006600,0.000000,-2.075014,0.000000,-0.000000,2.075014,0.205309,0.000000
12.299999,0.100000,292.799988,0.000000,0.000000,267.799988,0.100000,0.273745,0.014525,1.000850,0.205309,0.205309,1.000000,0.000100000,0.000001113,0.006600,0.000000,-2.075014,0.000000,0.000000,2.075014,0.205309,0.000000
12.400000,0.100000,292.799988,0.000000,0.000000,267.799988,0.100000,0.273745,0.014525,1.000858,0.205309,0.205309,1.000000,0.000100000,0.000001113,0.006600,0.000000,-2.075014,0.000000,0.000000,2.075014,0.205309,0.000000
12.500000,0.100000,292.799988,0.000000,0.000000,267.799988,0.100000,0.273745,0.014525,1.000859,0.205309,0.205309,1.000000,0.000100000,0.000001113,0.006600,0.000000,-2.075014,0.000000,0.000000,2.075014,0.205309,0.000000
12.599999,0.100000,292.799988,0.000000,0.000000,267.800018,0.100000,0.273745,0.014525,1.000848,0.205309,0.205309,1.000000,0.000100000,0.000001113,0.006600,0.000000,-2.075014,0.000000,-0.000000,2.075014,0.205309,0.000000
12.700000,0.100000,292.799988,0.000000,0.000000,267.800018,0.100000,0.273745,0.014525,1.000861,0.205309,0.205309,1.000000,0.000100000,0.000001113,0.006600,0.000000,-2.075014,0.000000,-0.000000,2.075014,0.205309,0.000000
12.799999,0.100000,292.799988,0.000000,0.000000,267.799988,0.100000,0.273745,0.014525,1.000850,0.205309,0.205309,1.000000,0.000100000,0.000001113,0.006600,0.000000,-2.075014,0.000000,0.000000,2.075014,0.205309,0.000000
12.900000,0.100000,292.799988,0.000000,0.000000,267.799988,0.100000,0.273745,0.014525,1.000858,0.205309,0.205309,1.000000,0.000100000,0.000001113,0.006600,0.000000,-2.075014,0.000000,0.000000,2.075014,0.205309,0.000000
13.000000,0.100000,292.799988,0.000000,0.000000,267.799988,0.100000,0.273745,0.014525,1.000861,0.205309,0.205309,1.000000,0.000100000,0.000001113,0.006600,0.000000,-2.075014,0.000000,0.000000,2.075014,0.205309,0.000000
13.099999,0.100000,292.799988,0.000000,0.000000,267.800018,0.100000,0.273745,0.014525,1.000849,0.205309,0.205309,1.000000,0.000100000,0.000001113,0.006600,0.000000,-2.075014,0.000000,-0.000000,2.075014,0.205309,0.000000
13.200000,0.100000,292.799988,0.000000,0.000000,267.799988,0.100000,0.273745,0.014525,1.000862,0.205309,0.205309,1.000000,0.000100000,0.000001113,0.006600,0.000000,-2.075014,0.000000,0.000000,2.075014,0.205309,0.000000
13.299999,0.100000,292.799988,0.000000,0.000000,267.799988,0.100000,0.273745,0.014525,1.000848,0.205309,0.205309,1.000000,0.000100000,0.000001113,0.006600,0.000000,-2.075014,0.000000,0.000000,2.075014,0.205309,0.000000
13.400000,0.100000,292.799988,0.000000,0.000000,267.799988,0.100000,0.273745,0.014525,1.000861,0.205309,0.205309,1.000000,0.000100000,0.000001113,0.006600,0.000000,-2.075014,0.000000,0.000000,2.075014,0.205309,0.000000
13.500000,0.100000,292.799988,0.000000,0.000000,267.800018,0.100000,0.273745,0.014525,1.000866,0.205309,0.205309,1.000000,0.000100000,0.000001113,0.006600,0.000000,-2.075014,0.000000,-0.000000,2.075014,0.205309,0.000000
13.599999,0.100000,292.799988,0.000000,0.000000,267.800018,0.100000,0.273745,0.014525,1.000852,0.205309,0.205309,1.000000,0.000100000,0.000001113,0.006600,0.000000,-2.075014,0.000000,-0.000000,2.075014,0.205309,0.000000
13.700000,0.100000,292.799988,0.000000,0.000000,267.799988,0.100000,0.273745,0.014525,1.000859,0.205309,0.205309,1.000000,0.000100000,0.000001113,0.006600,0.000000,-2.075014,0.000000,0.000000,2.075014,0.205309,0.000000
13.799999,0.100000,292.799988,0.000000,0.000000,267.799988,0.100000,0.273745,0.014525,1.000849,0.205309,0.205309,1.000000,0.000100000,0.000001113,0.006600,0.000000,-2.075014,0.000000,0.000000,2.075014,0.205309,0.000000
13.900000,0.100000,292.799988,0.000000,0.000000,267.799988,0.100000,0.273745,0.014525,1.000859,0.205309,0.205309,1.000000,0.000100000,0.000001113,0.006600,0.000000,-2.075014,0.000000,0.000000,2.075014,0.205309,0.000000
14.000000,0.100000,292.799988,0.000000,0.000000,267.800018,0.100000,0.273745,0.014525,1.000860,0.205309,0.205309,1.000000,0.000100000,0.000001113,0.006600,0.000000,-2.075014,0.000000,-0.000000,2.075014,0.205309,0.000000
14.099999,0.100000,292.799988,0.000000,0.000000,267.800018,0.100000,0.273745,0.014525,1.000851,0.205309,0.205309,1.000000,0.000100000,0.000001113,0.006600,0.000000,-2.075014,0.000000,-0.000000,2.075014,0.205309,0.000000
14.200000,0.100000,292.799988,0.000000,0.000000,267.799988,0.100000,0.273745,0.014525,1.000860,0.205309,0.205309,1.000000,0.000100000,0.000001113,0.006600,0.000000,-2.075014,0.000000,0.000000,2.075014,0.205309,0.000000
14.299999,0.100000,292.799988,0.000000,0.000000,267.799988,0.100000,0.273745,0.014525,1.000856,0.205309,0.205309,1.000000,0.000100000,0.000001113,0.006600,0.000000,-2.075014,0.000000,0.000000,2.075014,0.205309,0.000000
14.400000,0.100000,292.799988,0.000000,0.000000,267.799988,0.100000,0.273745,0.014525,1.000860,0.205309,0.205309,1.000000,0.000100000,0.000001113,0.006600,0.000000,-2.075014,0.000000,0.000000,2.075014,0.205309,0.000000
14.500000,0.100000,292.799988,0.000000,0.000000,267.800018,0.100000,0.273745,0.014525,1.000860,0.205309,0.205309,1.000000,0.000100000,0.000001113,0.006600,0.000000,-2.075014,0.000000,-0.000000,2.075014,0.205309,0.000000
14.599999,0.100000,292.799988,0.000000,0.000000,267.799988,0.100000,0.273745,0.014525,1.000851,0.205309,0.205309,1.000000,0.000100000,0.000001113,0.006600,0.000000,-2.075014,0.000000,0.000000,2.075014,0.205309,0.000000
14.700000,0.100000,292.799988,0.000000,0.000000,267.799988,0.100000,0.273745,0.014525,1.000858,0.205309,0.205309,1.000000,0.000100000,0.000001113,0.006600,0.000000,-2.075014,0.000000,0.000000,2.075014,0.205309,0.000000
14.799999,0.100000,292.799988,0.000000,0.000000,267.799988,0.100000,0.273745,0.014525,1.000850,0.205309,0.205309,1.000000,0.000100000,0.000001113,0.006600,0.000000,-2.075014,0.000000,0.000000,2.075014,0.205309,0.000000
14.900000,0.100000,292.799988,0.000000,0.000000,267.800018,0.100000,0.273745,0.014525,1.000860,0.205309,0.205309,1.000000,0.000100000,0.000001113,0.006600,0.000000,-2.075014,0.000000,-0.000000,2.075014,0.205309,0.000000
15.000000,0.100000,292.799988,0.000000,0.000000,267.800018,0.100000,0.273745,0.014525,1.000861,0.205309,0.205309,1.000000,0.000100000,0.000001113,0.006600,0.000000,-2.075014,0.000000,-0.000000,2.075014,0.205309,0.000000
15.099999,0.100000,292.799988,0.000000,0.000000,267.799988,0.100000,0.273745,0.014525,1.000847,0.205309,0.205309,1.000000,0.000100000,0.000001113,0.006600,0.000000,-2.075014,0.000000,0.000000,2.075014,0.205309,0.000000
15.200000,0.100000,292.799988,0.000000,0.000000,267.799988,0.100000,0.273745,0.014525,1.000858,0.205309,0.205309,1.000000,0.000100000,0.000001113,0.006600,0.000000,-2.075014,0.000000,0.000000,2.075014,0.205309,0.000000
15.299999,0.100000,292.799988,0.000000,0.000000,267.799988,0.100000,0.273745,0.014525,1.000851,0.205309,0.205309,1.000000,0.000100000,0.000001113,0.006600,0.000000,-2.075014,0.000000,0.000000,2.075014,0.205309,0.000000
15.400000,0.100000,292.799988,0.000000,0.000000,267.800018,0.100000,0.273745,0.014525,1.000860,0.205309,0.205309,1.000000,0.000100000,0.000001113,0.006600,0.000000,-2.075014,0.000000,-0.000000,2.075014,0.205309,0.000000
15.500000,0.100000,292.799988,0.000000,0.000000,267.800018,0.100000,0.273745,0.014525,1.000861,0.205309,0.205309,1.000000,0.000100000,0.000001113,0.006600,0.000000,-2.075014,0.000000,-0.000000,2.075014,0.205309,0.000000
15.599999,0.100000,292.799988,0.000000,0.000000,267.799988,0.100000,0.273745,0.014525,1.000850,0.205309,0.205309,1.000000,0.000100000,0.000001113,0.006600,0.000000,-2.075014,0.000000,0.000000,2.075014,0.205309,0.000000
15.700000,0.100000,292.799988,0.000000,0.000000,267.799988,0.100000,0.273745,0.014525,1.000859,0.205309,0.205309,1.000000,0.000100000,0.000001113,0.006600,0.000000,-2.075014,0.000000,0.000000,2.075014,0.205309,0.000000
15.799999,0.100000,292.799988,0.000000,0.000000,267.799988,0.100000,0.273745,0.014525,1.000850,0.205309,0.205309,1.000000,0.000100000,0.000001113,0.006600,0.000000,-2.075014,0.000000,0.000000,2.075014,0.205309,0.000000
15.900000,0.100000,292.799988,0.000000,0.000000,267.800018,0.100000,0.273745,0.014525,1.000861,0.205309,0.205309,1.000000,0.000100000,0.000001113,0.006600,0.000000,-2.075014,0.000000,-0.000000,2.075014,0.205309,0.000000
16.000000,0.100000,292.799988,0.000000,0.000000,267.799988,0.100000,0.273745,0.014525,1.000857,0.205309,0.205309,1.000000,0.000100000,0.000001113,0.006600,0.000000,-2.075014,0.000000,0.000000,2.075014,0.205309,0.000000
16.100000,0.100000,292.799988,0.000000,0.000000,267.799988,0.100000,0.273745,0.014525,1.000859,0.205309,0.205309,1.000000,0.000100000,0.000001113,0.006600,0.000000,-2.075014,0.000000,0.000000,2.075014,0.205309,0.000000
16.199999,0.100000,292.799988,0.000000,0.000000,267.799988,0.100000,0.273745,0.014525,1.000841,0.205309,0.205309,1.000000,0.000100000,0.000001113,0.006600,0.000000,-2.075014,0.000000,0.000000,2.075014,0.205309,0.000000
16.299999,0.100000,292.799988,0.000000,0.000000,267.800018,0.100000,0.273745,0.014525,1.000860,0.205309,0.205309,1.000000,0.000100000,0.000001113,0.006600,0.000000,-2.075014,0.000000,-0.000000,2.075014,0.205309,0.000000
16.400000,0.100000,292.799988,0.000000,0.000000,267.800018,0.100000,0.273745,0.014525,1.000861,0.205309,0.205309,1.000000,0.000100000,0.000001113,0.006600,0.000000,-2.075014,0.000000,-0.000000,2.075014,0.205309,0.000000
16.500000,0.100000,292.799988,0.000000,0.000000,267.799988,0.100000,0.273745,0.014525,1.000859,0.205309,0.205309,1.000000,0.000100000,0.000001113,0.006600,0.000000,-2.075014,0.000000,0.000000,2.075014,0.205309,0.000000
16.600000,0.100000,292.799988,0.000000,0.000000,267.799988,0.100000,0.273745,0.014525,1.000859,0.205309,0.205309,1.000000,0.000100000,0.000001113,0.006600,0.000000,-2.075014,0.000000,0.000000,2.075014,0.205309,0.000000
16.699999,0.100000,292.799988,0.000000,0.000000,267.799988,0.100000,0.273745,0.014525,1.000841,0.205309,0.205309,1.000000,0.000100000,0.000001113,0.006600,0.000000,-2.075014,0.000000,0.000000,2.075014,0.205309,0.000000
16.799999,0.100000,292.799988,0.000000,0.000000,267.800018,0.100000,0.273745,0.014525,1.000860,0.205309,0.205309,1.000000,0.000100000,0.000001113,0.006600,0.000000,-2.075014,0.000000,-0.000000,2.075014,0.205309,0.000000
16.900000,0.100000,292.799988,0.000000,0.000000,267.800018,0.100000,0.273745,0.014525,1.000857,0.205309,0.205309,1.000000,0.000100000,0.000001113,0.006600,0.000000,-2.075014,0.000000,-0.000000,2.075014,0.205309,0.000000
17.000000,0.100000,292.799988,0.000000,0.000000,267.799988,0.100000,0.273745,0.014525,1.000861,0.205309,0.205309,1.000000,0.000100000,0.000001113,0.006600,0.000000,-2.075014,0.000000,0.000000,2.075014,0.205309,0.000000
17.100000,0.100000,292.799988,0.000000,0.000000,267.799988,0.100000,0.273745,0.014525,1.000858,0.205309,0.205309,1.000000,0.000100000,0.000001113,0.006600,0.000000,-2.075014,0.000000,0.000000,2.075014,0.205309,0.000000
17.199999,0.100000,292.799988,0.000000,0.000000,267.800018,0.100000,0.273745,0.014525,1.000841,0.205309,0.205309,1.000000,0.000100000,0.000001113,0.006600,0.000000,-2.075014,0.000000,-0.000000,2.075014,0.205309,0.000000
17.299999,0.100000,292.799988,0.000000,0.000000,267.800018,0.100000,0.273745,0.014525,1.000861,0.205309,0.205309,1.000000,0.000100000,0.000001113,0.006600,0.000000,-2.075014,0.000000,-0.000000,2.075014,0.205309,0.000000
17.400000,0.100000,292.799988,0.000000,0.000000,267.799988,0.100000,0.273745,0.014525,1.000860,0.205309,0.205309,1.000000,0.000100000,0.000001113,0.006600,0.000000,-2.075014,0.000000,0.000000,2.075014,0.205309,0.000000
17.500000,0.100000,292.799988,0.000000,0.000000,267.799988,0.100000,0.273745,0.014525,1.000858,0.205309,0.205309,1.000000,0.000100000,0.000001113,0.006600,0.000000,-2.075014,0.000000,0.000000,2.075014,0.205309,0.000000
17.600000,0.100000,292.799988,0.000000,0.000000,267.799988,0.100000,0.273745,0.014525,1.000861,0.205309,0.205309,1.000000,0.000100000,0.000001113,0.006600,0.000000,-2.075014,0.000000,0.000000,2.075014,0.205309,0.000000
17.699999,0.100000,292.799988,0.000000,0.000000,267.800018,0.100000,0.273745,0.014525,1.000840,0.205309,0.205309,1.000000,0.000100000,0.000001113,0.006600,0.000000,-2.075014,0.000000,-0.000000,2.075014,0.205309,0.000000
17.799999,0.100000,292.799988,0.000000,0.000000,267.800018,0.100000,0.273745,0.014525,1.000858,0.205309,0.205309,1.000000,0.000100000,0.000001113,0.006600,0.000000,-2.075014,0.000000,-0.000000,2.075014,0.205309,0.000000
17.900000,0.100000,292.799988,0.000000,0.000000,267.799988,0.100000,0.273745,0.014525,1.000860,0.205309,0.205309,1.000000,0.000100000,0.000001113,0.006600,0.000000,-2.075014,0.000000,0.000000,2.075014,0.205309,0.000000
18.000000,0.100000,292.799988,0.000000,0.000000,267.799988,0.100000,0.273745,0.014525,1.000859,0.205309,0.205309,1.000000,0.000100000,0.000001113,0.006600,0.000000,-2.075014,0.000000,0.000000,2.075014,0.205309,0.000000
18.100000,0.100000,292.799988,0.000000,0.000000,267.799988,0.100000,0.273745,0.014525,1.000859,0.205309,0.205309,1.000000,0.000100000,0.000001113,0.006600,0.000000,-2.075014,0.000000,0.000000,2.075014,0.205309,0.000000
18.199999,0.100000,292.799988,0.000000,0.000000,267.800018,0.100000,0.273745,0.014525,1.000842,0.205309,0.205309,1.000000,0.000100000,0.000001113,0.006600,0.000000,-2.075014,0.000000,-0.000000,2.075014,0.205309,0.000000
18.299999,0.100000,292.799988,0.000000,0.000000,267.799988,0.100000,0.273745,0.014525,1.000860,0.205309,0.205309,1.000000,0.000100000,0.000001113,0.006600,0.000000,-2.075014,0.000000,0.000000,2.075014,0.205309,0.000000
18.400000,0.100000,292.799988,0.000000,0.000000,267.799988,0.100000,0.273745,0.014525,1.000859,0.205309,0.205309,1.000000,0.000100000,0.000001113,0.006600,0.000000,-2.075014,0.000000,0.000000,2.075014,0.205309,0.000000
18.500000,0.100000,292.799988,0.000000,0.000000,267.799988,0.100000,0.273745,0.014525,1.000860,0.205309,0.205309,1.000000,0.000100000,0.000001113,0.006600,0.000000,-2.075014,0.000000,0.000000,2.075014,0.205309,0.000000
18.600000,0.100000,292.799988,0.000000,0.000000,267.800018,0.100000,0.273745,0.014525,1.000860,0.205309,0.205309,1.000000,0.000100000,0.000001113,0.006600,0.000000,-2.075014,0.000000,-0.000000,2.075014,0.205309,0.000000
18.699999,0.100000,292.799988,0.000000,0.000000,267.800018,0.100000,0.273745,0.014525,1.000838,0.205309,0.205309,1.000000,0.000100000,0.000001113,0.006600,0.000000,-2.075014,0.000000,-0.000000,2.075014,0.205309,0.000000
18.799999,0.100000,292.799988,0.000000,0.000000,267.799988,0.100000,0.273745,0.014525,1.000860,0.205309,0.205309,1.000000,0.000100000,0.000001113,0.006600,0.000000,-2.075014,0.000000,0.000000,2.075014,0.205309,0.000000
18.900000,0.100000,292.799988,0.000000,0.000000,267.799988,0.100000,0.273745,0.014525,1.000859,0.205309,0.205309,1.000000,0.000100000,0.000001113,0.006600,0.000000,-2.075014,0.000000,0.000000,2.075014,0.205309,0.000000
19.000000,0.100000,292.799988,0.000000,0.000000,267.799988,0.100000,0.273745,0.014525,1.000859,0.205309,0.205309,1.000000,0.000100000,0.000001113,0.006600,0.000000,-2.075014,0.000000,0.000000,2.075014,0.205309,0.000000
19.100000,0.100000,292.799988,0.000000,0.000000,267.800018,0.100000,0.273745,0.014525,1.000861,0.205309,0.205309,1.000000,0.000100000,0.000001113,0.006600,0.000000,-2.075014,0.000000,-0.000000,2.075014,0.205309,0.000000
19.199999,0.100000,292.799988,0.000000,0.000000,267.800018,0.100000,0.273745,0.014525,1.000842,0.205309,0.205309,1.000000,0.000100000,0.000001113,0.006600,0.000000,-2.075014,0.000000,-0.000000,2.075014,0.205309,0.000000
19.299999,0.100000,292.799988,0.000000,0.000000,267.799988,0.100000,0.273745,0.014525,1.000860,0.205309,0.205309,1.000000,0.000100000,0.000001113,0.006600,0.000000,-2.075014,0.000000,0.000000,2.075014,0.205309,0.000000
19.400000,0.100000,292.799988,0.000000,0.000000,267.799988,0.100000,0.273745,0.014525,1.000859,0.205309,0.205309,1.000000,0.000100000,0.000001113,0.006600,0.000000,-2.075014,0.000000,0.000000,2.075014,0.205309,0.000000
19.500000,0.100000,292.799988,0.000000,0.000000,267.799988,0.100000,0.273745,0.014525,1.000860,0.205309,0.205309,1.000000,0.000100000,0.000001113,0.006600,0.000000,-2.075014,0.000000,0.000000,2.075014,0.205309,0.000000
19.600000,0.100000,292.799988,0.000000,0.000000,267.800018,0.100000,0.273745,0.014525,1.000857,0.205309,0.205309,1.000000,0.000100000,0.000001113,0.006600,0.000000,-2.075014,0.000000,-0.000000,2.075014,0.205309,0.000000
19.699999,0.100000,292.799988,0.000000,0.000000,267.799988,0.100000,0.273745,0.014525,1.000842,0.205309,0.205309,1.000000,0.000100000,0.000001113,0.006600,0.000000,-2.075014,0.000000,0.000000,2.075014,0.205309,0.000000
19.799999,0.100000,292.799988,0.000000,0.000000,267.799988,0.100000,0.273745,0.014525,1.000859,0.205309,0.205309,1.000000,0.000100000,0.000001113,0.006600,0.000000,-2.075014,0.000000,0.000000,2.075014,0.205309,0.000000
19.900000,0.100000,292.799988,0.000000,0.000000,267.799988,0.100000,0.273745,0.014525,1.000859,0.205309,0.205309,1.000000,0.000100000,0.000001113,0.006600,0.000000,-2.075014,0.000000,0.000000,2.075014,0.205309,0.000000
20.000000,0.100000,292.799988,0.000000,0.000000,267.800018,0.100000,0.273745,0.014525,1.000860,0.205309,0.205309,1.000000,0.000100000,0.000001113,0.006600,0.000000,-2.075014,0.000000,-0.000000,2.075014,0.205309,0.000000
20.100000,0.100000,292.799988,0.000000,0.000000,267.800018,0.100000,0.273745,0.014525,1.000861,0.205309,0.205309,1.000000,0.000100000,0.000001113,0.006600,0.000000,-2.075014,0.000000,-0.000000,2.075014,0.205309,0.000000
20.199999,0.100000,292.799988,0.000000,0.000000,267.799988,0.100000,0.273745,0.014525,1.000841,0.205309,0.205309,1.000000,0.000100000,0.000001113,0.006600,0.000000,-2.075014,0.000000,0.000000,2.075014,0.205309,0.000000
20.299999,0.100000,292.799988,0.000000,0.000000,267.799988,0.100000,0.273745,0.014525,1.000858,0.205309,0.205309,1.000000,0.000100000,0.000001113,0.006600,0.000000,-2.075014,0.000000,0.000000,2.075014,0.205309,0.000000
20.400000,0.100000,292.799988,0.000000,0.000000,267.799988,0.100000,0.273745,0.014525,1.000860,0.205309,0.205309,1.000000,0.000100000,0.000001113,0.006600,0.000000,-2.075014,0.000000,0.000000,2.075014,0.205309,0.000000
20.500000,0.100000,292.799988,0.000000,0.000000,267.800018,0.100000,0.273745,0.014525,1.000857,0.205309,0.205309,1.000000,0.000100000,0.000001113,0.006600,0.000000,-2.075014,0.000000,-0.000000,2.075014,0.205309,0.000000
20.600000,0.100000,292.799988,0.000000,0.000000,267.800018,0.100000,0.273745,0.014525,1.000861,0.205309,0.205309,1.000000,0.000100000,0.000001113,0.006600,0.000000,-2.075014,0.000000,-0.000000,2.075014,0.205309,0.000000
20.699999,0.100000,292.799988,0.000000,0.000000,267.799988,0.100000,0.273745,0.014525,1.000840,0.205309,0.205309,1.000000,0.000100000,0.000001113,0.006600,0.000000,-2.075014,0.000000,0.000000,2.075014,0.205309,0.000000
20.799999,0.100000,292.799988,0.000000,0.000000,267.799988,0.100000,0.273745,0.014525,1.000859,0.205309,0.205309,1.000000,0.000100000,0.000001113,0.006600,0.000000,-2.075014,0.000000,0.000000,2.075014,0.205309,0.000000
20.900000,0.100000,292.799988,0.000000,0.000000,267.799988,0.100000,0.273745,0.014525,1.000860,0.205309,0.205309,1.000000,0.000100000,0.000001113,0.006600,0.000000,-2.075014,0.000000,0.000000,2.075014,0.205309,0.000000
21.000000,0.100000,292.799988,0.000000,0.000000,267.800018,0.100000,0.273745,0.014525,1.000859,0.205309,0.205309,1.000000,0.000100000,0.000001113,0.006600,0.000000,-2.075014,0.000000,-0.000000,2.075014,0.205309,0.000000
21.100000,0.100000,292.799988,0.000000,0.000000,267.799988,0.100000,0.273745,0.014525,1.000862,0.205309,0.205309,1.000000,0.000100000,0.000001113,0.006600,0.000000,-2.075014,0.000000,0.000000,2.075014,0.205309,0.000000
21.199999,0.100000,292.799988,0.000000,0.000000,267.799988,0.100000,0.273745,0.014525,1.000839,0.205309,0.205309,1.000000,0.000100000,0.000001113,0.006600,0.000000,-2.075014,0.000000,0.000000,2.075014,0.205309,0.000000
21.299999,0.100000,292.799988,0.000000,0.000000,267.799988,0.100000,0.273745,0.014525,1.000860,0.205309,0.205309,1.000000,0.000100000,0.000001113,0.006600,0.000000,-2.075014,0.000000,0.000000,2.075014,0.205309,0.000000
21.400000,0.100000,292.799988,0.000000,0.000000,267.800018,0.100000,0.273745,0.014525,1.000857,0.205309,0.205309,1.000000,0.000100000,0.000001113,0.006600,0.000000,-2.075014,0.000000,-0.000000,2.075014,0.205309,0.000000
21.500000,0.100000,292.799988,0.000000,0.000000,267.800018,0.100000,0.273745,0.014525,1.000860,0.205309,0.205309,1.000000,0.000100000,0.000001113,0.006600,0.000000,-2.075014,0.000000,-0.000000,2.075014,0.205309,0.000000
21.600000,0.100000,292.799988,0.000000,0.000000,267.799988,0.100000,0.273745,0.014525,1.000860,0.205309,0.205309,1.000000,0.000100000,0.000001113,0.006600,0.000000,-2.075014,0.000000,0.000000,2.075014,0.205309,0.000000
21.699999,0.100000,292.799988,0.000000,0.000000,267.799988,0.100000,0.273745,0.014525,1.000840,0.205309,0.205309,1.000000,0.000100000,0.000001113,0.006600,0.000000,-2.075014,0.000000,0.000000,2.075014,0.205309,0.000000
21.799999,0.100000,292.799988,0.000000,0.000000,267.799988,0.100000,0.273745,0.014525,1.000859,0.205309,0.205309,1.000000,0.000100000,0.000001113,0.006600,0.000000,-2.075014,0.000000,0.000000,2.075014,0.205309,0.000000
21.900000,0.100000,292.799988,0.000000,0.000000,267.800018,0.100000,0.273745,0.014525,1.000860,0.205309,0.205309,1.000000,0.000100000,0.000001113,0.006600,0.000000,-2.075014,0.000000,-0.000000,2.075014,0.205309,0.000000
22.000000,0.100000,292.799988,0.000000,0.000000,267.800018,0.100000,0.273745,0.014525,1.000861,0.205309,0.205309,1.000000,0.000100000,0.000001113,0.006600,0.000000,-2.075014,0.000000,-0.000000,2.075014,0.205309,0.000000
22.100000,0.100000,292.799988,0.000000,0.000000,267.799988,0.100000,0.273745,0.014525,1.000860,0.205309,0.205309,1.000000,0.000100000,0.000001113,0.006600,0.000000,-2.075014,0.000000,0.000000,2.075014,0.205309,0.000000
22.199999,0.100000,292.799988,0.000000,0.000000,267.799988,0.100000,0.273745,0.014525,1.000839,0.205309,0.205309,1.000000,0.000100000,0.000001113,0.006600,0.000000,-2.075014,0.000000,0.000000,2.075014,0.205309,0.000000
22.299999,0.100000,292.799988,0.000000,0.000000,267.799988,0.100000,0.273745,0.014525,1.000857,0.205309,0.205309,1.000000,0.000100000,0.000001113,0.006600,0.000000,-2.075014,0.000000,0.000000,2.075014,0.205309,0.000000
22.400000,0.100000,292.799988,0.000000,0.000000,267.800018,0.100000,0.273745,0.014525,1.000861,0.205309,0.205309,1.000000,0.000100000,0.000001113,0.006600,0.000000,-2.075014,0.000000,-0.000000,2.075014,0.205309,0.000000
22.500000,0.100000,292.799988,0.000000,0.000000,267.799988,0.100000,0.273745,0.014525,1.000860,0.205309,0.205309,1.000000,0.000100000,0.000001113,0.006600,0.000000,-2.075014,0.000000,0.000000,2.075014,0.205309,0.000000
22.600000,0.100000,292.799988,0.000000,0.000000,267.799988,0.100000,0.273745,0.014525,1.000859,0.205309,0.205309,1.000000,0.000100000,0.000001113,0.006600,0.000000,-2.075014,0.000000,0.000000,2.075014,0.205309,0.000000
22.699999,0.100000,292.799988,0.000000,0.000000,267.799988,0.100000,0.273745,0.014525,1.000841,0.205309,0.205309,1.000000,0.000100000,0.000001113,0.006600,0.000000,-2.075014,0.000000,0.000000,2.075014,0.205309,0.000000
22.799999,0.100000,292.799988,0.000000,0.000000,267.800018,0.100000,0.273745,0.014525,1.000859,0.205309,0.205309,1.000000,0.000100000,0.000001113,0.006600,0.000000,-2.075014,0.000000,-0.000000,2.075014,0.205309,0.000000
22.900000,0.100000,292.799988,0.000000,0.000000,267.800018,0.100000,0.273745,0.014525,1.000860,0.205309,0.205309,1.000000,0.000100000,0.000001113,0.006600,0.000000,-2.075014,0.000000,-0.000000,2.075014,0.205309,0.000000
23.000000,0.100000,292.799988,0.000000,0.000000,267.799988,0.100000,0.273745,0.014525,1.000860,0.205309,0.205309,1.000000,0.000100000,0.000001113,0.006600,0.000000,-2.075014,0.000000,0.000000,2.075014,0.205309,0.000000
23.099998,0.100000,292.799988,0.000000,0.000000,267.799988,0.100000,0.273745,0.014525,1.000840,0.205309,0.205309,1.000000,0.000100000,0.000001113,0.006600,0.000000,-2.075014,0.000000,0.000000,2.075014,0.205309,0.000000
23.199999,0.100000,292.799988,0.000000,0.000000,267.799988,0.100000,0.273745,0.014525,1.000857,0.205309,0.205309,1.000000,0.000100000,0.000001113,0.006600,0.000000,-2.075014,0.000000,0.000000,2.075014,0.205309,0.000000
23.299999,0.100000,292.799988,0.000000,0.000000,267.800018,0.100000,0.273745,0.014525,1.000859,0.205309,0.205309,1.000000,0.000100000,0.000001113,0.006600,0.000000,-2.075014,0.000000,-0.000000,2.075014,0.205309,0.000000
23.400000,0.100000,292.799988,0.000000,0.000000,267.799988,0.100000,0.273745,0.014525,1.000861,0.205309,0.205309,1.000000,0.000100000,0.000001113,0.006600,0.000000,-2.075014,0.000000,0.000000,2.075014,0.205309,0.000000
23.500000,0.100000,292.799988,0.000000,0.000000,267.799988,0.100000,0.273745,0.014525,1.000858,0.205309,0.205309,1.000000,0.000100000,0.000001113,0.006600,0.000000,-2.075014,0.000000,0.000000,2.075014,0.205309,0.000000
23.599999,0.100000,292.799988,0.000000,0.000000,267.799988,0.100000,0.273745,0.014525,1.000841,0.205309,0.205309,1.000000,0.000100000,0.000001113,0.006600,0.000000,-2.075014,0.000000,0.000000,2.075014,0.205309,0.000000
23.699999,0.100000,292.799988,0.000000,0.000000,267.800018,0.100000,0.273745,0.014525,1.000859,0.205309,0.205309,1.000000,0.000100000,0.000001113,0.006600,0.000000,-2.075014,0.000000,-0.000000,2.075014,0.205309,0.000000
23.799999,0.100000,292.799988,0.000000,0.000000,267.800018,0.100000,0.273745,0.014525,1.000862,0.205309,0.205309,1.000000,0.000100000,0.000001113,0.006600,0.000000,-2.075014,0.000000,-0.000000,2.075014,0.205309,0.000000
23.900000,0.100000,292.799988,0.000000,0.000000,267.799988,0.100000,0.273745,0.014525,1.000860,0.205309,0.205309,1.000000,0.000100000,0.000001113,0.006600,0.000000,-2.075014,0.000000,0.000000,2.075014,0.205309,0.000000
24.000000,0.100000,292.799988,0.000000,0.000000,267.799988,0.100000,0.273745,0.014525,1.000858,0.205309,0.205309,1.000000,0.000100000,0.000001113,0.006600,0.000000,-2.075014,0.000000,0.000000,2.075014,0.205309,0.000000
24.099998,0.100000,292.799988,0.000000,0.000000,267.799988,0.100000,0.273745,0.014525,1.000837,0.205309,0.205309,1.000000,0.000100000,0.000001113,0.006600,0.000000,-2.075014,0.000000,0.000000,2.075014,0.205309,0.000000
24.199999,0.100000,292.799988,0.000000,0.000000,267.800018,0.100000,0.273745,0.014525,1.000860,0.205309,0.205309,1.000000,0.000100000,0.000001113,0.006600,0.000000,-2.075014,0.000000,-0.000000,2.075014,0.205309,0.000000
24.299999,0.100000,292.799988,0.000000,0.000000,267.800018,0.100000,0.273745,0.014525,1.000861,0.205309,0.205309,1.000000,0.000100000,0.000001113,0.006600,0.000000,-2.075014,0.000000,-0.000000,2.075014,0.205309,0.000000
24.400000,0.100000,292.799988,0.000000,0.000000,267.799988,0.100000,0.273745,0.014525,1.000859,0.205309,0.205309,1.000000,0.000100000,0.000001113,0.006600,0.000000,-2.075014,0.000000,0.000000,2.075014,0.205309,0.000000
24.500000,0.100000,292.799988,0.000000,0.000000,267.799988,0.100000,0.273745,0.014525,1.000859,0.205309,0.205309,1.000000,0.000100000,0.000001113,0.006600,0.000000,-2.075014,0.000000,0.000000,2.075014,0.205309,0.000000
24.599999,0.100000,292.799988,0.000000,0.000000,267.799988,0.100000,0.273745,0.014525,1.000840,0.205309,0.205309,1.000000,0.000100000,0.000001113,0.006600,0.000000,-2.075014,0.000000,0.000000,2.075014,0.205309,0.000000
24.699999,0.100000,292.799988,0.000000,0.000000,267.800018,0.100000,0.273745,0.014525,1.000860,0.205309,0.205309,1.000000,0.000100000,0.000001113,0.006600,0.000000,-2.075014,0.000000,-0.000000,2.075014,0.205309,0.000000
24.799999,0.100000,292.799988,0.000000,0.000000,267.799988,0.100000,0.273745,0.014525,1.000861,0.205309,0.205309,1.000000,0.000100000,0.000001113,0.006600,0.000000,-2.075014,0.000000,0.000000,2.075014,0.205309,0.000000
24.900000,0.100000,292.799988,0.000000,0.000000,267.799988,0.100000,0.273745,0.014525,1.000859,0.205309,0.205309,1.000000,0.000100000,0.000001113,0.006600,0.000000,-2.075014,0.000000,0.000000,2.075014,0.205309,0.000000
25.000000,0.100000,292.799988,0.000000,0.000000,267.799988,0.100000,0.273745,0.014525,1.000856,0.205309,0.205309,1.000000,0.000100000,0.000001113,0.006600,0.000000,-2.075014,0.000000,0.000000,2.075014,0.205309,0.000000
25.099998,0.100000,292.799988,0.000000,0.000000,267.800018,0.100000,0.273745,0.014525,1.000841,0.205309,0.205309,1.000000,0.000100000,0.000001113,0.006600,0.000000,-2.075014,0.000000,-0.000000,2.075014,0.205309,0.000000
25.199999,0.100000,292.799988,0.000000,0.000000,267.800018,0.100000,0.273745,0.014525,1.000861,0.205309,0.205309,1.000000,0.000100000,0.000001113,0.006600,0.000000,-2.075014,0.000000,-0.000000,2.075014,0.205309,0.000000
25.299999,0.100000,292.799988,0.000000,0.000000,267.799988,0.100000,0.273745,0.014525,1.000859,0.205309,0.205309,1.000000,0.000100000,0.000001113,0.006600,0.000000,-2.075014,0.000000,0.000000,2.075014,0.205309,0.000000
25.400000,0.100000,292.799988,0.000000,0.000000,267.799988,0.100000,0.273745,0.014525,1.000859,0.205309,0.205309,1.000000,0.000100000,0.000001113,0.006600,0.000000,-2.075014,0.000000,0.000000,2.075014,0.205309,0.000000
25.500000,0.100000,292.799988,0.000000,0.000000,267.799988,0.100000,0.273745,0.014525,1.000860,0.205309,0.205309,1.000000,0.000100000,0.000001113,0.006600,0.000000,-2.075014,0.000000,0.000000,2.075014,0.205309,0.000000
25.599999,0.100000,292.799988,0.000000,0.000000,267.800018,0.100000,0.273745,0.014525,1.000840,0.205309,0.205309,1.000000,0.000100000,0.000001113,0.006600,0.000000,-2.075014,0.000000,-0.000000,2.075014,0.205309,0.000000
25.699999,0.100000,292.799988,0.000000,0.000000,267.800018,0.100000,0.273745,0.014525,1.000861,0.205309,0.205309,1.000000,0.000100000,0.000001113,0.006600,0.000000,-2.075014,0.000000,-0.000000,2.075014,0.205309,0.000000
25.799999,0.100000,292.799988,0.000000,0.000000,267.799988,0.100000,0.273745,0.014525,1.000860,0.205309,0.205309,1.000000,0.000100000,0.000001113,0.006600,0.000000,-2.075014,0.000000,0.000000,2.075014,0.205309,0.000000
25.900000,0.100000,292.799988,0.000000,0.000000,267.799988,0.100000,0.273745,0.014525,1.000865,0.205309,0.205309,1.000000,0.000100000,0.000001113,0.006600,0.000000,-2.075014,0.000000,0.000000,2.075014,0.205309,0.000000
26.000000,0.100000,292.799988,0.000000,0.000000,267.799988,0.100000,0.273745,0.014525,1.000860,0.205309,0.205309,1.000000,0.000100000,0.000001113,0.006600,0.000000,-2.075014,0.000000,0.000000,2.075014,0.205309,0.000000
26.099998,0.100000,292.799988,0.000000,0.000000,267.800018,0.100000,0.273745,0.014525,1.000841,0.205309,0.205309,1.000000,0.000100000,0.000001113,0.006600,0.000000,-2.075014,0.000000,-0.000000,2.075014,0.205309,0.000000
26.199999,0.100000,292.799988,0.000000,0.000000,267.799988,0.100000,0.273745,0.014525,1.000861,0.205309,0.205309,1.000000,0.000100000,0.000001113,0.006600,0.000000,-2.075014,0.000000,0.000000,2.075014,0.205309,0.000000
26.299999,0.100000,292.799988,0.000000,0.000000,267.799988,0.100000,0.273745,0.014525,1.000859,0.205309,0.205309,1.000000,0.000100000,0.000001113,0.006600,0.000000,-2.075014,0.000000,0.000000,2.075014,0.205309,0.000000
26.400000,0.100000,292.799988,0.000000,0.000000,267.799988,0.100000,0.273745,0.014525,1.000859,0.205309,0.205309,1.000000,0.000100000,0.000001113,0.006600,0.000000,-2.075014,0.000000,0.000000,2.075014,0.205309,0.000000
26.500000,0.100000,292.799988,0.000000,0.000000,267.800018,0.100000,0.273745,0.014525,1.000860,0.205309,0.205309,1.000000,0.000100000,0.000001113,0.006600,0.000000,-2.075014,0.000000,-0.000000,2.075014,0.205309,0.000000
26.599999,0.100000,292.799988,0.000000,0.000000,267.800018,0.100000,0.273745,0.014525,1.000841,0.205309,0.205309,1.000000,0.000100000,0.000001113,0.006600,0.000000,-2.075014,0.000000,-0.000000,2.075014,0.205309,0.000000
26.699999,0.100000,292.799988,0.000000,0.000000,267.799988,0.100000,0.273745,0.014525,1.000856,0.205309,0.205309,1.000000,0.000100000,0.000001113,0.006600,0.000000,-2.075014,0.000000,0.000000,2.075014,0.205309,0.000000
26.799999,0.100000,292.799988,0.000000,0.000000,267.799988,0.100000,0.273745,0.014525,1.000859,0.205309,0.205309,1.000000,0.000100000,0.000001113,0.006600,0.000000,-2.075014,0.000000,0.000000,2.075014,0.205309,0.000000
26.900000,0.100000,292.799988,0.000000,0.000000,267.799988,0.100000,0.273745,0.014525,1.000860,0.205309,0.205309,1.000000,0.000100000,0.000001113,0.006600,0.000000,-2.075014,0.000000,0.000000,2.075014,0.205309,0.000000
27.000000,0.100000,292.799988,0.000000,0.000000,267.800018,0.100000,0.273745,0.014525,1.000859,0.205309,0.205309,1.000000,0.000100000,0.000001113,0.006600,0.000000,-2.075014,0.000000,-0.000000,2.075014,0.205309,0.000000
27.099998,0.100000,292.799988,0.000000,0.000000,267.800018,0.100000,0.273745,0.014525,1.000842,0.205309,0.205309,1.000000,0.000100000,0.000001113,0.006600,0.000000,-2.075014,0.000000,-0.000000,2.075014,0.205309,0.000000
27.199999,0.100000,292.799988,0.000000,0.000000,267.799988,0.100000,0.273745,0.014525,1.000859,0.205309,0.205309,1.000000,0.000100000,0.000001113,0.006600,0.000000,-2.075014,0.000000,0.000000,2.075014,0.205309,0.000000
27.299999,0.100000,292.799988,0.000000,0.000000,267.799988,0.100000,0.273745,0.014525,1.000859,0.205309,0.205309,1.000000,0.000100000,0.000001113,0.006600,0.000000,-2.075014,0.000000,0.000000,2.075014,0.205309,0.000000
27.400000,0.100000,292.799988,0.000000,0.000000,267.799988,0.100000,0.273745,0.014525,1.000859,0.205309,0.205309,1.000000,0.000100000,0.000001113,0.006600,0.000000,-2.075014,0.000000,0.000000,2.075014,0.205309,0.000000
27.500000,0.100000,292.799988,0.000000,0.000000,267.800018,0.100000,0.273745,0.014525,1.000860,0.205309,0.205309,1.000000,0.000100000,0.000001113,0.006600,0.000000,-2.075014,0.000000,-0.000000,2.075014,0.205309,0.000000
27.599999,0.100000,292.799988,0.000000,0.000000,267.799988,0.100000,0.273745,0.014525,1.000838,0.205309,0.205309,1.000000,0.000100000,0.000001113,0.006600,0.000000,-2.075014,0.000000,0.000000,2.075014,0.205309,0.000000
27.699999,0.100000,292.799988,0.000000,0.000000,267.799988,0.100000,0.273745,0.014525,1.000859,0.205309,0.205309,1.000000,0.000100000,0.000001113,0.006600,0.000000,-2.075014,0.000000,0.000000,2.075014,0.205309,0.000000
27.799999,0.100000,292.799988,0.000000,0.000000,267.799988,0.100000,0.273745,0.014525,1.000860,0.205309,0.205309,1.000000,0.000100000,0.000001113,0.006600,0.000000,-2.075014,0.000000,0.000000,2.075014,0.205309,0.000000
27.900000,0.100000,292.799988,0.000000,0.000000,267.800018,0.100000,0.273745,0.014525,1.000861,0.205309,0.205309,1.000000,0.000100000,0.000001113,0.006600,0.000000,-2.075014,0.000000,-0.000000,2.075014,0.205309,0.000000
28.000000,0.100000,292.799988,0.000000,0.000000,267.800018,0.100000,0.273745,0.014525,1.000860,0.205309,0.205309,1.000000,0.000100000,0.000001113,0.006600,0.000000,-2.075014,0.000000,-0.000000,2.075014,0.205309,0.000000
28.099998,0.100000,292.799988,0.000000,0.000000,267.799988,0.100000,0.273745,0.014525,1.000840,0.205309,0.205309,1.000000,0.000100000,0.000001113,0.006600,0.000000,-2.075014,0.000000,0.000000,2.075014,0.205309,0.000000
28.199999,0.100000,292.799988,0.000000,0.000000,267.799988,0.100000,0.273745,0.014525,1.000859,0.205309,0.205309,1.000000,0.000100000,0.000001113,0.006600,0.000000,-2.075014,0.000000,0.000000,2.075014,0.205309,0.000000
28.299999,0.100000,292.799988,0.000000,0.000000,267.799988,0.100000,0.273745,0.014525,1.000860,0.205309,0.205309,1.000000,0.000100000,0.000001113,0.006600,0.000000,-2.075014,0.000000,0.000000,2.075014,0.205309,0.000000
28.400000,0.100000,292.799988,0.000000,0.000000,267.800018,0.100000,0.273745,0.014525,1.000859,0.205309,0.205309,1.000000,0.000100000,0.000001113,0.006600,0.000000,-2.075014,0.000000,-0.000000,2.075014,0.205309,0.000000
28.500000,0.100000,292.799988,0.000000,0.000000,267.799988,0.100000,0.273745,0.014525,1.000857,0.205309,0.205309,1.000000,0.000100000,0.000001113,0.006600,0.000000,-2.075014,0.000000,0.000000,2.075014,0.205309,0.000000
28.599999,0.100000,292.799988,0.000000,0.000000,267.799988,0.100000,0.273745,0.014525,1.000840,0.205309,0.205309,1.000000,0.000100000,0.000001113,0.006600,0.000000,-2.075014,0.000000,0.000000,2.075014,0.205309,0.000000
28.699999,0.100000,292.799988,0.000000,0.000000,267.799988,0.100000,0.273745,0.014525,1.000860,0.205309,0.205309,1.000000,0.000100000,0.000001113,0.006600,0.000000,-2.075014,0.000000,0.000000,2.075014,0.205309,0.000000
28.799999,0.100000,292.799988,0.000000,0.000000,267.800018,0.100000,0.273745,0.014525,1.000859,0.205309,0.205309,1.000000,0.000100000,0.000001113,0.006600,0.000000,-2.075014,0.000000,-0.000000,2.075014,0.205309,0.000000
28.900000,0.100000,292.799988,0.000000,0.000000,267.800018,0.100000,0.273745,0.014525,1.000862,0.205309,0.205309,1.000000,0.000100000,0.000001113,0.006600,0.000000,-2.075014,0.000000,-0.000000,2.075014,0.205309,0.000000
29.000000,0.100000,292.799988,0.000000,0.000000,267.799988,0.100000,0.273745,0.014525,1.000859,0.205309,0.205309,1.000000,0.000100000,0.000001113,0.006600,0.000000,-2.075014,0.000000,0.000000,2.075014,0.205309,0.000000
29.099998,0.100000,292.799988,0.000000,0.000000,267.799988,0.100000,0.273745,0.014525,1.000840,0.205309,0.205309,1.000000,0.000100000,0.000001113,0.006600,0.000000,-2.075014,0.000000,0.000000,2.075014,0.205309,0.000000
29.199999,0.100000,292.799988,0.000000,0.000000,267.799988,0.100000,0.273745,0.014525,1.000860,0.205309,0.205309,1.000000,0.000100000,0.000001113,0.006600,0.000000,-2.075014,0.000000,0.000000,2.075014,0.205309,0.000000
29.299999,0.100000,292.799988,0.000000,0.000000,267.800018,0.100000,0.273745,0.014525,1.000859,0.205309,0.205309,1.000000,0.000100000,0.000001113,0.006600,0.000000,-2.075014,0.000000,-0.000000,2.075014,0.205309,0.000000
29.400000,0.100000,292.799988,0.000000,0.000000,267.800018,0.100000,0.273745,0.014525,1.000858,0.205309,0.205309,1.000000,0.000100000,0.000001113,0.006600,0.000000,-2.075014,0.000000,-0.000000,2.075014,0.205309,0.000000
29.500000,0.100000,292.799988,0.000000,0.000000,267.799988,0.100000,0.273745,0.014525,1.000860,0.205309,0.205309,1.000000,0.000100000,0.000001113,0.006600,0.000000,-2.075014,0.000000,0.000000,2.075014,0.205309,0.000000
29.599999,0.100000,292.799988,0.000000,0.000000,267.799988,0.100000,0.273745,0.014525,1.000839,0.205309,0.205309,1.000000,0.000100000,0.000001113,0.006600,0.000000,-2.075014,0.000000,0.000000,2.075014,0.205309,0.000000
29.699999,0.100000,292.799988,0.000000,0.000000,267.799988,0.100000,0.273745,0.014525,1.000860,0.205309,0.205309,1.000000,0.000100000,0.000001113,0.006600,0.000000,-2.075014,0.000000,0.000000,2.075014,0.205309,0.000000
29.799999,0.100000,292.799988,0.000000,0.000000,267.800018,0.100000,0.273745,0.014525,1.000860,0.205309,0.205309,1.000000,0.000100000,0.000001113,0.006600,0.000000,-2.075014,0.000000,-0.000000,2.075014,0.205309,0.000000
29.900000,0.100000,292.799988,0.000000,0.000000,267.799988,0.100000,0.273745,0.014525,1.000860,0.205309,0.205309,1.000000,0.000100000,0.000001113,0.006600,0.000000,-2.075014,0.000000,0.000000,2.075014,0.205309,0.000000
30.000000,0.100000,292.799988,0.000000,0.000000,267.799988,0.100000,0.273745,0.014525,1.000858,0.205309,0.205309,1.000000,0.000100000,0.000001113,0.006600,0.000000,-2.075014,0.000000,0.000000,2.075014,0.205309,0.000000
30.099998,0.100000,292.799988,0.000000,0.000000,267.799988,0.100000,0.273745,0.014525,1.000842,0.205309,0.205309,1.000000,0.000100000,0.000001113,0.006600,0.000000,-2.075014,0.000000,0.000000,2.075014,0.205309,0.000000
30.199999,0.100000,292.799988,0.000000,0.000000,267.800018,0.100000,0.273745,0.014525,1.000859,0.205309,0.205309,1.000000,0.000100000,0.000001113,0.006600,0.000000,-2.075014,0.000000,-0.000000,2.075014,0.205309,0.000000
30.299999,0.100000,292.799988,0.000000,0.000000,267.800018,0.100000,0.273745,0.014525,1.000858,0.205309,0.205309,1.000000,0.000100000,0.000001113,0.006600,0.000000,-2.075014,0.000000,-0.000000,2.075014,0.205309,0.000000
30.400000,0.100000,292.799988,0.000000,0.000000,267.799988,0.100000,0.273745,0.014525,1.000859,0.205309,0.205309,1.000000,0.000100000,0.000001113,0.006600,0.000000,-2.075014,0.000000,0.000000,2.075014,0.205309,0.000000
30.500000,0.100000,292.799988,0.000000,0.000000,267.799988,0.100000,0.273745,0.014525,1.000859,0.205309,0.205309,1.000000,0.000100000,0.000001113,0.006600,0.000000,-2.075014,0.000000,0.000000,2.075014,0.205309,0.000000
0.100000,0.500000,404.000000,0.000000,0.000000,279.000000,0.500000,0.772331,0.004553,1.000000,0.579248,0.579248,1.000000,0.000100000,0.000001114,0.033000,0.000000,-0.650482,0.000000,0.000000,0.650482,0.579248,0.000000
0.200000,0.500000,404.000000,0.000000,0.000000,279.000000,0.500000,0.772331,0.004553,1.000856,0.579248,0.579248,1.000000,0.000100000,0.000001113,0.033000,0.000000,-0.650482,0.000000,0.000000,0.650482,0.579248,0.000000
0.300000,0.500000,404.000000,0.000000,0.000000,279.000000,0.500000,0.772331,0.004553,1.000856,0.579248,0.579248,1.000000,0.000100000,0.000001113,0.033000,0.000000,-0.650482,0.000000,0.000000,0.650482,0.579248,0.000000
0.400000,0.500000,404.000000,0.000000,0.000000,279.000000,0.500000,0.772331,0.004553,1.000855,0.579248,0.579248,1.000000,0.000100000,0.000001113,0.033000,0.000000,-0.650482,0.000000,0.000000,0.650482,0.579248,0.000000
0.500000,0.500000,404.000000,0.000000,0.000000,279.000000,0.500000,0.772331,0.004553,1.000857,0.579248,0.579248,1.000000,0.000100000,0.000001113,0.033000,0.000000,-0.650482,0.000000,0.000000,0.650482,0.579248,0.000000
0.600000,0.500000,404.000000,0.000000,0.000000,279.000000,0.500000,0.772331,0.004553,1.000855,0.579248,0.579248,1.000000,0.000100000,0.000001113,0.033000,0.000000,-0.650482,0.000000,0.000000,0.650482,0.579248,0.000000
0.700000,0.500000,404.000000,0.000000,0.000000,279.000000,0.500000,0.772331,0.004553,1.000863,0.579248,0.579248,1.000000,0.000100000,0.000001113,0.033000,0.000000,-0.650482,0.000000,0.000000,0.650482,0.579248,0.000000
0.800000,0.500000,404.000000,0.000000,0.000000,279.000000,0.500000,0.772331,0.004553,1.000856,0.579248,0.579248,1.000000,0.000100000,0.000001113,0.033000,0.000000,-0.650482,0.000000,0.000000,0.650482,0.579248,0.000000
0.900000,0.500000,404.000000,0.000000,0.000000,279.000000,0.500000,0.772331,0.004553,1.000856,0.579248,0.579248,1.000000,0.000100000,0.000001113,0.033000,0.000000,-0.650482,0.000000,0.000000,0.650482,0.579248,0.000000
1.000000,0.500000,404.000000,0.000000,0.000000,279.000000,0.500000,0.772331,0.004553,1.000856,0.579248,0.579248,1.000000,0.000100000,0.000001113,0.033000,0.000000,-0.650482,0.000000,0.000000,0.650482,0.579248,0.000000
1.100000,0.500000,404.000000,0.000000,0.000000,279.000000,0.500000,0.772331,0.004553,1.000857,0.579248,0.579248,1.000000,0.000100000,0.000001113,0.033000,0.000000,-0.650482,0.000000,0.000000,0.650482,0.579248,0.000000
1.200000,0.500000,404.000000,0.000000,0.000000,279.000000,0.500000,0.772331,0.004553,1.000854,0.579248,0.579248,1.000000,0.000100000,0.000001113,0.033000,0.000000,-0.650482,0.000000,0.000000,0.650482,0.579248,0.000000
1.300000,0.500000,404.000000,0.000000,0.000000,279.000000,0.500000,0.772331,0.004553,1.000856,0.579248,0.579248,1.000000,0.000100000,0.000001113,0.033000,0.000000,-0.650482,0.000000,0.000000,0.650482,0.579248,0.000000
1.400000,0.500000,404.000000,0.000000,0.000000,279.000000,0.500000,0.772331,0.004553,1.000856,0.579248,0.579248,1.000000,0.000100000,0.000001113,0.033000,0.000000,-0.650482,0.000000,0.000000,0.650482,0.579248,0.000000
1.500000,0.500000,404.000000,0.000000,0.000000,279.000000,0.500000,0.772331,0.004553,1.000863,0.579248,0.579248,1.000000,0.000100000,0.000001113,0.033000,0.000000,-0.650482,0.000000,0.000000,0.650482,0.579248,0.000000
1.600000,0.500000,404.000000,0.000000,0.000000,279.000000,0.500000,0.772331,0.004553,1.000855,0.579248,0.579248,1.000000,0.000100000,0.000001113,0.033000,0.000000,-0.650482,0.000000,0.000000,0.650482,0.579248,0.000000
1.700000,0.500000,404.000000,0.000000,0.000000,279.000000,0.500000,0.772331,0.004553,1.000856,0.579248,0.579248,1.000000,0.000100000,0.000001113,0.033000,0.000000,-0.650482,0.000000,0.000000,0.650482,0.579248,0.000000
1.800000,0.500000,404.000000,0.000000,0.000000,279.000000,0.500000,0.772331,0.004553,1.000856,0.579248,0.579248,1.000000,0.000100000,0.000001113,0.033000,0.000000,-0.650482,0.000000,0.000000,0.650482,0.579248,0.000000
1.900000,0.500000,404.000000,0.000000,0.000000,279.000000,0.500000,0.772331,0.004553,1.000856,0.579248,0.579248,1.000000,0.000100000,0.000001113,0.033000,0.000000,-0.650482,0.000000,0.000000,0.650482,0.579248,0.000000
2.000000,0.500000,404.000000,0.000000,0.000000,279.000000,0.500000,0.772331,0.004553,1.000856,0.579248,0.579248,1.000000,0.000100000,0.000001113,0.033000,0.000000,-0.650482,0.000000,0.000000,0.650482,0.579248,0.000000
2.100000,0.500000,404.000000,0.000000,0.000000,279.000000,0.500000,0.772331,0.004553,1.000855,0.579248,0.579248,1.000000,0.000100000,0.000001113,0.033000,0.000000,-0.650482,0.000000,0.000000,0.650482,0.579248,0.000000
2.200000,0.500000,404.000000,0.000000,0.000000,279.000000,0.500000,0.772331,0.004553,1.000857,0.579248,0.579248,1.000000,0.000100000,0.000001113,0.033000,0.000000,-0.650482,0.000000,0.000000,0.650482,0.579248,0.000000
2.300000,0.500000,404.000000,0.000000,0.000000,279.000000,0.500000,0.772331,0.004553,1.000853,0.579248,0.579248,1.000000,0.000100000,0.000001113,0.033000,0.000000,-0.650482,0.000000,0.000000,0.650482,0.579248,0.000000
2.400000,0.500000,404.000000,0.000000,0.000000,279.000000,0.500000,0.772331,0.004553,1.000854,0.579248,0.579248,1.000000,0.000100000,0.000001113,0.033000,0.000000,-0.650482,0.000000,0.000000,0.650482,0.579248,0.000000
2.500000,0.500000,404.000000,0.000000,0.000000,279.000000,0.500000,0.772331,0.004553,1.000858,0.579248,0.579248,1.000000,0.000100000,0.000001113,0.033000,0.000000,-0.650482,0.000000,0.000000,0.650482,0.579248,0.000000
2.600000,0.500000,404.000000,0.000000,0.000000,279.000000,0.500000,0.772331,0.004553,1.000854,0.579248,0.579248,1.000000,0.000100000,0.000001113,0.033000,0.000000,-0.650482,0.000000,0.000000,0.650482,0.579248,0.000000
2.700000,0.500000,404.000000,0.000000,0.000000,279.000000,0.500000,0.772331,0.004553,1.000858,0.579248,0.579248,1.000000,0.000100000,0.000001113,0.033000,0.000000,-0.650482,0.000000,0.000000,0.650482,0.579248,0.000000
2.800000,0.500000,404.000000,0.000000,0.000000,279.000000,0.500000,0.772331,0.004553,1.000855,0.579248,0.579248,1.000000,0.000100000,0.000001113,0.033000,0.000000,-0.650482,0.000000,0.000000,0.650482,0.579248,0.000000
2.900000,0.500000,404.000000,0.000000,0.000000,279.000000,0.500000,0.772331,0.004553,1.000855,0.579248,0.579248,1.000000,0.000100000,0.000001113,0.033000,0.000000,-0.650482,0.000000,0.000000,0.650482,0.579248,0.000000
3.000000,0.500000,404.000000,0.000000,0.000000,279.000000,0.500000,0.772331,0.004553,1.000858,0.579248,0.579248,1.000000,0.000100000,0.000001113,0.033000,0.000000,-0.650482,0.000000,0.000000,0.650482,0.579248,0.000000
3.100000,0.500000,404.000000,0.000000,0.000000,279.000000,0.500000,0.772331,0.004553,1.000855,0.579248,0.579248,1.000000,0.000100000,0.000001113,0.033000,0.000000,-0.650482,0.000000,0.000000,0.650482,0.579248,0.000000
3.200000,0.500000,404.000000,0.000000,0.000000,279.000000,0.500000,0.772331,0.004553,1.000852,0.579248,0.579248,1.000000,0.000100000,0.000001113,0.033000,0.000000,-0.650482,0.000000,0.000000,0.650482,0.579248,0.000000
3.300000,0.500000,404.000000,0.000000,0.000000,279.000000,0.500000,0.772331,0.004553,1.000857,0.579248,0.579248,1.000000,0.000100000,0.000001113,0.033000,0.000000,-0.650482,0.000000,0.000000,0.650482,0.579248,0.000000
3.400000,0.500000,404.000000,0.000000,0.000000,279.000000,0.500000,0.772331,0.004553,1.000854,0.579248,0.579248,1.000000,0.000100000,0.000001113,0.033000,0.000000,-0.650482,0.000000,0.000000,0.650482,0.579248,0.000000
3.500000,0.500000,404.000000,0.000000,0.000000,279.000000,0.500000,0.772331,0.004553,1.000858,0.579248,0.579248,1.000000,0.000100000,0.000001113,0.033000,0.000000,-0.650482,0.000000,0.000000,0.650482,0.579248,0.000000
3.600000,0.500000,404.000000,0.000000,0.000000,279.000000,0.500000,0.772331,0.004553,1.000855,0.579248,0.579248,1.000000,0.000100000,0.000001113,0.033000,0.000000,-0.650482,0.000000,0.000000,0.650482,0.579248,0.000000
3.700000,0.500000,404.000000,0.000000,0.000000,279.000000,0.500000,0.772331,0.004553,1.000855,0.579248,0.579248,1.000000,0.000100000,0.000001113,0.033000,0.000000,-0.650482,0.000000,0.000000,0.650482,0.579248,0.000000
3.800000,0.500000,404.000000,0.000000,0.000000,279.000000,0.500000,0.772331,0.004553,1.000857,0.579248,0.579248,1.000000,0.000100000,0.000001113,0.033000,0.000000,-0.650482,0.000000,0.000000,0.650482,0.579248,0.000000
3.900000,0.500000,404.000000,0.000000,0.000000,279.000000,0.500000,0.772331,0.004553,1.000855,0.579248,0.579248,1.000000,0.000100000,0.000001113,0.033000,0.000000,-0.650482,0.000000,0.000000,0.650482,0.579248,0.000000
4.000000,0.500000,404.000000,0.000000,0.000000,279.000000,0.500000,0.772331,0.004553,1.000857,0.579248,0.579248,1.000000,0.000100000,0.000001113,0.033000,0.000000,-0.650482,0.000000,0.000000,0.650482,0.579248,0.000000
4.100000,0.500000,404.000000,0.000000,0.000000,279.000000,0.500000,0.772331,0.004553,1.000852,0.579248,0.579248,1.000000,0.000100000,0.000001113,0.033000,0.000000,-0.650482,0.000000,0.000000,0.650482,0.579248,0.000000
4.200000,0.500000,404.000000,0.000000,0.000000,279.000000,0.500000,0.772331,0.004553,1.000855,0.579248,0.579248,1.000000,0.000100000,0.000001113,0.033000,0.000000,-0.650482,0.000000,0.000000,0.650482,0.579248,0.000000
4.300000,0.500000,404.000000,0.000000,0.000000,279.000000,0.500000,0.772331,0.004553,1.000855,0.579248,0.579248,1.000000,0.000100000,0.000001113,0.033000,0.000000,-0.650482,0.000000,0.000000,0.650482,0.579248,0.000000
4.400000,0.500000,404.000000,0.000000,0.000000,279.000000,0.500000,0.772331,0.004553,1.000859,0.579248,0.579248,1.000000,0.000100000,0.000001113,0.033000,0.000000,-0.650482,0.000000,0.000000,0.650482,0.579248,0.000000
4.500000,0.500000,404.000000,0.000000,0.000000,279.000000,0.500000,0.772331,0.004553,1.000856,0.579248,0.579248,1.000000,0.000100000,0.000001113,0.033000,0.000000,-0.650482,0.000000,0.000000,0.650482,0.579248,0.000000
4.600000,0.500000,404.000000,0.000000,0.000000,279.000000,0.500000,0.772331,0.004553,1.000854,0.579248,0.579248,1.000000,0.000100000,0.000001113,0.033000,0.000000,-0.650482,0.000000,0.000000,0.650482,0.579248,0.000000
4.700000,0.500000,404.000000,0.000000,0.000000,279.000000,0.500000,0.772331,0.004553,1.000855,0.579248,0.579248,1.000000,0.000100000,0.000001113,0.033000,0.000000,-0.650482,0.000000,0.000000,0.650482,0.579248,0.000000
4.800000,0.500000,404.000000,0.000000,0.000000,279.000000,0.500000,0.772331,0.004553,1.000856,0.579248,0.579248,1.000000,0.000100000,0.000001113,0.033000,0.000000,-0.650482,0.000000,0.000000,0.650482,0.579248,0.000000
4.900000,0.500000,404.000000,0.000000,0.000000,279.000000,0.500000,0.772331,0.004553,1.000860,0.579248,0.579248,1.000000,0.000100000,0.000001113,0.033000,0.000000,-0.650482,0.000000,0.000000,0.650482,0.579248,0.000000
5.000000,0.500000,404.000000,0.000000,0.000000,279.000000,0.500000,0.772331,0.004553,1.000852,0.579248,0.579248,1.000000,0.000100000,0.000001113,0.033000,0.000000,-0.650482,0.000000,0.000000,0.650482,0.579248,0.000000
5.100000,0.500000,404.000000,0.000000,0.000000,279.000000,0.500000,0.772331,0.004553,1.000854,0.579248,0.579248,1.000000,0.000100000,0.000001113,0.033000,0.000000,-0.650482,0.000000,0.000000,0.650482,0.579248,0.000000
5.200000,0.500000,404.000000,0.000000,0.000000,279.000000,0.500000,0.772331,0.004553,1.000855,0.579248,0.579248,1.000000,0.000100000,0.000001113,0.033000,0.000000,-0.650482,0.000000,0.000000,0.650482,0.579248,0.000000
5.300000,0.500000,404.000000,0.000000,0.000000,279.000000,0.500000,0.772331,0.004553,1.000855,0.579248,0.579248,1.000000,0.000100000,0.000001113,0.033000,0.000000,-0.650482,0.000000,0.000000,0.650482,0.579248,0.000000
5.400000,0.500000,404.000000,0.000000,0.000000,279.000000,0.500000,0.772331,0.004553,1.000860,0.579248,0.579248,1.000000,0.000100000,0.000001113,0.033000,0.000000,-0.650482,0.000000,0.000000,0.650482,0.579248,0.000000
5.500000,0.500000,404.000000,0.000000,0.000000,279.000000,0.500000,0.772331,0.004553,1.000855,0.579248,0.579248,1.000000,0.000100000,0.000001113,0.033000,0.000000,-0.650482,0.000000,0.000000,0.650482,0.579248,0.000000
5.600000,0.500000,404.000000,0.000000,0.000000,279.000000,0.500000,0.772331,0.004553,1.000856,0.579248,0.579248,1.000000,0.000100000,0.000001113,0.033000,0.000000,-0.650482,0.000000,0.000000,0.650482,0.579248,0.000000
5.700000,0.500000,404.000000,0.000000,0.000000,279.000000,0.500000,0.772331,0.004553,1.000855,0.579248,0.579248,1.000000,0.000100000,0.000001113,0.033000,0.000000,-0.650482,0.000000,0.000000,0.650482,0.579248,0.000000
5.800000,0.500000,404.000000,0.000000,0.000000,279.000000,0.500000,0.772331,0.004553,1.000854,0.579248,0.579248,1.000000,0.000100000,0.000001113,0.033000,0.000000,-0.650482,0.000000,0.000000,0.650482,0.579248,0.000000
5.900000,0.500000,404.000000,0.000000,0.000000,279.000000,0.500000,0.772331,0.004553,1.000853,0.579248,0.579248,1.000000,0.000100000,0.000001113,0.033000,0.000000,-0.650482,0.000000,0.000000,0.650482,0.579248,0.000000
6.000000,0.500000,404.000000,0.000000,0.000000,279.000000,0.500000,0.772331,0.004553,1.000859,0.579248,0.579248,1.000000,0.000100000,0.000001113,0.033000,0.000000,-0.650482,0.000000,0.000000,0.650482,0.579248,0.000000
6.100000,0.500000,404.000000,0.000000,0.000000,279.000000,0.500000,0.772331,0.004553,1.000854,0.579248,0.579248,1.000000,0.000100000,0.000001113,0.033000,0.000000,-0.650482,0.000000,0.000000,0.650482,0.579248,0.000000
6.200000,0.500000,404.000000,0.000000,0.000000,279.000000,0.500000,0.772331,0.004553,1.000855,0.579248,0.579248,1.000000,0.000100000,0.000001113,0.033000,0.000000,-0.650482,0.000000,0.000000,0.650482,0.579248,0.000000
6.300000,0.500000,404.000000,0.000000,0.000000,279.000000,0.500000,0.772331,0.004553,1.000855,0.579248,0.579248,1.000000,0.000100000,0.000001113,0.033000,0.000000,-0.650482,0.000000,0.000000,0.650482,0.579248,0.000000
6.400000,0.500000,404.000000,0.000000,0.000000,279.000000,0.500000,0.772331,0.004553,1.000855,0.579248,0.579248,1.000000,0.000100000,0.000001113,0.033000,0.000000,-0.650482,0.000000,0.000000,0.650482,0.579248,0.000000
6.500000,0.500000,404.000000,0.000000,0.000000,279.000000,0.500000,0.772331,0.004553,1.000860,0.579248,0.579248,1.000000,0.000100000,0.000001113,0.033000,0.000000,-0.650482,0.000000,0.000000,0.650482,0.579248,0.000000
6.600000,0.500000,404.000000,0.000000,0.000000,279.000000,0.500000,0.772331,0.004553,1.000855,0.579248,0.579248,1.000000,0.000100000,0.000001113,0.033000,0.000000,-0.650482,0.000000,0.000000,0.650482,0.579248,0.000000
6.700000,0.500000,404.000000,0.000000,0.000000,279.000000,0.500000,0.772331,0.004553,1.000854,0.579248,0.579248,1.000000,0.000100000,0.000001113,0.033000,0.000000,-0.650482,0.000000,0.000000,0.650482,0.579248,0.000000
6.800000,0.500000,404.000000,0.000000,0.000000,279.000000,0.500000,0.772331,0.004553,1.000853,0.579248,0.579248,1.000000,0.000100000,0.000001113,0.033000,0.000000,-0.650482,0.000000,0.000000,0.650482,0.579248,0.000000
6.900000,0.500000,404.000000,0.000000,0.000000,279.000000,0.500000,0.772331,0.004553,1.000854,0.579248,0.579248,1.000000,0.000100000,0.000001113,0.033000,0.000000,-0.650482,0.000000,0.000000,0.650482,0.579248,0.000000
7.000000,0.500000,404.000000,0.000000,0.000000,279.000000,0.500000,0.772331,0.004553,1.000861,0.579248,0.579248,1.000000,0.000100000,0.000001113,0.033000,0.000000,-0.650482,0.000000,0.000000,0.650482,0.579248,0.000000
7.100000,0.500000,404.000000,0.000000,0.000000,279.000000,0.500000,0.772331,0.004553,1.000854,0.579248,0.579248,1.000000,0.000100000,0.000001113,0.033000,0.000000,-0.650482,0.000000,0.000000,0.650482,0.579248,0.000000
7.200000,0.500000,404.000000,0.000000,0.000000,279.000000,0.500000,0.772331,0.004553,1.000855,0.579248,0.579248,1.000000,0.000100000,0.000001113,0.033000,0.000000,-0.650482,0.000000,0.000000,0.650482,0.579248,0.000000
7.300000,0.500000,404.000000,0.000000,0.000000,279.000000,0.500000,0.772331,0.004553,1.000855,0.579248,0.579248,1.000000,0.000100000,0.000001113,0.033000,0.000000,-0.650482,0.000000,0.000000,0.650482,0.579248,0.000000
7.400000,0.500000,404.000000,0.000000,0.000000,279.000000,0.500000,0.772331,0.004553,1.000855,0.579248,0.579248,1.000000,0.000100000,0.000001113,0.033000,0.000000,-0.650482,0.000000,0.000000,0.650482,0.579248,0.000000
7.500000,0.500000,404.000000,0.000000,0.000000,279.000000,0.500000,0.772331,0.004553,1.000861,0.579248,0.579248,1.000000,0.000100000,0.000001113,0.033000,0.000000,-0.650482,0.000000,0.000000,0.650482,0.579248,0.000000
7.600000,0.500000,404.000000,0.000000,0.000000,279.000000,0.500000,0.772331,0.004553,1.000855,0.579248,0.579248,1.000000,0.000100000,0.000001113,0.033000,0.000000,-0.650482,0.000000,0.000000,0.650482,0.579248,0.000000
7.700000,0.500000,404.000000,0.000000,0.000000,279.000000,0.500000,0.772331,0.004553,1.000861,0.579248,0.579248,1.000000,0.000100000,0.000001113,0.033000,0.000000,-0.650482,0.000000,0.000000,0.650482,0.579248,0.000000
7.800000,0.500000,404.000000,0.000000,0.000000,279.000000,0.500000,0.772331,0.004553,1.000855,0.579248,0.579248,1.000000,0.000100000,0.000001113,0.033000,0.000000,-0.650482,0.000000,0.000000,0.650482,0.579248,0.000000
7.900000,0.500000,404.000000,0.000000,0.000000,279.000000,0.500000,0.772331,0.004553,1.000855,0.579248,0.579248,1.000000,0.000100000,0.000001113,0.033000,0.000000,-0.650482,0.000000,0.000000,0.650482,0.579248,0.000000
8.000000,0.500000,404.000000,0.000000,0.000000,279.000000,0.500000,0.772331,0.004553,1.000859,0.579248,0.579248,1.000000,0.000100000,0.000001113,0.033000,0.000000,-0.650482,0.000000,0.000000,0.650482,0.579248,0.000000
8.099999,0.500000,404.000000,0.000000,0.000000,279.000000,0.500000,0.772331,0.004553,1.000851,0.579248,0.579248,1.000000,0.000100000,0.000001113,0.033000,0.000000,-0.650482,0.000000,0.000000,0.650482,0.579248,0.000000
8.200000,0.500000,404.000000,0.000000,0.000000,279.000000,0.500000,0.772331,0.004553,1.000859,0.579248,0.579248,1.000000,0.000100000,0.000001113,0.033000,0.000000,-0.650482,0.000000,0.000000,0.650482,0.579248,0.000000
8.300000,0.500000,404.000000,0.000000,0.000000,279.000000,0.500000,0.772331,0.004553,1.000860,0.579248,0.579248,1.000000,0.000100000,0.000001113,0.033000,0.000000,-0.650482,0.000000,0.000000,0.650482,0.579248,0.000000
8.400000,0.500000,404.000000,0.000000,0.000000,279.000000,0.500000,0.772331,0.004553,1.000850,0.579248,0.579248,1.000000,0.000100000,0.000001113,0.033000,0.000000,-0.650482,0.000000,0.000000,0.650482,0.579248,0.000000
8.500000,0.500000,404.000000,0.000000,0.000000,279.000000,0.500000,0.772331,0.004553,1.000867,0.579248,0.579248,1.000000,0.000100000,0.000001113,0.033000,0.000000,-0.650482,0.000000,0.000000,0.650482,0.579248,0.000000
8.599999,0.500000,404.000000,0.000000,0.000000,279.000000,0.500000,0.772331,0.004553,1.000850,0.579248,0.579248,1.000000,0.000100000,0.000001113,0.033000,0.000000,-0.650482,0.000000,0.000000,0.650482,0.579248,0.000000
8.700000,0.500000,404.000000,0.000000,0.000000,279.000000,0.500000,0.772331,0.004553,1.000860,0.579248,0.579248,1.000000,0.000100000,0.000001113,0.033000,0.000000,-0.650482,0.000000,0.000000,0.650482,0.579248,0.000000
8.800000,0.500000,404.000000,0.000000,0.000000,279.000000,0.500000,0.772331,0.004553,1.000861,0.579248,0.579248,1.000000,0.000100000,0.000001113,0.033000,0.000000,-0.650482,0.000000,0.000000,0.650482,0.579248,0.000000
8.900000,0.500000,404.000000,0.000000,0.000000,279.000000,0.500000,0.772331,0.004553,1.000850,0.579248,0.579248,1.000000,0.000100000,0.000001113,0.033000,0.000000,-0.650482,0.000000,0.000000,0.650482,0.579248,0.000000
9.000000,0.500000,404.000000,0.000000,0.000000,279.000000,0.500000,0.772331,0.004553,1.000859,0.579248,0.579248,1.000000,0.000100000,0.000001113,0.033000,0.000000,-0.650482,0.000000,0.000000,0.650482,0.579248,0.000000
9.099999,0.500000,404.000000,0.000000,0.000000,279.000000,0.500000,0.772331,0.004553,1.000851,0.579248,0.579248,1.000000,0.000100000,0.000001113,0.033000,0.000000,-0.650482,0.000000,0.000000,0.650482,0.579248,0.000000
9.200000,0.500000,404.000000,0.000000,0.000000,279.000000,0.500000,0.772331,0.004553,1.000860,0.579248,0.579248,1.000000,0.000100000,0.000001113,0.033000,0.000000,-0.650482,0.000000,0.000000,0.650482,0.579248,0.000000
9.300000,0.500000,404.000000,0.000000,0.000000,279.000000,0.500000,0.772331,0.004553,1.000866,0.579248,0.579248,1.000000,0.000100000,0.000001113,0.033000,0.000000,-0.650482,0.000000,0.000000,0.650482,0.579248,0.000000
9.400000,0.500000,404.000000,0.000000,0.000000,279.000000,0.500000,0.772331,0.004553,1.000851,0.579248,0.579248,1.000000,0.000100000,0.000001113,0.033000,0.000000,-0.650482,0.000000,0.000000,0.650482,0.579248,0.000000
9.500000,0.500000,404.000000,0.000000,0.000000,279.000000,0.500000,0.772331,0.004553,1.000859,0.579248,0.579248,1.000000,0.000100000,0.000001113,0.033000,0.000000,-0.650482,0.000000,0.000000,0.650482,0.579248,0.000000
9.599999,0.500000,404.000000,0.000000,0.000000,279.000000,0.500000,0.772331,0.004553,1.000851,0.579248,0.579248,1.000000,0.000100000,0.000001113,0.033000,0.000000,-0.650482,0.000000,0.000000,0.650482,0.579248,0.000000
9.700000,0.500000,404.000000,0.000000,0.000000,279.000000,0.500000,0.772331,0.004553,1.000859,0.579248,0.579248,1.000000,0.000100000,0.000001113,0.033000,0.000000,-0.650482,0.000000,0.000000,0.650482,0.579248,0.000000
9.800000,0.500000,404.000000,0.000000,0.000000,279.000000,0.500000,0.772331,0.004553,1.000860,0.579248,0.579248,1.000000,0.000100000,0.000001113,0.033000,0.000000,-0.650482,0.000000,0.000000,0.650482,0.579248,0.000000
9.900000,0.500000,404.000000,0.000000,0.000000,279.000000,0.500000,0.772331,0.004553,1.000851,0.579248,0.579248,1.000000,0.000100000,0.000001113,0.033000,0.000000,-0.650482,0.000000,0.000000,0.650482,0.579248,0.000000
10.000000,0.500000,404.000000,0.000000,0.000000,279.000000,0.500000,0.772331,0.004553,1.000860,0.579248,0.579248,1.000000,0.000100000,0.000001113,0.033000,0.000000,-0.650482,0.000000,0.000000,0.650482,0.579248,0.000000
10.099999,0.500000,404.000000,0.000000,0.000000,279.000000,0.500000,0.772331,0.004553,1.000848,0.579248,0.579248,1.000000,0.000100000,0.000001113,0.033000,0.000000,-0.650482,0.000000,0.000000,0.650482,0.579248,0.000000
10.200000,0.500000,404.000000,0.000000,0.000000,279.000000,0.500000,0.772331,0.004553,1.000859,0.579248,0.579248,1.000000,0.000100000,0.000001113,0.033000,0.000000,-0.650482,0.000000,0.000000,0.650482,0.579248,0.000000
10.300000,0.500000,404.000000,0.000000,0.000000,279.000000,0.500000,0.772331,0.004553,1.000861,0.579248,0.579248,1.000000,0.000100000,0.000001113,0.033000,0.000000,-0.650482,0.000000,0.000000,0.650482,0.579248,0.000000
10.400000,0.500000,404.000000,0.000000,0.000000,279.000000,0.500000,0.772331,0.004553,1.000849,0.579248,0.579248,1.000000,0.000100000,0.000001113,0.033000,0.000000,-0.650482,0.000000,0.000000,0.650482,0.579248,0.000000
10.500000,0.500000,404.000000,0.000000,0.000000,279.000000,0.500000,0.772331,0.004553,1.000861,0.579248,0.579248,1.000000,0.000100000,0.000001113,0.033000,0.000000,-0.650482,0.000000,0.000000,0.650482,0.579248,0.000000
10.599999,0.500000,404.000000,0.000000,0.000000,279.000000,0.500000,0.772331,0.004553,1.000849,0.579248,0.579248,1.000000,0.000100000,0.000001113,0.033000,0.000000,-0.650482,0.000000,0.000000,0.650482,0.579248,0.000000
10.700000,0.500000,404.000000,0.000000,0.000000,279.000000,0.500000,0.772331,0.004553,1.000860,0.579248,0.579248,1.000000,0.000100000,0.000001113,0.033000,0.000000,-0.650482,0.000000,0.000000,0.650482,0.579248,0.000000
10.800000,0.500000,404.000000,0.000000,0.000000,279.000000,0.500000,0.772331,0.004553,1.000859,0.579248,0.579248,1.000000,0.000100000,0.000001113,0.033000,0.000000,-0.650482,0.000000,0.000000,0.650482,0.579248,0.000000
10.900000,0.500000,404.000000,0.000000,0.000000,279.000000,0.500000,0.772331,0.004553,1.000850,0.579248,0.579248,1.000000,0.000100000,0.000001113,0.033000,0.000000,-0.650482,0.000000,0.000000,0.650482,0.579248,0.000000
11.000000,0.500000,404.000000,0.000000,0.000000,279.000000,0.500000,0.772331,0.004553,1.000857,0.579248,0.579248,1.000000,0.000100000,0.000001113,0.033000,0.000000,-0.650482,0.000000,0.000000,0.650482,0.579248,0.000000
11.099999,0.500000,404.000000,0.000000,0.000000,279.000000,0.500000,0.772331,0.004553,1.000851,0.579248,0.579248,1.000000,0.000100000,0.000001113,0.033000,0.000000,-0.650482,0.000000,0.000000,0.650482,0.579248,0.000000
11.200000,0.500000,404.000000,0.000000,0.000000,279.000000,0.500000,0.772331,0.004553,1.000860,0.579248,0.579248,1.000000,0.000100000,0.000001113,0.033000,0.000000,-0.650482,0.000000,0.000000,0.650482,0.579248,0.000000
11.300000,0.500000,404.000000,0.000000,0.000000,279.000000,0.500000,0.772331,0.004553,1.000860,0.579248,0.579248,1.000000,0.000100000,0.000001113,0.033000,0.000000,-0.650482,0.000000,0.000000,0.650482,0.579248,0.000000
11.400000,0.500000,404.000000,0.000000,0.000000,279.000000,0.500000,0.772331,0.004553,1.000851,0.579248,0.579248,1.000000,0.000100000,0.000001113,0.033000,0.000000,-0.650482,0.000000,0.000000,0.650482,0.579248,0.000000
11.500000,0.500000,404.000000,0.000000,0.000000,279.000000,0.500000,0.772331,0.004553,1.000859,0.579248,0.579248,1.000000,0.000100000,0.000001113,0.033000,0.000000,-0.650482,0.000000,0.000000,0.650482,0.579248,0.000000
11.599999,0.500000,404.000000,0.000000,0.000000,279.000000,0.500000,0.772331,0.004553,1.000851,0.579248,0.579248,1.000000,0.000100000,0.000001113,0.033000,0.000000,-0.650482,0.000000,0.000000,0.650482,0.579248,0.000000
11.700000,0.500000,404.000000,0.000000,0.000000,279.000000,0.500000,0.772331,0.004553,1.000860,0.579248,0.579248,1.000000,0.000100000,0.000001113,0.033000,0.000000,-0.650482,0.000000,0.000000,0.650482,0.579248,0.000000
11.799999,0.500000,404.000000,0.000000,0.000000,279.000000,0.500000,0.772331,0.004553,1.000850,0.579248,0.579248,1.000000,0.000100000,0.000001113,0.033000,0.000000,-0.650482,0.000000,0.000000,0.650482,0.579248,0.000000
11.900000,0.500000,404.000000,0.000000,0.000000,279.000000,0.500000,0.772331,0.004553,1.000857,0.579248,0.579248,1.000000,0.000100000,0.000001113,0.033000,0.000000,-0.650482,0.000000,0.000000,0.650482,0.579248,0.000000
12.000000,0.500000,404.000000,0.000000,0.000000,279.000000,0.500000,0.772331,0.004553,1.000859,0.579248,0.579248,1.000000,0.000100000,0.000001113,0.033000,0.000000,-0.650482,0.000000,0.000000,0.650482,0.579248,0.000000
12.099999,0.500000,404.000000,0.000000,0.000000,279.000000,0.500000,0.772331,0.004553,1.000851,0.579248,0.579248,1.000000,0.000100000,0.000001113,0.033000,0.000000,-0.650482,0.000000,0.000000,0.650482,0.579248,0.000000
12.200000,0.500000,404.000000,0.000000,0.000000,279.000000,0.500000,0.772331,0.004553,1.000860,0.579248,0.579248,1.000000,0.000100000,0.000001113,0.033000,0.000000,-0.650482,0.000000,0.000000,0.650482,0.579248,0.000000
12.299999,0.500000,404.000000,0.000000,0.000000,279.000000,0.500000,0.772331,0.004553,1.000850,0.579248,0.579248,1.000000,0.000100000,0.000001113,0.033000,0.000000,-0.650482,0.000000,0.000000,0.650482,0.579248,0.000000
12.400000,0.500000,404.000000,0.000000,0.000000,279.000000,0.500000,0.772331,0.004553,1.000860,0.579248,0.579248,1.000000,0.000100000,0.000001113,0.033000,0.000000,-0.650482,0.000000,0.000000,0.650482,0.579248,0.000000
12.500000,0.500000,404.000000,0.000000,0.000000,279.000000,0.500000,0.772331,0.004553,1.000860,0.579248,0.579248,1.000000,0.000100000,0.000001113,0.033000,0.000000,-0.650482,0.000000,0.000000,0.650482,0.579248,0.000000
12.599999,0.500000,404.000000,0.000000,0.000000,279.000000,0.500000,0.772331,0.004553,1.000850,0.579248,0.579248,1.000000,0.000100000,0.000001113,0.033000,0.000000,-0.650482,0.000000,0.000000,0.650482,0.579248,0.000000
12.700000,0.500000,404.000000,0.000000,0.000000,279.000000,0.500000,0.772331,0.004553,1.000859,0.579248,0.579248,1.000000,0.000100000,0.000001113,0.033000,0.000000,-0.650482,0.000000,0.000000,0.650482,0.579248,0.000000
12.799999,0.500000,404.000000,0.000000,0.000000,279.000000,0.500000,0.772331,0.004553,1.000848,0.579248,0.579248,1.000000,0.000100000,0.000001113,0.033000,0.000000,-0.650482,0.000000,0.000000,0.650482,0.579248,0.000000
12.900000,0.500000,404.000000,0.000000,0.000000,279.000000,0.500000,0.772331,0.004553,1.000859,0.579248,0.579248,1.000000,0.000100000,0.000001113,0.033000,0.000000,-0.650482,0.000000,0.000000,0.650482,0.579248,0.000000
13.000000,0.500000,404.000000,0.000000,0.000000,279.000000,0.500000,0.772331,0.004553,1.000860,0.579248,0.579248,1.000000,0.000100000,0.000001113,0.033000,0.000000,-0.650482,0.000000,0.000000,0.650482,0.579248,0.000000
13.099999,0.500000,404.000000,0.000000,0.000000,279.000000,0.500000,0.772331,0.004553,1.000850,0.579248,0.579248,1.000000,0.000100000,0.000001113,0.033000,0.000000,-0.650482,0.000000,0.000000,0.650482,0.579248,0.000000
13.200000,0.500000,404.000000,0.000000,0.000000,279.000000,0.500000,0.772331,0.004553,1.000860,0.579248,0.579248,1.000000,0.000100000,0.000001113,0.033000,0.000000,-0.650482,0.000000,0.000000,0.650482,0.579248,0.000000
13.299999,0.500000,404.000000,0.000000,0.000000,279.000000,0.500000,0.772331,0.004553,1.000850,0.579248,0.579248,1.000000,0.000100000,0.000001113,0.033000,0.000000,-0.650482,0.000000,0.000000,0.650482,0.579248,0.000000
13.400000,0.500000,404.000000,0.000000,0.000000,279.000000,0.500000,0.772331,0.004553,1.000860,0.579248,0.579248,1.000000,0.000100000,0.000001113,0.033000,0.000000,-0.650482,0.000000,0.000000,0.650482,0.579248,0.000000
13.500000,0.500000,404.000000,0.000000,0.000000,279.000000,0.500000,0.772331,0.004553,1.000860,0.579248,0.579248,1.000000,0.000100000,0.000001113,0.033000,0.000000,-0.650482,0.000000,0.000000,0.650482,0.579248,0.000000
13.599999,0.500000,404.000000,0.000000,0.000000,279.000000,0.500000,0.772331,0.004553,1.000850,0.579248,0.579248,1.000000,0.000100000,0.000001113,0.033000,0.000000,-0.650482,0.000000,0.000000,0.650482,0.579248,0.000000
13.700000,0.500000,404.000000,0.000000,0.000000,279.000000,0.500000,0.772331,0.004553,1.000857,0.579248,0.579248,1.000000,0.000100000,0.000001113,0.033000,0.000000,-0.650482,0.000000,0.000000,0.650482,0.579248,0.000000
13.799999,0.500000,404.000000,0.000000,0.000000,279.000000,0.500000,0.772331,0.004553,1.000850,0.579248,0.579248,1.000000,0.000100000,0.000001113,0.033000,0.000000,-0.650482,0.000000,0.000000,0.650482,0.579248,0.000000
13.900000,0.500000,404.000000,0.000000,0.000000,279.000000,0.500000,0.772331,0.004553,1.000859,0.579248,0.579248,1.000000,0.000100000,0.000001113,0.033000,0.000000,-0.650482,0.000000,0.000000,0.650482,0.579248,0.000000
14.000000,0.500000,404.000000,0.000000,0.000000,279.000000,0.500000,0.772331,0.004553,1.000860,0.579248,0.579248,1.000000,0.000100000,0.000001113,0.033000,0.000000,-0.650482,0.000000,0.000000,0.650482,0.579248,0.000000
14.099999,0.500000,404.000000,0.000000,0.000000,279.000000,0.500000,0.772331,0.004553,1.000851,0.579248,0.579248,1.000000,0.000100000,0.000001113,0.033000,0.000000,-0.650482,0.000000,0.000000,0.650482,0.579248,0.000000
14.200000,0.500000,404.000000,0.000000,0.000000,279.000000,0.500000,0.772331,0.004553,1.000859,0.579248,0.579248,1.000000,0.000100000,0.000001113,0.033000,0.000000,-0.650482,0.000000,0.000000,0.650482,0.579248,0.000000
14.299999,0.500000,404.000000,0.000000,0.000000,279.000000,0.500000,0.772331,0.004553,1.000850,0.579248,0.579248,1.000000,0.000100000,0.000001113,0.033000,0.000000,-0.650482,0.000000,0.000000,0.650482,0.579248,0.000000
14.400000,0.500000,404.000000,0.000000,0.000000,279.000000,0.500000,0.772331,0.004553,1.000861,0.579248,0.579248,1.000000,0.000100000,0.000001113,0.033000,0.000000,-0.650482,0.000000,0.000000,0.650482,0.579248,0.000000
14.500000,0.500000,404.000000,0.000000,0.000000,279.000000,0.500000,0.772331,0.004553,1.000859,0.579248,0.579248,1.000000,0.000100000,0.000001113,0.033000,0.000000,-0.650482,0.000000,0.000000,0.650482,0.579248,0.000000
14.599999,0.500000,404.000000,0.000000,0.000000,279.000000,0.500000,0.772331,0.004553,1.000847,0.579248,0.579248,1.000000,0.000100000,0.000001113,0.033000,0.000000,-0.650482,0.000000,0.000000,0.650482,0.579248,0.000000
14.700000,0.500000,404.000000,0.000000,0.000000,279.000000,0.500000,0.772331,0.004553,1.000859,0.579248,0.579248,1.000000,0.000100000,0.000001113,0.033000,0.000000,-0.650482,0.000000,0.000000,0.650482,0.579248,0.000000
14.799999,0.500000,404.000000,0.000000,0.000000,279.000000,0.500000,0.772331,0.004553,1.000850,0.579248,0.579248,1.000000,0.000100000,0.000001113,0.033000,0.000000,-0.650482,0.000000,0.000000,0.650482,0.579248,0.000000
14.900000,0.500000,404.000000,0.000000,0.000000,279.000000,0.500000,0.772331,0.004553,1.000859,0.579248,0.579248,1.000000,0.000100000,0.000001113,0.033000,0.000000,-0.650482,0.000000,0.000000,0.650482,0.579248,0.000000
15.000000,0.500000,404.000000,0.000000,0.000000,279.000000,0.500000,0.772331,0.004553,1.000860,0.579248,0.579248,1.000000,0.000100000,0.000001113,0.033000,0.000000,-0.650482,0.000000,0.000000,0.650482,0.579248,0.000000
15.099999,0.500000,404.000000,0.000000,0.000000,279.000000,0.500000,0.772331,0.004553,1.000850,0.579248,0.579248,1.000000,0.000100000,0.000001113,0.033000,0.000000,-0.650482,0.000000,0.000000,0.650482,0.579248,0.000000
15.200000,0.500000,404.000000,0.000000,0.000000,279.000000,0.500000,0.772331,0.004553,1.000859,0.579248,0.579248,1.000000,0.000100000,0.000001113,0.033000,0.000000,-0.650482,0.000000,0.000000,0.650482,0.579248,0.000000
15.299999,0.500000,404.000000,0.000000,0.000000,279.000000,0.500000,0.772331,0.004553,1.000851,0.579248,0.579248,1.000000,0.000100000,0.000001113,0.033000,0.000000,-0.650482,0.000000,0.000000,0.650482,0.579248,0.000000
15.400000,0.500000,404.000000,0.000000,0.000000,279.000000,0.500000,0.772331,0.004553,1.000860,0.579248,0.579248,1.000000,0.000100000,0.000001113,0.033000,0.000000,-0.650482,0.000000,0.000000,0.650482,0.579248,0.000000
15.500000,0.500000,404.000000,0.000000,0.000000,279.000000,0.500000,0.772331,0.004553,1.000857,0.579248,0.579248,1.000000,0.000100000,0.000001113,0.033000,0.000000,-0.650482,0.000000,0.000000,0.650482,0.579248,0.000000
15.599999,0.500000,404.000000,0.000000,0.000000,279.000000,0.500000,0.772331,0.004553,1.000849,0.579248,0.579248,1.000000,0.000100000,0.000001113,0.033000,0.000000,-0.650482,0.000000,0.000000,0.650482,0.579248,0.000000
15.700000,0.500000,404.000000,0.000000,0.000000,279.000000,0.500000,0.772331,0.004553,1.000860,0.579248,0.579248,1.000000,0.000100000,0.000001113,0.033000,0.000000,-0.650482,0.000000,0.000000,0.650482,0.579248,0.000000
15.799999,0.500000,404.000000,0.000000,0.000000,279.000000,0.500000,0.772331,0.004553,1.000850,0.579248,0.579248,1.000000,0.000100000,0.000001113,0.033000,0.000000,-0.650482,0.000000,0.000000,0.650482,0.579248,0.000000
15.900000,0.500000,404.000000,0.000000,0.000000,279.000000,0.500000,0.772331,0.004553,1.000860,0.579248,0.579248,1.000000,0.000100000,0.000001113,0.033000,0.000000,-0.650482,0.000000,0.000000,0.650482,0.579248,0.000000
16.000000,0.500000,404.000000,0.000000,0.000000,279.000000,0.500000,0.772331,0.004553,1.000859,0.579248,0.579248,1.000000,0.000100000,0.000001113,0.033000,0.000000,-0.650482,0.000000,0.000000,0.650482,0.579248,0.000000
16.100000,0.500000,404.000000,0.000000,0.000000,279.000000,0.500000,0.772331,0.004553,1.000860,0.579248,0.579248,1.000000,0.000100000,0.000001113,0.033000,0.000000,-0.650482,0.000000,0.000000,0.650482,0.579248,0.000000
16.199999,0.500000,404.000000,0.000000,0.000000,279.000000,0.500000,0.772331,0.004553,1.000841,0.579248,0.579248,1.000000,0.000100000,0.000001113,0.033000,0.000000,-0.650482,0.000000,0.000000,0.650482,0.579248,0.000000
16.299999,0.500000,404.000000,0.000000,0.000000,279.000000,0.500000,0.772331,0.004553,1.000859,0.579248,0.579248,1.000000,0.000100000,0.000001113,0.033000,0.000000,-0.650482,0.000000,0.000000,0.650482,0.579248,0.000000
16.400000,0.500000,404.000000,0.000000,0.000000,279.000000,0.500000,0.772331,0.004553,1.000858,0.579248,0.579248,1.000000,0.000100000,0.000001113,0.033000,0.000000,-0.650482,0.000000,0.000000,0.650482,0.579248,0.000000
16.500000,0.500000,404.000000,0.000000,0.000000,279.000000,0.500000,0.772331,0.004553,1.000859,0.579248,0.579248,1.000000,0.000100000,0.000001113,0.033000,0.000000,-0.650482,0.000000,0.000000,0.650482,0.579248,0.000000
16.600000,0.500000,404.000000,0.000000,0.000000,279.000000,0.500000,0.772331,0.004553,1.000860,0.579248,0.579248,1.000000,0.000100000,0.000001113,0.033000,0.000000,-0.650482,0.000000,0.000000,0.650482,0.579248,0.000000
16.699999,0.500000,404.000000,0.000000,0.000000,279.000000,0.500000,0.772331,0.004553,1.000839,0.579248,0.579248,1.000000,0.000100000,0.000001113,0.033000,0.000000,-0.650482,0.000000,0.000000,0.650482,0.579248,0.000000
16.799999,0.500000,404.000000,0.000000,0.000000,279.000000,0.500000,0.772331,0.004553,1.000861,0.579248,0.579248,1.000000,0.000100000,0.000001113,0.033000,0.000000,-0.650482,0.000000,0.000000,0.650482,0.579248,0.000000
16.900000,0.500000,404.000000,0.000000,0.000000,279.000000,0.500000,0.772331,0.004553,1.000859,0.579248,0.579248,1.000000,0.000100000,0.000001113,0.033000,0.000000,-0.650482,0.000000,0.000000,0.650482,0.579248,0.000000
17.000000,0.500000,404.000000,0.000000,0.000000,279.000000,0.500000,0.772331,0.004553,1.000860,0.579248,0.579248,1.000000,0.000100000,0.000001113,0.033000,0.000000,-0.650482,0.000000,0.000000,0.650482,0.579248,0.000000
17.100000,0.500000,404.000000,0.000000,0.000000,279.000000,0.500000,0.772331,0.004553,1.000860,0.579248,0.579248,1.000000,0.000100000,0.000001113,0.033000,0.000000,-0.650482,0.000000,0.000000,0.650482,0.579248,0.000000
17.199999,0.500000,404.000000,0.000000,0.000000,279.000000,0.500000,0.772331,0.004553,1.000840,0.579248,0.579248,1.000000,0.000100000,0.000001113,0.033000,0.000000,-0.650482,0.000000,0.000000,0.650482,0.579248,0.000000
17.299999,0.500000,404.000000,0.000000,0.000000,279.000000,0.500000,0.772331,0.004553,1.000857,0.579248,0.579248,1.000000,0.000100000,0.000001113,0.033000,0.000000,-0.650482,0.000000,0.000000,0.650482,0.579248,0.000000
17.400000,0.500000,404.000000,0.000000,0.000000,279.000000,0.500000,0.772331,0.004553,1.000859,0.579248,0.579248,1.000000,0.000100000,0.000001113,0.033000,0.000000,-0.650482,0.000000,0.000000,0.650482,0.579248,0.000000
17.500000,0.500000,404.000000,0.000000,0.000000,279.000000,0.500000,0.772331,0.004553,1.000860,0.579248,0.579248,1.000000,0.000100000,0.000001113,0.033000,0.000000,-0.650482,0.000000,0.000000,0.650482,0.579248,0.000000
17.600000,0.500000,404.000000,0.000000,0.000000,279.000000,0.500000,0.772331,0.004553,1.000859,0.579248,0.579248,1.000000,0.000100000,0.000001113,0.033000,0.000000,-0.650482,0.000000,0.000000,0.650482,0.579248,0.000000
17.699999,0.500000,404.000000,0.000000,0.000000,279.000000,0.500000,0.772331,0.004553,1.000841,0.579248,0.579248,1.000000,0.000100000,0.000001113,0.033000,0.000000,-0.650482,0.000000,0.000000,0.650482,0.579248,0.000000
17.799999,0.500000,404.000000,0.000000,0.000000,279.000000,0.500000,0.772331,0.004553,1.000860,0.579248,0.579248,1.000000,0.000100000,0.000001113,0.033000,0.000000,-0.650482,0.000000,0.000000,0.650482,0.579248,0.000000
17.900000,0.500000,404.000000,0.000000,0.000000,279.000000,0.500000,0.772331,0.004553,1.000859,0.579248,0.579248,1.000000,0.000100000,0.000001113,0.033000,0.000000,-0.650482,0.000000,0.000000,0.650482,0.579248,0.000000
18.000000,0.500000,404.000000,0.000000,0.000000,279.000000,0.500000,0.772331,0.004553,1.000860,0.579248,0.579248,1.000000,0.000100000,0.000001113,0.033000,0.000000,-0.650482,0.000000,0.000000,0.650482,0.579248,0.000000
18.100000,0.500000,404.000000,0.000000,0.000000,279.000000,0.500000,0.772331,0.004553,1.000860,0.579248,0.579248,1.000000,0.000100000,0.000001113,0.033000,0.000000,-0.650482,0.000000,0.000000,0.650482,0.579248,0.000000
18.199999,0.500000,404.000000,0.000000,0.000000,279.000000,0.500000,0.772331,0.004553,1.000837,0.579248,0.579248,1.000000,0.000100000,0.000001113,0.033000,0.000000,-0.650482,0.000000,0.000000,0.650482,0.579248,0.000000
18.299999,0.500000,404.000000,0.000000,0.000000,279.000000,0.500000,0.772331,0.004553,1.000860,0.579248,0.579248,1.000000,0.000100000,0.000001113,0.033000,0.000000,-0.650482,0.000000,0.000000,0.650482,0.579248,0.000000
18.400000,0.500000,404.000000,0.000000,0.000000,279.000000,0.500000,0.772331,0.004553,1.000859,0.579248,0.579248,1.000000,0.000100000,0.000001113,0.033000,0.000000,-0.650482,0.000000,0.000000,0.650482,0.579248,0.000000
18.500000,0.500000,404.000000,0.000000,0.000000,279.000000,0.500000,0.772331,0.004553,1.000860,0.579248,0.579248,1.000000,0.000100000,0.000001113,0.033000,0.000000,-0.650482,0.000000,0.000000,0.650482,0.579248,0.000000
18.600000,0.500000,404.000000,0.000000,0.000000,279.000000,0.500000,0.772331,0.004553,1.000861,0.579248,0.579248,1.000000,0.000100000,0.000001113,0.033000,0.000000,-0.650482,0.000000,0.000000,0.650482,0.579248,0.000000
18.699999,0.500000,404.000000,0.000000,0.000000,279.000000,0.500000,0.772331,0.004553,1.000841,0.579248,0.579248,1.000000,0.000100000,0.000001113,0.033000,0.000000,-0.650482,0.000000,0.000000,0.650482,0.579248,0.000000
18.799999,0.500000,404.000000,0.000000,0.000000,279.000000,0.500000,0.772331,0.004553,1.000859,0.579248,0.579248,1.000000,0.000100000,0.000001113,0.033000,0.000000,-0.650482,0.000000,0.000000,0.650482,0.579248,0.000000
18.900000,0.500000,404.000000,0.000000,0.000000,279.000000,0.500000,0.772331,0.004553,1.000861,0.579248,0.579248,1.000000,0.000100000,0.000001113,0.033000,0.000000,-0.650482,0.000000,0.000000,0.650482,0.579248,0.000000
19.000000,0.500000,404.000000,0.000000,0.000000,279.000000,0.500000,0.772331,0.004553,1.000859,0.579248,0.579248,1.000000,0.000100000,0.000001113,0.033000,0.000000,-0.650482,0.000000,0.000000,0.650482,0.579248,0.000000
19.100000,0.500000,404.000000,0.000000,0.000000,279.000000,0.500000,0.772331,0.004553,1.000857,0.579248,0.579248,1.000000,0.000100000,0.000001113,0.033000,0.000000,-0.650482,0.000000,0.000000,0.650482,0.579248,0.000000
19.199999,0.500000,404.000000,0.000000,0.000000,279.000000,0.500000,0.772331,0.004553,1.000841,0.579248,0.579248,1.000000,0.000100000,0.000001113,0.033000,0.000000,-0.650482,0.000000,0.000000,0.650482,0.579248,0.000000
19.299999,0.500000,404.000000,0.000000,0.000000,279.000000,0.500000,0.772331,0.004553,1.000859,0.579248,0.579248,1.000000,0.000100000,0.000001113,0.033000,0.000000,-0.650482,0.000000,0.000000,0.650482,0.579248,0.000000
19.400000,0.500000,404.000000,0.000000,0.000000,279.000000,0.500000,0.772331,0.004553,1.000859,0.579248,0.579248,1.000000,0.000100000,0.000001113,0.033000,0.000000,-0.650482,0.000000,0.000000,0.650482,0.579248,0.000000
19.500000,0.500000,404.000000,0.000000,0.000000,279.000000,0.500000,0.772331,0.004553,1.000860,0.579248,0.579248,1.000000,0.000100000,0.000001113,0.033000,0.000000,-0.650482,0.000000,0.000000,0.650482,0.579248,0.000000
19.600000,0.500000,404.000000,0.000000,0.000000,279.000000,0.500000,0.772331,0.004553,1.000860,0.579248,0.579248,1.000000,0.000100000,0.000001113,0.033000,0.000000,-0.650482,0.000000,0.000000,0.650482,0.579248,0.000000
19.699999,0.500000,404.000000,0.000000,0.000000,279.000000,0.500000,0.772331,0.004553,1.000841,0.579248,0.579248,1.000000,0.000100000,0.000001113,0.033000,0.000000,-0.650482,0.000000,0.000000,0.650482,0.579248,0.000000
19.799999,0.500000,404.000000,0.000000,0.000000,279.000000,0.500000,0.772331,0.004553,1.000860,0.579248,0.579248,1.000000,0.000100000,0.000001113,0.033000,0.000000,-0.650482,0.000000,0.000000,0.650482,0.579248,0.000000
19.900000,0.500000,404.000000,0.000000,0.000000,279.000000,0.500000,0.772331,0.004553,1.000860,0.579248,0.579248,1.000000,0.000100000,0.000001113,0.033000,0.000000,-0.650482,0.000000,0.000000,0.650482,0.579248,0.000000
20.000000,0.500000,404.000000,0.000000,0.000000,279.000000,0.500000,0.772331,0.004553,1.000857,0.579248,0.579248,1.000000,0.000100000,0.000001113,0.033000,0.000000,-0.650482,0.000000,0.000000,0.650482,0.579248,0.000000
20.100000,0.500000,404.000000,0.000000,0.000000,279.000000,0.500000,0.772331,0.004553,1.000860,0.579248,0.579248,1.000000,0.000100000,0.000001113,0.033000,0.000000,-0.650482,0.000000,0.000000,0.650482,0.579248,0.000000
20.199999,0.500000,404.000000,0.000000,0.000000,279.000000,0.500000,0.772331,0.004553,1.000840,0.579248,0.579248,1.000000,0.000100000,0.000001113,0.033000,0.000000,-0.650482,0.000000,0.000000,0.650482,0.579248,0.000000
20.299999,0.500000,404.000000,0.000000,0.000000,279.000000,0.500000,0.772331,0.004553,1.000859,0.579248,0.579248,1.000000,0.000100000,0.000001113,0.033000,0.000000,-0.650482,0.000000,0.000000,0.650482,0.579248,0.000000
20.400000,0.500000,404.000000,0.000000,0.000000,279.000000,0.500000,0.772331,0.004553,1.000860,0.579248,0.579248,1.000000,0.000100000,0.000001113,0.033000,0.000000,-0.650482,0.000000,0.000000,0.650482,0.579248,0.000000
20.500000,0.500000,404.000000,0.000000,0.000000,279.000000,0.500000,0.772331,0.004553,1.000861,0.579248,0.579248,1.000000,0.000100000,0.000001113,0.033000,0.000000,-0.650482,0.000000,0.000000,0.650482,0.579248,0.000000
20.600000,0.500000,404.000000,0.000000,0.000000,279.000000,0.500000,0.772331,0.004553,1.000859,0.579248,0.579248,1.000000,0.000100000,0.000001113,0.033000,0.000000,-0.650482,0.000000,0.000000,0.650482,0.579248,0.000000
20.699999,0.500000,404.000000,0.000000,0.000000,279.000000,0.500000,0.772331,0.004553,1.000841,0.579248,0.579248,1.000000,0.000100000,0.000001113,0.033000,0.000000,-0.650482,0.000000,0.000000,0.650482,0.579248,0.000000
20.799999,0.500000,404.000000,0.000000,0.000000,279.000000,0.500000,0.772331,0.004553,1.000859,0.579248,0.579248,1.000000,0.000100000,0.000001113,0.033000,0.000000,-0.650482,0.000000,0.000000,0.650482,0.579248,0.000000
20.900000,0.500000,404.000000,0.000000,0.000000,279.000000,0.500000,0.772331,0.004553,1.000857,0.579248,0.579248,1.000000,0.000100000,0.000001113,0.033000,0.000000,-0.650482,0.000000,0.000000,0.650482,0.579248,0.000000
21.000000,0.500000,404.000000,0.000000,0.000000,279.000000,0.500000,0.772331,0.004553,1.000860,0.579248,0.579248,1.000000,0.000100000,0.000001113,0.033000,0.000000,-0.650482,0.000000,0.000000,0.650482,0.579248,0.000000
21.100000,0.500000,404.000000,0.000000,0.000000,279.000000,0.500000,0.772331,0.004553,1.000859,0.579248,0.579248,1.000000,0.000100000,0.000001113,0.033000,0.000000,-0.650482,0.000000,0.000000,0.650482,0.579248,0.000000
21.199999,0.500000,404.000000,0.000000,0.000000,279.000000,0.500000,0.772331,0.004553,1.000840,0.579248,0.579248,1.000000,0.000100000,0.000001113,0.033000,0.000000,-0.650482,0.000000,0.000000,0.650482,0.579248,0.000000
21.299999,0.500000,404.000000,0.000000,0.000000,279.000000,0.500000,0.772331,0.004553,1.000861,0.579248,0.579248,1.000000,0.000100000,0.000001113,0.033000,0.000000,-0.650482,0.000000,0.000000,0.650482,0.579248,0.000000
21.400000,0.500000,404.000000,0.000000,0.000000,279.000000,0.500000,0.772331,0.004553,1.000859,0.579248,0.579248,1.000000,0.000100000,0.000001113,0.033000,0.000000,-0.650482,0.000000,0.000000,0.650482,0.579248,0.000000
21.500000,0.500000,404.000000,0.000000,0.000000,279.000000,0.500000,0.772331,0.004553,1.000860,0.579248,0.579248,1.000000,0.000100000,0.000001113,0.033000,0.000000,-0.650482,0.000000,0.000000,0.650482,0.579248,0.000000
21.600000,0.500000,404.000000,0.000000,0.000000,279.000000,0.500000,0.772331,0.004553,1.000860,0.579248,0.579248,1.000000,0.000100000,0.000001113,0.033000,0.000000,-0.650482,0.000000,0.000000,0.650482,0.579248,0.000000
21.699999,0.500000,404.000000,0.000000,0.000000,279.000000,0.500000,0.772331,0.004553,1.000841,0.579248,0.579248,1.000000,0.000100000,0.000001113,0.033000,0.000000,-0.650482,0.000000,0.000000,0.650482,0.579248,0.000000
21.799999,0.500000,404.000000,0.000000,0.000000,279.000000,0.500000,0.772331,0.004553,1.000857,0.579248,0.579248,1.000000,0.000100000,0.000001113,0.033000,0.000000,-0.650482,0.000000,0.000000,0.650482,0.579248,0.000000
21.900000,0.500000,404.000000,0.000000,0.000000,279.000000,0.500000,0.772331,0.004553,1.000860,0.579248,0.579248,1.000000,0.000100000,0.000001113,0.033000,0.000000,-0.650482,0.000000,0.000000,0.650482,0.579248,0.000000
22.000000,0.500000,404.000000,0.000000,0.000000,279.000000,0.500000,0.772331,0.004553,1.000859,0.579248,0.579248,1.000000,0.000100000,0.000001113,0.033000,0.000000,-0.650482,0.000000,0.000000,0.650482,0.579248,0.000000
22.100000,0.500000,404.000000,0.000000,0.000000,279.000000,0.500000,0.772331,0.004553,1.000860,0.579248,0.579248,1.000000,0.000100000,0.000001113,0.033000,0.000000,-0.650482,0.000000,0.000000,0.650482,0.579248,0.000000
22.199999,0.500000,404.000000,0.000000,0.000000,279.000000,0.500000,0.772331,0.004553,1.000841,0.579248,0.579248,1.000000,0.000100000,0.000001113,0.033000,0.000000,-0.650482,0.000000,0.000000,0.650482,0.579248,0.000000
22.299999,0.500000,404.000000,0.000000,0.000000,279.000000,0.500000,0.772331,0.004553,1.000859,0.579248,0.579248,1.000000,0.000100000,0.000001113,0.033000,0.000000,-0.650482,0.000000,0.000000,0.650482,0.579248,0.000000
22.400000,0.500000,404.000000,0.000000,0.000000,279.000000,0.500000,0.772331,0.004553,1.000859,0.579248,0.579248,1.000000,0.000100000,0.000001113,0.033000,0.000000,-0.650482,0.000000,0.000000,0.650482,0.579248,0.000000
22.500000,0.500000,404.000000,0.000000,0.000000,279.000000,0.500000,0.772331,0.004553,1.000860,0.579248,0.579248,1.000000,0.000100000,0.000001113,0.033000,0.000000,-0.650482,0.000000,0.000000,0.650482,0.579248,0.000000
22.600000,0.500000,404.000000,0.000000,0.000000,279.000000,0.500000,0.772331,0.004553,1.000859,0.579248,0.579248,1.000000,0.000100000,0.000001113,0.033000,0.000000,-0.650482,0.000000,0.000000,0.650482,0.579248,0.000000
22.699999,0.500000,404.000000,0.000000,0.000000,279.000000,0.500000,0.772331,0.004553,1.000838,0.579248,0.579248,1.000000,0.000100000,0.000001113,0.033000,0.000000,-0.650482,0.000000,0.000000,0.650482,0.579248,0.000000
22.799999,0.500000,404.000000,0.000000,0.000000,279.000000,0.500000,0.772331,0.004553,1.000860,0.579248,0.579248,1.000000,0.000100000,0.000001113,0.033000,0.000000,-0.650482,0.000000,0.000000,0.650482,0.579248,0.000000
22.900000,0.500000,404.000000,0.000000,0.000000,279.000000,0.500000,0.772331,0.004553,1.000859,0.579248,0.579248,1.000000,0.000100000,0.000001113,0.033000,0.000000,-0.650482,0.000000,0.000000,0.650482,0.579248,0.000000
23.000000,0.500000,404.000000,0.000000,0.000000,279.000000,0.500000,0.772331,0.004553,1.000860,0.579248,0.579248,1.000000,0.000100000,0.000001113,0.033000,0.000000,-0.650482,0.000000,0.000000,0.650482,0.579248,0.000000
23.099998,0.500000,404.000000,0.000000,0.000000,279.000000,0.500000,0.772331,0.004553,1.000841,0.579248,0.579248,1.000000,0.000100000,0.000001113,0.033000,0.000000,-0.650482,0.000000,0.000000,0.650482,0.579248,0.000000
23.199999,0.500000,404.000000,0.000000,0.000000,279.000000,0.500000,0.772331,0.004553,1.000860,0.579248,0.579248,1.000000,0.000100000,0.000001113,0.033000,0.000000,-0.650482,0.000000,0.000000,0.650482,0.579248,0.000000
23.299999,0.500000,404.000000,0.000000,0.000000,279.000000,0.500000,0.772331,0.004553,1.000860,0.579248,0.579248,1.000000,0.000100000,0.000001113,0.033000,0.000000,-0.650482,0.000000,0.000000,0.650482,0.579248,0.000000
23.400000,0.500000,404.000000,0.000000,0.000000,279.000000,0.500000,0.772331,0.004553,1.000860,0.579248,0.579248,1.000000,0.000100000,0.000001113,0.033000,0.000000,-0.650482,0.000000,0.000000,0.650482,0.579248,0.000000
23.500000,0.500000,404.000000,0.000000,0.000000,279.000000,0.500000,0.772331,0.004553,1.000860,0.579248,0.579248,1.000000,0.000100000,0.000001113,0.033000,0.000000,-0.650482,0.000000,0.000000,0.650482,0.579248,0.000000
23.599999,0.500000,404.000000,0.000000,0.000000,279.000000,0.500000,0.772331,0.004553,1.000837,0.579248,0.579248,1.000000,0.000100000,0.000001113,0.033000,0.000000,-0.650482,0.000000,0.000000,0.650482,0.579248,0.000000
23.699999,0.500000,404.000000,0.000000,0.000000,279.000000,0.500000,0.772331,0.004553,1.000860,0.579248,0.579248,1.000000,0.000100000,0.000001113,0.033000,0.000000,-0.650482,0.000000,0.000000,0.650482,0.579248,0.000000
23.799999,0.500000,404.000000,0.000000,0.000000,279.000000,0.500000,0.772331,0.004553,1.000860,0.579248,0.579248,1.000000,0.000100000,0.000001113,0.033000,0.000000,-0.650482,0.000000,0.000000,0.650482,0.579248,0.000000
23.900000,0.500000,404.000000,0.000000,0.000000,279.000000,0.500000,0.772331,0.004553,1.000859,0.579248,0.579248,1.000000,0.000100000,0.000001113,0.033000,0.000000,-0.650482,0.000000,0.000000,0.650482,0.579248,0.000000
24.000000,0.500000,404.000000,0.000000,0.000000,279.000000,0.500000,0.772331,0.004553,1.000861,0.579248,0.579248,1.000000,0.000100000,0.000001113,0.033000,0.000000,-0.650482,0.000000,0.000000,0.650482,0.579248,0.000000
24.099998,0.500000,404.000000,0.000000,0.000000,279.000000,0.500000,0.772331,0.004553,1.000841,0.579248,0.579248,1.000000,0.000100000,0.000001113,0.033000,0.000000,-0.650482,0.000000,0.000000,0.650482,0.579248,0.000000
24.199999,0.500000,404.000000,0.000000,0.000000,279.000000,0.500000,0.772331,0.004553,1.000859,0.579248,0.579248,1.000000,0.000100000,0.000001113,0.033000,0.000000,-0.650482,0.000000,0.000000,0.650482,0.579248,0.000000
24.299999,0.500000,404.000000,0.000000,0.000000,279.000000,0.500000,0.772331,0.004553,1.000860,0.579248,0.579248,1.000000,0.000100000,0.000001113,0.033000,0.000000,-0.650482,0.000000,0.000000,0.650482,0.579248,0.000000
24.400000,0.500000,404.000000,0.000000,0.000000,279.000000,0.500000,0.772331,0.004553,1.000859,0.579248,0.579248,1.000000,0.000100000,0.000001113,0.033000,0.000000,-0.650482,0.000000,0.000000,0.650482,0.579248,0.000000
24.500000,0.500000,404.000000,0.000000,0.000000,279.000000,0.500000,0.772331,0.004553,1.000857,0.579248,0.579248,1.000000,0.000100000,0.000001113,0.033000,0.000000,-0.650482,0.000000,0.000000,0.650482,0.579248,0.000000
24.599999,0.500000,404.000000,0.000000,0.000000,279.000000,0.500000,0.772331,0.004553,1.000840,0.579248,0.579248,1.000000,0.000100000,0.000001113,0.033000,0.000000,-0.650482,0.000000,0.000000,0.650482,0.579248,0.000000
24.699999,0.500000,404.000000,0.000000,0.000000,279.000000,0.500000,0.772331,0.004553,1.000859,0.579248,0.579248,1.000000,0.000100000,0.000001113,0.033000,0.000000,-0.650482,0.000000,0.000000,0.650482,0.579248,0.000000
24.799999,0.500000,404.000000,0.000000,0.000000,279.000000,0.500000,0.772331,0.004553,1.000860,0.579248,0.579248,1.000000,0.000100000,0.000001113,0.033000,0.000000,-0.650482,0.000000,0.000000,0.650482,0.579248,0.000000
24.900000,0.500000,404.000000,0.000000,0.000000,279.000000,0.500000,0.772331,0.004553,1.000860,0.579248,0.579248,1.000000,0.000100000,0.000001113,0.033000,0.000000,-0.650482,0.000000,0.000000,0.650482,0.579248,0.000000
25.000000,0.500000,404.000000,0.000000,0.000000,279.000000,0.500000,0.772331,0.004553,1.000859,0.579248,0.579248,1.000000,0.000100000,0.000001113,0.033000,0.000000,-0.650482,0.000000,0.000000,0.650482,0.579248,0.000000
25.099998,0.500000,404.000000,0.000000,0.000000,279.000000,0.500000,0.772331,0.004553,1.000840,0.579248,0.579248,1.000000,0.000100000,0.000001113,0.033000,0.000000,-0.650482,0.000000,0.000000,0.650482,0.579248,0.000000
25.199999,0.500000,404.000000,0.000000,0.000000,279.000000,0.500000,0.772331,0.004553,1.000860,0.579248,0.579248,1.000000,0.000100000,0.000001113,0.033000,0.000000,-0.650482,0.000000,0.000000,0.650482,0.579248,0.000000
25.299999,0.500000,404.000000,0.000000,0.000000,279.000000,0.500000,0.772331,0.004553,1.000860,0.579248,0.579248,1.000000,0.000100000,0.000001113,0.033000,0.000000,-0.650482,0.000000,0.000000,0.650482,0.579248,0.000000
25.400000,0.500000,404.000000,0.000000,0.000000,279.000000,0.500000,0.772331,0.004553,1.000857,0.579248,0.579248,1.000000,0.000100000,0.000001113,0.033000,0.000000,-0.650482,0.000000,0.000000,0.650482,0.579248,0.000000
25.500000,0.500000,404.000000,0.000000,0.000000,279.000000,0.500000,0.772331,0.004553,1.000860,0.579248,0.579248,1.000000,0.000100000,0.000001113,0.033000,0.000000,-0.650482,0.000000,0.000000,0.650482,0.579248,0.000000
25.599999,0.500000,404.000000,0.000000,0.000000,279.000000,0.500000,0.772331,0.004553,1.000841,0.579248,0.579248,1.000000,0.000100000,0.000001113,0.033000,0.000000,-0.650482,0.000000,0.000000,0.650482,0.579248,0.000000
25.699999,0.500000,404.000000,0.000000,0.000000,279.000000,0.500000,0.772331,0.004553,1.000859,0.579248,0.579248,1.000000,0.000100000,0.000001113,0.033000,0.000000,-0.650482,0.000000,0.000000,0.650482,0.579248,0.000000
25.799999,0.500000,404.000000,0.000000,0.000000,279.000000,0.500000,0.772331,0.004553,1.000859,0.579248,0.579248,1.000000,0.000100000,0.000001113,0.033000,0.000000,-0.650482,0.000000,0.000000,0.650482,0.579248,0.000000
25.900000,0.500000,404.000000,0.000000,0.000000,279.000000,0.500000,0.772331,0.004553,1.000861,0.579248,0.579248,1.000000,0.000100000,0.000001113,0.033000,0.000000,-0.650482,0.000000,0.000000,0.650482,0.579248,0.000000
26.000000,0.500000,404.000000,0.000000,0.000000,279.000000,0.500000,0.772331,0.004553,1.000859,0.579248,0.579248,1.000000,0.000100000,0.000001113,0.033000,0.000000,-0.650482,0.000000,0.000000,0.650482,0.579248,0.000000
26.099998,0.500000,404.000000,0.000000,0.000000,279.000000,0.500000,0.772331,0.004553,1.000841,0.579248,0.579248,1.000000,0.000100000,0.000001113,0.033000,0.000000,-0.650482,0.000000,0.000000,0.650482,0.579248,0.000000
26.199999,0.500000,404.000000,0.000000,0.000000,279.000000,0.500000,0.772331,0.004553,1.000860,0.579248,0.579248,1.000000,0.000100000,0.000001113,0.033000,0.000000,-0.650482,0.000000,0.000000,0.650482,0.579248,0.000000
26.299999,0.500000,404.000000,0.000000,0.000000,279.000000,0.500000,0.772331,0.004553,1.000857,0.579248,0.579248,1.000000,0.000100000,0.000001113,0.033000,0.000000,-0.650482,0.000000,0.000000,0.650482,0.579248,0.000000
26.400000,0.500000,404.000000,0.000000,0.000000,279.000000,0.500000,0.772331,0.004553,1.000859,0.579248,0.579248,1.000000,0.000100000,0.000001113,0.033000,0.000000,-0.650482,0.000000,0.000000,0.650482,0.579248,0.000000
26.500000,0.500000,404.000000,0.000000,0.000000,279.000000,0.500000,0.772331,0.004553,1.000860,0.579248,0.579248,1.000000,0.000100000,0.000001113,0.033000,0.000000,-0.650482,0.000000,0.000000,0.650482,0.579248,0.000000
26.599999,0.500000,404.000000,0.000000,0.000000,279.000000,0.500000,0.772331,0.004553,1.000840,0.579248,0.579248,1.000000,0.000100000,0.000001113,0.033000,0.000000,-0.650482,0.000000,0.000000,0.650482,0.579248,0.000000
26.699999,0.500000,404.000000,0.000000,0.000000,279.000000,0.500000,0.772331,0.004553,1.000860,0.579248,0.579248,1.000000,0.000100000,0.000001113,0.033000,0.000000,-0.650482,0.000000,0.000000,0.650482,0.579248,0.000000
26.799999,0.500000,404.000000,0.000000,0.000000,279.000000,0.500000,0.772331,0.004553,1.000859,0.579248,0.579248,1.000000,0.000100000,0.000001113,0.033000,0.000000,-0.650482,0.000000,0.000000,0.650482,0.579248,0.000000
26.900000,0.500000,404.000000,0.000000,0.000000,279.000000,0.500000,0.772331,0.004553,1.000860,0.579248,0.579248,1.000000,0.000100000,0.000001113,0.033000,0.000000,-0.650482,0.000000,0.000000,0.650482,0.579248,0.000000
27.000000,0.500000,404.000000,0.000000,0.000000,279.000000,0.500000,0.772331,0.004553,1.000860,0.579248,0.579248,1.000000,0.000100000,0.000001113,0.033000,0.000000,-0.650482,0.000000,0.000000,0.650482,0.579248,0.000000
27.099998,0.500000,404.000000,0.000000,0.000000,279.000000,0.500000,0.772331,0.004553,1.000841,0.579248,0.579248,1.000000,0.000100000,0.000001113,0.033000,0.000000,-0.650482,0.000000,0.000000,0.650482,0.579248,0.000000
27.199999,0.500000,404.000000,0.000000,0.000000,279.000000,0.500000,0.772331,0.004553,1.000856,0.579248,0.579248,1.000000,0.000100000,0.000001113,0.033000,0.000000,-0.650482,0.000000,0.000000,0.650482,0.579248,0.000000
27.299999,0.500000,404.000000,0.000000,0.000000,279.000000,0.500000,0.772331,0.004553,1.000860,0.579248,0.579248,1.000000,0.000100000,0.000001113,0.033000,0.000000,-0.650482,0.000000,0.000000,0.650482,0.579248,0.000000
27.400000,0.500000,404.000000,0.000000,0.000000,279.000000,0.500000,0.772331,0.004553,1.000859,0.579248,0.579248,1.000000,0.000100000,0.000001113,0.033000,0.000000,-0.650482,0.000000,0.000000,0.650482,0.579248,0.000000
27.500000,0.500000,404.000000,0.000000,0.000000,279.000000,0.500000,0.772331,0.004553,1.000860,0.579248,0.579248,1.000000,0.000100000,0.000001113,0.033000,0.000000,-0.650482,0.000000,0.000000,0.650482,0.579248,0.000000
27.599999,0.500000,404.000000,0.000000,0.000000,279.000000,0.500000,0.772331,0.004553,1.000840,0.579248,0.579248,1.000000,0.000100000,0.000001113,0.033000,0.000000,-0.650482,0.000000,0.000000,0.650482,0.579248,0.000000
27.699999,0.500000,404.000000,0.000000,0.000000,279.000000,0.500000,0.772331,0.004553,1.000860,0.579248,0.579248,1.000000,0.000100000,0.000001113,0.033000,0.000000,-0.650482,0.000000,0.000000,0.650482,0.579248,0.000000
27.799999,0.500000,404.000000,0.000000,0.000000,279.000000,0.500000,0.772331,0.004553,1.000859,0.579248,0.579248,1.000000,0.000100000,0.000001113,0.033000,0.000000,-0.650482,0.000000,0.000000,0.650482,0.579248,0.000000
27.900000,0.500000,404.000000,0.000000,0.000000,279.000000,0.500000,0.772331,0.004553,1.000860,0.579248,0.579248,1.000000,0.000100000,0.000001113,0.033000,0.000000,-0.650482,0.000000,0.000000,0.650482,0.579248,0.000000
28.000000,0.500000,404.000000,0.000000,0.000000,279.000000,0.500000,0.772331,0.004553,1.000860,0.579248,0.579248,1.000000,0.000100000,0.000001113,0.033000,0.000000,-0.650482,0.000000,0.000000,0.650482,0.579248,0.000000
28.099998,0.500000,404.000000,0.000000,0.000000,279.000000,0.500000,0.772331,0.004553,1.000837,0.579248,0.579248,1.000000,0.000100000,0.000001113,0.033000,0.000000,-0.650482,0.000000,0.000000,0.650482,0.579248,0.000000
28.199999,0.500000,404.000000,0.000000,0.000000,279.000000,0.500000,0.772331,0.004553,1.000860,0.579248,0.579248,1.000000,0.000100000,0.000001113,0.033000,0.000000,-0.650482,0.000000,0.000000,0.650482,0.579248,0.000000
28.299999,0.500000,404.000000,0.000000,0.000000,279.000000,0.500000,0.772331,0.004553,1.000860,0.579248,0.579248,1.000000,0.000100000,0.000001113,0.033000,0.000000,-0.650482,0.000000,0.000000,0.650482,0.579248,0.000000
28.400000,0.500000,404.000000,0.000000,0.000000,279.000000,0.500000,0.772331,0.004553,1.000860,0.579248,0.579248,1.000000,0.000100000,0.000001113,0.033000,0.000000,-0.650482,0.000000,0.000000,0.650482,0.579248,0.000000
28.500000,0.500000,404.000000,0.000000,0.000000,279.000000,0.500000,0.772331,0.004553,1.000860,0.579248,0.579248,1.000000,0.000100000,0.000001113,0.033000,0.000000,-0.650482,0.000000,0.000000,0.650482,0.579248,0.000000
28.599999,0.500000,404.000000,0.000000,0.000000,279.000000,0.500000,0.772331,0.004553,1.000840,0.579248,0.579248,1.000000,0.000100000,0.000001113,0.033000,0.000000,-0.650482,0.000000,0.000000,0.650482,0.579248,0.000000
28.699999,0.500000,404.000000,0.000000,0.000000,279.000000,0.500000,0.772331,0.004553,1.000860,0.579248,0.579248,1.000000,0.000100000,0.000001113,0.033000,0.000000,-0.650482,0.000000,0.000000,0.650482,0.579248,0.000000
28.799999,0.500000,404.000000,0.000000,0.000000,279.000000,0.500000,0.772331,0.004553,1.000859,0.579248,0.579248,1.000000,0.000100000,0.000001113,0.033000,0.000000,-0.650482,0.000000,0.000000,0.650482,0.579248,0.000000
28.900000,0.500000,404.000000,0.000000,0.000000,279.000000,0.500000,0.772331,0.004553,1.000860,0.579248,0.579248,1.000000,0.000100000,0.000001113,0.033000,0.000000,-0.650482,0.000000,0.000000,0.650482,0.579248,0.000000
29.000000,0.500000,404.000000,0.000000,0.000000,279.000000,0.500000,0.772331,0.004553,1.000857,0.579248,0.579248,1.000000,0.000100000,0.000001113,0.033000,0.000000,-0.650482,0.000000,0.000000,0.650482,0.579248,0.000000
29.099998,0.500000,404.000000,0.000000,0.000000,279.000000,0.500000,0.772331,0.004553,1.000841,0.579248,0.579248,1.000000,0.000100000,0.000001113,0.033000,0.000000,-0.650482,0.000000,0.000000,0.650482,0.579248,0.000000
29.199999,0.500000,404.000000,0.000000,0.000000,279.000000,0.500000,0.772331,0.004553,1.000861,0.579248,0.579248,1.000000,0.000100000,0.000001113,0.033000,0.000000,-0.650482,0.000000,0.000000,0.650482,0.579248,0.000000
29.299999,0.500000,404.000000,0.000000,0.000000,279.000000,0.500000,0.772331,0.004553,1.000859,0.579248,0.579248,1.000000,0.000100000,0.000001113,0.033000,0.000000,-0.650482,0.000000,0.000000,0.650482,0.579248,0.000000
29.400000,0.500000,404.000000,0.000000,0.000000,279.000000,0.500000,0.772331,0.004553,1.000860,0.579248,0.579248,1.000000,0.000100000,0.000001113,0.033000,0.000000,-0.650482,0.000000,0.000000,0.650482,0.579248,0.000000
29.500000,0.500000,404.000000,0.000000,0.000000,279.000000,0.500000,0.772331,0.004553,1.000860,0.579248,0.579248,1.000000,0.000100000,0.000001113,0.033000,0.000000,-0.650482,0.000000,0.000000,0.650482,0.579248,0.000000
29.599999,0.500000,404.000000,0.000000,0.000000,279.000000,0.500000,0.772331,0.004553,1.000841,0.579248,0.579248,1.000000,0.000100000,0.000001113,0.033000,0.000000,-0.650482,0.000000,0.000000,0.650482,0.579248,0.000000
29.699999,0.500000,404.000000,0.000000,0.000000,279.000000,0.500000,0.772331,0.004553,1.000860,0.579248,0.579248,1.000000,0.000100000,0.000001113,0.033000,0.000000,-0.650482,0.000000,0.000000,0.650482,0.579248,0.000000
29.799999,0.500000,404.000000,0.000000,0.000000,279.000000,0.500000,0.772331,0.004553,1.000859,0.579248,0.579248,1.000000,0.000100000,0.000001113,0.033000,0.000000,-0.650482,0.000000,0.000000,0.650482,0.579248,0.000000
29.900000,0.500000,404.000000,0.000000,0.000000,279.000000,0.500000,0.772331,0.004553,1.000857,0.579248,0.579248,1.000000,0.000100000,0.000001113,0.033000,0.000000,-0.650482,0.000000,0.000000,0.650482,0.579248,0.000000
30.000000,0.500000,404.000000,0.000000,0.000000,279.000000,0.500000,0.772331,0.004553,1.000860,0.579248,0.579248,1.000000,0.000100000,0.000001113,0.033000,0.000000,-0.650482,0.000000,0.000000,0.650482,0.579248,0.000000
30.099998,0.500000,404.000000,0.000000,0.000000,279.000000,0.500000,0.772331,0.004553,1.000840,0.579248,0.579248,1.000000,0.000100000,0.000001113,0.033000,0.000000,-0.650482,0.000000,0.000000,0.650482,0.579248,0.000000
30.199999,0.500000,404.000000,0.000000,0.000000,279.000000,0.500000,0.772331,0.004553,1.000860,0.579248,0.579248,1.000000,0.000100000,0.000001113,0.033000,0.000000,-0.650482,0.000000,0.000000,0.650482,0.579248,0.000000
30.299999,0.500000,404.000000,0.000000,0.000000,279.000000,0.500000,0.772331,0.004553,1.000859,0.579248,0.579248,1.000000,0.000100000,0.000001113,0.033000,0.000000,-0.650482,0.000000,0.000000,0.650482,0.579248,0.000000
30.400000,0.500000,404.000000,0.000000,0.000000,279.000000,0.500000,0.772331,0.004553,1.000860,0.579248,0.579248,1.000000,0.000100000,0.000001113,0.033000,0.000000,-0.650482,0.000000,0.000000,0.650482,0.579248,0.000000
30.500000,0.500000,404.000000,0.000000,0.000000,279.000000,0.500000,0.772331,0.004553,1.000860,0.579248,0.579248,1.000000,0.000100000,0.000001113,0.033000,0.000000,-0.650482,0.000000,0.000000,0.650482,0.579248,0.000000
30.599999,0.500000,404.000000,0.000000,0.000000,279.000000,0.500000,0.772331,0.004553,1.000841,0.579248,0.579248,1.000000,0.000100000,0.000001113,0.033000,0.000000,-0.650482,0.000000,0.000000,0.650482,0.579248,0.000000
0.100000,1.000000,543.000000,0.000000,0.000000,293.000000,1.000000,1.000000,0.000000,1.000000,0.750000,0.750000,1.000000,0.000100000,0.000001114,0.066000,0.000000,0.000000,0.000000,0.000000,0.000000,0.750000,0.000000
0.200000,1.000000,543.000000,0.000000,0.000000,293.000000,1.000000,1.000000,0.000000,1.000863,0.750000,0.750000,1.000000,0.000100000,0.000001113,0.066000,0.000000,0.000000,0.000000,0.000000,0.000000,0.750000,0.000000
0.300000,1.000000,543.000000,0.000000,0.000000,293.000000,1.000000,1.000000,0.000000,1.000863,0.750000,0.750000,1.000000,0.000100000,0.000001113,0.066000,0.000000,0.000000,0.000000,0.000000,0.000000,0.750000,0.000000
0.400000,1.000000,543.000000,0.000000,0.000000,293.000000,1.000000,1.000000,0.000000,1.000857,0.750000,0.750000,1.000000,0.000100000,0.000001113,0.066000,0.000000,0.000000,0.000000,0.000000,0.000000,0.750000,0.000000
0.500000,1.000000,543.000000,0.000000,0.000000,293.000000,1.000000,1.000000,0.000000,1.000855,0.750000,0.750000,1.000000,0.000100000,0.000001113,0.066000,0.000000,0.000000,0.000000,0.000000,0.000000,0.750000,0.000000
0.600000,1.000000,543.000000,0.000000,0.000000,293.000000,1.000000,1.000000,0.000000,1.000856,0.750000,0.750000,1.000000,0.000100000,0.000001113,0.066000,0.000000,0.000000,0.000000,0.000000,0.000000,0.750000,0.000000
0.700000,1.000000,543.000000,0.000000,0.000000,293.000000,1.000000,1.000000,0.000000,1.000856,0.750000,0.750000,1.000000,0.000100000,0.000001113,0.066000,0.000000,0.000000,0.000000,0.000000,0.000000,0.750000,0.000000
0.800000,1.000000,543.000000,0.000000,0.000000,293.000000,1.000000,1.000000,0.000000,1.000855,0.750000,0.750000,1.000000,0.000100000,0.000001113,0.066000,0.000000,0.000000,0.000000,0.000000,0.000000,0.750000,0.000000
0.900000,1.000000,543.000000,0.000000,0.000000,293.000000,1.000000,1.000000,0.000000,1.000864,0.750000,0.750000,1.000000,0.000100000,0.000001113,0.066000,0.000000,0.000000,0.000000,0.000000,0.000000,0.750000,0.000000
1.000000,1.000000,543.000000,0.000000,0.000000,293.000000,1.000000,1.000000,0.000000,1.000856,0.750000,0.750000,1.000000,0.000100000,0.000001113,0.066000,0.000000,0.000000,0.000000,0.000000,0.000000,0.750000,0.000000
1.100000,1.000000,543.000000,0.000000,0.000000,293.000000,1.000000,1.000000,0.000000,1.000856,0.750000,0.750000,1.000000,0.000100000,0.000001113,0.066000,0.000000,0.000000,0.000000,0.000000,0.000000,0.750000,0.000000
1.200000,1.000000,543.000000,0.000000,0.000000,293.000000,1.000000,1.000000,0.000000,1.000855,0.750000,0.750000,1.000000,0.000100000,0.000001113,0.066000,0.000000,0.000000,0.000000,0.000000,0.000000,0.750000,0.000000
1.300000,1.000000,543.000000,0.000000,0.000000,293.000000,1.000000,1.000000,0.000000,1.000856,0.750000,0.750000,1.000000,0.000100000,0.000001113,0.066000,0.000000,0.000000,0.000000,0.000000,0.000000,0.750000,0.000000
1.400000,1.000000,543.000000,0.000000,0.000000,293.000000,1.000000,1.000000,0.000000,1.000856,0.750000,0.750000,1.000000,0.000100000,0.000001113,0.066000,0.000000,0.000000,0.000000,0.000000,0.000000,0.750000,0.000000
1.500000,1.000000,543.000000,0.000000,0.000000,293.000000,1.000000,1.000000,0.000000,1.000857,0.750000,0.750000,1.000000,0.000100000,0.000001113,0.066000,0.000000,0.000000,0.000000,0.000000,0.000000,0.750000,0.000000
1.600000,1.000000,543.000000,0.000000,0.000000,293.000000,1.000000,1.000000,0.000000,1.000855,0.750000,0.750000,1.000000,0.000100000,0.000001113,0.066000,0.000000,0.000000,0.000000,0.000000,0.000000,0.750000,0.000000
1.700000,1.000000,543.000000,0.000000,0.000000,293.000000,1.000000,1.000000,0.000000,1.000863,0.750000,0.750000,1.000000,0.000100000,0.000001113,0.066000,0.000000,0.000000,0.000000,0.000000,0.000000,0.750000,0.000000
1.800000,1.000000,543.000000,0.000000,0.000000,293.000000,1.000000,1.000000,0.000000,1.000856,0.750000,0.750000,1.000000,0.000100000,0.000001113,0.066000,0.000000,0.000000,0.000000,0.000000,0.000000,0.750000,0.000000
1.900000,1.000000,543.000000,0.000000,0.000000,293.000000,1.000000,1.000000,0.000000,1.000856,0.750000,0.750000,1.000000,0.000100000,0.000001113,0.066000,0.000000,0.000000,0.000000,0.000000,0.000000,0.750000,0.000000
2.000000,1.000000,543.000000,0.000000,0.000000,293.000000,1.000000,1.000000,0.000000,1.000857,0.750000,0.750000,1.000000,0.000100000,0.000001113,0.066000,0.000000,0.000000,0.000000,0.000000,0.000000,0.750000,0.000000
2.100000,1.000000,543.000000,0.000000,0.000000,293.000000,1.000000,1.000000,0.000000,1.000854,0.750000,0.750000,1.000000,0.000100000,0.000001113,0.066000,0.000000,0.000000,0.000000,0.000000,0.000000,0.750000,0.000000
2.200000,1.000000,543.000000,0.000000,0.000000,293.000000,1.000000,1.000000,0.000000,1.000857,0.750000,0.750000,1.000000,0.000100000,0.000001113,0.066000,0.000000,0.000000,0.000000,0.000000,0.000000,0.750000,0.000000
2.300000,1.000000,543.000000,0.000000,0.000000,293.000000,1.000000,1.000000,0.000000,1.000856,0.750000,0.750000,1.000000,0.000100000,0.000001113,0.066000,0.000000,0.000000,0.000000,0.000000,0.000000,0.750000,0.000000
2.400000,1.000000,543.000000,0.000000,0.000000,293.000000,1.000000,1.000000,0.000000,1.000855,0.750000,0.750000,1.000000,0.000100000,0.000001113,0.066000,0.000000,0.000000,0.000000,0.000000,0.000000,0.750000,0.000000
2.500000,1.000000,543.000000,0.000000,0.000000,293.000000,1.000000,1.000000,0.000000,1.000865,0.750000,0.750000,1.000000,0.000100000,0.000001113,0.066000,0.000000,0.000000,0.000000,0.000000,0.000000,0.750000,0.000000
2.600000,1.000000,543.000000,0.000000,0.000000,293.000000,1.000000,1.000000,0.000000,1.000855,0.750000,0.750000,1.000000,0.000100000,0.000001113,0.066000,0.000000,0.000000,0.000000,0.000000,0.000000,0.750000,0.000000
2.700000,1.000000,543.000000,0.000000,0.000000,293.000000,1.000000,1.000000,0.000000,1.000857,0.750000,0.750000,1.000000,0.000100000,0.000001113,0.066000,0.000000,0.000000,0.000000,0.000000,0.000000,0.750000,0.000000
2.800000,1.000000,543.000000,0.000000,0.000000,293.000000,1.000000,1.000000,0.000000,1.000856,0.750000,0.750000,1.000000,0.000100000,0.000001113,0.066000,0.000000,0.000000,0.000000,0.000000,0.000000,0.750000,0.000000
2.900000,1.000000,543.000000,0.000000,0.000000,293.000000,1.000000,1.000000,0.000000,1.000854,0.750000,0.750000,1.000000,0.000100000,0.000001113,0.066000,0.000000,0.000000,0.000000,0.000000,0.000000,0.750000,0.000000
3.000000,1.000000,543.000000,0.000000,0.000000,293.000000,1.000000,1.000000,0.000000,1.000857,0.750000,0.750000,1.000000,0.000100000,0.000001113,0.066000,0.000000,0.000000,0.000000,0.000000,0.000000,0.750000,0.000000
3.100000,1.000000,543.000000,0.000000,0.000000,293.000000,1.000000,1.000000,0.000000,1.000855,0.750000,0.750000,1.000000,0.000100000,0.000001113,0.066000,0.000000,0.000000,0.000000,0.000000,0.000000,0.750000,0.000000
3.200000,1.000000,543.000000,0.000000,0.000000,293.000000,1.000000,1.000000,0.000000,1.000855,0.750000,0.750000,1.000000,0.000100000,0.000001113,0.066000,0.000000,0.000000,0.000000,0.000000,0.000000,0.750000,0.000000
3.300000,1.000000,543.000000,0.000000,0.000000,293.000000,1.000000,1.000000,0.000000,1.000864,0.750000,0.750000,1.000000,0.000100000,0.000001113,0.066000,0.000000,0.000000,0.000000,0.000000,0.000000,0.750000,0.000000
3.400000,1.000000,543.000000,0.000000,0.000000,293.000000,1.000000,1.000000,0.000000,1.000856,0.750000,0.750000,1.000000,0.000100000,0.000001113,0.066000,0.000000,0.000000,0.000000,0.000000,0.000000,0.750000,0.000000
3.500000,1.000000,543.000000,0.000000,0.000000,293.000000,1.000000,1.000000,0.000000,1.000856,0.750000,0.750000,1.000000,0.000100000,0.000001113,0.066000,0.000000,0.000000,0.000000,0.000000,0.000000,0.750000,0.000000
3.600000,1.000000,543.000000,0.000000,0.000000,293.000000,1.000000,1.000000,0.000000,1.000856,0.750000,0.750000,1.000000,0.000100000,0.000001113,0.066000,0.000000,0.000000,0.000000,0.000000,0.000000,0.750000,0.000000
3.700000,1.000000,543.000000,0.000000,0.000000,293.000000,1.000000,1.000000,0.000000,1.000855,0.750000,0.750000,1.000000,0.000100000,0.000001113,0.066000,0.000000,0.000000,0.000000,0.000000,0.000000,0.750000,0.000000
3.800000,1.000000,543.000000,0.000000,0.000000,293.000000,1.000000,1.000000,0.000000,1.000857,0.750000,0.750000,1.000000,0.000100000,0.000001113,0.066000,0.000000,0.000000,0.000000,0.000000,0.000000,0.750000,0.000000
3.900000,1.000000,543.000000,0.000000,0.000000,293.000000,1.000000,1.000000,0.000000,1.000856,0.750000,0.750000,1.000000,0.000100000,0.000001113,0.066000,0.000000,0.000000,0.000000,0.000000,0.000000,0.750000,0.000000
4.000000,1.000000,543.000000,0.000000,0.000000,293.000000,1.000000,1.000000,0.000000,1.000857,0.750000,0.750000,1.000000,0.000100000,0.000001113,0.066000,0.000000,0.000000,0.000000,0.000000,0.000000,0.750000,0.000000
4.100000,1.000000,543.000000,0.000000,0.000000,293.000000,1.000000,1.000000,0.000000,1.000862,0.750000,0.750000,1.000000,0.000100000,0.000001113,0.066000,0.000000,0.000000,0.000000,0.000000,0.000000,0.750000,0.000000
4.200000,1.000000,543.000000,0.000000,0.000000,293.000000,1.000000,1.000000,0.000000,1.000854,0.750000,0.750000,1.000000,0.000100000,0.000001113,0.066000,0.000000,0.000000,0.000000,0.000000,0.000000,0.750000,0.000000
4.300000,1.000000,543.000000,0.000000,0.000000,293.000000,1.000000,1.000000,0.000000,1.000855,0.750000,0.750000,1.000000,0.000100000,0.000001113,0.066000,0.000000,0.000000,0.000000,0.000000,0.000000,0.750000,0.000000
4.400000,1.000000,543.000000,0.000000,0.000000,293.000000,1.000000,1.000000,0.000000,1.000861,0.750000,0.750000,1.000000,0.000100000,0.000001113,0.066000,0.000000,0.000000,0.000000,0.000000,0.000000,0.750000,0.000000
4.500000,1.000000,543.000000,0.000000,0.000000,293.000000,1.000000,1.000000,0.000000,1.000855,0.750000,0.750000,1.000000,0.000100000,0.000001113,0.066000,0.000000,0.000000,0.000000,0.000000,0.000000,0.750000,0.000000
4.600000,1.000000,543.000000,0.000000,0.000000,293.000000,1.000000,1.000000,0.000000,1.000854,0.750000,0.750000,1.000000,0.000100000,0.000001113,0.066000,0.000000,0.000000,0.000000,0.000000,0.000000,0.750000,0.000000
4.700000,1.000000,543.000000,0.000000,0.000000,293.000000,1.000000,1.000000,0.000000,1.000855,0.750000,0.750000,1.000000,0.000100000,0.000001113,0.066000,0.000000,0.000000,0.000000,0.000000,0.000000,0.750000,0.000000
4.800000,1.000000,543.000000,0.000000,0.000000,293.000000,1.000000,1.000000,0.000000,1.000856,0.750000,0.750000,1.000000,0.000100000,0.000001113,0.066000,0.000000,0.000000,0.000000,0.000000,0.000000,0.750000,0.000000
4.900000,1.000000,543.000000,0.000000,0.000000,293.000000,1.000000,1.000000,0.000000,1.000866,0.750000,0.750000,1.000000,0.000100000,0.000001113,0.066000,0.000000,0.000000,0.000000,0.000000,0.000000,0.750000,0.000000
5.000000,1.000000,543.000000,0.000000,0.000000,293.000000,1.000000,1.000000,0.000000,1.000856,0.750000,0.750000,1.000000,0.000100000,0.000001113,0.066000,0.000000,0.000000,0.000000,0.000000,0.000000,0.750000,0.000000
5.100000,1.000000,543.000000,0.000000,0.000000,293.000000,1.000000,1.000000,0.000000,1.000854,0.750000,0.750000,1.000000,0.000100000,0.000001113,0.066000,0.000000,0.000000,0.000000,0.000000,0.000000,0.750000,0.000000
5.200000,1.000000,543.000000,0.000000,0.000000,293.000000,1.000000,1.000000,0.000000,1.000855,0.750000,0.750000,1.000000,0.000100000,0.000001113,0.066000,0.000000,0.000000,0.000000,0.000000,0.000000,0.750000,0.000000
5.300000,1.000000,543.000000,0.000000,0.000000,293.000000,1.000000,1.000000,0.000000,1.000855,0.750000,0.750000,1.000000,0.000100000,0.000001113,0.066000,0.000000,0.000000,0.000000,0.000000,0.000000,0.750000,0.000000
5.400000,1.000000,543.000000,0.000000,0.000000,293.000000,1.000000,1.000000,0.000000,1.000859,0.750000,0.750000,1.000000,0.000100000,0.000001113,0.066000,0.000000,0.000000,0.000000,0.000000,0.000000,0.750000,0.000000
5.500000,1.000000,543.000000,0.000000,0.000000,293.000000,1.000000,1.000000,0.000000,1.000856,0.750000,0.750000,1.000000,0.000100000,0.000001113,0.066000,0.000000,0.000000,0.000000,0.000000,0.000000,0.750000,0.000000
5.600000,1.000000,543.000000,0.000000,0.000000,293.000000,1.000000,1.000000,0.000000,1.000855,0.750000,0.750000,1.000000,0.000100000,0.000001113,0.066000,0.000000,0.000000,0.000000,0.000000,0.000000,0.750000,0.000000
5.700000,1.000000,543.000000,0.000000,0.000000,293.000000,1.000000,1.000000,0.000000,1.000862,0.750000,0.750000,1.000000,0.000100000,0.000001113,0.066000,0.000000,0.000000,0.000000,0.000000,0.000000,0.750000,0.000000
5.800000,1.000000,543.000000,0.000000,0.000000,293.000000,1.000000,1.000000,0.000000,1.000854,0.750000,0.750000,1.000000,0.000100000,0.000001113,0.066000,0.000000,0.000000,0.000000,0.000000,0.000000,0.750000,0.000000
5.900000,1.000000,543.000000,0.000000,0.000000,293.000000,1.000000,1.000000,0.000000,1.000855,0.750000,0.750000,1.000000,0.000100000,0.000001113,0.066000,0.000000,0.000000,0.000000,0.000000,0.000000,0.750000,0.000000
6.000000,1.000000,543.000000,0.000000,0.000000,293.000000,1.000000,1.000000,0.000000,1.000860,0.750000,0.750000,1.000000,0.000100000,0.000001113,0.066000,0.000000,0.000000,0.000000,0.000000,0.000000,0.750000,0.000000
6.100000,1.000000,543.000000,0.000000,0.000000,293.000000,1.000000,1.000000,0.000000,1.000854,0.750000,0.750000,1.000000,0.000100000,0.000001113,0.066000,0.000000,0.000000,0.000000,0.000000,0.000000,0.750000,0.000000
6.200000,1.000000,543.000000,0.000000,0.000000,293.000000,1.000000,1.000000,0.000000,1.000855,0.750000,0.750000,1.000000,0.000100000,0.000001113,0.066000,0.000000,0.000000,0.000000,0.000000,0.000000,0.750000,0.000000
6.300000,1.000000,543.000000,0.000000,0.000000,293.000000,1.000000,1.000000,0.000000,1.000854,0.750000,0.750000,1.000000,0.000100000,0.000001113,0.066000,0.000000,0.000000,0.000000,0.000000,0.000000,0.750000,0.000000
6.400000,1.000000,543.000000,0.000000,0.000000,293.000000,1.000000,1.000000,0.000000,1.000855,0.750000,0.750000,1.000000,0.000100000,0.000001113,0.066000,0.000000,0.000000,0.000000,0.000000,0.000000,0.750000,0.000000
6.500000,1.000000,543.000000,0.000000,0.000000,293.000000,1.000000,1.000000,0.000000,1.000867,0.750000,0.750000,1.000000,0.000100000,0.000001113,0.066000,0.000000,0.000000,0.000000,0.000000,0.000000,0.750000,0.000000
6.600000,1.000000,543.000000,0.000000,0.000000,293.000000,1.000000,1.000000,0.000000,1.000855,0.750000,0.750000,1.000000,0.000100000,0.000001113,0.066000,0.000000,0.000000,0.000000,0.000000,0.000000,0.750000,0.000000
6.700000,1.000000,543.000000,0.000000,0.000000,293.000000,1.000000,1.000000,0.000000,1.000855,0.750000,0.750000,1.000000,0.000100000,0.000001113,0.066000,0.000000,0.000000,0.000000,0.000000,0.000000,0.750000,0.000000
6.800000,1.000000,543.000000,0.000000,0.000000,293.000000,1.000000,1.000000,0.000000,1.000856,0.750000,0.750000,1.000000,0.000100000,0.000001113,0.066000,0.000000,0.000000,0.000000,0.000000,0.000000,0.750000,0.000000
6.900000,1.000000,543.000000,0.000000,0.000000,293.000000,1.000000,1.000000,0.000000,1.000855,0.750000,0.750000,1.000000,0.000100000,0.000001113,0.066000,0.000000,0.000000,0.000000,0.000000,0.000000,0.750000,0.000000
7.000000,1.000000,543.000000,0.000000,0.000000,293.000000,1.000000,1.000000,0.000000,1.000860,0.750000,0.750000,1.000000,0.000100000,0.000001113,0.066000,0.000000,0.000000,0.000000,0.000000,0.000000,0.750000,0.000000
7.100000,1.000000,543.000000,0.000000,0.000000,293.000000,1.000000,1.000000,0.000000,1.000855,0.750000,0.750000,1.000000,0.000100000,0.000001113,0.066000,0.000000,0.000000,0.000000,0.000000,0.000000,0.750000,0.000000
7.200000,1.000000,543.000000,0.000000,0.000000,293.000000,1.000000,1.000000,0.000000,1.000855,0.750000,0.750000,1.000000,0.000100000,0.000001113,0.066000,0.000000,0.000000,0.000000,0.000000,0.000000,0.750000,0.000000
7.300000,1.000000,543.000000,0.000000,0.000000,293.000000,1.000000,1.000000,0.000000,1.000862,0.750000,0.750000,1.000000,0.000100000,0.000001113,0.066000,0.000000,0.000000,0.000000,0.000000,0.000000,0.750000,0.000000
7.400000,1.000000,543.000000,0.000000,0.000000,293.000000,1.000000,1.000000,0.000000,1.000855,0.750000,0.750000,1.000000,0.000100000,0.000001113,0.066000,0.000000,0.000000,0.000000,0.000000,0.000000,0.750000,0.000000
7.500000,1.000000,543.000000,0.000000,0.000000,293.000000,1.000000,1.000000,0.000000,1.000860,0.750000,0.750000,1.000000,0.000100000,0.000001113,0.066000,0.000000,0.000000,0.000000,0.000000,0.000000,0.750000,0.000000
7.600000,1.000000,543.000000,0.000000,0.000000,293.000000,1.000000,1.000000,0.000000,1.000855,0.750000,0.750000,1.000000,0.000100000,0.000001113,0.066000,0.000000,0.000000,0.000000,0.000000,0.000000,0.750000,0.000000
7.700000,1.000000,543.000000,0.000000,0.000000,293.000000,1.000000,1.000000,0.000000,1.000855,0.750000,0.750000,1.000000,0.000100000,0.000001113,0.066000,0.000000,0.000000,0.000000,0.000000,0.000000,0.750000,0.000000
7.800000,1.000000,543.000000,0.000000,0.000000,293.000000,1.000000,1.000000,0.000000,1.000854,0.750000,0.750000,1.000000,0.000100000,0.000001113,0.066000,0.000000,0.000000,0.000000,0.000000,0.000000,0.750000,0.000000
7.900000,1.000000,543.000000,0.000000,0.000000,293.000000,1.000000,1.000000,0.000000,1.000855,0.750000,0.750000,1.000000,0.000100000,0.000001113,0.066000,0.000000,0.000000,0.000000,0.000000,0.000000,0.750000,0.000000
8.000000,1.000000,543.000000,0.000000,0.000000,293.000000,1.000000,1.000000,0.000000,1.000859,0.750000,0.750000,1.000000,0.000100000,0.000001113,0.066000,0.000000,0.000000,0.000000,0.000000,0.000000,0.750000,0.000000
8.099999,1.000000,543.000000,0.000000,0.000000,293.000000,1.000000,1.000000,0.000000,1.000858,0.750000,0.750000,1.000000,0.000100000,0.000001113,0.066000,0.000000,0.000000,0.000000,0.000000,0.000000,0.750000,0.000000
8.200000,1.000000,543.000000,0.000000,0.000000,293.000000,1.000000,1.000000,0.000000,1.000860,0.750000,0.750000,1.000000,0.000100000,0.000001113,0.066000,0.000000,0.000000,0.000000,0.000000,0.000000,0.750000,0.000000
8.300000,1.000000,543.000000,0.000000,0.000000,293.000000,1.000000,1.000000,0.000000,1.000859,0.750000,0.750000,1.000000,0.000100000,0.000001113,0.066000,0.000000,0.000000,0.000000,0.000000,0.000000,0.750000,0.000000
8.400000,1.000000,543.000000,0.000000,0.000000,293.000000,1.000000,1.000000,0.000000,1.000850,0.750000,0.750000,1.000000,0.000100000,0.000001113,0.066000,0.000000,0.000000,0.000000,0.000000,0.000000,0.750000,0.000000
8.500000,1.000000,543.000000,0.000000,0.000000,293.000000,1.000000,1.000000,0.000000,1.000860,0.750000,0.750000,1.000000,0.000100000,0.000001113,0.066000,0.000000,0.000000,0.000000,0.000000,0.000000,0.750000,0.000000
8.599999,1.000000,543.000000,0.000000,0.000000,293.000000,1.000000,1.000000,0.000000,1.000850,0.750000,0.750000,1.000000,0.000100000,0.000001113,0.066000,0.000000,0.000000,0.000000,0.000000,0.000000,0.750000,0.000000
8.700000,1.000000,543.000000,0.000000,0.000000,293.000000,1.000000,1.000000,0.000000,1.000860,0.750000,0.750000,1.000000,0.000100000,0.000001113,0.066000,0.000000,0.000000,0.000000,0.000000,0.000000,0.750000,0.000000
8.800000,1.000000,543.000000,0.000000,0.000000,293.000000,1.000000,1.000000,0.000000,1.000859,0.750000,0.750000,1.000000,0.000100000,0.000001113,0.066000,0.000000,0.000000,0.000000,0.000000,0.000000,0.750000,0.000000
8.900000,1.000000,543.000000,0.000000,0.000000,293.000000,1.000000,1.000000,0.000000,1.000858,0.750000,0.750000,1.000000,0.000100000,0.000001113,0.066000,0.000000,0.000000,0.000000,0.000000,0.000000,0.750000,0.000000
9.000000,1.000000,543.000000,0.000000,0.000000,293.000000,1.000000,1.000000,0.000000,1.000860,0.750000,0.750000,1.000000,0.000100000,0.000001113,0.066000,0.000000,0.000000,0.000000,0.000000,0.000000,0.750000,0.000000
9.099999,1.000000,543.000000,0.000000,0.000000,293.000000,1.000000,1.000000,0.000000,1.000850,0.750000,0.750000,1.000000,0.000100000,0.000001113,0.066000,0.000000,0.000000,0.000000,0.000000,0.000000,0.750000,0.000000
9.200000,1.000000,543.000000,0.000000,0.000000,293.000000,1.000000,1.000000,0.000000,1.000860,0.750000,0.750000,1.000000,0.000100000,0.000001113,0.066000,0.000000,0.000000,0.000000,0.000000,0.000000,0.750000,0.000000
9.300000,1.000000,543.000000,0.000000,0.000000,293.000000,1.000000,1.000000,0.000000,1.000860,0.750000,0.750000,1.000000,0.000100000,0.000001113,0.066000,0.000000,0.000000,0.000000,0.000000,0.000000,0.750000,0.000000
9.400000,1.000000,543.000000,0.000000,0.000000,293.000000,1.000000,1.000000,0.000000,1.000850,0.750000,0.750000,1.000000,0.000100000,0.000001113,0.066000,0.000000,0.000000,0.000000,0.000000,0.000000,0.750000,0.000000
9.500000,1.000000,543.000000,0.000000,0.000000,293.000000,1.000000,1.000000,0.000000,1.000860,0.750000,0.750000,1.000000,0.000100000,0.000001113,0.066000,0.000000,0.000000,0.000000,0.000000,0.000000,0.750000,0.000000
9.599999,1.000000,543.000000,0.000000,0.000000,293.000000,1.000000,1.000000,0.000000,1.000850,0.750000,0.750000,1.000000,0.000100000,0.000001113,0.066000,0.000000,0.000000,0.000000,0.000000,0.000000,0.750000,0.000000
9.700000,1.000000,543.000000,0.000000,0.000000,293.000000,1.000000,1.000000,0.000000,1.000867,0.750000,0.750000,1.000000,0.000100000,0.000001113,0.066000,0.000000,0.000000,0.000000,0.000000,0.000000,0.750000,0.000000
9.800000,1.000000,543.000000,0.000000,0.000000,293.000000,1.000000,1.000000,0.000000,1.000859,0.750000,0.750000,1.000000,0.000100000,0.000001113,0.066000,0.000000,0.000000,0.000000,0.000000,0.000000,0.750000,0.000000
9.900000,1.000000,543.000000,0.000000,0.000000,293.000000,1.000000,1.000000,0.000000,1.000850,0.750000,0.750000,1.000000,0.000100000,0.000001113,0.066000,0.000000,0.000000,0.000000,0.000000,0.000000,0.750000,0.000000
10.000000,1.000000,543.000000,0.000000,0.000000,293.000000,1.000000,1.000000,0.000000,1.000860,0.750000,0.750000,1.000000,0.000100000,0.000001113,0.066000,0.000000,0.000000,0.000000,0.000000,0.000000,0.750000,0.000000
10.099999,1.000000,543.000000,0.000000,0.000000,293.000000,1.000000,1.000000,0.000000,1.000852,0.750000,0.750000,1.000000,0.000100000,0.000001113,0.066000,0.000000,0.000000,0.000000,0.000000,0.000000,0.750000,0.000000
10.200000,1.000000,543.000000,0.000000,0.000000,293.000000,1.000000,1.000000,0.000000,1.000859,0.750000,0.750000,1.000000,0.000100000,0.000001113,0.066000,0.000000,0.000000,0.000000,0.000000,0.000000,0.750000,0.000000
10.300000,1.000000,543.000000,0.000000,0.000000,293.000000,1.000000,1.000000,0.000000,1.000860,0.750000,0.750000,1.000000,0.000100000,0.000001113,0.066000,0.000000,0.000000,0.000000,0.000000,0.000000,0.750000,0.000000
10.400000,1.000000,543.000000,0.000000,0.000000,293.000000,1.000000,1.000000,0.000000,1.000851,0.750000,0.750000,1.000000,0.000100000,0.000001113,0.066000,0.000000,0.000000,0.000000,0.000000,0.000000,0.750000,0.000000
10.500000,1.000000,543.000000,0.000000,0.000000,293.000000,1.000000,1.000000,0.000000,1.000857,0.750000,0.750000,1.000000,0.000100000,0.000001113,0.066000,0.000000,0.000000,0.000000,0.000000,0.000000,0.750000,0.000000
10.599999,1.000000,543.000000,0.000000,0.000000,293.000000,1.000000,1.000000,0.000000,1.000850,0.750000,0.750000,1.000000,0.000100000,0.000001113,0.066000,0.000000,0.000000,0.000000,0.000000,0.000000,0.750000,0.000000
10.700000,1.000000,543.000000,0.000000,0.000000,293.000000,1.000000,1.000000,0.000000,1.000860,0.750000,0.750000,1.000000,0.000100000,0.000001113,0.066000,0.000000,0.000000,0.000000,0.000000,0.000000,0.750000,0.000000
10.800000,1.000000,543.000000,0.000000,0.000000,293.000000,1.000000,1.000000,0.000000,1.000860,0.750000,0.750000,1.000000,0.000100000,0.000001113,0.066000,0.000000,0.000000,0.000000,0.000000,0.000000,0.750000,0.000000
10.900000,1.000000,543.000000,0.000000,0.000000,293.000000,1.000000,1.000000,0.000000,1.000850,0.750000,0.750000,1.000000,0.000100000,0.000001113,0.066000,0.000000,0.000000,0.000000,0.000000,0.000000,0.750000,0.000000
11.000000,1.000000,543.000000,0.000000,0.000000,293.000000,1.000000,1.000000,0.000000,1.000860,0.750000,0.750000,1.000000,0.000100000,0.000001113,0.066000,0.000000,0.000000,0.000000,0.000000,0.000000,0.750000,0.000000
11.099999,1.000000,543.000000,0.000000,0.000000,293.000000,1.000000,1.000000,0.000000,1.000850,0.750000,0.750000,1.000000,0.000100000,0.000001113,0.066000,0.000000,0.000000,0.000000,0.000000,0.000000,0.750000,0.000000
11.200000,1.000000,543.000000,0.000000,0.000000,293.000000,1.000000,1.000000,0.000000,1.000861,0.750000,0.750000,1.000000,0.000100000,0.000001113,0.066000,0.000000,0.000000,0.000000,0.000000,0.000000,0.750000,0.000000
11.300000,1.000000,543.000000,0.000000,0.000000,293.000000,1.000000,1.000000,0.000000,1.000859,0.750000,0.750000,1.000000,0.000100000,0.000001113,0.066000,0.000000,0.000000,0.000000,0.000000,0.000000,0.750000,0.000000
11.400000,1.000000,543.000000,0.000000,0.000000,293.000000,1.000000,1.000000,0.000000,1.000848,0.750000,0.750000,1.000000,0.000100000,0.000001113,0.066000,0.000000,0.000000,0.000000,0.000000,0.000000,0.750000,0.000000
11.500000,1.000000,543.000000,0.000000,0.000000,293.000000,1.000000,1.000000,0.000000,1.000860,0.750000,0.750000,1.000000,0.000100000,0.000001113,0.066000,0.000000,0.000000,0.000000,0.000000,0.000000,0.750000,0.000000
11.599999,1.000000,543.000000,0.000000,0.000000,293.000000,1.000000,1.000000,0.000000,1.000849,0.750000,0.750000,1.000000,0.000100000,0.000001113,0.066000,0.000000,0.000000,0.000000,0.000000,0.000000,0.750000,0.000000
11.700000,1.000000,543.000000,0.000000,0.000000,293.000000,1.000000,1.000000,0.000000,1.000860,0.750000,0.750000,1.000000,0.000100000,0.000001113,0.066000,0.000000,0.000000,0.000000,0.000000,0.000000,0.750000,0.000000
11.799999,1.000000,543.000000,0.000000,0.000000,293.000000,1.000000,1.000000,0.000000,1.000850,0.750000,0.750000,1.000000,0.000100000,0.000001113,0.066000,0.000000,0.000000,0.000000,0.000000,0.000000,0.750000,0.000000
11.900000,1.000000,543.000000,0.000000,0.000000,293.000000,1.000000,1.000000,0.000000,1.000860,0.750000,0.750000,1.000000,0.000100000,0.000001113,0.066000,0.000000,0.000000,0.000000,0.000000,0.000000,0.750000,0.000000
12.000000,1.000000,543.000000,0.000000,0.000000,293.000000,1.000000,1.000000,0.000000,1.000859,0.750000,0.750000,1.000000,0.000100000,0.000001113,0.066000,0.000000,0.000000,0.000000,0.000000,0.000000,0.750000,0.000000
12.099999,1.000000,543.000000,0.000000,0.000000,293.000000,1.000000,1.000000,0.000000,1.000851,0.750000,0.750000,1.000000,0.000100000,0.000001113,0.066000,0.000000,0.000000,0.000000,0.000000,0.000000,0.750000,0.000000
12.200000,1.000000,543.000000,0.000000,0.000000,293.000000,1.000000,1.000000,0.000000,1.000859,0.750000,0.750000,1.000000,0.000100000,0.000001113,0.066000,0.000000,0.000000,0.000000,0.000000,0.000000,0.750000,0.000000
12.299999,1.000000,543.000000,0.000000,0.000000,293.000000,1.000000,1.000000,0.000000,1.000848,0.750000,0.750000,1.000000,0.000100000,0.000001113,0.066000,0.000000,0.000000,0.000000,0.000000,0.000000,0.750000,0.000000
12.400000,1.000000,543.000000,0.000000,0.000000,293.000000,1.000000,1.000000,0.000000,1.000860,0.750000,0.750000,1.000000,0.000100000,0.000001113,0.066000,0.000000,0.000000,0.000000,0.000000,0.000000,0.750000,0.000000
12.500000,1.000000,543.000000,0.000000,0.000000,293.000000,1.000000,1.000000,0.000000,1.000859,0.750000,0.750000,1.000000,0.000100000,0.000001113,0.066000,0.000000,0.000000,0.000000,0.000000,0.000000,0.750000,0.000000
12.599999,1.000000,543.000000,0.000000,0.000000,293.000000,1.000000,1.000000,0.000000,1.000851,0.750000,0.750000,1.000000,0.000100000,0.000001113,0.066000,0.000000,0.000000,0.000000,0.000000,0.000000,0.750000,0.000000
12.700000,1.000000,543.000000,0.000000,0.000000,293.000000,1.000000,1.000000,0.000000,1.000859,0.750000,0.750000,1.000000,0.000100000,0.000001113,0.066000,0.000000,0.000000,0.000000,0.000000,0.000000,0.750000,0.000000
12.799999,1.000000,543.000000,0.000000,0.000000,293.000000,1.000000,1.000000,0.000000,1.000851,0.750000,0.750000,1.000000,0.000100000,0.000001113,0.066000,0.000000,0.000000,0.000000,0.000000,0.000000,0.750000,0.000000
12.900000,1.000000,543.000000,0.000000,0.000000,293.000000,1.000000,1.000000,0.000000,1.000859,0.750000,0.750000,1.000000,0.000100000,0.000001113,0.066000,0.000000,0.000000,0.000000,0.000000,0.000000,0.750000,0.000000
13.000000,1.000000,543.000000,0.000000,0.000000,293.000000,1.000000,1.000000,0.000000,1.000861,0.750000,0.750000,1.000000,0.000100000,0.000001113,0.066000,0.000000,0.000000,0.000000,0.000000,0.000000,0.750000,0.000000
13.099999,1.000000,543.000000,0.000000,0.000000,293.000000,1.000000,1.000000,0.000000,1.000850,0.750000,0.750000,1.000000,0.000100000,0.000001113,0.066000,0.000000,0.000000,0.000000,0.000000,0.000000,0.750000,0.000000
13.200000,1.000000,543.000000,0.000000,0.000000,293.000000,1.000000,1.000000,0.000000,1.000866,0.750000,0.750000,1.000000,0.000100000,0.000001113,0.066000,0.000000,0.000000,0.000000,0.000000,0.000000,0.750000,0.000000
13.299999,1.000000,543.000000,0.000000,0.000000,293.000000,1.000000,1.000000,0.000000,1.000850,0.750000,0.750000,1.000000,0.000100000,0.000001113,0.066000,0.000000,0.000000,0.000000,0.000000,0.000000,0.750000,0.000000
13.400000,1.000000,543.000000,0.000000,0.000000,293.000000,1.000000,1.000000,0.000000,1.000860,0.750000,0.750000,1.000000,0.000100000,0.000001113,0.066000,0.000000,0.000000,0.000000,0.000000,0.000000,0.750000,0.000000
13.500000,1.000000,543.000000,0.000000,0.000000,293.000000,1.000000,1.000000,0.000000,1.000860,0.750000,0.750000,1.000000,0.000100000,0.000001113,0.066000,0.000000,0.000000,0.000000,0.000000,0.000000,0.750000,0.000000
13.599999,1.000000,543.000000,0.000000,0.000000,293.000000,1.000000,1.000000,0.000000,1.000850,0.750000,0.750000,1.000000,0.000100000,0.000001113,0.066000,0.000000,0.000000,0.000000,0.000000,0.000000,0.750000,0.000000
13.700000,1.000000,543.000000,0.000000,0.000000,293.000000,1.000000,1.000000,0.000000,1.000860,0.750000,0.750000,1.000000,0.000100000,0.000001113,0.066000,0.000000,0.000000,0.000000,0.000000,0.000000,0.750000,0.000000
13.799999,1.000000,543.000000,0.000000,0.000000,293.000000,1.000000,1.000000,0.000000,1.000850,0.750000,0.750000,1.000000,0.000100000,0.000001113,0.066000,0.000000,0.000000,0.000000,0.000000,0.000000,0.750000,0.000000
13.900000,1.000000,543.000000,0.000000,0.000000,293.000000,1.000000,1.000000,0.000000,1.000859,0.750000,0.750000,1.000000,0.000100000,0.000001113,0.066000,0.000000,0.000000,0.000000,0.000000,0.000000,0.750000,0.000000
14.000000,1.000000,543.000000,0.000000,0.000000,293.000000,1.000000,1.000000,0.000000,1.000867,0.750000,0.750000,1.000000,0.000100000,0.000001113,0.066000,0.000000,0.000000,0.000000,0.000000,0.000000,0.750000,0.000000
14.099999,1.000000,543.000000,0.000000,0.000000,293.000000,1.000000,1.000000,0.000000,1.000851,0.750000,0.750000,1.000000,0.000100000,0.000001113,0.066000,0.000000,0.000000,0.000000,0.000000,0.000000,0.750000,0.000000
14.200000,1.000000,543.000000,0.000000,0.000000,293.000000,1.000000,1.000000,0.000000,1.000859,0.750000,0.750000,1.000000,0.000100000,0.000001113,0.066000,0.000000,0.000000,0.000000,0.000000,0.000000,0.750000,0.000000
14.299999,1.000000,543.000000,0.000000,0.000000,293.000000,1.000000,1.000000,0.000000,1.000851,0.750000,0.750000,1.000000,0.000100000,0.000001113,0.066000,0.000000,0.000000,0.000000,0.000000,0.000000,0.750000,0.000000
14.400000,1.000000,543.000000,0.000000,0.000000,293.000000,1.000000,1.000000,0.000000,1.000860,0.750000,0.750000,1.000000,0.000100000,0.000001113,0.066000,0.000000,0.000000,0.000000,0.000000,0.000000,0.750000,0.000000
14.500000,1.000000,543.000000,0.000000,0.000000,293.000000,1.000000,1.000000,0.000000,1.000860,0.750000,0.750000,1.000000,0.000100000,0.000001113,0.066000,0.000000,0.000000,0.000000,0.000000,0.000000,0.750000,0.000000
14.599999,1.000000,543.000000,0.000000,0.000000,293.000000,1.000000,1.000000,0.000000,1.000850,0.750000,0.750000,1.000000,0.000100000,0.000001113,0.066000,0.000000,0.000000,0.000000,0.000000,0.000000,0.750000,0.000000
14.700000,1.000000,543.000000,0.000000,0.000000,293.000000,1.000000,1.000000,0.000000,1.000860,0.750000,0.750000,1.000000,0.000100000,0.000001113,0.066000,0.000000,0.000000,0.000000,0.000000,0.000000,0.750000,0.000000
14.799999,1.000000,543.000000,0.000000,0.000000,293.000000,1.000000,1.000000,0.000000,1.000857,0.750000,0.750000,1.000000,0.000100000,0.000001113,0.066000,0.000000,0.000000,0.000000,0.000000,0.000000,0.750000,0.000000
14.900000,1.000000,543.000000,0.000000,0.000000,293.000000,1.000000,1.000000,0.000000,1.000859,0.750000,0.750000,1.000000,0.000100000,0.000001113,0.066000,0.000000,0.000000,0.000000,0.000000,0.000000,0.750000,0.000000
15.000000,1.000000,543.000000,0.000000,0.000000,293.000000,1.000000,1.000000,0.000000,1.000860,0.750000,0.750000,1.000000,0.000100000,0.000001113,0.066000,0.000000,0.000000,0.000000,0.000000,0.000000,0.750000,0.000000
15.099999,1.000000,543.000000,0.000000,0.000000,293.000000,1.000000,1.000000,0.000000,1.000850,0.750000,0.750000,1.000000,0.000100000,0.000001113,0.066000,0.000000,0.000000,0.000000,0.000000,0.000000,0.750000,0.000000
15.200000,1.000000,543.000000,0.000000,0.000000,293.000000,1.000000,1.000000,0.000000,1.000860,0.750000,0.750000,1.000000,0.000100000,0.000001113,0.066000,0.000000,0.000000,0.000000,0.000000,0.000000,0.750000,0.000000
15.299999,1.000000,543.000000,0.000000,0.000000,293.000000,1.000000,1.000000,0.000000,1.000850,0.750000,0.750000,1.000000,0.000100000,0.000001113,0.066000,0.000000,0.000000,0.000000,0.000000,0.000000,0.750000,0.000000
15.400000,1.000000,543.000000,0.000000,0.000000,293.000000,1.000000,1.000000,0.000000,1.000859,0.750000,0.750000,1.000000,0.000100000,0.000001113,0.066000,0.000000,0.000000,0.000000,0.000000,0.000000,0.750000,0.000000
15.500000,1.000000,543.000000,0.000000,0.000000,293.000000,1.000000,1.000000,0.000000,1.000860,0.750000,0.750000,1.000000,0.000100000,0.000001113,0.066000,0.000000,0.000000,0.000000,0.000000,0.000000,0.750000,0.000000
15.599999,1.000000,543.000000,0.000000,0.000000,293.000000,1.000000,1.000000,0.000000,1.000848,0.750000,0.750000,1.000000,0.000100000,0.000001113,0.066000,0.000000,0.000000,0.000000,0.000000,0.000000,0.750000,0.000000
15.700000,1.000000,543.000000,0.000000,0.000000,293.000000,1.000000,1.000000,0.000000,1.000859,0.750000,0.750000,1.000000,0.000100000,0.000001113,0.066000,0.000000,0.000000,0.000000,0.000000,0.000000,0.750000,0.000000
15.799999,1.000000,543.000000,0.000000,0.000000,293.000000,1.000000,1.000000,0.000000,1.000850,0.750000,0.750000,1.000000,0.000100000,0.000001113,0.066000,0.000000,0.000000,0.000000,0.000000,0.000000,0.750000,0.000000
15.900000,1.000000,543.000000,0.000000,0.000000,293.000000,1.000000,1.000000,0.000000,1.000860,0.750000,0.750000,1.000000,0.000100000,0.000001113,0.066000,0.000000,0.000000,0.000000,0.000000,0.000000,0.750000,0.000000
16.000000,1.000000,543.000000,0.000000,0.000000,293.000000,1.000000,1.000000,0.000000,1.000860,0.750000,0.750000,1.000000,0.000100000,0.000001113,0.066000,0.000000,0.000000,0.000000,0.000000,0.000000,0.750000,0.000000
16.100000,1.000000,543.000000,0.000000,0.000000,293.000000,1.000000,1.000000,0.000000,1.000860,0.750000,0.750000,1.000000,0.000100000,0.000001113,0.066000,0.000000,0.000000,0.000000,0.000000,0.000000,0.750000,0.000000
16.199999,1.000000,543.000000,0.000000,0.000000,293.000000,1.000000,1.000000,0.000000,1.000840,0.750000,0.750000,1.000000,0.000100000,0.000001113,0.066000,0.000000,0.000000,0.000000,0.000000,0.000000,0.750000,0.000000
16.299999,1.000000,543.000000,0.000000,0.000000,293.000000,1.000000,1.000000,0.000000,1.000861,0.750000,0.750000,1.000000,0.000100000,0.000001113,0.066000,0.000000,0.000000,0.000000,0.000000,0.000000,0.750000,0.000000
16.400000,1.000000,543.000000,0.000000,0.000000,293.000000,1.000000,1.000000,0.000000,1.000859,0.750000,0.750000,1.000000,0.000100000,0.000001113,0.066000,0.000000,0.000000,0.000000,0.000000,0.000000,0.750000,0.000000
16.500000,1.000000,543.000000,0.000000,0.000000,293.000000,1.000000,1.000000,0.000000,1.000867,0.750000,0.750000,1.000000,0.000100000,0.000001113,0.066000,0.000000,0.000000,0.000000,0.000000,0.000000,0.750000,0.000000
16.600000,1.000000,543.000000,0.000000,0.000000,293.000000,1.000000,1.000000,0.000000,1.000860,0.750000,0.750000,1.000000,0.000100000,0.000001113,0.066000,0.000000,0.000000,0.000000,0.000000,0.000000,0.750000,0.000000
16.699999,1.000000,543.000000,0.000000,0.000000,293.000000,1.000000,1.000000,0.000000,1.000841,0.750000,0.750000,1.000000,0.000100000,0.000001113,0.066000,0.000000,0.000000,0.000000,0.000000,0.000000,0.750000,0.000000
16.799999,1.000000,543.000000,0.000000,0.000000,293.000000,1.000000,1.000000,0.000000,1.000859,0.750000,0.750000,1.000000,0.000100000,0.000001113,0.066000,0.000000,0.000000,0.000000,0.000000,0.000000,0.750000,0.000000
16.900000,1.000000,543.000000,0.000000,0.000000,293.000000,1.000000,1.000000,0.000000,1.000860,0.750000,0.750000,1.000000,0.000100000,0.000001113,0.066000,0.000000,0.000000,0.000000,0.000000,0.000000,0.750000,0.000000
17.000000,1.000000,543.000000,0.000000,0.000000,293.000000,1.000000,1.000000,0.000000,1.000860,0.750000,0.750000,1.000000,0.000100000,0.000001113,0.066000,0.000000,0.000000,0.000000,0.000000,0.000000,0.750000,0.000000
17.100000,1.000000,543.000000,0.000000,0.000000,293.000000,1.000000,1.000000,0.000000,1.000860,0.750000,0.750000,1.000000,0.000100000,0.000001113,0.066000,0.000000,0.000000,0.000000,0.000000,0.000000,0.750000,0.000000
17.199999,1.000000,543.000000,0.000000,0.000000,293.000000,1.000000,1.000000,0.000000,1.000841,0.750000,0.750000,1.000000,0.000100000,0.000001113,0.066000,0.000000,0.000000,0.000000,0.000000,0.000000,0.750000,0.000000
17.299999,1.000000,543.000000,0.000000,0.000000,293.000000,1.000000,1.000000,0.000000,1.000866,0.750000,0.750000,1.000000,0.000100000,0.000001113,0.066000,0.000000,0.000000,0.000000,0.000000,0.000000,0.750000,0.000000
17.400000,1.000000,543.000000,0.000000,0.000000,293.000000,1.000000,1.000000,0.000000,1.000859,0.750000,0.750000,1.000000,0.000100000,0.000001113,0.066000,0.000000,0.000000,0.000000,0.000000,0.000000,0.750000,0.000000
17.500000,1.000000,543.000000,0.000000,0.000000,293.000000,1.000000,1.000000,0.000000,1.000860,0.750000,0.750000,1.000000,0.000100000,0.000001113,0.066000,0.000000,0.000000,0.000000,0.000000,0.000000,0.750000,0.000000
17.600000,1.000000,543.000000,0.000000,0.000000,293.000000,1.000000,1.000000,0.000000,1.000860,0.750000,0.750000,1.000000,0.000100000,0.000001113,0.066000,0.000000,0.000000,0.000000,0.000000,0.000000,0.750000,0.000000
17.699999,1.000000,543.000000,0.000000,0.000000,293.000000,1.000000,1.000000,0.000000,1.000841,0.750000,0.750000,1.000000,0.000100000,0.000001113,0.066000,0.000000,0.000000,0.000000,0.000000,0.000000,0.750000,0.000000
17.799999,1.000000,543.000000,0.000000,0.000000,293.000000,1.000000,1.000000,0.000000,1.000859,0.750000,0.750000,1.000000,0.000100000,0.000001113,0.066000,0.000000,0.000000,0.000000,0.000000,0.000000,0.750000,0.000000
17.900000,1.000000,543.000000,0.000000,0.000000,293.000000,1.000000,1.000000,0.000000,1.000860,0.750000,0.750000,1.000000,0.000100000,0.000001113,0.066000,0.000000,0.000000,0.000000,0.000000,0.000000,0.750000,0.000000
18.000000,1.000000,543.000000,0.000000,0.000000,293.000000,1.000000,1.000000,0.000000,1.000860,0.750000,0.750000,1.000000,0.000100000,0.000001113,0.066000,0.000000,0.000000,0.000000,0.000000,0.000000,0.750000,0.000000
18.100000,1.000000,543.000000,0.000000,0.000000,293.000000,1.000000,1.000000,0.000000,1.000857,0.750000,0.750000,1.000000,0.000100000,0.000001113,0.066000,0.000000,0.000000,0.000000,0.000000,0.000000,0.750000,0.000000
18.199999,1.000000,543.000000,0.000000,0.000000,293.000000,1.000000,1.000000,0.000000,1.000840,0.750000,0.750000,1.000000,0.000100000,0.000001113,0.066000,0.000000,0.000000,0.000000,0.000000,0.000000,0.750000,0.000000
18.299999,1.000000,543.000000,0.000000,0.000000,293.000000,1.000000,1.000000,0.000000,1.000860,0.750000,0.750000,1.000000,0.000100000,0.000001113,0.066000,0.000000,0.000000,0.000000,0.000000,0.000000,0.750000,0.000000
18.400000,1.000000,543.000000,0.000000,0.000000,293.000000,1.000000,1.000000,0.000000,1.000860,0.750000,0.750000,1.000000,0.000100000,0.000001113,0.066000,0.000000,0.000000,0.000000,0.000000,0.000000,0.750000,0.000000
18.500000,1.000000,543.000000,0.000000,0.000000,293.000000,1.000000,1.000000,0.000000,1.000860,0.750000,0.750000,1.000000,0.000100000,0.000001113,0.066000,0.000000,0.000000,0.000000,0.000000,0.000000,0.750000,0.000000
18.600000,1.000000,543.000000,0.000000,0.000000,293.000000,1.000000,1.000000,0.000000,1.000860,0.750000,0.750000,1.000000,0.000100000,0.000001113,0.066000,0.000000,0.000000,0.000000,0.000000,0.000000,0.750000,0.000000
18.699999,1.000000,543.000000,0.000000,0.000000,293.000000,1.000000,1.000000,0.000000,1.000840,0.750000,0.750000,1.000000,0.000100000,0.000001113,0.066000,0.000000,0.000000,0.000000,0.000000,0.000000,0.750000,0.000000
18.799999,1.000000,543.000000,0.000000,0.000000,293.000000,1.000000,1.000000,0.000000,1.000859,0.750000,0.750000,1.000000,0.000100000,0.000001113,0.066000,0.000000,0.000000,0.000000,0.000000,0.000000,0.750000,0.000000
18.900000,1.000000,543.000000,0.000000,0.000000,293.000000,1.000000,1.000000,0.000000,1.000859,0.750000,0.750000,1.000000,0.000100000,0.000001113,0.066000,0.000000,0.000000,0.000000,0.000000,0.000000,0.750000,0.000000
19.000000,1.000000,543.000000,0.000000,0.000000,293.000000,1.000000,1.000000,0.000000,1.000858,0.750000,0.750000,1.000000,0.000100000,0.000001113,0.066000,0.000000,0.000000,0.000000,0.000000,0.000000,0.750000,0.000000
19.100000,1.000000,543.000000,0.000000,0.000000,293.000000,1.000000,1.000000,0.000000,1.000859,0.750000,0.750000,1.000000,0.000100000,0.000001113,0.066000,0.000000,0.000000,0.000000,0.000000,0.000000,0.750000,0.000000
19.199999,1.000000,543.000000,0.000000,0.000000,293.000000,1.000000,1.000000,0.000000,1.000841,0.750000,0.750000,1.000000,0.000100000,0.000001113,0.066000,0.000000,0.000000,0.000000,0.000000,0.000000,0.750000,0.000000
19.299999,1.000000,543.000000,0.000000,0.000000,293.000000,1.000000,1.000000,0.000000,1.000859,0.750000,0.750000,1.000000,0.000100000,0.000001113,0.066000,0.000000,0.000000,0.000000,0.000000,0.000000,0.750000,0.000000
19.400000,1.000000,543.000000,0.000000,0.000000,293.000000,1.000000,1.000000,0.000000,1.000859,0.750000,0.750000,1.000000,0.000100000,0.000001113,0.066000,0.000000,0.000000,0.000000,0.000000,0.000000,0.750000,0.000000
19.500000,1.000000,543.000000,0.000000,0.000000,293.000000,1.000000,1.000000,0.000000,1.000860,0.750000,0.750000,1.000000,0.000100000,0.000001113,0.066000,0.000000,0.000000,0.000000,0.000000,0.000000,0.750000,0.000000
19.600000,1.000000,543.000000,0.000000,0.000000,293.000000,1.000000,1.000000,0.000000,1.000859,0.750000,0.750000,1.000000,0.000100000,0.000001113,0.066000,0.000000,0.000000,0.000000,0.000000,0.000000,0.750000,0.000000
19.699999,1.000000,543.000000,0.000000,0.000000,293.000000,1.000000,1.000000,0.000000,1.000841,0.750000,0.750000,1.000000,0.000100000,0.000001113,0.066000,0.000000,0.000000,0.000000,0.000000,0.000000,0.750000,0.000000
19.799999,1.000000,543.000000,0.000000,0.000000,293.000000,1.000000,1.000000,0.000000,1.000860,0.750000,0.750000,1.000000,0.000100000,0.000001113,0.066000,0.000000,0.000000,0.000000,0.000000,0.000000,0.750000,0.000000
19.900000,1.000000,543.000000,0.000000,0.000000,293.000000,1.000000,1.000000,0.000000,1.000857,0.750000,0.750000,1.000000,0.000100000,0.000001113,0.066000,0.000000,0.000000,0.000000,0.000000,0.000000,0.750000,0.000000
20.000000,1.000000,543.000000,0.000000,0.000000,293.000000,1.000000,1.000000,0.000000,1.000860,0.750000,0.750000,1.000000,0.000100000,0.000001113,0.066000,0.000000,0.000000,0.000000,0.000000,0.000000,0.750000,0.000000
20.100000,1.000000,543.000000,0.000000,0.000000,293.000000,1.000000,1.000000,0.000000,1.000859,0.750000,0.750000,1.000000,0.000100000,0.000001113,0.066000,0.000000,0.000000,0.000000,0.000000,0.000000,0.750000,0.000000
20.199999,1.000000,543.000000,0.000000,0.000000,293.000000,1.000000,1.000000,0.000000,1.000840,0.750000,0.750000,1.000000,0.000100000,0.000001113,0.066000,0.000000,0.000000,0.000000,0.000000,0.000000,0.750000,0.000000
20.299999,1.000000,543.000000,0.000000,0.000000,293.000000,1.000000,1.000000,0.000000,1.000861,0.750000,0.750000,1.000000,0.000100000,0.000001113,0.066000,0.000000,0.000000,0.000000,0.000000,0.000000,0.750000,0.000000
20.400000,1.000000,543.000000,0.000000,0.000000,293.000000,1.000000,1.000000,0.000000,1.000860,0.750000,0.750000,1.000000,0.000100000,0.000001113,0.066000,0.000000,0.000000,0.000000,0.000000,0.000000,0.750000,0.000000
20.500000,1.000000,543.000000,0.000000,0.000000,293.000000,1.000000,1.000000,0.000000,1.000860,0.750000,0.750000,1.000000,0.000100000,0.000001113,0.066000,0.000000,0.000000,0.000000,0.000000,0.000000,0.750000,0.000000
20.600000,1.000000,543.000000,0.000000,0.000000,293.000000,1.000000,1.000000,0.000000,1.000860,0.750000,0.750000,1.000000,0.000100000,0.000001113,0.066000,0.000000,0.000000,0.000000,0.000000,0.000000,0.750000,0.000000
20.699999,1.000000,543.000000,0.000000,0.000000,293.000000,1.000000,1.000000,0.000000,1.000840,0.750000,0.750000,1.000000,0.000100000,0.000001113,0.066000,0.000000,0.000000,0.000000,0.000000,0.000000,0.750000,0.000000
20.799999,1.000000,543.000000,0.000000,0.000000,293.000000,1.000000,1.000000,0.000000,1.000857,0.750000,0.750000,1.000000,0.000100000,0.000001113,0.066000,0.000000,0.000000,0.000000,0.000000,0.000000,0.750000,0.000000
20.900000,1.000000,543.000000,0.000000,0.000000,293.000000,1.000000,1.000000,0.000000,1.000859,0.750000,0.750000,1.000000,0.000100000,0.000001113,0.066000,0.000000,0.000000,0.000000,0.000000,0.000000,0.750000,0.000000
21.000000,1.000000,543.000000,0.000000,0.000000,293.000000,1.000000,1.000000,0.000000,1.000860,0.750000,0.750000,1.000000,0.000100000,0.000001113,0.066000,0.000000,0.000000,0.000000,0.000000,0.000000,0.750000,0.000000
21.100000,1.000000,543.000000,0.000000,0.000000,293.000000,1.000000,1.000000,0.000000,1.000859,0.750000,0.750000,1.000000,0.000100000,0.000001113,0.066000,0.000000,0.000000,0.000000,0.000000,0.000000,0.750000,0.000000
21.199999,1.000000,543.000000,0.000000,0.000000,293.000000,1.000000,1.000000,0.000000,1.000841,0.750000,0.750000,1.000000,0.000100000,0.000001113,0.066000,0.000000,0.000000,0.000000,0.000000,0.000000,0.750000,0.000000
21.299999,1.000000,543.000000,0.000000,0.000000,293.000000,1.000000,1.000000,0.000000,1.000860,0.750000,0.750000,1.000000,0.000100000,0.000001113,0.066000,0.000000,0.000000,0.000000,0.000000,0.000000,0.750000,0.000000
21.400000,1.000000,543.000000,0.000000,0.000000,293.000000,1.000000,1.000000,0.000000,1.000859,0.750000,0.750000,1.000000,0.000100000,0.000001113,0.066000,0.000000,0.000000,0.000000,0.000000,0.000000,0.750000,0.000000
21.500000,1.000000,543.000000,0.000000,0.000000,293.000000,1.000000,1.000000,0.000000,1.000861,0.750000,0.750000,1.000000,0.000100000,0.000001113,0.066000,0.000000,0.000000,0.000000,0.000000,0.000000,0.750000,0.000000
21.600000,1.000000,543.000000,0.000000,0.000000,293.000000,1.000000,1.000000,0.000000,1.000860,0.750000,0.750000,1.000000,0.000100000,0.000001113,0.066000,0.000000,0.000000,0.000000,0.000000,0.000000,0.750000,0.000000
21.699999,1.000000,543.000000,0.000000,0.000000,293.000000,1.000000,1.000000,0.000000,1.000847,0.750000,0.750000,1.000000,0.000100000,0.000001113,0.066000,0.000000,0.000000,0.000000,0.000000,0.000000,0.750000,0.000000
21.799999,1.000000,543.000000,0.000000,0.000000,293.000000,1.000000,1.000000,0.000000,1.000860,0.750000,0.750000,1.000000,0.000100000,0.000001113,0.066000,0.000000,0.000000,0.000000,0.000000,0.000000,0.750000,0.000000
21.900000,1.000000,543.000000,0.000000,0.000000,293.000000,1.000000,1.000000,0.000000,1.000859,0.750000,0.750000,1.000000,0.000100000,0.000001113,0.066000,0.000000,0.000000,0.000000,0.000000,0.000000,0.750000,0.000000
22.000000,1.000000,543.000000,0.000000,0.000000,293.000000,1.000000,1.000000,0.000000,1.000861,0.750000,0.750000,1.000000,0.000100000,0.000001113,0.066000,0.000000,0.000000,0.000000,0.000000,0.000000,0.750000,0.000000
22.100000,1.000000,543.000000,0.000000,0.000000,293.000000,1.000000,1.000000,0.000000,1.000859,0.750000,0.750000,1.000000,0.000100000,0.000001113,0.066000,0.000000,0.000000,0.000000,0.000000,0.000000,0.750000,0.000000
22.199999,1.000000,543.000000,0.000000,0.000000,293.000000,1.000000,1.000000,0.000000,1.000841,0.750000,0.750000,1.000000,0.000100000,0.000001113,0.066000,0.000000,0.000000,0.000000,0.000000,0.000000,0.750000,0.000000
22.299999,1.000000,543.000000,0.000000,0.000000,293.000000,1.000000,1.000000,0.000000,1.000861,0.750000,0.750000,1.000000,0.000100000,0.000001113,0.066000,0.000000,0.000000,0.000000,0.000000,0.000000,0.750000,0.000000
22.400000,1.000000,543.000000,0.000000,0.000000,293.000000,1.000000,1.000000,0.000000,1.000860,0.750000,0.750000,1.000000,0.000100000,0.000001113,0.066000,0.000000,0.000000,0.000000,0.000000,0.000000,0.750000,0.000000
22.500000,1.000000,543.000000,0.000000,0.000000,293.000000,1.000000,1.000000,0.000000,1.000867,0.750000,0.750000,1.000000,0.000100000,0.000001113,0.066000,0.000000,0.000000,0.000000,0.000000,0.000000,0.750000,0.000000
22.600000,1.000000,543.000000,0.000000,0.000000,293.000000,1.000000,1.000000,0.000000,1.000860,0.750000,0.750000,1.000000,0.000100000,0.000001113,0.066000,0.000000,0.000000,0.000000,0.000000,0.000000,0.750000,0.000000
22.699999,1.000000,543.000000,0.000000,0.000000,293.000000,1.000000,1.000000,0.000000,1.000840,0.750000,0.750000,1.000000,0.000100000,0.000001113,0.066000,0.000000,0.000000,0.000000,0.000000,0.000000,0.750000,0.000000
22.799999,1.000000,543.000000,0.000000,0.000000,293.000000,1.000000,1.000000,0.000000,1.000861,0.750000,0.750000,1.000000,0.000100000,0.000001113,0.066000,0.000000,0.000000,0.000000,0.000000,0.000000,0.750000,0.000000
22.900000,1.000000,543.000000,0.000000,0.000000,293.000000,1.000000,1.000000,0.000000,1.000860,0.750000,0.750000,1.000000,0.000100000,0.000001113,0.066000,0.000000,0.000000,0.000000,0.000000,0.000000,0.750000,0.000000
23.000000,1.000000,543.000000,0.000000,0.000000,293.000000,1.000000,1.000000,0.000000,1.000860,0.750000,0.750000,1.000000,0.000100000,0.000001113,0.066000,0.000000,0.000000,0.000000,0.000000,0.000000,0.750000,0.000000
23.099998,1.000000,543.000000,0.000000,0.000000,293.000000,1.000000,1.000000,0.000000,1.000841,0.750000,0.750000,1.000000,0.000100000,0.000001113,0.066000,0.000000,0.000000,0.000000,0.000000,0.000000,0.750000,0.000000
23.199999,1.000000,543.000000,0.000000,0.000000,293.000000,1.000000,1.000000,0.000000,1.000859,0.750000,0.750000,1.000000,0.000100000,0.000001113,0.066000,0.000000,0.000000,0.000000,0.000000,0.000000,0.750000,0.000000
23.299999,1.000000,543.000000,0.000000,0.000000,293.000000,1.000000,1.000000,0.000000,1.000857,0.750000,0.750000,1.000000,0.000100000,0.000001113,0.066000,0.000000,0.000000,0.000000,0.000000,0.000000,0.750000,0.000000
23.400000,1.000000,543.000000,0.000000,0.000000,293.000000,1.000000,1.000000,0.000000,1.000859,0.750000,0.750000,1.000000,0.000100000,0.000001113,0.066000,0.000000,0.000000,0.000000,0.000000,0.000000,0.750000,0.000000
23.500000,1.000000,543.000000,0.000000,0.000000,293.000000,1.000000,1.000000,0.000000,1.000859,0.750000,0.750000,1.000000,0.000100000,0.000001113,0.066000,0.000000,0.000000,0.000000,0.000000,0.000000,0.750000,0.000000
23.599999,1.000000,543.000000,0.000000,0.000000,293.000000,1.000000,1.000000,0.000000,1.000841,0.750000,0.750000,1.000000,0.000100000,0.000001113,0.066000,0.000000,0.000000,0.000000,0.000000,0.000000,0.750000,0.000000
23.699999,1.000000,543.000000,0.000000,0.000000,293.000000,1.000000,1.000000,0.000000,1.000859,0.750000,0.750000,1.000000,0.000100000,0.000001113,0.066000,0.000000,0.000000,0.000000,0.000000,0.000000,0.750000,0.000000
23.799999,1.000000,543.000000,0.000000,0.000000,293.000000,1.000000,1.000000,0.000000,1.000860,0.750000,0.750000,1.000000,0.000100000,0.000001113,0.066000,0.000000,0.000000,0.000000,0.000000,0.000000,0.750000,0.000000
23.900000,1.000000,543.000000,0.000000,0.000000,293.000000,1.000000,1.000000,0.000000,1.000860,0.750000,0.750000,1.000000,0.000100000,0.000001113,0.066000,0.000000,0.000000,0.000000,0.000000,0.000000,0.750000,0.000000
24.000000,1.000000,543.000000,0.000000,0.000000,293.000000,1.000000,1.000000,0.000000,1.000860,0.750000,0.750000,1.000000,0.000100000,0.000001113,0.066000,0.000000,0.000000,0.000000,0.000000,0.000000,0.750000,0.000000
24.099998,1.000000,543.000000,0.000000,0.000000,293.000000,1.000000,1.000000,0.000000,1.000840,0.750000,0.750000,1.000000,0.000100000,0.000001113,0.066000,0.000000,0.000000,0.000000,0.000000,0.000000,0.750000,0.000000
24.199999,1.000000,543.000000,0.000000,0.000000,293.000000,1.000000,1.000000,0.000000,1.000857,0.750000,0.750000,1.000000,0.000100000,0.000001113,0.066000,0.000000,0.000000,0.000000,0.000000,0.000000,0.750000,0.000000
24.299999,1.000000,543.000000,0.000000,0.000000,293.000000,1.000000,1.000000,0.000000,1.000859,0.750000,0.750000,1.000000,0.000100000,0.000001113,0.066000,0.000000,0.000000,0.000000,0.000000,0.000000,0.750000,0.000000
24.400000,1.000000,543.000000,0.000000,0.000000,293.000000,1.000000,1.000000,0.000000,1.000860,0.750000,0.750000,1.000000,0.000100000,0.000001113,0.066000,0.000000,0.000000,0.000000,0.000000,0.000000,0.750000,0.000000
24.500000,1.000000,543.000000,0.000000,0.000000,293.000000,1.000000,1.000000,0.000000,1.000859,0.750000,0.750000,1.000000,0.000100000,0.000001113,0.066000,0.000000,0.000000,0.000000,0.000000,0.000000,0.750000,0.000000
24.599999,1.000000,543.000000,0.000000,0.000000,293.000000,1.000000,1.000000,0.000000,1.000840,0.750000,0.750000,1.000000,0.000100000,0.000001113,0.066000,0.000000,0.000000,0.000000,0.000000,0.000000,0.750000,0.000000
24.699999,1.000000,543.000000,0.000000,0.000000,293.000000,1.000000,1.000000,0.000000,1.000859,0.750000,0.750000,1.000000,0.000100000,0.000001113,0.066000,0.000000,0.000000,0.000000,0.000000,0.000000,0.750000,0.000000
24.799999,1.000000,543.000000,0.000000,0.000000,293.000000,1.000000,1.000000,0.000000,1.000860,0.750000,0.750000,1.000000,0.000100000,0.000001113,0.066000,0.000000,0.000000,0.000000,0.000000,0.000000,0.750000,0.000000
24.900000,1.000000,543.000000,0.000000,0.000000,293.000000,1.000000,1.000000,0.000000,1.000861,0.750000,0.750000,1.000000,0.000100000,0.000001113,0.066000,0.000000,0.000000,0.000000,0.000000,0.000000,0.750000,0.000000
25.000000,1.000000,543.000000,0.000000,0.000000,293.000000,1.000000,1.000000,0.000000,1.000859,0.750000,0.750000,1.000000,0.000100000,0.000001113,0.066000,0.000000,0.000000,0.000000,0.000000,0.000000,0.750000,0.000000
25.099998,1.000000,543.000000,0.000000,0.000000,293.000000,1.000000,1.000000,0.000000,1.000847,0.750000,0.750000,1.000000,0.000100000,0.000001113,0.066000,0.000000,0.000000,0.000000,0.000000,0.000000,0.750000,0.000000
25.199999,1.000000,543.000000,0.000000,0.000000,293.000000,1.000000,1.000000,0.000000,1.000860,0.750000,0.750000,1.000000,0.000100000,0.000001113,0.066000,0.000000,0.000000,0.000000,0.000000,0.000000,0.750000,0.000000
25.299999,1.000000,543.000000,0.000000,0.000000,293.000000,1.000000,1.000000,0.000000,1.000859,0.750000,0.750000,1.000000,0.000100000,0.000001113,0.066000,0.000000,0.000000,0.000000,0.000000,0.000000,0.750000,0.000000
25.400000,1.000000,543.000000,0.000000,0.000000,293.000000,1.000000,1.000000,0.000000,1.000860,0.750000,0.750000,1.000000,0.000100000,0.000001113,0.066000,0.000000,0.000000,0.000000,0.000000,0.000000,0.750000,0.000000
25.500000,1.000000,543.000000,0.000000,0.000000,293.000000,1.000000,1.000000,0.000000,1.000859,0.750000,0.750000,1.000000,0.000100000,0.000001113,0.066000,0.000000,0.000000,0.000000,0.000000,0.000000,0.750000,0.000000
25.599999,1.000000,543.000000,0.000000,0.000000,293.000000,1.000000,1.000000,0.000000,1.000841,0.750000,0.750000,1.000000,0.000100000,0.000001113,0.066000,0.000000,0.000000,0.000000,0.000000,0.000000,0.750000,0.000000
25.699999,1.000000,543.000000,0.000000,0.000000,293.000000,1.000000,1.000000,0.000000,1.000861,0.750000,0.750000,1.000000,0.000100000,0.000001113,0.066000,0.000000,0.000000,0.000000,0.000000,0.000000,0.750000,0.000000
25.799999,1.000000,543.000000,0.000000,0.000000,293.000000,1.000000,1.000000,0.000000,1.000859,0.750000,0.750000,1.000000,0.000100000,0.000001113,0.066000,0.000000,0.000000,0.000000,0.000000,0.000000,0.750000,0.000000
25.900000,1.000000,543.000000,0.000000,0.000000,293.000000,1.000000,1.000000,0.000000,1.000866,0.750000,0.750000,1.000000,0.000100000,0.000001113,0.066000,0.000000,0.000000,0.000000,0.000000,0.000000,0.750000,0.000000
26.000000,1.000000,543.000000,0.000000,0.000000,293.000000,1.000000,1.000000,0.000000,1.000860,0.750000,0.750000,1.000000,0.000100000,0.000001113,0.066000,0.000000,0.000000,0.000000,0.000000,0.000000,0.750000,0.000000
26.099998,1.000000,543.000000,0.000000,0.000000,293.000000,1.000000,1.000000,0.000000,1.000841,0.750000,0.750000,1.000000,0.000100000,0.000001113,0.066000,0.000000,0.000000,0.000000,0.000000,0.000000,0.750000,0.000000
26.199999,1.000000,543.000000,0.000000,0.000000,293.000000,1.000000,1.000000,0.000000,1.000860,0.750000,0.750000,1.000000,0.000100000,0.000001113,0.066000,0.000000,0.000000,0.000000,0.000000,0.000000,0.750000,0.000000
26.299999,1.000000,543.000000,0.000000,0.000000,293.000000,1.000000,1.000000,0.000000,1.000859,0.750000,0.750000,1.000000,0.000100000,0.000001113,0.066000,0.000000,0.000000,0.000000,0.000000,0.000000,0.750000,0.000000
26.400000,1.000000,543.000000,0.000000,0.000000,293.000000,1.000000,1.000000,0.000000,1.000860,0.750000,0.750000,1.000000,0.000100000,0.000001113,0.066000,0.000000,0.000000,0.000000,0.000000,0.000000,0.750000,0.000000
26.500000,1.000000,543.000000,0.000000,0.000000,293.000000,1.000000,1.000000,0.000000,1.000860,0.750000,0.750000,1.000000,0.000100000,0.000001113,0.066000,0.000000,0.000000,0.000000,0.000000,0.000000,0.750000,0.000000
26.599999,1.000000,543.000000,0.000000,0.000000,293.000000,1.000000,1.000000,0.000000,1.000841,0.750000,0.750000,1.000000,0.000100000,0.000001113,0.066000,0.000000,0.000000,0.000000,0.000000,0.000000,0.750000,0.000000
26.699999,1.000000,543.000000,0.000000,0.000000,293.000000,1.000000,1.000000,0.000000,1.000867,0.750000,0.750000,1.000000,0.000100000,0.000001113,0.066000,0.000000,0.000000,0.000000,0.000000,0.000000,0.750000,0.000000
26.799999,1.000000,543.000000,0.000000,0.000000,293.000000,1.000000,1.000000,0.000000,1.000859,0.750000,0.750000,1.000000,0.000100000,0.000001113,0.066000,0.000000,0.000000,0.000000,0.000000,0.000000,0.750000,0.000000
26.900000,1.000000,543.000000,0.000000,0.000000,293.000000,1.000000,1.000000,0.000000,1.000860,0.750000,0.750000,1.000000,0.000100000,0.000001113,0.066000,0.000000,0.000000,0.000000,0.000000,0.000000,0.750000,0.000000
27.000000,1.000000,543.000000,0.000000,0.000000,293.000000,1.000000,1.000000,0.000000,1.000860,0.750000,0.750000,1.000000,0.000100000,0.000001113,0.066000,0.000000,0.000000,0.000000,0.000000,0.000000,0.750000,0.000000
27.099998,1.000000,543.000000,0.000000,0.000000,293.000000,1.000000,1.000000,0.000000,1.000841,0.750000,0.750000,1.000000,0.000100000,0.000001113,0.066000,0.000000,0.000000,0.000000,0.000000,0.000000,0.750000,0.000000
27.199999,1.000000,543.000000,0.000000,0.000000,293.000000,1.000000,1.000000,0.000000,1.000860,0.750000,0.750000,1.000000,0.000100000,0.000001113,0.066000,0.000000,0.000000,0.000000,0.000000,0.000000,0.750000,0.000000
27.299999,1.000000,543.000000,0.000000,0.000000,293.000000,1.000000,1.000000,0.000000,1.000860,0.750000,0.750000,1.000000,0.000100000,0.000001113,0.066000,0.000000,0.000000,0.000000,0.000000,0.000000,0.750000,0.000000
27.400000,1.000000,543.000000,0.000000,0.000000,293.000000,1.000000,1.000000,0.000000,1.000859,0.750000,0.750000,1.000000,0.000100000,0.000001113,0.066000,0.000000,0.000000,0.000000,0.000000,0.000000,0.750000,0.000000
27.500000,1.000000,543.000000,0.000000,0.000000,293.000000,1.000000,1.000000,0.000000,1.000857,0.750000,0.750000,1.000000,0.000100000,0.000001113,0.066000,0.000000,0.000000,0.000000,0.000000,0.000000,0.750000,0.000000
27.599999,1.000000,543.000000,0.000000,0.000000,293.000000,1.000000,1.000000,0.000000,1.000840,0.750000,0.750000,1.000000,0.000100000,0.000001113,0.066000,0.000000,0.000000,0.000000,0.000000,0.000000,0.750000,0.000000
27.699999,1.000000,543.000000,0.000000,0.000000,293.000000,1.000000,1.000000,0.000000,1.000859,0.750000,0.750000,1.000000,0.000100000,0.000001113,0.066000,0.000000,0.000000,0.000000,0.000000,0.000000,0.750000,0.000000
27.799999,1.000000,543.000000,0.000000,0.000000,293.000000,1.000000,1.000000,0.000000,1.000860,0.750000,0.750000,1.000000,0.000100000,0.000001113,0.066000,0.000000,0.000000,0.000000,0.000000,0.000000,0.750000,0.000000
27.900000,1.000000,543.000000,0.000000,0.000000,293.000000,1.000000,1.000000,0.000000,1.000860,0.750000,0.750000,1.000000,0.000100000,0.000001113,0.066000,0.000000,0.000000,0.000000,0.000000,0.000000,0.750000,0.000000
28.000000,1.000000,543.000000,0.000000,0.000000,293.000000,1.000000,1.000000,0.000000,1.000860,0.750000,0.750000,1.000000,0.000100000,0.000001113,0.066000,0.000000,0.000000,0.000000,0.000000,0.000000,0.750000,0.000000
28.099998,1.000000,543.000000,0.000000,0.000000,293.000000,1.000000,1.000000,0.000000,1.000840,0.750000,0.750000,1.000000,0.000100000,0.000001113,0.066000,0.000000,0.000000,0.000000,0.000000,0.000000,0.750000,0.000000
28.199999,1.000000,543.000000,0.000000,0.000000,293.000000,1.000000,1.000000,0.000000,1.000860,0.750000,0.750000,1.000000,0.000100000,0.000001113,0.066000,0.000000,0.000000,0.000000,0.000000,0.000000,0.750000,0.000000
28.299999,1.000000,543.000000,0.000000,0.000000,293.000000,1.000000,1.000000,0.000000,1.000859,0.750000,0.750000,1.000000,0.000100000,0.000001113,0.066000,0.000000,0.000000,0.000000,0.000000,0.000000,0.750000,0.000000
28.400000,1.000000,543.000000,0.000000,0.000000,293.000000,1.000000,1.000000,0.000000,1.000857,0.750000,0.750000,1.000000,0.000100000,0.000001113,0.066000,0.000000,0.000000,0.000000,0.000000,0.000000,0.750000,0.000000
28.500000,1.000000,543.000000,0.000000,0.000000,293.000000,1.000000,1.000000,0.000000,1.000860,0.750000,0.750000,1.000000,0.000100000,0.000001113,0.066000,0.000000,0.000000,0.000000,0.000000,0.000000,0.750000,0.000000
28.599999,1.000000,543.000000,0.000000,0.000000,293.000000,1.000000,1.000000,0.000000,1.000841,0.750000,0.750000,1.000000,0.000100000,0.000001113,0.066000,0.000000,0.000000,0.000000,0.000000,0.000000,0.750000,0.000000
28.699999,1.000000,543.000000,0.000000,0.000000,293.000000,1.000000,1.000000,0.000000,1.000858,0.750000,0.750000,1.000000,0.000100000,0.000001113,0.066000,0.000000,0.000000,0.000000,0.000000,0.000000,0.750000,0.000000
28.799999,1.000000,543.000000,0.000000,0.000000,293.000000,1.000000,1.000000,0.000000,1.000860,0.750000,0.750000,1.000000,0.000100000,0.000001113,0.066000,0.000000,0.000000,0.000000,0.000000,0.000000,0.750000,0.000000
28.900000,1.000000,543.000000,0.000000,0.000000,293.000000,1.000000,1.000000,0.000000,1.000860,0.750000,0.750000,1.000000,0.000100000,0.000001113,0.066000,0.000000,0.000000,0.000000,0.000000,0.000000,0.750000,0.000000
29.000000,1.000000,543.000000,0.000000,0.000000,293.000000,1.000000,1.000000,0.000000,1.000860,0.750000,0.750000,1.000000,0.000100000,0.000001113,0.066000,0.000000,0.000000,0.000000,0.000000,0.000000,0.750000,0.000000
29.099998,1.000000,543.000000,0.000000,0.000000,293.000000,1.000000,1.000000,0.000000,1.000841,0.750000,0.750000,1.000000,0.000100000,0.000001113,0.066000,0.000000,0.000000,0.000000,0.000000,0.000000,0.750000,0.000000
29.199999,1.000000,543.000000,0.000000,0.000000,293.000000,1.000000,1.000000,0.000000,1.000859,0.750000,0.750000,1.000000,0.000100000,0.000001113,0.066000,0.000000,0.000000,0.000000,0.000000,0.000000,0.750000,0.000000
29.299999,1.000000,543.000000,0.000000,0.000000,293.000000,1.000000,1.000000,0.000000,1.000858,0.750000,0.750000,1.000000,0.000100000,0.000001113,0.066000,0.000000,0.000000,0.000000,0.000000,0.000000,0.750000,0.000000
29.400000,1.000000,543.000000,0.000000,0.000000,293.000000,1.000000,1.000000,0.000000,1.000859,0.750000,0.750000,1.000000,0.000100000,0.000001113,0.066000,0.000000,0.000000,0.000000,0.000000,0.000000,0.750000,0.000000
29.500000,1.000000,543.000000,0.000000,0.000000,293.000000,1.000000,1.000000,0.000000,1.000860,0.750000,0.750000,1.000000,0.000100000,0.000001113,0.066000,0.000000,0.000000,0.000000,0.000000,0.000000,0.750000,0.000000
29.599999,1.000000,543.000000,0.000000,0.000000,293.000000,1.000000,1.000000,0.000000,1.000840,0.750000,0.750000,1.000000,0.000100000,0.000001113,0.066000,0.000000,0.000000,0.000000,0.000000,0.000000,0.750000,0.000000
29.699999,1.000000,543.000000,0.000000,0.000000,293.000000,1.000000,1.000000,0.000000,1.000861,0.750000,0.750000,1.000000,0.000100000,0.000001113,0.066000,0.000000,0.000000,0.000000,0.000000,0.000000,0.750000,0.000000
29.799999,1.000000,543.000000,0.000000,0.000000,293.000000,1.000000,1.000000,0.000000,1.000860,0.750000,0.750000,1.000000,0.000100000,0.000001113,0.066000,0.000000,0.000000,0.000000,0.000000,0.000000,0.750000,0.000000
29.900000,1.000000,543.000000,0.000000,0.000000,293.000000,1.000000,1.000000,0.000000,1.000859,0.750000,0.750000,1.000000,0.000100000,0.000001113,0.066000,0.000000,0.000000,0.000000,0.000000,0.000000,0.750000,0.000000
30.000000,1.000000,543.000000,0.000000,0.000000,293.000000,1.000000,1.000000,0.000000,1.000861,0.750000,0.750000,1.000000,0.000100000,0.000001113,0.066000,0.000000,0.000000,0.000000,0.000000,0.000000,0.750000,0.000000
30.099998,1.000000,543.000000,0.000000,0.000000,293.000000,1.000000,1.000000,0.000000,1.000840,0.750000,0.750000,1.000000,0.000100000,0.000001113,0.066000,0.000000,0.000000,0.000000,0.000000,0.000000,0.750000,0.000000
30.199999,1.000000,543.000000,0.000000,0.000000,293.000000,1.000000,1.000000,0.000000,1.000857,0.750000,0.750000,1.000000,0.000100000,0.000001113,0.066000,0.000000,0.000000,0.000000,0.000000,0.000000,0.750000,0.000000
30.299999,1.000000,543.000000,0.000000,0.000000,293.000000,1.000000,1.000000,0.000000,1.000860,0.750000,0.750000,1.000000,0.000100000,0.000001113,0.066000,0.000000,0.000000,0.000000,0.000000,0.000000,0.750000,0.000000
30.400000,1.000000,543.000000,0.000000,0.000000,293.000000,1.000000,1.000000,0.000000,1.000859,0.750000,0.750000,1.000000,0.000100000,0.000001113,0.066000,0.000000,0.000000,0.000000,0.000000,0.000000,0.750000,0.000000
30.500000,1.000000,543.000000,0.000000,0.000000,293.000000,1.000000,1.000000,0.000000,1.000860,0.750000,0.750000,1.000000,0.000100000,0.000001113,0.066000,0.000000,0.000000,0.000000,0.000000,0.000000,0.750000,0.000000
0.100000,1.500000,682.000000,0.000000,0.000000,307.000000,1.500000,1.108968,-0.002179,1.000000,0.831726,0.831726,1.000000,0.000100000,0.000001114,0.099000,0.000000,0.311337,0.000000,0.000000,-0.311337,0.831726,0.000000
0.200000,1.500000,682.000000,0.000000,0.000000,307.000000,1.500000,1.108968,-0.002179,1.000857,0.831726,0.831726,1.000000,0.000100000,0.000001113,0.099000,0.000000,0.311337,0.000000,0.000000,-0.311337,0.831726,0.000000
0.300000,1.500000,682.000000,0.000000,0.000000,307.000000,1.500000,1.108968,-0.002179,1.000856,0.831726,0.831726,1.000000,0.000100000,0.000001113,0.099000,0.000000,0.311337,0.000000,0.000000,-0.311337,0.831726,0.000000
0.400000,1.500000,682.000000,0.000000,0.000000,307.000000,1.500000,1.108968,-0.002179,1.000857,0.831726,0.831726,1.000000,0.000100000,0.000001113,0.099000,0.000000,0.311337,0.000000,0.000000,-0.311337,0.831726,0.000000
0.500000,1.500000,682.000000,0.000000,0.000000,307.000000,1.500000,1.108968,-0.002179,1.000856,0.831726,0.831726,1.000000,0.000100000,0.000001113,0.099000,0.000000,0.311337,0.000000,0.000000,-0.311337,0.831726,0.000000
0.600000,1.500000,682.000000,0.000000,0.000000,307.000000,1.500000,1.108968,-0.002179,1.000853,0.831726,0.831726,1.000000,0.000100000,0.000001113,0.099000,0.000000,0.311337,0.000000,0.000000,-0.311337,0.831726,0.000000
0.700000,1.500000,682.000000,0.000000,0.000000,307.000000,1.500000,1.108968,-0.002179,1.000856,0.831726,0.831726,1.000000,0.000100000,0.000001113,0.099000,0.000000,0.311337,0.000000,0.000000,-0.311337,0.831726,0.000000
0.800000,1.500000,682.000000,0.000000,0.000000,307.000000,1.500000,1.108968,-0.002179,1.000855,0.831726,0.831726,1.000000,0.000100000,0.000001113,0.099000,0.000000,0.311337,0.000000,0.000000,-0.311337,0.831726,0.000000
0.900000,1.500000,682.000000,0.000000,0.000000,307.000000,1.500000,1.108968,-0.002179,1.000856,0.831726,0.831726,1.000000,0.000100000,0.000001113,0.099000,0.000000,0.311337,0.000000,0.000000,-0.311337,0.831726,0.000000
1.000000,1.500000,682.000000,0.000000,0.000000,307.000000,1.500000,1.108968,-0.002179,1.000857,0.831726,0.831726,1.000000,0.000100000,0.000001113,0.099000,0.000000,0.311337,0.000000,0.000000,-0.311337,0.831726,0.000000
1.100000,1.500000,682.000000,0.000000,0.000000,307.000000,1.500000,1.108968,-0.002179,1.000856,0.831726,0.831726,1.000000,0.000100000,0.000001113,0.099000,0.000000,0.311337,0.000000,0.000000,-0.311337,0.831726,0.000000
1.200000,1.500000,682.000000,0.000000,0.000000,307.000000,1.500000,1.108968,-0.002179,1.000856,0.831726,0.831726,1.000000,0.000100000,0.000001113,0.099000,0.000000,0.311337,0.000000,0.000000,-0.311337,0.831726,0.000000
1.300000,1.500000,682.000000,0.000000,0.000000,307.000000,1.500000,1.108968,-0.002179,1.000856,0.831726,0.831726,1.000000,0.000100000,0.000001113,0.099000,0.000000,0.311337,0.000000,0.000000,-0.311337,0.831726,0.000000
1.400000,1.500000,682.000000,0.000000,0.000000,307.000000,1.500000,1.108968,-0.002179,1.000856,0.831726,0.831726,1.000000,0.000100000,0.000001113,0.099000,0.000000,0.311337,0.000000,0.000000,-0.311337,0.831726,0.000000
1.500000,1.500000,682.000000,0.000000,0.000000,307.000000,1.500000,1.108968,-0.002179,1.000853,0.831726,0.831726,1.000000,0.000100000,0.000001113,0.099000,0.000000,0.311337,0.000000,0.000000,-0.311337,0.831726,0.000000
1.600000,1.500000,682.000000,0.000000,0.000000,307.000000,1.500000,1.108968,-0.002179,1.000855,0.831726,0.831726,1.000000,0.000100000,0.000001113,0.099000,0.000000,0.311337,0.000000,0.000000,-0.311337,0.831726,0.000000
1.700000,1.500000,682.000000,0.000000,0.000000,307.000000,1.500000,1.108968,-0.002179,1.000855,0.831726,0.831726,1.000000,0.000100000,0.000001113,0.099000,0.000000,0.311337,0.000000,0.000000,-0.311337,0.831726,0.000000
1.800000,1.500000,682.000000,0.000000,0.000000,307.000000,1.500000,1.108968,-0.002179,1.000857,0.831726,0.831726,1.000000,0.000100000,0.000001113,0.099000,0.000000,0.311337,0.000000,0.000000,-0.311337,0.831726,0.000000
1.900000,1.500000,682.000000,0.000000,0.000000,307.000000,1.500000,1.108968,-0.002179,1.000857,0.831726,0.831726,1.000000,0.000100000,0.000001113,0.099000,0.000000,0.311337,0.000000,0.000000,-0.311337,0.831726,0.000000
2.000000,1.500000,682.000000,0.000000,0.000000,307.000000,1.500000,1.108968,-0.002179,1.000855,0.831726,0.831726,1.000000,0.000100000,0.000001113,0.099000,0.000000,0.311337,0.000000,0.000000,-0.311337,0.831726,0.000000
2.100000,1.500000,682.000000,0.000000,0.000000,307.000000,1.500000,1.108968,-0.002179,1.000856,0.831726,0.831726,1.000000,0.000100000,0.000001113,0.099000,0.000000,0.311337,0.000000,0.000000,-0.311337,0.831726,0.000000
2.200000,1.500000,682.000000,0.000000,0.000000,307.000000,1.500000,1.108968,-0.002179,1.000858,0.831726,0.831726,1.000000,0.000100000,0.000001113,0.099000,0.000000,0.311337,0.000000,0.000000,-0.311337,0.831726,0.000000
2.300000,1.500000,682.000000,0.000000,0.000000,307.000000,1.500000,1.108968,-0.002179,1.000855,0.831726,0.831726,1.000000,0.000100000,0.000001113,0.099000,0.000000,0.311337,0.000000,0.000000,-0.311337,0.831726,0.000000
2.400000,1.500000,682.000000,0.000000,0.000000,307.000000,1.500000,1.108968,-0.002179,1.000852,0.831726,0.831726,1.000000,0.000100000,0.000001113,0.099000,0.000000,0.311337,0.000000,0.000000,-0.311337,0.831726,0.000000
2.500000,1.500000,682.000000,0.000000,0.000000,307.000000,1.500000,1.108968,-0.002179,1.000856,0.831726,0.831726,1.000000,0.000100000,0.000001113,0.099000,0.000000,0.311337,0.000000,0.000000,-0.311337,0.831726,0.000000
2.600000,1.500000,682.000000,0.000000,0.000000,307.000000,1.500000,1.108968,-0.002179,1.000856,0.831726,0.831726,1.000000,0.000100000,0.000001113,0.099000,0.000000,0.311337,0.000000,0.000000,-0.311337,0.831726,0.000000
2.700000,1.500000,682.000000,0.000000,0.000000,307.000000,1.500000,1.108968,-0.002179,1.000857,0.831726,0.831726,1.000000,0.000100000,0.000001113,0.099000,0.000000,0.311337,0.000000,0.000000,-0.311337,0.831726,0.000000
2.800000,1.500000,682.000000,0.000000,0.000000,307.000000,1.500000,1.108968,-0.002179,1.000855,0.831726,0.831726,1.000000,0.000100000,0.000001113,0.099000,0.000000,0.311337,0.000000,0.000000,-0.311337,0.831726,0.000000
2.900000,1.500000,682.000000,0.000000,0.000000,307.000000,1.500000,1.108968,-0.002179,1.000855,0.831726,0.831726,1.000000,0.000100000,0.000001113,0.099000,0.000000,0.311337,0.000000,0.000000,-0.311337,0.831726,0.000000
3.000000,1.500000,682.000000,0.000000,0.000000,307.000000,1.500000,1.108968,-0.002179,1.000857,0.831726,0.831726,1.000000,0.000100000,0.000001113,0.099000,0.000000,0.311337,0.000000,0.000000,-0.311337,0.831726,0.000000
3.100000,1.500000,682.000000,0.000000,0.000000,307.000000,1.500000,1.108968,-0.002179,1.000855,0.831726,0.831726,1.000000,0.000100000,0.000001113,0.099000,0.000000,0.311337,0.000000,0.000000,-0.311337,0.831726,0.000000
3.200000,1.500000,682.000000,0.000000,0.000000,307.000000,1.500000,1.108968,-0.002179,1.000855,0.831726,0.831726,1.000000,0.000100000,0.000001113,0.099000,0.000000,0.311337,0.000000,0.000000,-0.311337,0.831726,0.000000
3.300000,1.500000,682.000000,0.000000,0.000000,307.000000,1.500000,1.108968,-0.002179,1.000855,0.831726,0.831726,1.000000,0.000100000,0.000001113,0.099000,0.000000,0.311337,0.000000,0.000000,-0.311337,0.831726,0.000000
3.400000,1.500000,682.000000,0.000000,0.000000,307.000000,1.500000,1.108968,-0.002179,1.000855,0.831726,0.831726,1.000000,0.000100000,0.000001113,0.099000,0.000000,0.311337,0.000000,0.000000,-0.311337,0.831726,0.000000
3.500000,1.500000,682.000000,0.000000,0.000000,307.000000,1.500000,1.108968,-0.002179,1.000857,0.831726,0.831726,1.000000,0.000100000,0.000001113,0.099000,0.000000,0.311337,0.000000,0.000000,-0.311337,0.831726,0.000000
3.600000,1.500000,682.000000,0.000000,0.000000,307.000000,1.500000,1.108968,-0.002179,1.000855,0.831726,0.831726,1.000000,0.000100000,0.000001113,0.099000,0.000000,0.311337,0.000000,0.000000,-0.311337,0.831726,0.000000
3.700000,1.500000,682.000000,0.000000,0.000000,307.000000,1.500000,1.108968,-0.002179,1.000855,0.831726,0.831726,1.000000,0.000100000,0.000001113,0.099000,0.000000,0.311337,0.000000,0.000000,-0.311337,0.831726,0.000000
3.800000,1.500000,682.000000,0.000000,0.000000,307.000000,1.500000,1.108968,-0.002179,1.000857,0.831726,0.831726,1.000000,0.000100000,0.000001113,0.099000,0.000000,0.311337,0.000000,0.000000,-0.311337,0.831726,0.000000
3.900000,1.500000,682.000000,0.000000,0.000000,307.000000,1.500000,1.108968,-0.002179,1.000854,0.831726,0.831726,1.000000,0.000100000,0.000001113,0.099000,0.000000,0.311337,0.000000,0.000000,-0.311337,0.831726,0.000000
4.000000,1.500000,682.000000,0.000000,0.000000,307.000000,1.500000,1.108968,-0.002179,1.000857,0.831726,0.831726,1.000000,0.000100000,0.000001113,0.099000,0.000000,0.311337,0.000000,0.000000,-0.311337,0.831726,0.000000
4.100000,1.500000,682.000000,0.000000,0.000000,307.000000,1.500000,1.108968,-0.002179,1.000855,0.831726,0.831726,1.000000,0.000100000,0.000001113,0.099000,0.000000,0.311337,0.000000,0.000000,-0.311337,0.831726,0.000000
4.200000,1.500000,682.000000,0.000000,0.000000,307.000000,1.500000,1.108968,-0.002179,1.000852,0.831726,0.831726,1.000000,0.000100000,0.000001113,0.099000,0.000000,0.311337,0.000000,0.000000,-0.311337,0.831726,0.000000
4.300000,1.500000,682.000000,0.000000,0.000000,307.000000,1.500000,1.108968,-0.002179,1.000855,0.831726,0.831726,1.000000,0.000100000,0.000001113,0.099000,0.000000,0.311337,0.000000,0.000000,-0.311337,0.831726,0.000000
4.400000,1.500000,682.000000,0.000000,0.000000,307.000000,1.500000,1.108968,-0.002179,1.000860,0.831726,0.831726,1.000000,0.000100000,0.000001113,0.099000,0.000000,0.311337,0.000000,0.000000,-0.311337,0.831726,0.000000
4.500000,1.500000,682.000000,0.000000,0.000000,307.000000,1.500000,1.108968,-0.002179,1.000855,0.831726,0.831726,1.000000,0.000100000,0.000001113,0.099000,0.000000,0.311337,0.000000,0.000000,-0.311337,0.831726,0.000000
4.600000,1.500000,682.000000,0.000000,0.000000,307.000000,1.500000,1.108968,-0.002179,1.000855,0.831726,0.831726,1.000000,0.000100000,0.000001113,0.099000,0.000000,0.311337,0.000000,0.000000,-0.311337,0.831726,0.000000
4.700000,1.500000,682.000000,0.000000,0.000000,307.000000,1.500000,1.108968,-0.002179,1.000854,0.831726,0.831726,1.000000,0.000100000,0.000001113,0.099000,0.000000,0.311337,0.000000,0.000000,-0.311337,0.831726,0.000000
4.800000,1.500000,682.000000,0.000000,0.000000,307.000000,1.500000,1.108968,-0.002179,1.000855,0.831726,0.831726,1.000000,0.000100000,0.000001113,0.099000,0.000000,0.311337,0.000000,0.000000,-0.311337,0.831726,0.000000
4.900000,1.500000,682.000000,0.000000,0.000000,307.000000,1.500000,1.108968,-0.002179,1.000859,0.831726,0.831726,1.000000,0.000100000,0.000001113,0.099000,0.000000,0.311337,0.000000,0.000000,-0.311337,0.831726,0.000000
5.000000,1.500000,682.000000,0.000000,0.000000,307.000000,1.500000,1.108968,-0.002179,1.000855,0.831726,0.831726,1.000000,0.000100000,0.000001113,0.099000,0.000000,0.311337,0.000000,0.000000,-0.311337,0.831726,0.000000
5.100000,1.500000,682.000000,0.000000,0.000000,307.000000,1.500000,1.108968,-0.002179,1.000853,0.831726,0.831726,1.000000,0.000100000,0.000001113,0.099000,0.000000,0.311337,0.000000,0.000000,-0.311337,0.831726,0.000000
5.200000,1.500000,682.000000,0.000000,0.000000,307.000000,1.500000,1.108968,-0.002179,1.000855,0.831726,0.831726,1.000000,0.000100000,0.000001113,0.099000,0.000000,0.311337,0.000000,0.000000,-0.311337,0.831726,0.000000
5.300000,1.500000,682.000000,0.000000,0.000000,307.000000,1.500000,1.108968,-0.002179,1.000855,0.831726,0.831726,1.000000,0.000100000,0.000001113,0.099000,0.000000,0.311337,0.000000,0.000000,-0.311337,0.831726,0.000000
5.400000,1.500000,682.000000,0.000000,0.000000,307.000000,1.500000,1.108968,-0.002179,1.000859,0.831726,0.831726,1.000000,0.000100000,0.000001113,0.099000,0.000000,0.311337,0.000000,0.000000,-0.311337,0.831726,0.000000
5.500000,1.500000,682.000000,0.000000,0.000000,307.000000,1.500000,1.108968,-0.002179,1.000855,0.831726,0.831726,1.000000,0.000100000,0.000001113,0.099000,0.000000,0.311337,0.000000,0.000000,-0.311337,0.831726,0.000000
5.600000,1.500000,682.000000,0.000000,0.000000,307.000000,1.500000,1.108968,-0.002179,1.000855,0.831726,0.831726,1.000000,0.000100000,0.000001113,0.099000,0.000000,0.311337,0.000000,0.000000,-0.311337,0.831726,0.000000
5.700000,1.500000,682.000000,0.000000,0.000000,307.000000,1.500000,1.108968,-0.002179,1.000854,0.831726,0.831726,1.000000,0.000100000,0.000001113,0.099000,0.000000,0.311337,0.000000,0.000000,-0.311337,0.831726,0.000000
5.800000,1.500000,682.000000,0.000000,0.000000,307.000000,1.500000,1.108968,-0.002179,1.000855,0.831726,0.831726,1.000000,0.000100000,0.000001113,0.099000,0.000000,0.311337,0.000000,0.000000,-0.311337,0.831726,0.000000
5.900000,1.500000,682.000000,0.000000,0.000000,307.000000,1.500000,1.108968,-0.002179,1.000856,0.831726,0.831726,1.000000,0.000100000,0.000001113,0.099000,0.000000,0.311337,0.000000,0.000000,-0.311337,0.831726,0.000000
6.000000,1.500000,682.000000,0.000000,0.000000,307.000000,1.500000,1.108968,-0.002179,1.000857,0.831726,0.831726,1.000000,0.000100000,0.000001113,0.099000,0.000000,0.311337,0.000000,0.000000,-0.311337,0.831726,0.000000
6.100000,1.500000,682.000000,0.000000,0.000000,307.000000,1.500000,1.108968,-0.002179,1.000855,0.831726,0.831726,1.000000,0.000100000,0.000001113,0.099000,0.000000,0.311337,0.000000,0.000000,-0.311337,0.831726,0.000000
6.200000,1.500000,682.000000,0.000000,0.000000,307.000000,1.500000,1.108968,-0.002179,1.000854,0.831726,0.831726,1.000000,0.000100000,0.000001113,0.099000,0.000000,0.311337,0.000000,0.000000,-0.311337,0.831726,0.000000
6.300000,1.500000,682.000000,0.000000,0.000000,307.000000,1.500000,1.108968,-0.002179,1.000855,0.831726,0.831726,1.000000,0.000100000,0.000001113,0.099000,0.000000,0.311337,0.000000,0.000000,-0.311337,0.831726,0.000000
6.400000,1.500000,682.000000,0.000000,0.000000,307.000000,1.500000,1.108968,-0.002179,1.000855,0.831726,0.831726,1.000000,0.000100000,0.000001113,0.099000,0.000000,0.311337,0.000000,0.000000,-0.311337,0.831726,0.000000
6.500000,1.500000,682.000000,0.000000,0.000000,307.000000,1.500000,1.108968,-0.002179,1.000859,0.831726,0.831726,1.000000,0.000100000,0.000001113,0.099000,0.000000,0.311337,0.000000,0.000000,-0.311337,0.831726,0.000000
6.600000,1.500000,682.000000,0.000000,0.000000,307.000000,1.500000,1.108968,-0.002179,1.000855,0.831726,0.831726,1.000000,0.000100000,0.000001113,0.099000,0.000000,0.311337,0.000000,0.000000,-0.311337,0.831726,0.000000
6.700000,1.500000,682.000000,0.000000,0.000000,307.000000,1.500000,1.108968,-0.002179,1.000855,0.831726,0.831726,1.000000,0.000100000,0.000001113,0.099000,0.000000,0.311337,0.000000,0.000000,-0.311337,0.831726,0.000000
6.800000,1.500000,682.000000,0.000000,0.000000,307.000000,1.500000,1.108968,-0.002179,1.000855,0.831726,0.831726,1.000000,0.000100000,0.000001113,0.099000,0.000000,0.311337,0.000000,0.000000,-0.311337,0.831726,0.000000
6.900000,1.500000,682.000000,0.000000,0.000000,307.000000,1.500000,1.108968,-0.002179,1.000851,0.831726,0.831726,1.000000,0.000100000,0.000001113,0.099000,0.000000,0.311337,0.000000,0.000000,-0.311337,0.831726,0.000000
7.000000,1.500000,682.000000,0.000000,0.000000,307.000000,1.500000,1.108968,-0.002179,1.000860,0.831726,0.831726,1.000000,0.000100000,0.000001113,0.099000,0.000000,0.311337,0.000000,0.000000,-0.311337,0.831726,0.000000
7.100000,1.500000,682.000000,0.000000,0.000000,307.000000,1.500000,1.108968,-0.002179,1.000856,0.831726,0.831726,1.000000,0.000100000,0.000001113,0.099000,0.000000,0.311337,0.000000,0.000000,-0.311337,0.831726,0.000000
7.200000,1.500000,682.000000,0.000000,0.000000,307.000000,1.500000,1.108968,-0.002179,1.000854,0.831726,0.831726,1.000000,0.000100000,0.000001113,0.099000,0.000000,0.311337,0.000000,0.000000,-0.311337,0.831726,0.000000
7.300000,1.500000,682.000000,0.000000,0.000000,307.000000,1.500000,1.108968,-0.002179,1.000856,0.831726,0.831726,1.000000,0.000100000,0.000001113,0.099000,0.000000,0.311337,0.000000,0.000000,-0.311337,0.831726,0.000000
7.400000,1.500000,682.000000,0.000000,0.000000,307.000000,1.500000,1.108968,-0.002179,1.000854,0.831726,0.831726,1.000000,0.000100000,0.000001113,0.099000,0.000000,0.311337,0.000000,0.000000,-0.311337,0.831726,0.000000
7.500000,1.500000,682.000000,0.000000,0.000000,307.000000,1.500000,1.108968,-0.002179,1.000859,0.831726,0.831726,1.000000,0.000100000,0.000001113,0.099000,0.000000,0.311337,0.000000,0.000000,-0.311337,0.831726,0.000000
7.600000,1.500000,682.000000,0.000000,0.000000,307.000000,1.500000,1.108968,-0.002179,1.000855,0.831726,0.831726,1.000000,0.000100000,0.000001113,0.099000,0.000000,0.311337,0.000000,0.000000,-0.311337,0.831726,0.000000
7.700000,1.500000,682.000000,0.000000,0.000000,307.000000,1.500000,1.108968,-0.002179,1.000856,0.831726,0.831726,1.000000,0.000100000,0.000001113,0.099000,0.000000,0.311337,0.000000,0.000000,-0.311337,0.831726,0.000000
7.800000,1.500000,682.000000,0.000000,0.000000,307.000000,1.500000,1.108968,-0.002179,1.000861,0.831726,0.831726,1.000000,0.000100000,0.000001113,0.099000,0.000000,0.311337,0.000000,0.000000,-0.311337,0.831726,0.000000
7.900000,1.500000,682.000000,0.000000,0.000000,307.000000,1.500000,1.108968,-0.002179,1.000855,0.831726,0.831726,1.000000,0.000100000,0.000001113,0.099000,0.000000,0.311337,0.000000,0.000000,-0.311337,0.831726,0.000000
8.000000,1.500000,682.000000,0.000000,0.000000,307.000000,1.500000,1.108968,-0.002179,1.000860,0.831726,0.831726,1.000000,0.000100000,0.000001113,0.099000,0.000000,0.311337,0.000000,0.000000,-0.311337,0.831726,0.000000
8.099999,1.500000,682.000000,0.000000,0.000000,307.000000,1.500000,1.108968,-0.002179,1.000851,0.831726,0.831726,1.000000,0.000100000,0.000001113,0.099000,0.000000,0.311337,0.000000,0.000000,-0.311337,0.831726,0.000000
8.200000,1.500000,682.000000,0.000000,0.000000,307.000000,1.500000,1.108968,-0.002179,1.000860,0.831726,0.831726,1.000000,0.000100000,0.000001113,0.099000,0.000000,0.311337,0.000000,0.000000,-0.311337,0.831726,0.000000
8.300000,1.500000,682.000000,0.000000,0.000000,307.000000,1.500000,1.108968,-0.002179,1.000859,0.831726,0.831726,1.000000,0.000100000,0.000001113,0.099000,0.000000,0.311337,0.000000,0.000000,-0.311337,0.831726,0.000000
8.400000,1.500000,682.000000,0.000000,0.000000,307.000000,1.500000,1.108968,-0.002179,1.000850,0.831726,0.831726,1.000000,0.000100000,0.000001113,0.099000,0.000000,0.311337,0.000000,0.000000,-0.311337,0.831726,0.000000
8.500000,1.500000,682.000000,0.000000,0.000000,307.000000,1.500000,1.108968,-0.002179,1.000859,0.831726,0.831726,1.000000,0.000100000,0.000001113,0.099000,0.000000,0.311337,0.000000,0.000000,-0.311337,0.831726,0.000000
8.599999,1.500000,682.000000,0.000000,0.000000,307.000000,1.500000,1.108968,-0.002179,1.000848,0.831726,0.831726,1.000000,0.000100000,0.000001113,0.099000,0.000000,0.311337,0.000000,0.000000,-0.311337,0.831726,0.000000
8.700000,1.500000,682.000000,0.000000,0.000000,307.000000,1.500000,1.108968,-0.002179,1.000859,0.831726,0.831726,1.000000,0.000100000,0.000001113,0.099000,0.000000,0.311337,0.000000,0.000000,-0.311337,0.831726,0.000000
8.800000,1.500000,682.000000,0.000000,0.000000,307.000000,1.500000,1.108968,-0.002179,1.000860,0.831726,0.831726,1.000000,0.000100000,0.000001113,0.099000,0.000000,0.311337,0.000000,0.000000,-0.311337,0.831726,0.000000
8.900000,1.500000,682.000000,0.000000,0.000000,307.000000,1.500000,1.108968,-0.002179,1.000850,0.831726,0.831726,1.000000,0.000100000,0.000001113,0.099000,0.000000,0.311337,0.000000,0.000000,-0.311337,0.831726,0.000000
9.000000,1.500000,682.000000,0.000000,0.000000,307.000000,1.500000,1.108968,-0.002179,1.000861,0.831726,0.831726,1.000000,0.000100000,0.000001113,0.099000,0.000000,0.311337,0.000000,0.000000,-0.311337,0.831726,0.000000
9.099999,1.500000,682.000000,0.000000,0.000000,307.000000,1.500000,1.108968,-0.002179,1.000850,0.831726,0.831726,1.000000,0.000100000,0.000001113,0.099000,0.000000,0.311337,0.000000,0.000000,-0.311337,0.831726,0.000000
9.200000,1.500000,682.000000,0.000000,0.000000,307.000000,1.500000,1.108968,-0.002179,1.000860,0.831726,0.831726,1.000000,0.000100000,0.000001113,0.099000,0.000000,0.311337,0.000000,0.000000,-0.311337,0.831726,0.000000
9.300000,1.500000,682.000000,0.000000,0.000000,307.000000,1.500000,1.108968,-0.002179,1.000860,0.831726,0.831726,1.000000,0.000100000,0.000001113,0.099000,0.000000,0.311337,0.000000,0.000000,-0.311337,0.831726,0.000000
9.400000,1.500000,682.000000,0.000000,0.000000,307.000000,1.500000,1.108968,-0.002179,1.000850,0.831726,0.831726,1.000000,0.000100000,0.000001113,0.099000,0.000000,0.311337,0.000000,0.000000,-0.311337,0.831726,0.000000
9.500000,1.500000,682.000000,0.000000,0.000000,307.000000,1.500000,1.108968,-0.002179,1.000857,0.831726,0.831726,1.000000,0.000100000,0.000001113,0.099000,0.000000,0.311337,0.000000,0.000000,-0.311337,0.831726,0.000000
9.599999,1.500000,682.000000,0.000000,0.000000,307.000000,1.500000,1.108968,-0.002179,1.000850,0.831726,0.831726,1.000000,0.000100000,0.000001113,0.099000,0.000000,0.311337,0.000000,0.000000,-0.311337,0.831726,0.000000
9.700000,1.500000,682.000000,0.000000,0.000000,307.000000,1.500000,1.108968,-0.002179,1.000860,0.831726,0.831726,1.000000,0.000100000,0.000001113,0.099000,0.000000,0.311337,0.000000,0.000000,-0.311337,0.831726,0.000000
9.800000,1.500000,682.000000,0.000000,0.000000,307.000000,1.500000,1.108968,-0.002179,1.000860,0.831726,0.831726,1.000000,0.000100000,0.000001113,0.099000,0.000000,0.311337,0.000000,0.000000,-0.311337,0.831726,0.000000
9.900000,1.500000,682.000000,0.000000,0.000000,307.000000,1.500000,1.108968,-0.002179,1.000851,0.831726,0.831726,1.000000,0.000100000,0.000001113,0.099000,0.000000,0.311337,0.000000,0.000000,-0.311337,0.831726,0.000000
10.000000,1.500000,682.000000,0.000000,0.000000,307.000000,1.500000,1.108968,-0.002179,1.000859,0.831726,0.831726,1.000000,0.000100000,0.000001113,0.099000,0.000000,0.311337,0.000000,0.000000,-0.311337,0.831726,0.000000
10.099999,1.500000,682.000000,0.000000,0.000000,307.000000,1.500000,1.108968,-0.002179,1.000851,0.831726,0.831726,1.000000,0.000100000,0.000001113,0.099000,0.000000,0.311337,0.000000,0.000000,-0.311337,0.831726,0.000000
10.200000,1.500000,682.000000,0.000000,0.000000,307.000000,1.500000,1.108968,-0.002179,1.000859,0.831726,0.831726,1.000000,0.000100000,0.000001113,0.099000,0.000000,0.311337,0.000000,0.000000,-0.311337,0.831726,0.000000
10.300000,1.500000,682.000000,0.000000,0.000000,307.000000,1.500000,1.108968,-0.002179,1.000860,0.831726,0.831726,1.000000,0.000100000,0.000001113,0.099000,0.000000,0.311337,0.000000,0.000000,-0.311337,0.831726,0.000000
10.400000,1.500000,682.000000,0.000000,0.000000,307.000000,1.500000,1.108968,-0.002179,1.000847,0.831726,0.831726,1.000000,0.000100000,0.000001113,0.099000,0.000000,0.311337,0.000000,0.000000,-0.311337,0.831726,0.000000
10.500000,1.500000,682.000000,0.000000,0.000000,307.000000,1.500000,1.108968,-0.002179,1.000859,0.831726,0.831726,1.000000,0.000100000,0.000001113,0.099000,0.000000,0.311337,0.000000,0.000000,-0.311337,0.831726,0.000000
10.599999,1.500000,682.000000,0.000000,0.000000,307.000000,1.500000,1.108968,-0.002179,1.000850,0.831726,0.831726,1.000000,0.000100000,0.000001113,0.099000,0.000000,0.311337,0.000000,0.000000,-0.311337,0.831726,0.000000
10.700000,1.500000,682.000000,0.000000,0.000000,307.000000,1.500000,1.108968,-0.002179,1.000860,0.831726,0.831726,1.000000,0.000100000,0.000001113,0.099000,0.000000,0.311337,0.000000,0.000000,-0.311337,0.831726,0.000000
10.800000,1.500000,682.000000,0.000000,0.000000,307.000000,1.500000,1.108968,-0.002179,1.000861,0.831726,0.831726,1.000000,0.000100000,0.000001113,0.099000,0.000000,0.311337,0.000000,0.000000,-0.311337,0.831726,0.000000
10.900000,1.500000,682.000000,0.000000,0.000000,307.000000,1.500000,1.108968,-0.002179,1.000849,0.831726,0.831726,1.000000,0.000100000,0.000001113,0.099000,0.000000,0.311337,0.000000,0.000000,-0.311337,0.831726,0.000000
11.000000,1.500000,682.000000,0.000000,0.000000,307.000000,1.500000,1.108968,-0.002179,1.000859,0.831726,0.831726,1.000000,0.000100000,0.000001113,0.099000,0.000000,0.311337,0.000000,0.000000,-0.311337,0.831726,0.000000
11.099999,1.500000,682.000000,0.000000,0.000000,307.000000,1.500000,1.108968,-0.002179,1.000851,0.831726,0.831726,1.000000,0.000100000,0.000001113,0.099000,0.000000,0.311337,0.000000,0.000000,-0.311337,0.831726,0.000000
11.200000,1.500000,682.000000,0.000000,0.000000,307.000000,1.500000,1.108968,-0.002179,1.000860,0.831726,0.831726,1.000000,0.000100000,0.000001113,0.099000,0.000000,0.311337,0.000000,0.000000,-0.311337,0.831726,0.000000
11.300000,1.500000,682.000000,0.000000,0.000000,307.000000,1.500000,1.108968,-0.002179,1.000857,0.831726,0.831726,1.000000,0.000100000,0.000001113,0.099000,0.000000,0.311337,0.000000,0.000000,-0.311337,0.831726,0.000000
11.400000,1.500000,682.000000,0.000000,0.000000,307.000000,1.500000,1.108968,-0.002179,1.000850,0.831726,0.831726,1.000000,0.000100000,0.000001113,0.099000,0.000000,0.311337,0.000000,0.000000,-0.311337,0.831726,0.000000
11.500000,1.500000,682.000000,0.000000,0.000000,307.000000,1.500000,1.108968,-0.002179,1.000860,0.831726,0.831726,1.000000,0.000100000,0.000001113,0.099000,0.000000,0.311337,0.000000,0.000000,-0.311337,0.831726,0.000000
11.599999,1.500000,682.000000,0.000000,0.000000,307.000000,1.500000,1.108968,-0.002179,1.000850,0.831726,0.831726,1.000000,0.000100000,0.000001113,0.099000,0.000000,0.311337,0.000000,0.000000,-0.311337,0.831726,0.000000
11.700000,1.500000,682.000000,0.000000,0.000000,307.000000,1.500000,1.108968,-0.002179,1.000860,0.831726,0.831726,1.000000,0.000100000,0.000001113,0.099000,0.000000,0.311337,0.000000,0.000000,-0.311337,0.831726,0.000000
11.799999,1.500000,682.000000,0.000000,0.000000,307.000000,1.500000,1.108968,-0.002179,1.000850,0.831726,0.831726,1.000000,0.000100000,0.000001113,0.099000,0.000000,0.311337,0.000000,0.000000,-0.311337,0.831726,0.000000
11.900000,1.500000,682.000000,0.000000,0.000000,307.000000,1.500000,1.108968,-0.002179,1.000860,0.831726,0.831726,1.000000,0.000100000,0.000001113,0.099000,0.000000,0.311337,0.000000,0.000000,-0.311337,0.831726,0.000000
12.000000,1.500000,682.000000,0.000000,0.000000,307.000000,1.500000,1.108968,-0.002179,1.000860,0.831726,0.831726,1.000000,0.000100000,0.000001113,0.099000,0.000000,0.311337,0.000000,0.000000,-0.311337,0.831726,0.000000
12.099999,1.500000,682.000000,0.000000,0.000000,307.000000,1.500000,1.108968,-0.002179,1.000850,0.831726,0.831726,1.000000,0.000100000,0.000001113,0.099000,0.000000,0.311337,0.000000,0.000000,-0.311337,0.831726,0.000000
12.200000,1.500000,682.000000,0.000000,0.000000,307.000000,1.500000,1.108968,-0.002179,1.000856,0.831726,0.831726,1.000000,0.000100000,0.000001113,0.099000,0.000000,0.311337,0.000000,0.000000,-0.311337,0.831726,0.000000
12.299999,1.500000,682.000000,0.000000,0.000000,307.000000,1.500000,1.108968,-0.002179,1.000851,0.831726,0.831726,1.000000,0.000100000,0.000001113,0.099000,0.000000,0.311337,0.000000,0.000000,-0.311337,0.831726,0.000000
12.400000,1.500000,682.000000,0.000000,0.000000,307.000000,1.500000,1.108968,-0.002179,1.000859,0.831726,0.831726,1.000000,0.000100000,0.000001113,0.099000,0.000000,0.311337,0.000000,0.000000,-0.311337,0.831726,0.000000
12.500000,1.500000,682.000000,0.000000,0.000000,307.000000,1.500000,1.108968,-0.002179,1.000859,0.831726,0.831726,1.000000,0.000100000,0.000001113,0.099000,0.000000,0.311337,0.000000,0.000000,-0.311337,0.831726,0.000000
12.599999,1.500000,682.000000,0.000000,0.000000,307.000000,1.500000,1.108968,-0.002179,1.000850,0.831726,0.831726,1.000000,0.000100000,0.000001113,0.099000,0.000000,0.311337,0.000000,0.000000,-0.311337,0.831726,0.000000
12.700000,1.500000,682.000000,0.000000,0.000000,307.000000,1.500000,1.108968,-0.002179,1.000861,0.831726,0.831726,1.000000,0.000100000,0.000001113,0.099000,0.000000,0.311337,0.000000,0.000000,-0.311337,0.831726,0.000000
12.799999,1.500000,682.000000,0.000000,0.000000,307.000000,1.500000,1.108968,-0.002179,1.000849,0.831726,0.831726,1.000000,0.000100000,0.000001113,0.099000,0.000000,0.311337,0.000000,0.000000,-0.311337,0.831726,0.000000
12.900000,1.500000,682.000000,0.000000,0.000000,307.000000,1.500000,1.108968,-0.002179,1.000861,0.831726,0.831726,1.000000,0.000100000,0.000001113,0.099000,0.000000,0.311337,0.000000,0.000000,-0.311337,0.831726,0.000000
13.000000,1.500000,682.000000,0.000000,0.000000,307.000000,1.500000,1.108968,-0.002179,1.000859,0.831726,0.831726,1.000000,0.000100000,0.000001113,0.099000,0.000000,0.311337,0.000000,0.000000,-0.311337,0.831726,0.000000
13.099999,1.500000,682.000000,0.000000,0.000000,307.000000,1.500000,1.108968,-0.002179,1.000847,0.831726,0.831726,1.000000,0.000100000,0.000001113,0.099000,0.000000,0.311337,0.000000,0.000000,-0.311337,0.831726,0.000000
13.200000,1.500000,682.000000,0.000000,0.000000,307.000000,1.500000,1.108968,-0.002179,1.000860,0.831726,0.831726,1.000000,0.000100000,0.000001113,0.099000,0.000000,0.311337,0.000000,0.000000,-0.311337,0.831726,0.000000
13.299999,1.500000,682.000000,0.000000,0.000000,307.000000,1.500000,1.108968,-0.002179,1.000850,0.831726,0.831726,1.000000,0.000100000,0.000001113,0.099000,0.000000,0.311337,0.000000,0.000000,-0.311337,0.831726,0.000000
13.400000,1.500000,682.000000,0.000000,0.000000,307.000000,1.500000,1.108968,-0.002179,1.000860,0.831726,0.831726,1.000000,0.000100000,0.000001113,0.099000,0.000000,0.311337,0.000000,0.000000,-0.311337,0.831726,0.000000
13.500000,1.500000,682.000000,0.000000,0.000000,307.000000,1.500000,1.108968,-0.002179,1.000860,0.831726,0.831726,1.000000,0.000100000,0.000001113,0.099000,0.000000,0.311337,0.000000,0.000000,-0.311337,0.831726,0.000000
13.599999,1.500000,682.000000,0.000000,0.000000,307.000000,1.500000,1.108968,-0.002179,1.000849,0.831726,0.831726,1.000000,0.000100000,0.000001113,0.099000,0.000000,0.311337,0.000000,0.000000,-0.311337,0.831726,0.000000
13.700000,1.500000,682.000000,0.000000,0.000000,307.000000,1.500000,1.108968,-0.002179,1.000860,0.831726,0.831726,1.000000,0.000100000,0.000001113,0.099000,0.000000,0.311337,0.000000,0.000000,-0.311337,0.831726,0.000000
13.799999,1.500000,682.000000,0.000000,0.000000,307.000000,1.500000,1.108968,-0.002179,1.000850,0.831726,0.831726,1.000000,0.000100000,0.000001113,0.099000,0.000000,0.311337,0.000000,0.000000,-0.311337,0.831726,0.000000
13.900000,1.500000,682.000000,0.000000,0.000000,307.000000,1.500000,1.108968,-0.002179,1.000860,0.831726,0.831726,1.000000,0.000100000,0.000001113,0.099000,0.000000,0.311337,0.000000,0.000000,-0.311337,0.831726,0.000000
14.000000,1.500000,682.000000,0.000000,0.000000,307.000000,1.500000,1.108968,-0.002179,1.000856,0.831726,0.831726,1.000000,0.000100000,0.000001113,0.099000,0.000000,0.311337,0.000000,0.000000,-0.311337,0.831726,0.000000
14.099999,1.500000,682.000000,0.000000,0.000000,307.000000,1.500000,1.108968,-0.002179,1.000850,0.831726,0.831726,1.000000,0.000100000,0.000001113,0.099000,0.000000,0.311337,0.000000,0.000000,-0.311337,0.831726,0.000000
14.200000,1.500000,682.000000,0.000000,0.000000,307.000000,1.500000,1.108968,-0.002179,1.000861,0.831726,0.831726,1.000000,0.000100000,0.000001113,0.099000,0.000000,0.311337,0.000000,0.000000,-0.311337,0.831726,0.000000
14.299999,1.500000,682.000000,0.000000,0.000000,307.000000,1.500000,1.108968,-0.002179,1.000850,0.831726,0.831726,1.000000,0.000100000,0.000001113,0.099000,0.000000,0.311337,0.000000,0.000000,-0.311337,0.831726,0.000000
14.400000,1.500000,682.000000,0.000000,0.000000,307.000000,1.500000,1.108968,-0.002179,1.000860,0.831726,0.831726,1.000000,0.000100000,0.000001113,0.099000,0.000000,0.311337,0.000000,0.000000,-0.311337,0.831726,0.000000
14.500000,1.500000,682.000000,0.000000,0.000000,307.000000,1.500000,1.108968,-0.002179,1.000860,0.831726,0.831726,1.000000,0.000100000,0.000001113,0.099000,0.000000,0.311337,0.000000,0.000000,-0.311337,0.831726,0.000000
14.599999,1.500000,682.000000,0.000000,0.000000,307.000000,1.500000,1.108968,-0.002179,1.000850,0.831726,0.831726,1.000000,0.000100000,0.000001113,0.099000,0.000000,0.311337,0.000000,0.000000,-0.311337,0.831726,0.000000
14.700000,1.500000,682.000000,0.000000,0.000000,307.000000,1.500000,1.108968,-0.002179,1.000861,0.831726,0.831726,1.000000,0.000100000,0.000001113,0.099000,0.000000,0.311337,0.000000,0.000000,-0.311337,0.831726,0.000000
14.799999,1.500000,682.000000,0.000000,0.000000,307.000000,1.500000,1.108968,-0.002179,1.000850,0.831726,0.831726,1.000000,0.000100000,0.000001113,0.099000,0.000000,0.311337,0.000000,0.000000,-0.311337,0.831726,0.000000
14.900000,1.500000,682.000000,0.000000,0.000000,307.000000,1.500000,1.108968,-0.002179,1.000856,0.831726,0.831726,1.000000,0.000100000,0.000001113,0.099000,0.000000,0.311337,0.000000,0.000000,-0.311337,0.831726,0.000000
15.000000,1.500000,682.000000,0.000000,0.000000,307.000000,1.500000,1.108968,-0.002179,1.000860,0.831726,0.831726,1.000000,0.000100000,0.000001113,0.099000,0.000000,0.311337,0.000000,0.000000,-0.311337,0.831726,0.000000
15.099999,1.500000,682.000000,0.000000,0.000000,307.000000,1.500000,1.108968,-0.002179,1.000850,0.831726,0.831726,1.000000,0.000100000,0.000001113,0.099000,0.000000,0.311337,0.000000,0.000000,-0.311337,0.831726,0.000000
15.200000,1.500000,682.000000,0.000000,0.000000,307.000000,1.500000,1.108968,-0.002179,1.000860,0.831726,0.831726,1.000000,0.000100000,0.000001113,0.099000,0.000000,0.311337,0.000000,0.000000,-0.311337,0.831726,0.000000
15.299999,1.500000,682.000000,0.000000,0.000000,307.000000,1.500000,1.108968,-0.002179,1.000851,0.831726,0.831726,1.000000,0.000100000,0.000001113,0.099000,0.000000,0.311337,0.000000,0.000000,-0.311337,0.831726,0.000000
15.400000,1.500000,682.000000,0.000000,0.000000,307.000000,1.500000,1.108968,-0.002179,1.000859,0.831726,0.831726,1.000000,0.000100000,0.000001113,0.099000,0.000000,0.311337,0.000000,0.000000,-0.311337,0.831726,0.000000
15.500000,1.500000,682.000000,0.000000,0.000000,307.000000,1.500000,1.108968,-0.002179,1.000860,0.831726,0.831726,1.000000,0.000100000,0.000001113,0.099000,0.000000,0.311337,0.000000,0.000000,-0.311337,0.831726,0.000000
15.599999,1.500000,682.000000,0.000000,0.000000,307.000000,1.500000,1.108968,-0.002179,1.000850,0.831726,0.831726,1.000000,0.000100000,0.000001113,0.099000,0.000000,0.311337,0.000000,0.000000,-0.311337,0.831726,0.000000
15.700000,1.500000,682.000000,0.000000,0.000000,307.000000,1.500000,1.108968,-0.002179,1.000860,0.831726,0.831726,1.000000,0.000100000,0.000001113,0.099000,0.000000,0.311337,0.000000,0.000000,-0.311337,0.831726,0.000000
15.799999,1.500000,682.000000,0.000000,0.000000,307.000000,1.500000,1.108968,-0.002179,1.000846,0.831726,0.831726,1.000000,0.000100000,0.000001113,0.099000,0.000000,0.311337,0.000000,0.000000,-0.311337,0.831726,0.000000
15.900000,1.500000,682.000000,0.000000,0.000000,307.000000,1.500000,1.108968,-0.002179,1.000861,0.831726,0.831726,1.000000,0.000100000,0.000001113,0.099000,0.000000,0.311337,0.000000,0.000000,-0.311337,0.831726,0.000000
16.000000,1.500000,682.000000,0.000000,0.000000,307.000000,1.500000,1.108968,-0.002179,1.000859,0.831726,0.831726,1.000000,0.000100000,0.000001113,0.099000,0.000000,0.311337,0.000000,0.000000,-0.311337,0.831726,0.000000
16.100000,1.500000,682.000000,0.000000,0.000000,307.000000,1.500000,1.108968,-0.002179,1.000859,0.831726,0.831726,1.000000,0.000100000,0.000001113,0.099000,0.000000,0.311337,0.000000,0.000000,-0.311337,0.831726,0.000000
16.199999,1.500000,682.000000,0.000000,0.000000,307.000000,1.500000,1.108968,-0.002179,1.000841,0.831726,0.831726,1.000000,0.000100000,0.000001113,0.099000,0.000000,0.311337,0.000000,0.000000,-0.311337,0.831726,0.000000
16.299999,1.500000,682.000000,0.000000,0.000000,307.000000,1.500000,1.108968,-0.002179,1.000860,0.831726,0.831726,1.000000,0.000100000,0.000001113,0.099000,0.000000,0.311337,0.000000,0.000000,-0.311337,0.831726,0.000000
16.400000,1.500000,682.000000,0.000000,0.000000,307.000000,1.500000,1.108968,-0.002179,1.000859,0.831726,0.831726,1.000000,0.000100000,0.000001113,0.099000,0.000000,0.311337,0.000000,0.000000,-0.311337,0.831726,0.000000
16.500000,1.500000,682.000000,0.000000,0.000000,307.000000,1.500000,1.108968,-0.002179,1.000860,0.831726,0.831726,1.000000,0.000100000,0.000001113,0.099000,0.000000,0.311337,0.000000,0.000000,-0.311337,0.831726,0.000000
16.600000,1.500000,682.000000,0.000000,0.000000,307.000000,1.500000,1.108968,-0.002179,1.000860,0.831726,0.831726,1.000000,0.000100000,0.000001113,0.099000,0.000000,0.311337,0.000000,0.000000,-0.311337,0.831726,0.000000
16.699999,1.500000,682.000000,0.000000,0.000000,307.000000,1.500000,1.108968,-0.002179,1.000837,0.831726,0.831726,1.000000,0.000100000,0.000001113,0.099000,0.000000,0.311337,0.000000,0.000000,-0.311337,0.831726,0.000000
16.799999,1.500000,682.000000,0.000000,0.000000,307.000000,1.500000,1.108968,-0.002179,1.000860,0.831726,0.831726,1.000000,0.000100000,0.000001113,0.099000,0.000000,0.311337,0.000000,0.000000,-0.311337,0.831726,0.000000
16.900000,1.500000,682.000000,0.000000,0.000000,307.000000,1.500000,1.108968,-0.002179,1.000859,0.831726,0.831726,1.000000,0.000100000,0.000001113,0.099000,0.000000,0.311337,0.000000,0.000000,-0.311337,0.831726,0.000000
17.000000,1.500000,682.000000,0.000000,0.000000,307.000000,1.500000,1.108968,-0.002179,1.000860,0.831726,0.831726,1.000000,0.000100000,0.000001113,0.099000,0.000000,0.311337,0.000000,0.000000,-0.311337,0.831726,0.000000
17.100000,1.500000,682.000000,0.000000,0.000000,307.000000,1.500000,1.108968,-0.002179,1.000860,0.831726,0.831726,1.000000,0.000100000,0.000001113,0.099000,0.000000,0.311337,0.000000,0.000000,-0.311337,0.831726,0.000000
17.199999,1.500000,682.000000,0.000000,0.000000,307.000000,1.500000,1.108968,-0.002179,1.000841,0.831726,0.831726,1.000000,0.000100000,0.000001113,0.099000,0.000000,0.311337,0.000000,0.000000,-0.311337,0.831726,0.000000
17.299999,1.500000,682.000000,0.000000,0.000000,307.000000,1.500000,1.108968,-0.002179,1.000860,0.831726,0.831726,1.000000,0.000100000,0.000001113,0.099000,0.000000,0.311337,0.000000,0.000000,-0.311337,0.831726,0.000000
17.400000,1.500000,682.000000,0.000000,0.000000,307.000000,1.500000,1.108968,-0.002179,1.000860,0.831726,0.831726,1.000000,0.000100000,0.000001113,0.099000,0.000000,0.311337,0.000000,0.000000,-0.311337,0.831726,0.000000
17.500000,1.500000,682.000000,0.000000,0.000000,307.000000,1.500000,1.108968,-0.002179,1.000860,0.831726,0.831726,1.000000,0.000100000,0.000001113,0.099000,0.000000,0.311337,0.000000,0.000000,-0.311337,0.831726,0.000000
17.600000,1.500000,682.000000,0.000000,0.000000,307.000000,1.500000,1.108968,-0.002179,1.000856,0.831726,0.831726,1.000000,0.000100000,0.000001113,0.099000,0.000000,0.311337,0.000000,0.000000,-0.311337,0.831726,0.000000
17.699999,1.500000,682.000000,0.000000,0.000000,307.000000,1.500000,1.108968,-0.002179,1.000841,0.831726,0.831726,1.000000,0.000100000,0.000001113,0.099000,0.000000,0.311337,0.000000,0.000000,-0.311337,0.831726,0.000000
17.799999,1.500000,682.000000,0.000000,0.000000,307.000000,1.500000,1.108968,-0.002179,1.000860,0.831726,0.831726,1.000000,0.000100000,0.000001113,0.099000,0.000000,0.311337,0.000000,0.000000,-0.311337,0.831726,0.000000
17.900000,1.500000,682.000000,0.000000,0.000000,307.000000,1.500000,1.108968,-0.002179,1.000860,0.831726,0.831726,1.000000,0.000100000,0.000001113,0.099000,0.000000,0.311337,0.000000,0.000000,-0.311337,0.831726,0.000000
18.000000,1.500000,682.000000,0.000000,0.000000,307.000000,1.500000,1.108968,-0.002179,1.000860,0.831726,0.831726,1.000000,0.000100000,0.000001113,0.099000,0.000000,0.311337,0.000000,0.000000,-0.311337,0.831726,0.000000
18.100000,1.500000,682.000000,0.000000,0.000000,307.000000,1.500000,1.108968,-0.002179,1.000859,0.831726,0.831726,1.000000,0.000100000,0.000001113,0.099000,0.000000,0.311337,0.000000,0.000000,-0.311337,0.831726,0.000000
18.199999,1.500000,682.000000,0.000000,0.000000,307.000000,1.500000,1.108968,-0.002179,1.000840,0.831726,0.831726,1.000000,0.000100000,0.000001113,0.099000,0.000000,0.311337,0.000000,0.000000,-0.311337,0.831726,0.000000
18.299999,1.500000,682.000000,0.000000,0.000000,307.000000,1.500000,1.108968,-0.002179,1.000861,0.831726,0.831726,1.000000,0.000100000,0.000001113,0.099000,0.000000,0.311337,0.000000,0.000000,-0.311337,0.831726,0.000000
18.400000,1.500000,682.000000,0.000000,0.000000,307.000000,1.500000,1.108968,-0.002179,1.000859,0.831726,0.831726,1.000000,0.000100000,0.000001113,0.099000,0.000000,0.311337,0.000000,0.000000,-0.311337,0.831726,0.000000
18.500000,1.500000,682.000000,0.000000,0.000000,307.000000,1.500000,1.108968,-0.002179,1.000856,0.831726,0.831726,1.000000,0.000100000,0.000001113,0.099000,0.000000,0.311337,0.000000,0.000000,-0.311337,0.831726,0.000000
18.600000,1.500000,682.000000,0.000000,0.000000,307.000000,1.500000,1.108968,-0.002179,1.000860,0.831726,0.831726,1.000000,0.000100000,0.000001113,0.099000,0.000000,0.311337,0.000000,0.000000,-0.311337,0.831726,0.000000
18.699999,1.500000,682.000000,0.000000,0.000000,307.000000,1.500000,1.108968,-0.002179,1.000841,0.831726,0.831726,1.000000,0.000100000,0.000001113,0.099000,0.000000,0.311337,0.000000,0.000000,-0.311337,0.831726,0.000000
18.799999,1.500000,682.000000,0.000000,0.000000,307.000000,1.500000,1.108968,-0.002179,1.000859,0.831726,0.831726,1.000000,0.000100000,0.000001113,0.099000,0.000000,0.311337,0.000000,0.000000,-0.311337,0.831726,0.000000
18.900000,1.500000,682.000000,0.000000,0.000000,307.000000,1.500000,1.108968,-0.002179,1.000861,0.831726,0.831726,1.000000,0.000100000,0.000001113,0.099000,0.000000,0.311337,0.000000,0.000000,-0.311337,0.831726,0.000000
19.000000,1.500000,682.000000,0.000000,0.000000,307.000000,1.500000,1.108968,-0.002179,1.000859,0.831726,0.831726,1.000000,0.000100000,0.000001113,0.099000,0.000000,0.311337,0.000000,0.000000,-0.311337,0.831726,0.000000
19.100000,1.500000,682.000000,0.000000,0.000000,307.000000,1.500000,1.108968,-0.002179,1.000859,0.831726,0.831726,1.000000,0.000100000,0.000001113,0.099000,0.000000,0.311337,0.000000,0.000000,-0.311337,0.831726,0.000000
19.199999,1.500000,682.000000,0.000000,0.000000,307.000000,1.500000,1.108968,-0.002179,1.000841,0.831726,0.831726,1.000000,0.000100000,0.000001113,0.099000,0.000000,0.311337,0.000000,0.000000,-0.311337,0.831726,0.000000
19.299999,1.500000,682.000000,0.000000,0.000000,307.000000,1.500000,1.108968,-0.002179,1.000860,0.831726,0.831726,1.000000,0.000100000,0.000001113,0.099000,0.000000,0.311337,0.000000,0.000000,-0.311337,0.831726,0.000000
19.400000,1.500000,682.000000,0.000000,0.000000,307.000000,1.500000,1.108968,-0.002179,1.000856,0.831726,0.831726,1.000000,0.000100000,0.000001113,0.099000,0.000000,0.311337,0.000000,0.000000,-0.311337,0.831726,0.000000
19.500000,1.500000,682.000000,0.000000,0.000000,307.000000,1.500000,1.108968,-0.002179,1.000860,0.831726,0.831726,1.000000,0.000100000,0.000001113,0.099000,0.000000,0.311337,0.000000,0.000000,-0.311337,0.831726,0.000000
19.600000,1.500000,682.000000,0.000000,0.000000,307.000000,1.500000,1.108968,-0.002179,1.000859,0.831726,0.831726,1.000000,0.000100000,0.000001113,0.099000,0.000000,0.311337,0.000000,0.000000,-0.311337,0.831726,0.000000
19.699999,1.500000,682.000000,0.000000,0.000000,307.000000,1.500000,1.108968,-0.002179,1.000841,0.831726,0.831726,1.000000,0.000100000,0.000001113,0.099000,0.000000,0.311337,0.000000,0.000000,-0.311337,0.831726,0.000000
19.799999,1.500000,682.000000,0.000000,0.000000,307.000000,1.500000,1.108968,-0.002179,1.000860,0.831726,0.831726,1.000000,0.000100000,0.000001113,0.099000,0.000000,0.311337,0.000000,0.000000,-0.311337,0.831726,0.000000
19.900000,1.500000,682.000000,0.000000,0.000000,307.000000,1.500000,1.108968,-0.002179,1.000860,0.831726,0.831726,1.000000,0.000100000,0.000001113,0.099000,0.000000,0.311337,0.000000,0.000000,-0.311337,0.831726,0.000000
20.000000,1.500000,682.000000,0.000000,0.000000,307.000000,1.500000,1.108968,-0.002179,1.000860,0.831726,0.831726,1.000000,0.000100000,0.000001113,0.099000,0.000000,0.311337,0.000000,0.000000,-0.311337,0.831726,0.000000
20.100000,1.500000,682.000000,0.000000,0.000000,307.000000,1.500000,1.108968,-0.002179,1.000860,0.831726,0.831726,1.000000,0.000100000,0.000001113,0.099000,0.000000,0.311337,0.000000,0.000000,-0.311337,0.831726,0.000000
20.199999,1.500000,682.000000,0.000000,0.000000,307.000000,1.500000,1.108968,-0.002179,1.000840,0.831726,0.831726,1.000000,0.000100000,0.000001113,0.099000,0.000000,0.311337,0.000000,0.000000,-0.311337,0.831726,0.000000
20.299999,1.500000,682.000000,0.000000,0.000000,307.000000,1.500000,1.108968,-0.002179,1.000857,0.831726,0.831726,1.000000,0.000100000,0.000001113,0.099000,0.000000,0.311337,0.000000,0.000000,-0.311337,0.831726,0.000000
20.400000,1.500000,682.000000,0.000000,0.000000,307.000000,1.500000,1.108968,-0.002179,1.000860,0.831726,0.831726,1.000000,0.000100000,0.000001113,0.099000,0.000000,0.311337,0.000000,0.000000,-0.311337,0.831726,0.000000
20.500000,1.500000,682.000000,0.000000,0.000000,307.000000,1.500000,1.108968,-0.002179,1.000859,0.831726,0.831726,1.000000,0.000100000,0.000001113,0.099000,0.000000,0.311337,0.000000,0.000000,-0.311337,0.831726,0.000000
20.600000,1.500000,682.000000,0.000000,0.000000,307.000000,1.500000,1.108968,-0.002179,1.000860,0.831726,0.831726,1.000000,0.000100000,0.000001113,0.099000,0.000000,0.311337,0.000000,0.000000,-0.311337,0.831726,0.000000
20.699999,1.500000,682.000000,0.000000,0.000000,307.000000,1.500000,1.108968,-0.002179,1.000840,0.831726,0.831726,1.000000,0.000100000,0.000001113,0.099000,0.000000,0.311337,0.000000,0.000000,-0.311337,0.831726,0.000000
20.799999,1.500000,682.000000,0.000000,0.000000,307.000000,1.500000,1.108968,-0.002179,1.000860,0.831726,0.831726,1.000000,0.000100000,0.000001113,0.099000,0.000000,0.311337,0.000000,0.000000,-0.311337,0.831726,0.000000
20.900000,1.500000,682.000000,0.000000,0.000000,307.000000,1.500000,1.108968,-0.002179,1.000860,0.831726,0.831726,1.000000,0.000100000,0.000001113,0.099000,0.000000,0.311337,0.000000,0.000000,-0.311337,0.831726,0.000000
21.000000,1.500000,682.000000,0.000000,0.000000,307.000000,1.500000,1.108968,-0.002179,1.000860,0.831726,0.831726,1.000000,0.000100000,0.000001113,0.099000,0.000000,0.311337,0.000000,0.000000,-0.311337,0.831726,0.000000
21.100000,1.500000,682.000000,0.000000,0.000000,307.000000,1.500000,1.108968,-0.002179,1.000859,0.831726,0.831726,1.000000,0.000100000,0.000001113,0.099000,0.000000,0.311337,0.000000,0.000000,-0.311337,0.831726,0.000000
21.199999,1.500000,682.000000,0.000000,0.000000,307.000000,1.500000,1.108968,-0.002179,1.000838,0.831726,0.831726,1.000000,0.000100000,0.000001113,0.099000,0.000000,0.311337,0.000000,0.000000,-0.311337,0.831726,0.000000
21.299999,1.500000,682.000000,0.000000,0.000000,307.000000,1.500000,1.108968,-0.002179,1.000860,0.831726,0.831726,1.000000,0.000100000,0.000001113,0.099000,0.000000,0.311337,0.000000,0.000000,-0.311337,0.831726,0.000000
21.400000,1.500000,682.000000,0.000000,0.000000,307.000000,1.500000,1.108968,-0.002179,1.000860,0.831726,0.831726,1.000000,0.000100000,0.000001113,0.099000,0.000000,0.311337,0.000000,0.000000,-0.311337,0.831726,0.000000
21.500000,1.500000,682.000000,0.000000,0.000000,307.000000,1.500000,1.108968,-0.002179,1.000859,0.831726,0.831726,1.000000,0.000100000,0.000001113,0.099000,0.000000,0.311337,0.000000,0.000000,-0.311337,0.831726,0.000000
21.600000,1.500000,682.000000,0.000000,0.000000,307.000000,1.500000,1.108968,-0.002179,1.000860,0.831726,0.831726,1.000000,0.000100000,0.000001113,0.099000,0.000000,0.311337,0.000000,0.000000,-0.311337,0.831726,0.000000
21.699999,1.500000,682.000000,0.000000,0.000000,307.000000,1.500000,1.108968,-0.002179,1.000841,0.831726,0.831726,1.000000,0.000100000,0.000001113,0.099000,0.000000,0.311337,0.000000,0.000000,-0.311337,0.831726,0.000000
21.799999,1.500000,682.000000,0.000000,0.000000,307.000000,1.500000,1.108968,-0.002179,1.000859,0.831726,0.831726,1.000000,0.000100000,0.000001113,0.099000,0.000000,0.311337,0.000000,0.000000,-0.311337,0.831726,0.000000
21.900000,1.500000,682.000000,0.000000,0.000000,307.000000,1.500000,1.108968,-0.002179,1.000860,0.831726,0.831726,1.000000,0.000100000,0.000001113,0.099000,0.000000,0.311337,0.000000,0.000000,-0.311337,0.831726,0.000000
22.000000,1.500000,682.000000,0.000000,0.000000,307.000000,1.500000,1.108968,-0.002179,1.000859,0.831726,0.831726,1.000000,0.000100000,0.000001113,0.099000,0.000000,0.311337,0.000000,0.000000,-0.311337,0.831726,0.000000
22.100000,1.500000,682.000000,0.000000,0.000000,307.000000,1.500000,1.108968,-0.002179,1.000857,0.831726,0.831726,1.000000,0.000100000,0.000001113,0.099000,0.000000,0.311337,0.000000,0.000000,-0.311337,0.831726,0.000000
22.199999,1.500000,682.000000,0.000000,0.000000,307.000000,1.500000,1.108968,-0.002179,1.000841,0.831726,0.831726,1.000000,0.000100000,0.000001113,0.099000,0.000000,0.311337,0.000000,0.000000,-0.311337,0.831726,0.000000
22.299999,1.500000,682.000000,0.000000,0.000000,307.000000,1.500000,1.108968,-0.002179,1.000860,0.831726,0.831726,1.000000,0.000100000,0.000001113,0.099000,0.000000,0.311337,0.000000,0.000000,-0.311337,0.831726,0.000000
22.400000,1.500000,682.000000,0.000000,0.000000,307.000000,1.500000,1.108968,-0.002179,1.000860,0.831726,0.831726,1.000000,0.000100000,0.000001113,0.099000,0.000000,0.311337,0.000000,0.000000,-0.311337,0.831726,0.000000
22.500000,1.500000,682.000000,0.000000,0.000000,307.000000,1.500000,1.108968,-0.002179,1.000860,0.831726,0.831726,1.000000,0.000100000,0.000001113,0.099000,0.000000,0.311337,0.000000,0.000000,-0.311337,0.831726,0.000000
22.600000,1.500000,682.000000,0.000000,0.000000,307.000000,1.500000,1.108968,-0.002179,1.000860,0.831726,0.831726,1.000000,0.000100000,0.000001113,0.099000,0.000000,0.311337,0.000000,0.000000,-0.311337,0.831726,0.000000
22.699999,1.500000,682.000000,0.000000,0.000000,307.000000,1.500000,1.108968,-0.002179,1.000840,0.831726,0.831726,1.000000,0.000100000,0.000001113,0.099000,0.000000,0.311337,0.000000,0.000000,-0.311337,0.831726,0.000000
22.799999,1.500000,682.000000,0.000000,0.000000,307.000000,1.500000,1.108968,-0.002179,1.000860,0.831726,0.831726,1.000000,0.000100000,0.000001113,0.099000,0.000000,0.311337,0.000000,0.000000,-0.311337,0.831726,0.000000
22.900000,1.500000,682.000000,0.000000,0.000000,307.000000,1.500000,1.108968,-0.002179,1.000860,0.831726,0.831726,1.000000,0.000100000,0.000001113,0.099000,0.000000,0.311337,0.000000,0.000000,-0.311337,0.831726,0.000000
23.000000,1.500000,682.000000,0.000000,0.000000,307.000000,1.500000,1.108968,-0.002179,1.000856,0.831726,0.831726,1.000000,0.000100000,0.000001113,0.099000,0.000000,0.311337,0.000000,0.000000,-0.311337,0.831726,0.000000
23.099998,1.500000,682.000000,0.000000,0.000000,307.000000,1.500000,1.108968,-0.002179,1.000841,0.831726,0.831726,1.000000,0.000100000,0.000001113,0.099000,0.000000,0.311337,0.000000,0.000000,-0.311337,0.831726,0.000000
23.199999,1.500000,682.000000,0.000000,0.000000,307.000000,1.500000,1.108968,-0.002179,1.000860,0.831726,0.831726,1.000000,0.000100000,0.000001113,0.099000,0.000000,0.311337,0.000000,0.000000,-0.311337,0.831726,0.000000
23.299999,1.500000,682.000000,0.000000,0.000000,307.000000,1.500000,1.108968,-0.002179,1.000859,0.831726,0.831726,1.000000,0.000100000,0.000001113,0.099000,0.000000,0.311337,0.000000,0.000000,-0.311337,0.831726,0.000000
23.400000,1.500000,682.000000,0.000000,0.000000,307.000000,1.500000,1.108968,-0.002179,1.000860,0.831726,0.831726,1.000000,0.000100000,0.000001113,0.099000,0.000000,0.311337,0.000000,0.000000,-0.311337,0.831726,0.000000
23.500000,1.500000,682.000000,0.000000,0.000000,307.000000,1.500000,1.108968,-0.002179,1.000860,0.831726,0.831726,1.000000,0.000100000,0.000001113,0.099000,0.000000,0.311337,0.000000,0.000000,-0.311337,0.831726,0.000000
23.599999,1.500000,682.000000,0.000000,0.000000,307.000000,1.500000,1.108968,-0.002179,1.000840,0.831726,0.831726,1.000000,0.000100000,0.000001113,0.099000,0.000000,0.311337,0.000000,0.000000,-0.311337,0.831726,0.000000
23.699999,1.500000,682.000000,0.000000,0.000000,307.000000,1.500000,1.108968,-0.002179,1.000860,0.831726,0.831726,1.000000,0.000100000,0.000001113,0.099000,0.000000,0.311337,0.000000,0.000000,-0.311337,0.831726,0.000000
23.799999,1.500000,682.000000,0.000000,0.000000,307.000000,1.500000,1.108968,-0.002179,1.000860,0.831726,0.831726,1.000000,0.000100000,0.000001113,0.099000,0.000000,0.311337,0.000000,0.000000,-0.311337,0.831726,0.000000
23.900000,1.500000,682.000000,0.000000,0.000000,307.000000,1.500000,1.108968,-0.002179,1.000856,0.831726,0.831726,1.000000,0.000100000,0.000001113,0.099000,0.000000,0.311337,0.000000,0.000000,-0.311337,0.831726,0.000000
24.000000,1.500000,682.000000,0.000000,0.000000,307.000000,1.500000,1.108968,-0.002179,1.000859,0.831726,0.831726,1.000000,0.000100000,0.000001113,0.099000,0.000000,0.311337,0.000000,0.000000,-0.311337,0.831726,0.000000
24.099998,1.500000,682.000000,0.000000,0.000000,307.000000,1.500000,1.108968,-0.002179,1.000841,0.831726,0.831726,1.000000,0.000100000,0.000001113,0.099000,0.000000,0.311337,0.000000,0.000000,-0.311337,0.831726,0.000000
24.199999,1.500000,682.000000,0.000000,0.000000,307.000000,1.500000,1.108968,-0.002179,1.000859,0.831726,0.831726,1.000000,0.000100000,0.000001113,0.099000,0.000000,0.311337,0.000000,0.000000,-0.311337,0.831726,0.000000
24.299999,1.500000,682.000000,0.000000,0.000000,307.000000,1.500000,1.108968,-0.002179,1.000860,0.831726,0.831726,1.000000,0.000100000,0.000001113,0.099000,0.000000,0.311337,0.000000,0.000000,-0.311337,0.831726,0.000000
24.400000,1.500000,682.000000,0.000000,0.000000,307.000000,1.500000,1.108968,-0.002179,1.000860,0.831726,0.831726,1.000000,0.000100000,0.000001113,0.099000,0.000000,0.311337,0.000000,0.000000,-0.311337,0.831726,0.000000
24.500000,1.500000,682.000000,0.000000,0.000000,307.000000,1.500000,1.108968,-0.002179,1.000860,0.831726,0.831726,1.000000,0.000100000,0.000001113,0.099000,0.000000,0.311337,0.000000,0.000000,-0.311337,0.831726,0.000000
24.599999,1.500000,682.000000,0.000000,0.000000,307.000000,1.500000,1.108968,-0.002179,1.000840,0.831726,0.831726,1.000000,0.000100000,0.000001113,0.099000,0.000000,0.311337,0.000000,0.000000,-0.311337,0.831726,0.000000
24.699999,1.500000,682.000000,0.000000,0.000000,307.000000,1.500000,1.108968,-0.002179,1.000860,0.831726,0.831726,1.000000,0.000100000,0.000001113,0.099000,0.000000,0.311337,0.000000,0.000000,-0.311337,0.831726,0.000000
24.799999,1.500000,682.000000,0.000000,0.000000,307.000000,1.500000,1.108968,-0.002179,1.000857,0.831726,0.831726,1.000000,0.000100000,0.000001113,0.099000,0.000000,0.311337,0.000000,0.000000,-0.311337,0.831726,0.000000
24.900000,1.500000,682.000000,0.000000,0.000000,307.000000,1.500000,1.108968,-0.002179,1.000859,0.831726,0.831726,1.000000,0.000100000,0.000001113,0.099000,0.000000,0.311337,0.000000,0.000000,-0.311337,0.831726,0.000000
25.000000,1.500000,682.000000,0.000000,0.000000,307.000000,1.500000,1.108968,-0.002179,1.000860,0.831726,0.831726,1.000000,0.000100000,0.000001113,0.099000,0.000000,0.311337,0.000000,0.000000,-0.311337,0.831726,0.000000
25.099998,1.500000,682.000000,0.000000,0.000000,307.000000,1.500000,1.108968,-0.002179,1.000841,0.831726,0.831726,1.000000,0.000100000,0.000001113,0.099000,0.000000,0.311337,0.000000,0.000000,-0.311337,0.831726,0.000000
25.199999,1.500000,682.000000,0.000000,0.000000,307.000000,1.500000,1.108968,-0.002179,1.000860,0.831726,0.831726,1.000000,0.000100000,0.000001113,0.099000,0.000000,0.311337,0.000000,0.000000,-0.311337,0.831726,0.000000
25.299999,1.500000,682.000000,0.000000,0.000000,307.000000,1.500000,1.108968,-0.002179,1.000860,0.831726,0.831726,1.000000,0.000100000,0.000001113,0.099000,0.000000,0.311337,0.000000,0.000000,-0.311337,0.831726,0.000000
25.400000,1.500000,682.000000,0.000000,0.000000,307.000000,1.500000,1.108968,-0.002179,1.000860,0.831726,0.831726,1.000000,0.000100000,0.000001113,0.099000,0.000000,0.311337,0.000000,0.000000,-0.311337,0.831726,0.000000
25.500000,1.500000,682.000000,0.000000,0.000000,307.000000,1.500000,1.108968,-0.002179,1.000859,0.831726,0.831726,1.000000,0.000100000,0.000001113,0.099000,0.000000,0.311337,0.000000,0.000000,-0.311337,0.831726,0.000000
25.599999,1.500000,682.000000,0.000000,0.000000,307.000000,1.500000,1.108968,-0.002179,1.000841,0.831726,0.831726,1.000000,0.000100000,0.000001113,0.099000,0.000000,0.311337,0.000000,0.000000,-0.311337,0.831726,0.000000
25.699999,1.500000,682.000000,0.000000,0.000000,307.000000,1.500000,1.108968,-0.002179,1.000856,0.831726,0.831726,1.000000,0.000100000,0.000001113,0.099000,0.000000,0.311337,0.000000,0.000000,-0.311337,0.831726,0.000000
25.799999,1.500000,682.000000,0.000000,0.000000,307.000000,1.500000,1.108968,-0.002179,1.000860,0.831726,0.831726,1.000000,0.000100000,0.000001113,0.099000,0.000000,0.311337,0.000000,0.000000,-0.311337,0.831726,0.000000
25.900000,1.500000,682.000000,0.000000,0.000000,307.000000,1.500000,1.108968,-0.002179,1.000860,0.831726,0.831726,1.000000,0.000100000,0.000001113,0.099000,0.000000,0.311337,0.000000,0.000000,-0.311337,0.831726,0.000000
26.000000,1.500000,682.000000,0.000000,0.000000,307.000000,1.500000,1.108968,-0.002179,1.000860,0.831726,0.831726,1.000000,0.000100000,0.000001113,0.099000,0.000000,0.311337,0.000000,0.000000,-0.311337,0.831726,0.000000
26.099998,1.500000,682.000000,0.000000,0.000000,307.000000,1.500000,1.108968,-0.002179,1.000841,0.831726,0.831726,1.000000,0.000100000,0.000001113,0.099000,0.000000,0.311337,0.000000,0.000000,-0.311337,0.831726,0.000000
26.199999,1.500000,682.000000,0.000000,0.000000,307.000000,1.500000,1.108968,-0.002179,1.000860,0.831726,0.831726,1.000000,0.000100000,0.000001113,0.099000,0.000000,0.311337,0.000000,0.000000,-0.311337,0.831726,0.000000
26.299999,1.500000,682.000000,0.000000,0.000000,307.000000,1.500000,1.108968,-0.002179,1.000860,0.831726,0.831726,1.000000,0.000100000,0.000001113,0.099000,0.000000,0.311337,0.000000,0.000000,-0.311337,0.831726,0.000000
26.400000,1.500000,682.000000,0.000000,0.000000,307.000000,1.500000,1.108968,-0.002179,1.000860,0.831726,0.831726,1.000000,0.000100000,0.000001113,0.099000,0.000000,0.311337,0.000000,0.000000,-0.311337,0.831726,0.000000
26.500000,1.500000,682.000000,0.000000,0.000000,307.000000,1.500000,1.108968,-0.002179,1.000860,0.831726,0.831726,1.000000,0.000100000,0.000001113,0.099000,0.000000,0.311337,0.000000,0.000000,-0.311337,0.831726,0.000000
26.599999,1.500000,682.000000,0.000000,0.000000,307.000000,1.500000,1.108968,-0.002179,1.000837,0.831726,0.831726,1.000000,0.000100000,0.000001113,0.099000,0.000000,0.311337,0.000000,0.000000,-0.311337,0.831726,0.000000
26.699999,1.500000,682.000000,0.000000,0.000000,307.000000,1.500000,1.108968,-0.002179,1.000859,0.831726,0.831726,1.000000,0.000100000,0.000001113,0.099000,0.000000,0.311337,0.000000,0.000000,-0.311337,0.831726,0.000000
26.799999,1.500000,682.000000,0.000000,0.000000,307.000000,1.500000,1.108968,-0.002179,1.000861,0.831726,0.831726,1.000000,0.000100000,0.000001113,0.099000,0.000000,0.311337,0.000000,0.000000,-0.311337,0.831726,0.000000
26.900000,1.500000,682.000000,0.000000,0.000000,307.000000,1.500000,1.108968,-0.002179,1.000859,0.831726,0.831726,1.000000,0.000100000,0.000001113,0.099000,0.000000,0.311337,0.000000,0.000000,-0.311337,0.831726,0.000000
27.000000,1.500000,682.000000,0.000000,0.000000,307.000000,1.500000,1.108968,-0.002179,1.000859,0.831726,0.831726,1.000000,0.000100000,0.000001113,0.099000,0.000000,0.311337,0.000000,0.000000,-0.311337,0.831726,0.000000
27.099998,1.500000,682.000000,0.000000,0.000000,307.000000,1.500000,1.108968,-0.002179,1.000842,0.831726,0.831726,1.000000,0.000100000,0.000001113,0.099000,0.000000,0.311337,0.000000,0.000000,-0.311337,0.831726,0.000000
27.199999,1.500000,682.000000,0.000000,0.000000,307.000000,1.500000,1.108968,-0.002179,1.000859,0.831726,0.831726,1.000000,0.000100000,0.000001113,0.099000,0.000000,0.311337,0.000000,0.000000,-0.311337,0.831726,0.000000
27.299999,1.500000,682.000000,0.000000,0.000000,307.000000,1.500000,1.108968,-0.002179,1.000859,0.831726,0.831726,1.000000,0.000100000,0.000001113,0.099000,0.000000,0.311337,0.000000,0.000000,-0.311337,0.831726,0.000000
27.400000,1.500000,682.000000,0.000000,0.000000,307.000000,1.500000,1.108968,-0.002179,1.000860,0.831726,0.831726,1.000000,0.000100000,0.000001113,0.099000,0.000000,0.311337,0.000000,0.000000,-0.311337,0.831726,0.000000
27.500000,1.500000,682.000000,0.000000,0.000000,307.000000,1.500000,1.108968,-0.002179,1.000857,0.831726,0.831726,1.000000,0.000100000,0.000001113,0.099000,0.000000,0.311337,0.000000,0.000000,-0.311337,0.831726,0.000000
27.599999,1.500000,682.000000,0.000000,0.000000,307.000000,1.500000,1.108968,-0.002179,1.000841,0.831726,0.831726,1.000000,0.000100000,0.000001113,0.099000,0.000000,0.311337,0.000000,0.000000,-0.311337,0.831726,0.000000
27.699999,1.500000,682.000000,0.000000,0.000000,307.000000,1.500000,1.108968,-0.002179,1.000859,0.831726,0.831726,1.000000,0.000100000,0.000001113,0.099000,0.000000,0.311337,0.000000,0.000000,-0.311337,0.831726,0.000000
27.799999,1.500000,682.000000,0.000000,0.000000,307.000000,1.500000,1.108968,-0.002179,1.000860,0.831726,0.831726,1.000000,0.000100000,0.000001113,0.099000,0.000000,0.311337,0.000000,0.000000,-0.311337,0.831726,0.000000
27.900000,1.500000,682.000000,0.000000,0.000000,307.000000,1.500000,1.108968,-0.002179,1.000860,0.831726,0.831726,1.000000,0.000100000,0.000001113,0.099000,0.000000,0.311337,0.000000,0.000000,-0.311337,0.831726,0.000000
28.000000,1.500000,682.000000,0.000000,0.000000,307.000000,1.500000,1.108968,-0.002179,1.000860,0.831726,0.831726,1.000000,0.000100000,0.000001113,0.099000,0.000000,0.311337,0.000000,0.000000,-0.311337,0.831726,0.000000
28.099998,1.500000,682.000000,0.000000,0.000000,307.000000,1.500000,1.108968,-0.002179,1.000840,0.831726,0.831726,1.000000,0.000100000,0.000001113,0.099000,0.000000,0.311337,0.000000,0.000000,-0.311337,0.831726,0.000000
28.199999,1.500000,682.000000,0.000000,0.000000,307.000000,1.500000,1.108968,-0.002179,1.000861,0.831726,0.831726,1.000000,0.000100000,0.000001113,0.099000,0.000000,0.311337,0.000000,0.000000,-0.311337,0.831726,0.000000
28.299999,1.500000,682.000000,0.000000,0.000000,307.000000,1.500000,1.108968,-0.002179,1.000860,0.831726,0.831726,1.000000,0.000100000,0.000001113,0.099000,0.000000,0.311337,0.000000,0.000000,-0.311337,0.831726,0.000000
28.400000,1.500000,682.000000,0.000000,0.000000,307.000000,1.500000,1.108968,-0.002179,1.000856,0.831726,0.831726,1.000000,0.000100000,0.000001113,0.099000,0.000000,0.311337,0.000000,0.000000,-0.311337,0.831726,0.000000
28.500000,1.500000,682.000000,0.000000,0.000000,307.000000,1.500000,1.108968,-0.002179,1.000859,0.831726,0.831726,1.000000,0.000100000,0.000001113,0.099000,0.000000,0.311337,0.000000,0.000000,-0.311337,0.831726,0.000000
28.599999,1.500000,682.000000,0.000000,0.000000,307.000000,1.500000,1.108968,-0.002179,1.000841,0.831726,0.831726,1.000000,0.000100000,0.000001113,0.099000,0.000000,0.311337,0.000000,0.000000,-0.311337,0.831726,0.000000
28.699999,1.500000,682.000000,0.000000,0.000000,307.000000,1.500000,1.108968,-0.002179,1.000860,0.831726,0.831726,1.000000,0.000100000,0.000001113,0.099000,0.000000,0.311337,0.000000,0.000000,-0.311337,0.831726,0.000000
28.799999,1.500000,682.000000,0.000000,0.000000,307.000000,1.500000,1.108968,-0.002179,1.000859,0.831726,0.831726,1.000000,0.000100000,0.000001113,0.099000,0.000000,0.311337,0.000000,0.000000,-0.311337,0.831726,0.000000
28.900000,1.500000,682.000000,0.000000,0.000000,307.000000,1.500000,1.108968,-0.002179,1.000860,0.831726,0.831726,1.000000,0.000100000,0.000001113,0.099000,0.000000,0.311337,0.000000,0.000000,-0.311337,0.831726,0.000000
29.000000,1.500000,682.000000,0.000000,0.000000,307.000000,1.500000,1.108968,-0.002179,1.000860,0.831726,0.831726,1.000000,0.000100000,0.000001113,0.099000,0.000000,0.311337,0.000000,0.000000,-0.311337,0.831726,0.000000
29.099998,1.500000,682.000000,0.000000,0.000000,307.000000,1.500000,1.108968,-0.002179,1.000840,0.831726,0.831726,1.000000,0.000100000,0.000001113,0.099000,0.000000,0.311337,0.000000,0.000000,-0.311337,0.831726,0.000000
29.199999,1.500000,682.000000,0.000000,0.000000,307.000000,1.500000,1.108968,-0.002179,1.000859,0.831726,0.831726,1.000000,0.000100000,0.000001113,0.099000,0.000000,0.311337,0.000000,0.000000,-0.311337,0.831726,0.000000
29.299999,1.500000,682.000000,0.000000,0.000000,307.000000,1.500000,1.108968,-0.002179,1.000857,0.831726,0.831726,1.000000,0.000100000,0.000001113,0.099000,0.000000,0.311337,0.000000,0.000000,-0.311337,0.831726,0.000000
29.400000,1.500000,682.000000,0.000000,0.000000,307.000000,1.500000,1.108968,-0.002179,1.000859,0.831726,0.831726,1.000000,0.000100000,0.000001113,0.099000,0.000000,0.311337,0.000000,0.000000,-0.311337,0.831726,0.000000
29.500000,1.500000,682.000000,0.000000,0.000000,307.000000,1.500000,1.108968,-0.002179,1.000860,0.831726,0.831726,1.000000,0.000100000,0.000001113,0.099000,0.000000,0.311337,0.000000,0.000000,-0.311337,0.831726,0.000000
29.599999,1.500000,682.000000,0.000000,0.000000,307.000000,1.500000,1.108968,-0.002179,1.000841,0.831726,0.831726,1.000000,0.000100000,0.000001113,0.099000,0.000000,0.311337,0.000000,0.000000,-0.311337,0.831726,0.000000
29.699999,1.500000,682.000000,0.000000,0.000000,307.000000,1.500000,1.108968,-0.002179,1.000860,0.831726,0.831726,1.000000,0.000100000,0.000001113,0.099000,0.000000,0.311337,0.000000,0.000000,-0.311337,0.831726,0.000000
29.799999,1.500000,682.000000,0.000000,0.000000,307.000000,1.500000,1.108968,-0.002179,1.000860,0.831726,0.831726,1.000000,0.000100000,0.000001113,0.099000,0.000000,0.311337,0.000000,0.000000,-0.311337,0.831726,0.000000
29.900000,1.500000,682.000000,0.000000,0.000000,307.000000,1.500000,1.108968,-0.002179,1.000860,0.831726,0.831726,1.000000,0.000100000,0.000001113,0.099000,0.000000,0.311337,0.000000,0.000000,-0.311337,0.831726,0.000000
30.000000,1.500000,682.000000,0.000000,0.000000,307.000000,1.500000,1.108968,-0.002179,1.000859,0.831726,0.831726,1.000000,0.000100000,0.000001113,0.099000,0.000000,0.311337,0.000000,0.000000,-0.311337,0.831726,0.000000
30.099998,1.500000,682.000000,0.000000,0.000000,307.000000,1.500000,1.108968,-0.002179,1.000841,0.831726,0.831726,1.000000,0.000100000,0.000001113,0.099000,0.000000,0.311337,0.000000,0.000000,-0.311337,0.831726,0.000000
30.199999,1.500000,682.000000,0.000000,0.000000,307.000000,1.500000,1.108968,-0.002179,1.000857,0.831726,0.831726,1.000000,0.000100000,0.000001113,0.099000,0.000000,0.311337,0.000000,0.000000,-0.311337,0.831726,0.000000
30.299999,1.500000,682.000000,0.000000,0.000000,307.000000,1.500000,1.108968,-0.002179,1.000860,0.831726,0.831726,1.000000,0.000100000,0.000001113,0.099000,0.000000,0.311337,0.000000,0.000000,-0.311337,0.831726,0.000000
30.400000,1.500000,682.000000,0.000000,0.000000,307.000000,1.500000,1.108968,-0.002179,1.000860,0.831726,0.831726,1.000000,0.000100000,0.000001113,0.099000,0.000000,0.311337,0.000000,0.000000,-0.311337,0.831726,0.000000
30.500000,1.500000,682.000000,0.000000,0.000000,307.000000,1.500000,1.108968,-0.002179,1.000859,0.831726,0.831726,1.000000,0.000100000,0.000001113,0.099000,0.000000,0.311337,0.000000,0.000000,-0.311337,0.831726,0.000000
30.599999,1.500000,682.000000,0.000000,0.000000,307.000000,1.500000,1.108968,-0.002179,1.000841,0.831726,0.831726,1.000000,0.000100000,0.000001113,0.099000,0.000000,0.311337,0.000000,0.000000,-0.311337,0.831726,0.000000
30.699999,1.500000,682.000000,0.000000,0.000000,307.000000,1.500000,1.108968,-0.002179,1.000859,0.831726,0.831726,1.000000,0.000100000,0.000001113,0.099000,0.000000,0.311337,0.000000,0.000000,-0.311337,0.831726,0.000000
30.799999,1.500000,682.000000,0.000000,0.000000,307.000000,1.500000,1.108968,-0.002179,1.000860,0.831726,0.831726,1.000000,0.000100000,0.000001113,0.099000,0.000000,0.311337,0.000000,0.000000,-0.311337,0.831726,0.000000
30.900000,1.500000,682.000000,0.000000,0.000000,307.000000,1.500000,1.108968,-0.002179,1.000860,0.831726,0.831726,1.000000,0.000100000,0.000001113,0.099000,0.000000,0.311337,0.000000,0.000000,-0.311337,0.831726,0.000000
31.000000,1.500000,682.000000,0.000000,0.000000,307.000000,1.500000,1.108968,-0.002179,1.000860,0.831726,0.831726,1.000000,0.000100000,0.000001113,0.099000,0.000000,0.311337,0.000000,0.000000,-0.311337,0.831726,0.000000
