scenario,event,sim_time_s,n,thermal_power,Tf,Tc,rho,rho_dollars,rod_position,rod_target,I_norm,Xe_norm,rho_xe,decay_heat,plant_mode,scram_active,numerical_fault
chernobyl_rbmk_like,xenon_poisoned_low_power_initial,0,0.0625,0.0625,282.375,266.75,2.793967724e-09,3.9913823e-07,0.9689922929,0.9689922929,1,1.25,-0.004999999888,0.004124999978,1,0,0
chernobyl_rbmk_like,,0.09999999404,0.06250224262,0.06250209361,282.3750305,266.7684937,2.039596438e-07,2.913709068e-05,0.9689922929,0.9689922929,0.9999973178,1.250003815,-0.005000076257,0.004124999978,1,0,0
chernobyl_rbmk_like,,0.1999999881,0.06250414997,0.0625038743,282.3751526,266.786438,3.981404006e-07,5.687719749e-05,0.9689922929,0.9689922929,0.9999946356,1.25000751,-0.005000150297,0.004125000909,1,0,0
chernobyl_rbmk_like,,0.2999999821,0.06250606477,0.06250566989,282.3753357,266.8038635,5.825422704e-07,8.322032227e-05,0.9689922929,0.9689922929,0.9999919534,1.250011325,-0.0050002262,0.00412500184,1,0,0
chernobyl_rbmk_like,,0.3999999762,0.06250797212,0.06250745058,282.3755798,266.8208313,7.599592209e-07,0.0001085655967,0.9689922929,0.9689922929,0.9999892116,1.25001514,-0.005000302568,0.004125002772,1,0,0
chernobyl_rbmk_like,,0.5,0.06250968575,0.06250905246,282.3759155,266.8372803,9.30391252e-07,0.0001329130318,0.9689922929,0.9689922929,0.9999865294,1.250018835,-0.005000376608,0.004125004169,1,0,0
chernobyl_rbmk_like,,0.5999999642,0.0625115633,0.06251080334,282.3762817,266.8532715,1.09244138e-06,0.0001560630481,0.9689922929,0.9689922929,0.9999838471,1.25002265,-0.005000452977,0.004125005566,1,0,0
chernobyl_rbmk_like,,0.6999999881,0.06251318008,0.06251231581,282.3767395,266.8688049,1.246575266e-06,0.0001780821767,0.9689922929,0.9689922929,0.9999811649,1.250026464,-0.005000529345,0.00412500836,1,0,0
chernobyl_rbmk_like,,0.7999999523,0.06251479685,0.06251382828,282.3772583,266.8839111,1.397449523e-06,0.0001996356441,0.9689922929,0.9689922929,0.9999784827,1.25003016,-0.00500060292,0.004125010222,1,0,0
chernobyl_rbmk_like,,0.8999999762,0.06251650304,0.06251543015,282.3778381,266.8985596,1.537613571e-06,0.0002196590794,0.9689922929,0.9689922929,0.9999758005,1.250033975,-0.005000679288,0.004125013016,1,0,0
chernobyl_rbmk_like,,1,0.06251838058,0.06251718104,282.3784485,266.9128113,1.672189683e-06,0.0002388842258,0.9689922929,0.9689922929,0.9999731183,1.250037789,-0.005000755657,0.00412501581,1,0,0
chernobyl_rbmk_like,,1.100000024,0.06251990795,0.06251861155,282.3791199,266.9266357,1.802109182e-06,0.0002574441605,0.9689922929,0.9689922929,0.9999703765,1.250041485,-0.005000829697,0.004125019535,1,0,0
chernobyl_rbmk_like,,1.199999928,0.06252147257,0.06252007931,282.3798828,266.940094,1.923646778e-06,0.0002748066618,0.9689922929,0.9689922929,0.9999676943,1.2500453,-0.005000906065,0.004125022795,1,0,0
chernobyl_rbmk_like,,1.299999952,0.06252310425,0.06252160668,282.3806458,266.9531555,2.039596438e-06,0.0002913709031,0.9689922929,0.9689922929,0.9999650121,1.250049114,-0.005000981968,0.00412502652,1,0,0
chernobyl_rbmk_like,,1.399999976,0.06252459437,0.06252299994,282.3815002,266.9658508,2.151820809e-06,0.0003074029519,0.9689922929,0.9689922929,0.9999623299,1.25005281,-0.005001056008,0.004125030711,1,0,0
chernobyl_rbmk_like,,1.5,0.06252612174,0.06252443045,282.3823853,266.9782104,2.256594598e-06,0.0003223706444,0.9689922929,0.9689922929,0.9999596477,1.250056624,-0.005001132376,0.004125034437,1,0,0
chernobyl_rbmk_like,,1.599999905,0.06252765656,0.06252586842,282.3833008,266.9902039,2.355780452e-06,0.000336540048,0.9689922929,0.9689922929,0.9999569654,1.250060439,-0.005001208745,0.004125039093,1,0,0
chernobyl_rbmk_like,,1.699999928,0.06252894551,0.06252707541,282.3842773,267.0018311,2.450775355e-06,0.0003501107567,0.9689922929,0.9689922929,0.9999542832,1.250064135,-0.005001282785,0.00412504375,1,0,0
chernobyl_rbmk_like,,1.799999952,0.06253034621,0.06252839416,282.3852844,267.0131531,2.540182322e-06,0.0003628831764,0.9689922929,0.9689922929,0.9999515414,1.250067949,-0.005001358688,0.004125049338,1,0,0
chernobyl_rbmk_like,,1.899999976,0.06253183633,0.06252978742,282.3863525,267.0241699,2.623535693e-06,0.0003747908049,0.9689922929,0.9689922929,0.9999488592,1.250071764,-0.005001435056,0.004125053994,1,0,0
chernobyl_rbmk_like,,2,0.06253311783,0.06253099442,282.3874512,267.0348511,2.704095095e-06,0.0003862992744,0.9689922929,0.9689922929,0.999946177,1.250075459,-0.005001509096,0.004125059582,1,0,0
chernobyl_rbmk_like,,2.099999905,0.06253439188,0.06253218651,282.3886108,267.0452576,2.77813524e-06,0.0003968764504,0.9689922929,0.9689922929,0.9999434948,1.250079274,-0.005001585465,0.00412506517,1,0,0
chernobyl_rbmk_like,,2.200000048,0.06253567338,0.0625333935,282.3897705,267.0553284,2.846587449e-06,0.0004066553374,0.9689922929,0.9689922929,0.9999408126,1.250083089,-0.005001661833,0.004125070758,1,0,0
chernobyl_rbmk_like,,2.299999952,0.06253694743,0.0625345856,282.3909912,267.065155,2.914573997e-06,0.0004163676931,0.9689922929,0.9689922929,0.9999381304,1.250086784,-0.005001735408,0.004125076346,1,0,0
chernobyl_rbmk_like,,2.399999857,0.06253822893,0.06253579259,282.3922424,267.074707,2.975575626e-06,0.000425082224,0.9689922929,0.9689922929,0.9999354482,1.250090599,-0.005001811776,0.004125082865,1,0,0
chernobyl_rbmk_like,,2.5,0.06253929436,0.06253679097,282.3935242,267.0839539,3.030989319e-06,0.0004329984658,0.9689922929,0.9689922929,0.999932766,1.250094414,-0.005001888145,0.004125089385,1,0,0
chernobyl_rbmk_like,,2.599999905,0.0625403598,0.06253778934,282.3948364,267.0929871,3.085937351e-06,0.0004408481764,0.9689922929,0.9689922929,0.9999300241,1.250098109,-0.005001962185,0.004125095438,1,0,0
chernobyl_rbmk_like,,2.700000048,0.06254142523,0.06253879517,282.3961792,267.1017456,3.134831786e-06,0.0004478330957,0.9689922929,0.9689922929,0.9999273419,1.250101924,-0.005002038553,0.004125101957,1,0,0
chernobyl_rbmk_like,,2.799999952,0.06254249066,0.06253979355,282.3975525,267.11026,3.17953527e-06,0.0004542193201,0.9689922929,0.9689922929,0.9999246597,1.250105739,-0.005002114456,0.004125108942,1,0,0
chernobyl_rbmk_like,,2.899999857,0.06254355609,0.06254079938,282.3989563,267.1185303,3.222376108e-06,0.0004603394191,0.9689922929,0.9689922929,0.9999219775,1.250109434,-0.005002188496,0.004125115927,1,0,0
chernobyl_rbmk_like,,3,0.06254459918,0.06254178286,282.4003906,267.1265564,3.25916335e-06,0.000465594756,0.9689922929,0.9689922929,0.9999192953,1.250113249,-0.005002264865,0.004125122912,1,0,0
chernobyl_rbmk_like,,3.099999905,0.06254547089,0.06254260242,282.4018555,267.1343994,3.293156624e-06,0.0004704509338,0.9689922929,0.9689922929,0.9999166131,1.250117064,-0.005002341233,0.004125129897,1,0,0
chernobyl_rbmk_like,,3.199999809,0.06254637241,0.06254345179,282.4033508,267.1419983,3.325752914e-06,0.0004751075467,0.9689922929,0.9689922929,0.9999139309,1.250120759,-0.005002415273,0.004125136882,1,0,0
chernobyl_rbmk_like,,3.299999952,0.06254736334,0.06254438311,282.4048462,267.1493835,3.35322693e-06,0.0004790324019,0.9689922929,0.9689922929,0.9999111891,1.250124574,-0.005002491176,0.004125144333,1,0,0
chernobyl_rbmk_like,,3.399999857,0.06254836172,0.06254532188,282.4063721,267.1565552,3.376509994e-06,0.0004823585623,0.9689922929,0.9689922929,0.9999085069,1.250128388,-0.005002567545,0.004125151783,1,0,0
chernobyl_rbmk_like,,3.5,0.06254909188,0.06254601479,282.4079285,267.1635437,3.399327397e-06,0.0004856181913,0.9689922929,0.9689922929,0.9999058247,1.250132084,-0.005002641585,0.004125159699,1,0,0
chernobyl_rbmk_like,,3.599999905,0.06254994124,0.062546812,282.4095154,267.1703491,3.417022526e-06,0.0004881460627,0.9689922929,0.9689922929,0.9999031425,1.250135899,-0.005002717953,0.00412516715,1,0,0
chernobyl_rbmk_like,,3.699999809,0.06255079806,0.06254762411,282.4111023,267.1769409,3.431923687e-06,0.0004902748042,0.9689922929,0.9689922929,0.9999004602,1.250139713,-0.005002794322,0.004125175066,1,0,0
chernobyl_rbmk_like,,3.799999952,0.06255143136,0.06254822016,282.4127502,267.1833801,3.446824849e-06,0.0004924035165,0.9689922929,0.9689922929,0.999897778,1.250143409,-0.005002867896,0.004125182983,1,0,0
chernobyl_rbmk_like,,3.899999857,0.06255228817,0.06254903227,282.4143677,267.1896057,3.455672413e-06,0.0004936674959,0.9689922929,0.9689922929,0.9998950958,1.250147223,-0.005002944265,0.004125190899,1,0,0
chernobyl_rbmk_like,,4,0.06255275011,0.0625494644,282.4160461,267.1956787,3.46172601e-06,0.0004945322871,0.9689922929,0.9689922929,0.9998924136,1.250151038,-0.005003020633,0.004125198815,1,0,0
chernobyl_rbmk_like,,4.099999905,0.06255335361,0.0625500381,282.4177246,267.2015991,3.468245268e-06,0.0004954636097,0.9689922929,0.9689922929,0.9998896718,1.250154734,-0.005003094673,0.004125206731,1,0,0
chernobyl_rbmk_like,,4.199999809,0.06255399436,0.0625506416,282.4194031,267.2073364,3.469642252e-06,0.0004956631456,0.9689922929,0.9689922929,0.9998869896,1.250158548,-0.005003171042,0.004125214648,1,0,0
chernobyl_rbmk_like,,4.299999714,0.06255462766,0.06255124509,282.4211121,267.2129211,3.46917659e-06,0.0004955966142,0.9689922929,0.9689922929,0.9998843074,1.250162363,-0.005003246944,0.004125223029,1,0,0
chernobyl_rbmk_like,,4.400000095,0.06255526841,0.06255185604,282.4228516,267.2183533,3.467779607e-06,0.0004953970783,0.9689922929,0.9689922929,0.9998816252,1.250166059,-0.005003320985,0.004125231411,1,0,0
chernobyl_rbmk_like,,4.5,0.06255590916,0.06255245954,282.4245911,267.2236633,3.462657332e-06,0.0004946652916,0.9689922929,0.9689922929,0.999878943,1.250169873,-0.005003397353,0.004125239328,1,0,0
chernobyl_rbmk_like,,4.599999905,0.06255633384,0.06255286187,282.4263306,267.2287903,3.456603736e-06,0.0004938005004,0.9689922929,0.9689922929,0.9998762608,1.250173569,-0.005003471393,0.004125247709,1,0,0
chernobyl_rbmk_like,,4.699999809,0.06255675852,0.06255327165,282.4281006,267.2337952,3.446359187e-06,0.0004923369852,0.9689922929,0.9689922929,0.9998735785,1.250177383,-0.005003547762,0.004125256091,1,0,0
chernobyl_rbmk_like,,4.799999714,0.06255739927,0.06255387515,282.4299011,267.2386475,3.434251994e-06,0.0004906074028,0.9689922929,0.9689922929,0.9998708367,1.250181198,-0.005003623664,0.004125264473,1,0,0
chernobyl_rbmk_like,,4.900000095,0.06255760789,0.06255407631,282.4316711,267.2433777,3.4221448e-06,0.0004888778203,0.9689922929,0.9689922929,0.9998681545,1.250184894,-0.005003697705,0.004125272855,1,0,0
chernobyl_rbmk_like,,5,0.06255824864,0.06255468726,282.4335022,267.2479858,3.405846655e-06,0.0004865495139,0.9689922929,0.9689922929,0.9998654723,1.250188708,-0.005003774073,0.004125281237,1,0,0
chernobyl_rbmk_like,,5.099999905,0.06255846471,0.06255489588,282.4353027,267.2524719,3.388151526e-06,0.0004840216425,0.9689922929,0.9689922929,0.9998627901,1.250192523,-0.005003850441,0.004125289619,1,0,0
chernobyl_rbmk_like,,5.199999809,0.06255888939,0.06255530566,282.4371338,267.2568359,3.369990736e-06,0.0004814272397,0.9689922929,0.9689922929,0.9998601079,1.250196218,-0.005003924482,0.004125298001,1,0,0
chernobyl_rbmk_like,,5.299999714,0.06255909801,0.06255550683,282.4389648,267.2610779,3.348570317e-06,0.0004783671757,0.9689922929,0.9689922929,0.9998574257,1.250200033,-0.005004000384,0.004125306383,1,0,0
chernobyl_rbmk_like,,5.400000095,0.06255953014,0.06255591661,282.4408264,267.2651978,3.324821591e-06,0.000474974484,0.9689922929,0.9689922929,0.9998547435,1.250203848,-0.005004076753,0.00412531523,1,0,0
chernobyl_rbmk_like,,5.5,0.06255973876,0.06255612522,282.442688,267.2692261,3.301538527e-06,0.0004716483527,0.9689922929,0.9689922929,0.9998520613,1.250207543,-0.005004150793,0.004125323612,1,0,0
chernobyl_rbmk_like,,5.599999905,0.06255995482,0.06255633384,282.4445496,267.2731323,3.274530172e-06,0.0004677899997,0.9689922929,0.9689922929,0.9998493195,1.250211358,-0.005004227161,0.004125331994,1,0,0
chernobyl_rbmk_like,,5.699999809,0.06256037951,0.06255673617,282.4464111,267.276947,3.246124834e-06,0.0004637321108,0.9689922929,0.9689922929,0.9998466372,1.250215173,-0.00500430353,0.004125340376,1,0,0
chernobyl_rbmk_like,,5.799999714,0.06256058812,0.06255693734,282.4483032,267.2806396,3.218650818e-06,0.0004598072555,0.9689922929,0.9689922929,0.999843955,1.250218868,-0.005004377104,0.004125348758,1,0,0
chernobyl_rbmk_like,,5.899999619,0.06256080419,0.0625571534,282.4501953,267.2842407,3.18698585e-06,0.0004552836763,0.9689922929,0.9689922929,0.9998412728,1.250222683,-0.005004453473,0.00412535714,1,0,0
chernobyl_rbmk_like,,6,0.06256080419,0.06255716085,282.4520874,267.2877502,3.153458238e-06,0.0004504940298,0.9689922929,0.9689922929,0.9998385906,1.250226498,-0.005004529841,0.004125365522,1,0,0
chernobyl_rbmk_like,,6.099999905,0.0625610128,0.06255736202,282.45401,267.2911682,3.121327609e-06,0.0004459039192,0.9689922929,0.9689922929,0.9998359084,1.250230193,-0.005004603881,0.004125373904,1,0,0
chernobyl_rbmk_like,,6.199999809,0.0625610128,0.06255736947,282.4559021,267.2944946,3.085006028e-06,0.0004407151428,0.9689922929,0.9689922929,0.9998332262,1.250234008,-0.00500468025,0.00412538182,1,0,0
chernobyl_rbmk_like,,6.299999714,0.06256122887,0.06255757809,282.4578247,267.2977295,3.048684448e-06,0.0004355263372,0.9689922929,0.9689922929,0.9998304844,1.250237823,-0.005004756153,0.004125390202,1,0,0
chernobyl_rbmk_like,,6.399999619,0.06256122887,0.06255758554,282.4597473,267.3009033,3.012362868e-06,0.0004303375317,0.9689922929,0.9689922929,0.9998278022,1.250241518,-0.005004830193,0.004125398584,1,0,0
chernobyl_rbmk_like,,6.5,0.06256143749,0.06255779415,282.4616699,267.3039856,2.972315997e-06,0.0004246165627,0.9689922929,0.9689922929,0.99982512,1.250245333,-0.005004906561,0.004125406966,1,0,0
chernobyl_rbmk_like,,6.599999905,0.06256123632,0.06255760789,282.4635925,267.3069763,2.931337804e-06,0.0004187625309,0.9689922929,0.9689922929,0.9998224378,1.250249147,-0.00500498293,0.004125414882,1,0,0
chernobyl_rbmk_like,,6.699999809,0.06256122887,0.06255760789,282.4655151,267.3098755,2.891290933e-06,0.0004130415618,0.9689922929,0.9689922929,0.9998197556,1.250252843,-0.00500505697,0.004125422798,1,0,0
chernobyl_rbmk_like,,6.799999714,0.06256122887,0.06255761534,282.4674683,267.3127136,2.847984433e-06,0.0004068549024,0.9689922929,0.9689922929,0.9998170733,1.250256658,-0.005005132873,0.004125430714,1,0,0
chernobyl_rbmk_like,,6.899999619,0.06256122887,0.06255762279,282.4693909,267.3154907,2.803746611e-06,0.0004005352093,0.9689922929,0.9689922929,0.9998143911,1.250260472,-0.005005209241,0.004125438631,1,0,0
chernobyl_rbmk_like,,7,0.06256122887,0.06255763769,282.471344,267.3181763,2.760440111e-06,0.000394348579,0.9689922929,0.9689922929,0.9998117089,1.250264168,-0.005005283281,0.004125447012,1,0,0
chernobyl_rbmk_like,,7.099999905,0.0625610128,0.06255744398,282.4732971,267.3208008,2.713873982e-06,0.0003876962583,0.9689922929,0.9689922929,0.9998089671,1.250267982,-0.00500535965,0.004125454463,1,0,0
chernobyl_rbmk_like,,7.199999809,0.0625610128,0.06255745143,282.4752502,267.3233643,2.668704838e-06,0.0003812435316,0.9689922929,0.9689922929,0.9998062849,1.250271678,-0.005005433224,0.004125462379,1,0,0
chernobyl_rbmk_like,,7.299999714,0.06256079674,0.06255725771,282.4772034,267.3258362,2.619810402e-06,0.0003742586123,0.9689922929,0.9689922929,0.9998036027,1.250275493,-0.005005509593,0.00412546983,1,0,0
chernobyl_rbmk_like,,7.399999619,0.06256079674,0.06255726516,282.4791565,267.3282776,2.570450306e-06,0.0003672071616,0.9689922929,0.9689922929,0.9998009205,1.250279307,-0.005005585961,0.004125477746,1,0,0
chernobyl_rbmk_like,,7.5,0.06256058812,0.0625570789,282.4811096,267.3306274,2.521555871e-06,0.0003602222423,0.9689922929,0.9689922929,0.9997982383,1.250283003,-0.005005660001,0.004125485197,1,0,0
chernobyl_rbmk_like,,7.599999905,0.06256029755,0.06255681068,282.4830627,267.3329468,2.470333129e-06,0.0003529047244,0.9689922929,0.9689922929,0.9997955561,1.250286818,-0.00500573637,0.004125492647,1,0,0
chernobyl_rbmk_like,,7.699999809,0.06255994737,0.0625564903,282.4850159,267.3352051,2.418179065e-06,0.0003454541438,0.9689922929,0.9689922929,0.9997928739,1.250290632,-0.005005812738,0.004125500098,1,0,0
chernobyl_rbmk_like,,7.799999714,0.0625597313,0.06255629659,282.486969,267.3373718,2.367421985e-06,0.0003382031282,0.9689922929,0.9689922929,0.9997901917,1.250294328,-0.005005886313,0.004125507083,1,0,0
chernobyl_rbmk_like,,7.899999619,0.06255951524,0.06255610287,282.4889221,267.3395081,2.312939614e-06,0.000330419949,0.9689922929,0.9689922929,0.9997874498,1.250298142,-0.005005962681,0.004125514068,1,0,0
chernobyl_rbmk_like,,8,0.06255930662,0.06255591661,282.4908752,267.3416138,2.258457243e-06,0.0003226367407,0.9689922929,0.9689922929,0.9997847676,1.250301957,-0.005006039049,0.004125521518,1,0,0
chernobyl_rbmk_like,,8.099999428,0.06255888194,0.06255552918,282.4928284,267.3436279,2.204906195e-06,0.0003149865952,0.9689922929,0.9689922929,0.9997820854,1.250305653,-0.00500611309,0.004125528503,1,0,0
chernobyl_rbmk_like,,8.199999809,0.06255866587,0.06255532801,282.494812,267.3456116,2.14856118e-06,0.0003069372906,0.9689922929,0.9689922929,0.9997794032,1.250309467,-0.005006189458,0.004125535022,1,0,0
chernobyl_rbmk_like,,8.300000191,0.0625584498,0.0625551343,282.4967651,267.3475342,2.091750503e-06,0.0002988214837,0.9689922929,0.9689922929,0.999776721,1.250313282,-0.005006265361,0.004125542007,1,0,0
chernobyl_rbmk_like,,8.399999619,0.06255780905,0.0625545457,282.4987183,267.3494263,2.036336809e-06,0.0002909052419,0.9689922929,0.9689922929,0.9997740388,1.250316978,-0.005006339401,0.004125548527,1,0,0
chernobyl_rbmk_like,,8.5,0.06255760044,0.06255435944,282.5006714,267.3512573,1.977663487e-06,0.0002825233387,0.9689922929,0.9689922929,0.9997713566,1.250320792,-0.005006415769,0.004125555046,1,0,0
chernobyl_rbmk_like,,8.599999428,0.06255717576,0.06255396456,282.5026245,267.3530579,1.918524504e-06,0.0002740749333,0.9689922929,0.9689922929,0.9997686744,1.250324607,-0.005006492138,0.004125561565,1,0,0
chernobyl_rbmk_like,,8.699999809,0.06255674362,0.06255356967,282.5045776,267.3548279,1.861713827e-06,0.0002659590973,0.9689922929,0.9689922929,0.9997659326,1.250328302,-0.005006565712,0.004125568084,1,0,0
chernobyl_rbmk_like,,8.800000191,0.06255631894,0.06255317479,282.5065308,267.3565369,1.801177859e-06,0.0002573111269,0.9689922929,0.9689922929,0.9997632504,1.250332117,-0.005006642081,0.004125574138,1,0,0
chernobyl_rbmk_like,,8.899999619,0.06255589426,0.06255278736,282.5084839,267.3581848,1.742038876e-06,0.0002488626924,0.9689922929,0.9689922929,0.9997605681,1.250335813,-0.005006716121,0.004125580192,1,0,0
chernobyl_rbmk_like,,9,0.06255546957,0.06255239248,282.510437,267.3598022,1.680105925e-06,0.0002400151279,0.9689922929,0.9689922929,0.9997578859,1.250339627,-0.005006792489,0.004125586245,1,0,0
chernobyl_rbmk_like,,9.099999428,0.06255504489,0.06255200505,282.5123901,267.3614197,1.618172973e-06,0.0002311675635,0.9689922929,0.9689922929,0.9997552037,1.250343442,-0.005006868858,0.004125591833,1,0,0
chernobyl_rbmk_like,,9.199999809,0.06255461276,0.06255160272,282.5143433,267.3629456,1.557637006e-06,0.000222519564,0.9689922929,0.9689922929,0.9997525215,1.250347137,-0.005006942432,0.004125597887,1,0,0
chernobyl_rbmk_like,,9.300000191,0.06255397201,0.06255101413,282.5162659,267.3644714,1.494772732e-06,0.0002135389514,0.9689922929,0.9689922929,0.9997498393,1.250350952,-0.005007018801,0.004125603475,1,0,0
chernobyl_rbmk_like,,9.399999619,0.06255333871,0.06255042553,282.518219,267.3659363,1.430511475e-06,0.0002043587738,0.9689922929,0.9689922929,0.9997471571,1.250354767,-0.005007095169,0.004125609063,1,0,0
chernobyl_rbmk_like,,9.5,0.06255290657,0.06255003065,282.5201721,267.3674011,1.368578523e-06,0.0001955112093,0.9689922929,0.9689922929,0.9997444153,1.250358462,-0.005007169209,0.004125614651,1,0,0
chernobyl_rbmk_like,,9.599999428,0.06255227327,0.06254944205,282.5220947,267.3688049,1.303851604e-06,0.0001862645149,0.9689922929,0.9689922929,0.9997417331,1.250362277,-0.005007245578,0.004125619307,1,0,0
chernobyl_rbmk_like,,9.699999809,0.06255163252,0.06254884601,282.5240479,267.3701782,1.238193363e-06,0.0001768847578,0.9689922929,0.9689922929,0.9997390509,1.250366092,-0.005007321946,0.004125624895,1,0,0
chernobyl_rbmk_like,,9.800000191,0.06255120784,0.06254845858,282.5259705,267.371521,1.175329089e-06,0.0001679041452,0.9689922929,0.9689922929,0.9997363687,1.250369787,-0.005007395521,0.004125629552,1,0,0
chernobyl_rbmk_like,,9.899999619,0.06255056709,0.06254786253,282.5278931,267.3728333,1.108739525e-06,0.0001583913545,0.9689922929,0.9689922929,0.9997336864,1.250373602,-0.005007471889,0.004125634208,1,0,0
chernobyl_rbmk_like,,10,0.06254992634,0.06254726648,282.5298157,267.374115,1.042149961e-06,0.0001488785638,0.9689922929,0.9689922929,0.9997310042,1.250377417,-0.005007548258,0.004125638865,1,0,0
chernobyl_rbmk_like,,10.09999943,0.06254928559,0.06254667789,282.5317383,267.3753662,9.769573808e-07,0.000139565338,0.9689922929,0.9689922929,0.999728322,1.250381112,-0.005007622298,0.004125643522,1,0,0
chernobyl_rbmk_like,,10.19999981,0.06254864484,0.06254608184,282.5336609,267.3766174,9.103678167e-07,0.0001300525473,0.9689922929,0.9689922929,0.9997256398,1.250384927,-0.005007698201,0.004125647712,1,0,0
chernobyl_rbmk_like,,10.30000019,0.06254801154,0.06254549325,282.5355835,267.3778076,8.423812687e-07,0.0001203401771,0.9689922929,0.9689922929,0.999722898,1.250388741,-0.005007774569,0.004125651903,1,0,0
chernobyl_rbmk_like,,10.39999962,0.06254715472,0.06254470348,282.5374756,267.3789673,7.757917047e-07,0.0001108273864,0.9689922929,0.9689922929,0.9997202158,1.250392437,-0.005007848609,0.004125655629,1,0,0
chernobyl_rbmk_like,,10.5,0.06254652143,0.06254411489,282.5393982,267.380127,7.078051567e-07,0.0001011150162,0.9689922929,0.9689922929,0.9997175336,1.250396252,-0.005007924978,0.004125660285,1,0,0
chernobyl_rbmk_like,,10.59999943,0.06254588068,0.06254351884,282.5412903,267.3812561,6.407499313e-07,9.153570136e-05,0.9689922929,0.9689922929,0.9997148514,1.250399947,-0.005007999018,0.004125664011,1,0,0
chernobyl_rbmk_like,,10.69999981,0.06254523993,0.06254292279,282.5432129,267.3823547,5.722977221e-07,8.175681432e-05,0.9689922929,0.9689922929,0.9997121692,1.250403762,-0.005008074921,0.00412566727,1,0,0
chernobyl_rbmk_like,,10.80000019,0.06254439056,0.06254213303,282.545105,267.3834229,5.02448529e-07,7.177836233e-05,0.9689922929,0.9689922929,0.999709487,1.250407577,-0.005008151289,0.00412567053,1,0,0
chernobyl_rbmk_like,,10.89999962,0.06254353374,0.06254133582,282.5469971,267.3844604,4.339963198e-07,6.199947529e-05,0.9689922929,0.9689922929,0.9997068048,1.250411272,-0.005008225329,0.004125674255,1,0,0
chernobyl_rbmk_like,,11,0.06254268438,0.06254054606,282.5488892,267.385498,3.641471267e-07,5.202101602e-05,0.9689922929,0.9689922929,0.9997040629,1.250415087,-0.005008301698,0.004125677049,1,0,0
chernobyl_rbmk_like,,11.09999943,0.06254183501,0.0625397563,282.5507812,267.3865051,2.93366611e-07,4.190951586e-05,0.9689922929,0.9689922929,0.9997013807,1.250418901,-0.005008378066,0.004125679843,1,0,0
chernobyl_rbmk_like,,11.19999981,0.06254097819,0.06253895909,282.5526428,267.3874817,2.253800631e-07,3.219714927e-05,0.9689922929,0.9689922929,0.9996986985,1.250422597,-0.005008451641,0.004125682637,1,0,0
chernobyl_rbmk_like,,11.30000019,0.06254012883,0.06253816932,282.5545349,267.3884583,1.536682248e-07,2.195260276e-05,0.9689922929,0.9689922929,0.9996960163,1.250426412,-0.005008528009,0.004125685431,1,0,0
chernobyl_rbmk_like,,11.39999962,0.06253927946,0.06253737211,282.5563965,267.3893738,8.195638657e-08,1.170805444e-05,0.9689922929,0.9689922929,0.9996933341,1.250430226,-0.005008604378,0.004125688225,1,0,0
chernobyl_rbmk_like,,11.5,0.06253842264,0.0625365749,282.5582581,267.3903198,1.257285476e-08,1.796122092e-06,0.9689922929,0.9689922929,0.9996906519,1.250433922,-0.005008678418,0.004125690088,1,0,0
chernobyl_rbmk_like,,11.59999943,0.06253757328,0.06253578514,282.5601196,267.3912048,-5.960464478e-08,-8.514948604e-06,0.9689922929,0.9689922929,0.9996879697,1.250437737,-0.005008754786,0.00412569195,1,0,0
chernobyl_rbmk_like,,11.69999981,0.06253672391,0.06253499538,282.5619812,267.3920898,-1.294538379e-07,-1.849340515e-05,0.9689922929,0.9689922929,0.9996852875,1.250441432,-0.005008828361,0.004125693813,1,0,0
chernobyl_rbmk_like,,11.79999924,0.06253565848,0.06253400445,282.5638428,267.3929749,-2.016313374e-07,-2.880447573e-05,0.9689922929,0.9689922929,0.9996826053,1.250445247,-0.005008904729,0.004125695676,1,0,0
chernobyl_rbmk_like,,11.89999962,0.06253480166,0.06253319979,282.5656738,267.3938293,-2.742744982e-07,-3.918206858e-05,0.9689922929,0.9689922929,0.9996798635,1.250449061,-0.005008981097,0.004125697538,1,0,0
chernobyl_rbmk_like,,12,0.0625339523,0.06253241003,282.5675354,267.3946533,-3.450550139e-07,-4.929357237e-05,0.9689922929,0.9689922929,0.9996771812,1.250452757,-0.005009055138,0.004125698935,1,0,0
chernobyl_rbmk_like,,12.09999943,0.06253288686,0.0625314191,282.5693665,267.3954773,-4.186294973e-07,-5.980421338e-05,0.9689922929,0.9689922929,0.999674499,1.250456572,-0.005009131506,0.004125700332,1,0,0
chernobyl_rbmk_like,,12.19999981,0.0625320375,0.06253062189,282.5711975,267.3962708,-4.917383194e-07,-7.02483303e-05,0.9689922929,0.9689922929,0.9996718168,1.250460386,-0.005009207409,0.004125701264,1,0,0
chernobyl_rbmk_like,,12.29999924,0.06253097206,0.06252963096,282.5730286,267.3970642,-5.629844964e-07,-8.042635454e-05,0.9689922929,0.9689922929,0.9996691346,1.250464082,-0.005009281449,0.004125702195,1,0,0
chernobyl_rbmk_like,,12.39999962,0.06252990663,0.06252863258,282.5748596,267.3978271,-6.37024641e-07,-9.100351599e-05,0.9689922929,0.9689922929,0.9996664524,1.250467896,-0.005009357817,0.004125702661,1,0,0
chernobyl_rbmk_like,,12.5,0.06252905726,0.06252784282,282.5766602,267.3985901,-7.105991244e-07,-0.0001015141606,0.9689922929,0.9689922929,0.9996637702,1.250471711,-0.005009434186,0.004125703592,1,0,0
chernobyl_rbmk_like,,12.59999943,0.06252799183,0.06252685189,282.5784912,267.3993225,-7.832422853e-07,-0.0001118917498,0.9689922929,0.9689922929,0.999661088,1.250475407,-0.005009508226,0.004125703592,1,0,0
chernobyl_rbmk_like,,12.69999981,0.0625269264,0.06252585351,282.5802917,267.4000549,-8.568167686e-07,-0.0001224023872,0.9689922929,0.9689922929,0.9996583462,1.250479221,-0.005009584129,0.004125704058,1,0,0
chernobyl_rbmk_like,,12.79999924,0.06252586097,0.06252486259,282.5820923,267.4007568,-9.322538972e-07,-0.0001331791282,0.9689922929,0.9689922929,0.999655664,1.250483036,-0.005009660497,0.004125704058,1,0,0
chernobyl_rbmk_like,,12.89999962,0.06252479553,0.06252386421,282.5838928,267.4014587,-1.004431397e-06,-0.0001434901933,0.9689922929,0.9689922929,0.9996529818,1.250486732,-0.005009734537,0.004125703592,1,0,0
chernobyl_rbmk_like,,13,0.0625237301,0.06252287328,282.5856628,267.4021606,-1.078937203e-06,-0.0001541338861,0.9689922929,0.9689922929,0.9996502995,1.250490546,-0.005009810906,0.004125703126,1,0,0
chernobyl_rbmk_like,,13.09999943,0.06252245605,0.06252167374,282.5874634,267.402832,-1.152046025e-06,-0.0001645779994,0.9689922929,0.9689922929,0.9996476173,1.250494242,-0.005009884946,0.004125702661,1,0,0
chernobyl_rbmk_like,,13.19999981,0.06252139062,0.06252068281,282.5892334,267.4034729,-1.227017492e-06,-0.000175288209,0.9689922929,0.9689922929,0.9996449351,1.250498056,-0.005009960849,0.004125701729,1,0,0
chernobyl_rbmk_like,,13.29999924,0.06252032518,0.06251968443,282.5910034,267.4041443,-1.302454621e-06,-0.0001860649354,0.9689922929,0.9689922929,0.9996422529,1.250501871,-0.005010037217,0.004125700798,1,0,0
chernobyl_rbmk_like,,13.39999962,0.06251925975,0.06251868606,282.5927734,267.4047852,-1.375563443e-06,-0.0001965090632,0.9689922929,0.9689922929,0.9996395707,1.250505567,-0.005010111257,0.004125699401,1,0,0
chernobyl_rbmk_like,,13.5,0.0625179857,0.06251749396,282.5945435,267.4053955,-1.451466233e-06,-0.0002073523065,0.9689922929,0.9689922929,0.9996368289,1.250509381,-0.005010187626,0.004125698004,1,0,0
chernobyl_rbmk_like,,13.59999943,0.06251692027,0.06251650304,282.5963135,267.4060059,-1.527834684e-06,-0.0002182620956,0.9689922929,0.9689922929,0.9996341467,1.250513196,-0.005010263994,0.004125696607,1,0,0
chernobyl_rbmk_like,,13.69999981,0.06251585484,0.06251550466,282.598053,267.4066162,-1.600943506e-06,-0.0002287062089,0.9689922929,0.9689922929,0.9996314645,1.250516891,-0.005010337569,0.004125694744,1,0,0
chernobyl_rbmk_like,,13.79999924,0.06251458079,0.06251431257,282.5997925,267.4072266,-1.676846296e-06,-0.0002395494666,0.9689922929,0.9689922929,0.9996287823,1.250520706,-0.005010413937,0.004125692882,1,0,0
chernobyl_rbmk_like,,13.89999962,0.06251329929,0.06251311302,282.601532,267.4078064,-1.753214747e-06,-0.0002504592412,0.9689922929,0.9689922929,0.9996261001,1.250524521,-0.005010490306,0.004125690553,1,0,0
chernobyl_rbmk_like,,14,0.06251202524,0.06251192093,282.6032715,267.4083862,-1.827254891e-06,-0.0002610364172,0.9689922929,0.9689922929,0.9996234179,1.250528216,-0.005010564346,0.004125688225,1,0,0
chernobyl_rbmk_like,,14.09999943,0.0625109598,0.06251092255,282.605011,267.4089355,-1.904089004e-06,-0.000272012694,0.9689922929,0.9689922929,0.9996207356,1.250532031,-0.005010640714,0.004125685897,1,0,0
chernobyl_rbmk_like,,14.19999981,0.06250968575,0.06250973046,282.60672,267.4094849,-1.978129148e-06,-0.00028258987,0.9689922929,0.9689922929,0.9996180534,1.250535727,-0.005010714289,0.004125683103,1,0,0
chernobyl_rbmk_like,,14.29999924,0.06250840425,0.06250853091,282.6084595,267.4100342,-2.054963261e-06,-0.000293566176,0.9689922929,0.9689922929,0.9996153116,1.250539541,-0.005010790657,0.004125679843,1,0,0
chernobyl_rbmk_like,,14.39999962,0.06250733882,0.06250753254,282.6101685,267.4105835,-2.131331712e-06,-0.0003044759505,0.9689922929,0.9689922929,0.9996126294,1.250543356,-0.005010867026,0.004125677049,1,0,0
chernobyl_rbmk_like,,14.5,0.06250584871,0.06250613928,282.6118774,267.4111023,-2.205837518e-06,-0.0003151196288,0.9689922929,0.9689922929,0.9996099472,1.250547051,-0.005010941066,0.004125673324,1,0,0
chernobyl_rbmk_like,,14.59999943,0.06250457466,0.06250494719,282.6135559,267.4116211,-2.283137292e-06,-0.0003261624661,0.9689922929,0.9689922929,0.999607265,1.250550866,-0.005011017434,0.004125670064,1,0,0
chernobyl_rbmk_like,,14.69999981,0.06250330061,0.06250375509,282.6152649,267.4121399,-2.359971404e-06,-0.000337138772,0.9689922929,0.9689922929,0.9996045828,1.250554681,-0.005011093337,0.004125665873,1,0,0
chernobyl_rbmk_like,,14.79999924,0.06250201911,0.0625025481,282.6169434,267.4126587,-2.43447721e-06,-0.0003477824503,0.9689922929,0.9689922929,0.9996019006,1.250558376,-0.005011167377,0.004125662148,1,0,0
chernobyl_rbmk_like,,14.89999962,0.06250074506,0.06250135601,282.6186218,267.413147,-2.512242645e-06,-0.0003588917898,0.9689922929,0.9689922929,0.9995992184,1.250562191,-0.005011243746,0.004125657957,1,0,0
chernobyl_rbmk_like,,15,0.06249920279,0.06249991059,282.6203003,267.4136353,-2.589542419e-06,-0.0003699346271,0.9689922929,0.9689922929,0.9995965362,1.250566006,-0.005011320114,0.0041256533,1,0,0
chernobyl_rbmk_like,,15.09999943,0.06249792129,0.06249870732,282.6219788,267.4141235,-2.664048225e-06,-0.0003805783053,0.9689922929,0.9689922929,0.9995937943,1.250569701,-0.005011393689,0.004125648644,1,0,0
chernobyl_rbmk_like,,15.19999981,0.06249664724,0.06249751151,282.6236572,267.4145813,-2.74181366e-06,-0.0003916876449,0.9689922929,0.9689922929,0.9995911121,1.250573516,-0.005011470057,0.004125643987,1,0,0
chernobyl_rbmk_like,,15.29999924,0.06249526516,0.06249621883,282.6253052,267.4150696,-2.817250788e-06,-0.0004024643858,0.9689922929,0.9689922929,0.9995884299,1.250577211,-0.005011544097,0.004125638865,1,0,0
chernobyl_rbmk_like,,15.39999962,0.06249377504,0.06249481812,282.6269531,267.4155273,-2.894550562e-06,-0.0004135072231,0.9689922929,0.9689922929,0.9995857477,1.250581026,-0.005011620466,0.004125633743,1,0,0
chernobyl_rbmk_like,,15.5,0.06249239296,0.06249352545,282.6286011,267.4159851,-2.972315997e-06,-0.0004246165627,0.9689922929,0.9689922929,0.9995830655,1.250584841,-0.005011696834,0.004125628155,1,0,0
chernobyl_rbmk_like,,15.59999943,0.06249101087,0.06249222532,282.630249,267.4164124,-3.047753125e-06,-0.0004353933036,0.9689922929,0.9689922929,0.9995803833,1.250588536,-0.005011770409,0.004125622567,1,0,0
chernobyl_rbmk_like,,15.69999981,0.06248962134,0.06249092519,282.6318665,267.4168701,-3.12551856e-06,-0.0004465026432,0.9689922929,0.9689922929,0.9995777011,1.250592351,-0.005011846777,0.004125616979,1,0,0
chernobyl_rbmk_like,,15.79999924,0.06248833984,0.06248972192,282.6334839,267.4172974,-3.203283995e-06,-0.0004576119827,0.9689922929,0.9689922929,0.9995750189,1.250596166,-0.005011923146,0.004125610925,1,0,0
chernobyl_rbmk_like,,15.89999962,0.06248664856,0.06248813868,282.6351318,267.4177246,-3.279186785e-06,-0.000468455255,0.9689922929,0.9689922929,0.9995722771,1.250599861,-0.005011997186,0.004125604406,1,0,0
chernobyl_rbmk_like,,16,0.06248526648,0.06248683855,282.6367493,267.4181519,-3.357417881e-06,-0.0004796310968,0.9689922929,0.9689922929,0.9995695949,1.250603676,-0.005012073554,0.004125597887,1,0,0
chernobyl_rbmk_like,,16.10000038,0.06248388439,0.06248554215,282.6383362,267.4185791,-3.435648978e-06,-0.0004908069968,0.9689922929,0.9689922929,0.9995669127,1.250607491,-0.005012149923,0.004125591367,1,0,0
chernobyl_rbmk_like,,16.19999886,0.06248248741,0.06248422712,282.6399536,267.4189758,-3.511086106e-06,-0.0005015837378,0.9689922929,0.9689922929,0.9995642304,1.250611186,-0.005012223497,0.004125584383,1,0,0
chernobyl_rbmk_like,,16.29999924,0.06248079613,0.06248264015,282.6415405,267.4194031,-3.588851541e-06,-0.0005126930773,0.9689922929,0.9689922929,0.9995615482,1.250615001,-0.005012299865,0.004125576932,1,0,0
chernobyl_rbmk_like,,16.39999962,0.06247932464,0.06248125806,282.6431274,267.4197998,-3.664754331e-06,-0.0005235362914,0.9689922929,0.9689922929,0.999558866,1.250618696,-0.005012373906,0.004125569481,1,0,0
chernobyl_rbmk_like,,16.5,0.06247792393,0.06247994304,282.6447144,267.4201965,-3.742985427e-06,-0.0005347121623,0.9689922929,0.9689922929,0.9995561838,1.250622511,-0.005012450274,0.004125562031,1,0,0
chernobyl_rbmk_like,,16.60000038,0.06247643381,0.06247854605,282.6463013,267.4205933,-3.821216524e-06,-0.0005458880332,0.9689922929,0.9689922929,0.9995535016,1.250626326,-0.005012526177,0.004125554115,1,0,0
chernobyl_rbmk_like,,16.69999886,0.06247473508,0.06247695163,282.6478577,267.4209595,-3.897584975e-06,-0.0005567978369,0.9689922929,0.9689922929,0.9995508194,1.250630021,-0.005012600217,0.004125546198,1,0,0
chernobyl_rbmk_like,,16.79999924,0.06247324497,0.06247555092,282.6494446,267.4213562,-3.975816071e-06,-0.0005679737078,0.9689922929,0.9689922929,0.9995480776,1.250633836,-0.005012676585,0.004125537816,1,0,0
chernobyl_rbmk_like,,16.89999962,0.06247175485,0.06247414649,282.651001,267.4217224,-4.054512829e-06,-0.0005792161101,0.9689922929,0.9689922929,0.9995453954,1.25063765,-0.005012752954,0.004125529435,1,0,0
chernobyl_rbmk_like,,17,0.06247026473,0.0624727495,282.6525574,267.4220886,-4.13088128e-06,-0.0005901258555,0.9689922929,0.9689922929,0.9995427132,1.250641346,-0.005012826994,0.004125521053,1,0,0
chernobyl_rbmk_like,,17.10000038,0.062468566,0.06247115508,282.6540833,267.4224548,-4.209112376e-06,-0.0006013017264,0.9689922929,0.9689922929,0.999540031,1.250645161,-0.005012902897,0.004125511739,1,0,0
chernobyl_rbmk_like,,17.19999886,0.06246696785,0.06246965006,282.6556396,267.422821,-4.285015166e-06,-0.0006121449987,0.9689922929,0.9689922929,0.9995373487,1.250648856,-0.005012976937,0.004125502892,1,0,0
chernobyl_rbmk_like,,17.29999924,0.06246547773,0.06246825308,282.6571655,267.4231873,-4.363711923e-06,-0.000623387401,0.9689922929,0.9689922929,0.9995346665,1.250652671,-0.005013053305,0.004125493579,1,0,0
chernobyl_rbmk_like,,17.39999962,0.06246388704,0.06246675551,282.6586914,267.4235229,-4.442408681e-06,-0.0006346298032,0.9689922929,0.9689922929,0.9995319843,1.250656486,-0.005013129674,0.004125483334,1,0,0
chernobyl_rbmk_like,,17.5,0.06246218085,0.06246515363,282.6602173,267.4238892,-4.518777132e-06,-0.0006455395487,0.9689922929,0.9689922929,0.9995293021,1.250660181,-0.005013203714,0.004125474021,1,0,0
chernobyl_rbmk_like,,17.60000038,0.06246059015,0.06246365607,282.6617432,267.4242249,-4.59747389e-06,-0.000656781951,0.9689922929,0.9689922929,0.9995265603,1.250663996,-0.005013279617,0.004125463776,1,0,0
chernobyl_rbmk_like,,17.69999886,0.062458992,0.06246215478,282.6632385,267.4245911,-4.675704986e-06,-0.0006679578219,0.9689922929,0.9689922929,0.9995238781,1.25066781,-0.005013355985,0.004125453532,1,0,0
chernobyl_rbmk_like,,17.79999924,0.06245718524,0.06246045604,282.6647644,267.4249268,-4.752073437e-06,-0.0006788676255,0.9689922929,0.9689922929,0.9995211959,1.250671506,-0.005013430025,0.004125443287,1,0,0
chernobyl_rbmk_like,,17.89999962,0.06245559454,0.06245895848,282.6662598,267.4252625,-4.830770195e-06,-0.0006901100278,0.9689922929,0.9689922929,0.9995185137,1.250675321,-0.005013506394,0.004125432577,1,0,0
chernobyl_rbmk_like,,18,0.06245399639,0.06245745718,282.6677551,267.4255676,-4.909932613e-06,-0.0007014189032,0.9689922929,0.9689922929,0.9995158315,1.250679135,-0.005013582762,0.004125421867,1,0,0
chernobyl_rbmk_like,,18.10000038,0.06245239824,0.06245595217,282.66922,267.4259033,-4.986301064e-06,-0.0007123287069,0.9689922929,0.9689922929,0.9995131493,1.250682831,-0.005013656337,0.004125410691,1,0,0
chernobyl_rbmk_like,,18.19999886,0.06245058402,0.06245424598,282.6707153,267.426239,-5.064997822e-06,-0.0007235711091,0.9689922929,0.9689922929,0.9995104671,1.250686646,-0.005013732705,0.004125399515,1,0,0
chernobyl_rbmk_like,,18.29999924,0.06244889274,0.06245265156,282.6721802,267.4265442,-5.141831934e-06,-0.0007345473859,0.9689922929,0.9689922929,0.9995077848,1.250690341,-0.005013806745,0.004125387408,1,0,0
chernobyl_rbmk_like,,18.39999962,0.06244729459,0.06245115027,282.673645,267.4268799,-5.220528692e-06,-0.0007457897882,0.9689922929,0.9689922929,0.999505043,1.250694156,-0.005013883114,0.004125376232,1,0,0
chernobyl_rbmk_like,,18.5,0.06244559586,0.06244955212,282.6751099,267.4271851,-5.29922545e-06,-0.0007570321904,0.9689922929,0.9689922929,0.9995023608,1.25069797,-0.005013959482,0.004125364125,1,0,0
chernobyl_rbmk_like,,18.60000038,0.06244368479,0.06244775653,282.6765747,267.4274902,-5.376059562e-06,-0.0007680084673,0.9689922929,0.9689922929,0.9994996786,1.250701666,-0.005014033057,0.004125352018,1,0,0
chernobyl_rbmk_like,,18.69999886,0.06244209036,0.06244625151,282.678009,267.4277954,-5.455221981e-06,-0.0007793174009,0.9689922929,0.9689922929,0.9994969964,1.250705481,-0.005014109425,0.004125338979,1,0,0
chernobyl_rbmk_like,,18.79999924,0.06244038418,0.06244464591,282.6794434,267.4281006,-5.533918738e-06,-0.0007905598031,0.9689922929,0.9689922929,0.9994943142,1.250709295,-0.005014185794,0.004125326872,1,0,0
chernobyl_rbmk_like,,18.89999962,0.06243847683,0.06244285405,282.6808777,267.4284058,-5.610287189e-06,-0.0008014695486,0.9689922929,0.9689922929,0.999491632,1.250712991,-0.005014259834,0.004125313833,1,0,0
chernobyl_rbmk_like,,19,0.06243677065,0.06244124472,282.682312,267.4287109,-5.689449608e-06,-0.0008127784822,0.9689922929,0.9689922929,0.9994889498,1.250716805,-0.005014336202,0.004125300795,1,0,0
chernobyl_rbmk_like,,19.10000038,0.06243507192,0.06243964285,282.6837463,267.4289856,-5.765818059e-06,-0.0008236882859,0.9689922929,0.9689922929,0.9994862676,1.250720501,-0.005014409777,0.004125286825,1,0,0
chernobyl_rbmk_like,,19.19999886,0.06243336573,0.06243804097,282.6851501,267.4292908,-5.844980478e-06,-0.0008349971613,0.9689922929,0.9689922929,0.9994835854,1.250724316,-0.005014486145,0.004125273786,1,0,0
chernobyl_rbmk_like,,19.29999924,0.06243135035,0.06243614107,282.6865845,267.4295959,-5.924142897e-06,-0.0008463060949,0.9689922929,0.9689922929,0.9994808435,1.25072813,-0.005014562514,0.004125259817,1,0,0
chernobyl_rbmk_like,,19.39999962,0.06242965162,0.0624345392,282.6879883,267.4298706,-6.00097701e-06,-0.0008572824299,0.9689922929,0.9689922929,0.9994781613,1.250731826,-0.005014636554,0.004125245847,1,0,0
chernobyl_rbmk_like,,19.5,0.06242784485,0.06243283674,282.6893616,267.4301453,-6.079673767e-06,-0.000868524774,0.9689922929,0.9689922929,0.9994754791,1.250735641,-0.005014712922,0.004125231411,1,0,0
chernobyl_rbmk_like,,19.60000038,0.06242613867,0.06243123114,282.6907654,267.4304504,-6.158370525e-06,-0.0008797671762,0.9689922929,0.9689922929,0.9994727969,1.250739455,-0.005014788825,0.004125216976,1,0,0
chernobyl_rbmk_like,,19.69999886,0.06242412329,0.06242933124,282.6921692,267.4307251,-6.235204637e-06,-0.0008907435113,0.9689922929,0.9689922929,0.9994701147,1.250743151,-0.005014862865,0.004125202075,1,0,0
chernobyl_rbmk_like,,19.79999924,0.0624223575,0.06242766976,282.6935425,267.4309998,-6.313901395e-06,-0.0009019859135,0.9689922929,0.9689922929,0.9994674325,1.250746965,-0.005014939234,0.004125187173,1,0,0
chernobyl_rbmk_like,,19.89999962,0.06242061779,0.06242603064,282.6949158,267.4312744,-6.391201168e-06,-0.0009130287217,0.9689922929,0.9689922929,0.9994647503,1.250750661,-0.005015013274,0.004125172272,1,0,0
chernobyl_rbmk_like,,20,0.06241881102,0.06242432445,282.6962891,267.4315491,-6.469897926e-06,-0.0009242711239,0.9689922929,0.9689922929,0.9994620681,1.250754476,-0.005015089177,0.00412515644,1,0,0
chernobyl_rbmk_like,test_start_and_rod_withdrawal,20,0.06241881102,0.06242432445,282.6962891,267.4315491,-6.469897926e-06,-0.0009242711239,0.9689922929,0.9883721471,0.9994620681,1.250754476,-0.005015089177,0.00412515644,1,0,0
chernobyl_rbmk_like,,20.10000038,0.06359091401,0.06351915747,282.6981506,267.4317932,0.0001241611317,0.01773730479,0.9700055718,0.9883721471,0.9994593263,1.25075829,-0.005015165545,0.00412524119,1,0,0
chernobyl_rbmk_like,,20.19999886,0.0648932606,0.06473585218,282.7012024,267.4320679,0.0002547889017,0.03639841452,0.9710188508,0.9883721471,0.9994566441,1.250761986,-0.005015239585,0.004125547595,1,0,0
chernobyl_rbmk_like,,20.29999924,0.06629627943,0.06604681909,282.7055054,267.4323425,0.0003854082897,0.05505832657,0.9720321298,0.9883721471,0.9994539618,1.2507658,-0.005015315954,0.004126091953,1,0,0
chernobyl_rbmk_like,,20.39999962,0.06780488044,0.06745664775,282.7111511,267.4326477,0.0005160239525,0.07371770591,0.9730454087,0.9883721471,0.9994513392,1.250769496,-0.005015389994,0.004126891494,1,0,0
chernobyl_rbmk_like,,20.5,0.06942535937,0.06897125393,282.7182312,267.4329529,0.0006466321647,0.09237602353,0.9740586877,0.9883721471,0.999448657,1.250773191,-0.005015463568,0.004127963446,1,0,0
chernobyl_rbmk_like,,20.60000038,0.07116503268,0.07059746981,282.7268372,267.4332886,0.000777230598,0.1110329404,0.9750719666,0.9883721471,0.9994459748,1.250777006,-0.005015539937,0.004129326437,1,0,0
chernobyl_rbmk_like,,20.69999886,0.07303249836,0.07234334946,282.7371216,267.4336548,0.0009078239091,0.1296891272,0.9760852456,0.9883721471,0.9994432926,1.250780702,-0.005015613977,0.004131000489,1,0,0
chernobyl_rbmk_like,,20.79999924,0.07503771782,0.07421823591,282.7491455,267.434021,0.001038408373,0.1483440548,0.9770985246,0.9883721471,0.99944067,1.250784397,-0.005015688017,0.004133007023,1,0,0
chernobyl_rbmk_like,,20.89999962,0.07719191909,0.07623262703,282.7630615,267.4344482,0.001168984454,0.1669977754,0.9781118035,0.9883721471,0.9994379878,1.250788093,-0.005015761591,0.004135369789,1,0,0
chernobyl_rbmk_like,,21,0.07950808108,0.07839865983,282.7790222,267.4349365,0.001299550757,0.1856500953,0.9791250825,0.9883721471,0.9994353652,1.250791788,-0.005015835632,0.004138112999,1,0,0
chernobyl_rbmk_like,,21.10000038,0.08200068027,0.08072990179,282.7971497,267.4354858,0.001430109609,0.2043013722,0.9801383615,0.9883721471,0.9994327426,1.250795364,-0.005015907343,0.004141264595,1,0,0
chernobyl_rbmk_like,,21.19999886,0.08468646556,0.08324201405,282.8176575,267.4360657,0.001560655423,0.2229507715,0.9811516404,0.9883721471,0.99943012,1.25079906,-0.005015980918,0.004144854844,1,0,0
chernobyl_rbmk_like,,21.29999924,0.08758419752,0.08595255762,282.8406372,267.4367371,0.001691191457,0.24159877,0.9821649194,0.9883721471,0.9994274974,1.250802636,-0.00501605263,0.004148916341,1,0,0
chernobyl_rbmk_like,,21.39999962,0.09071538597,0.08888165653,282.866394,267.4374695,0.001821713056,0.2602447271,0.9831781983,0.9883721471,0.9994248748,1.250806332,-0.00501612667,0.004153486341,1,0,0
chernobyl_rbmk_like,,21.5,0.09410456568,0.092052266,282.89505,267.4382935,0.00195222348,0.27888906,0.9841914773,0.9883721471,0.9994222522,1.250809908,-0.005016197916,0.004158603959,1,0,0
chernobyl_rbmk_like,,21.60000038,0.09777981043,0.09549065679,282.9269104,267.439209,0.002082719468,0.2975313365,0.9852047563,0.9883721471,0.9994196892,1.250813484,-0.005016269628,0.004164314363,1,0,0
chernobyl_rbmk_like,,21.69999886,0.1017733291,0.0992269516,282.9622192,267.4402161,0.002213199623,0.3161713779,0.9862180352,0.9883721471,0.9994170666,1.25081706,-0.005016340874,0.004170666914,1,0,0
chernobyl_rbmk_like,,21.79999924,0.1061222404,0.1032958925,283.0012817,267.4413757,0.002343665343,0.3348093331,0.9872313142,0.9883721471,0.9994145036,1.250820518,-0.005016410258,0.004177717026,1,0,0
chernobyl_rbmk_like,,21.89999962,0.1108694673,0.1077376083,283.0444641,267.4426575,0.002474112902,0.3534446955,0.9882445931,0.9883721471,0.9994119406,1.250823975,-0.005016479176,0.004185527097,1,0,0
chernobyl_rbmk_like,,22,0.1132101268,0.1099322215,283.0910034,267.4440613,0.002490280196,0.3557543159,0.9883721471,0.9883721471,0.9994094372,1.250827551,-0.005016550887,0.004193960223,1,0,0
chernobyl_rbmk_like,,22.10000038,0.1149663851,0.1115812659,283.1390686,267.4456177,0.002489993814,0.3557133973,0.9883721471,0.9883721471,0.9994068742,1.250831008,-0.005016620271,0.00420266157,1,0,0
chernobyl_rbmk_like,,22.19999886,0.1166885868,0.1131987572,283.1885986,267.4473267,0.002489702776,0.355671823,0.9883721471,0.9883721471,0.9994043112,1.250834465,-0.005016689189,0.004211612977,1,0,0
chernobyl_rbmk_like,,22.29999924,0.1183846816,0.1147921011,283.2395325,267.4491882,0.002489407081,0.3556295633,0.9883721471,0.9883721471,0.9994018078,1.250837922,-0.005016758107,0.004220808391,1,0,0
chernobyl_rbmk_like,,22.39999962,0.1200606823,0.1163669154,283.2918396,267.4512024,0.002489109058,0.3555870056,0.9883721471,0.9883721471,0.9993993044,1.25084126,-0.005016825162,0.004230240826,1,0,0
chernobyl_rbmk_like,,22.5,0.1217214093,0.1179277077,283.34552,267.4533386,0.002488803584,0.3555433452,0.9883721471,0.9883721471,0.9993967414,1.250844717,-0.00501689408,0.004239906557,1,0,0
chernobyl_rbmk_like,,22.60000038,0.1233703792,0.1194777414,283.4005432,267.455658,0.002488493919,0.3554991186,0.9883721471,0.9883721471,0.999394238,1.250848174,-0.005016963463,0.004249801859,1,0,0
chernobyl_rbmk_like,,22.69999886,0.1250108033,0.1210200116,283.4569092,267.4581299,0.002488182392,0.3554546237,0.9883721471,0.9883721471,0.9993917346,1.250851512,-0.005017030053,0.004259922076,1,0,0
chernobyl_rbmk_like,,22.79999924,0.1266448647,0.1225565672,283.5145874,267.4607544,0.002487864345,0.3554091752,0.9883721471,0.9883721471,0.9993892312,1.250854969,-0.005017099436,0.004270265345,1,0,0
chernobyl_rbmk_like,,22.89999962,0.1282751858,0.124089852,283.5736084,267.4635315,0.00248754397,0.3553633988,0.9883721471,0.9883721471,0.9993867278,1.250858307,-0.005017166026,0.004280829336,1,0,0
chernobyl_rbmk_like,,23,0.1299032718,0.1256212741,283.6338806,267.4664612,0.002487220336,0.3553171754,0.9883721471,0.9883721471,0.9993842244,1.250861645,-0.005017232616,0.004291611724,1,0,0
chernobyl_rbmk_like,,23.09999847,0.1315308213,0.1271523982,283.6954956,267.4695435,0.002486888785,0.3552698195,0.9883721471,0.9883721471,0.999381721,1.250865102,-0.005017301999,0.004302611575,1,0,0
chernobyl_rbmk_like,,23.19999886,0.1331588775,0.1286842227,283.7583923,267.4727783,0.002486556303,0.3552223146,0.9883721471,0.9883721471,0.9993792176,1.25086844,-0.005017368589,0.004313826095,1,0,0
chernobyl_rbmk_like,,23.29999924,0.1347888559,0.1302180439,283.8225708,267.4761658,0.002486219164,0.355174154,0.9883721471,0.9883721471,0.9993767738,1.250871778,-0.005017435644,0.00432525482,1,0,0
chernobyl_rbmk_like,,23.39999962,0.136421755,0.1317548156,283.8880615,267.4797363,0.002485878766,0.3551255167,0.9883721471,0.9883721471,0.9993742704,1.250875115,-0.005017502233,0.004336897284,1,0,0
chernobyl_rbmk_like,,23.5,0.1380583644,0.1332952678,283.9548035,267.4834595,0.002485534176,0.355076313,0.9883721471,0.9883721471,0.9993718266,1.250878453,-0.005017568823,0.004348751623,1,0,0
chernobyl_rbmk_like,,23.59999847,0.1396996826,0.1348403245,284.0228577,267.4873352,0.00248518493,0.3550263941,0.9883721471,0.9883721471,0.9993693233,1.250881791,-0.005017635878,0.004360818304,1,0,0
chernobyl_rbmk_like,,23.69999886,0.1413460523,0.1363902986,284.0921936,267.4913635,0.002484834753,0.3549763858,0.9883721471,0.9883721471,0.9993668795,1.25088501,-0.005017700139,0.004373095464,1,0,0
chernobyl_rbmk_like,,23.79999924,0.1429986656,0.1379463524,284.1628418,267.495575,0.002484478056,0.3549254239,0.9883721471,0.9883721471,0.9993644357,1.250888348,-0.005017766729,0.004385583568,1,0,0
chernobyl_rbmk_like,,23.89999962,0.1446576715,0.1395085603,284.2347717,267.499939,0.002484116703,0.3548738062,0.9883721471,0.9883721471,0.9993619323,1.250891685,-0.005017833784,0.004398282152,1,0,0
chernobyl_rbmk_like,,24,0.1463238299,0.1410776526,284.3079834,267.5044556,0.002483754419,0.3548220396,0.9883721471,0.9883721471,0.9993594885,1.250894904,-0.005017898045,0.004411190748,1,0,0
chernobyl_rbmk_like,,24.09999847,0.1479974687,0.1426539421,284.3824768,267.5091553,0.002483387943,0.3547697067,0.9883721471,0.9883721471,0.9993570447,1.250898123,-0.005017962307,0.004424309824,1,0,0
chernobyl_rbmk_like,,24.19999886,0.1496792883,0.1442380995,284.4582825,267.5139771,0.002483014483,0.3547163308,0.9883721471,0.9883721471,0.9993546009,1.250901461,-0.005018028896,0.004437638912,1,0,0
chernobyl_rbmk_like,,24.29999924,0.1513692737,0.1458300948,284.5354004,267.5189819,0.002482639626,0.3546628058,0.9883721471,0.9883721471,0.9993521571,1.250904679,-0.005018093623,0.00445117848,1,0,0
chernobyl_rbmk_like,,24.39999962,0.1530681401,0.1474305689,284.6138306,267.5241699,0.002482261043,0.3546087146,0.9883721471,0.9883721471,0.9993497729,1.250907898,-0.005018157884,0.004464928061,1,0,0
chernobyl_rbmk_like,,24.5,0.1547761708,0.1490398347,284.6935425,267.5295105,0.002481878269,0.3545540273,0.9883721471,0.9883721471,0.9993473291,1.250911117,-0.005018222146,0.004478888586,1,0,0
chernobyl_rbmk_like,,24.59999847,0.1564937234,0.1506582052,284.7745972,267.5350037,0.002481491305,0.354498744,0.9883721471,0.9883721471,0.9993448853,1.250914335,-0.005018286407,0.00449305959,1,0,0
chernobyl_rbmk_like,,24.69999886,0.1582208872,0.1522857547,284.8569336,267.5406799,0.002481099684,0.3544428051,0.9883721471,0.9883721471,0.9993425012,1.250917554,-0.005018351134,0.004507442005,1,0,0
chernobyl_rbmk_like,,24.79999924,0.1599581093,0.1539229155,284.9406128,267.5465088,0.002480704337,0.3543863297,0.9883721471,0.9883721471,0.9993400574,1.250920773,-0.005018415395,0.00452203583,1,0,0
chernobyl_rbmk_like,,24.89999962,0.1617054641,0.1555697471,285.0256348,267.5524902,0.0024803048,0.3543292582,0.9883721471,0.9883721471,0.9993376732,1.250923991,-0.005018479656,0.00453684153,1,0,0
chernobyl_rbmk_like,,25,0.163463369,0.1572266519,285.111969,267.5586548,0.002479903866,0.3542719781,0.9883721471,0.9883721471,0.999335289,1.250927091,-0.005018541589,0.004551859573,1,0,0
chernobyl_rbmk_like,,25.09999847,0.1652322114,0.1588939726,285.199646,267.5650024,0.002479496412,0.3542137742,0.9883721471,0.9883721471,0.9993328452,1.250930309,-0.005018605851,0.004567089956,1,0,0
chernobyl_rbmk_like,,25.19999886,0.1670118868,0.1605716497,285.2886963,267.5715027,0.002479085699,0.3541550934,0.9883721471,0.9883721471,0.999330461,1.250933409,-0.005018668249,0.004582533613,1,0,0
chernobyl_rbmk_like,,25.29999924,0.168802768,0.1622599661,285.3790588,267.5781555,0.002478669863,0.3540956974,0.9883721471,0.9883721471,0.9993280768,1.250936627,-0.005018732511,0.004598191474,1,0,0
chernobyl_rbmk_like,,25.39999962,0.1706047952,0.1639589518,285.4707947,267.5849915,0.002478251699,0.3540359437,0.9883721471,0.9883721471,0.9993256927,1.250939727,-0.005018794443,0.004614063539,1,0,0
chernobyl_rbmk_like,,25.5,0.1724184155,0.1656689495,285.5639038,267.59198,0.002477828879,0.3539755344,0.9883721471,0.9883721471,0.9993233085,1.250942826,-0.005018856376,0.004630150739,1,0,0
chernobyl_rbmk_like,,25.59999847,0.1742438078,0.1673901677,285.6583557,267.5991516,0.002477402333,0.3539146185,0.9883721471,0.9883721471,0.9993209839,1.250945926,-0.005018918309,0.004646453541,1,0,0
chernobyl_rbmk_like,,25.69999886,0.1760810316,0.1691226661,285.7542114,267.6065063,0.002476971596,0.3538530767,0.9883721471,0.9883721471,0.9993185997,1.250949025,-0.005018980242,0.004662972875,1,0,0
chernobyl_rbmk_like,,25.79999924,0.1779302955,0.1708666086,285.8514099,267.6140137,0.002476536203,0.3537908792,0.9883721471,0.9883721471,0.9993162155,1.250952125,-0.005019042175,0.004679708742,1,0,0
chernobyl_rbmk_like,,25.89999962,0.1797917187,0.1726221293,285.9500427,267.6217041,0.002476096153,0.3537279963,0.9883721471,0.9883721471,0.9993138909,1.250955224,-0.005019104574,0.004696662538,1,0,0
chernobyl_rbmk_like,,26,0.1816654652,0.1743893772,286.0500488,267.6295776,0.002475651912,0.3536645472,0.9883721471,0.9883721471,0.9993115067,1.250958323,-0.005019166507,0.004713835195,1,0,0
chernobyl_rbmk_like,,26.09999847,0.1835516691,0.1761684865,286.1514587,267.6376038,0.002475206275,0.3536008894,0.9883721471,0.9883721471,0.9993091822,1.250961304,-0.005019226111,0.004731226712,1,0,0
chernobyl_rbmk_like,,26.19999886,0.1854505688,0.1779596657,286.2542725,267.6457825,0.00247475272,0.3535360992,0.9883721471,0.9883721471,0.9993068576,1.250964403,-0.005019288044,0.004748838022,1,0,0
chernobyl_rbmk_like,,26.29999924,0.187362209,0.1797629744,286.35849,267.6541748,0.002474298235,0.3534711599,0.9883721471,0.9883721471,0.999304533,1.250967383,-0.005019347649,0.004766670521,1,0,0
chernobyl_rbmk_like,,26.39999962,0.1892869025,0.1815786809,286.4641418,267.6627197,0.002473835833,0.353405118,0.9883721471,0.9883721471,0.9993022084,1.250970483,-0.005019409582,0.004784724209,1,0,0
chernobyl_rbmk_like,,26.5,0.1912243068,0.183406502,286.571228,267.6714478,0.002473371569,0.353338778,0.9883721471,0.9883721471,0.9992998838,1.250973463,-0.005019469187,0.004803000949,1,0,0
chernobyl_rbmk_like,,26.59999847,0.1931750625,0.185247004,286.6797791,267.6803589,0.002472903114,0.3532718718,0.9883721471,0.9883721471,0.9992975593,1.250976443,-0.005019528791,0.004821500275,1,0,0
chernobyl_rbmk_like,,26.69999886,0.1951391548,0.1871002018,286.7897339,267.6894226,0.002472429536,0.3532042205,0.9883721471,0.9883721471,0.9992952347,1.250979424,-0.005019588396,0.00484022405,1,0,0
chernobyl_rbmk_like,,26.79999924,0.1971165985,0.1889660805,286.9011536,267.6986694,0.002471951768,0.3531359434,0.9883721471,0.9883721471,0.9992929101,1.250982404,-0.005019648001,0.004859172739,1,0,0
chernobyl_rbmk_like,,26.89999962,0.1991075724,0.1908448189,287.0140381,267.7080994,0.002471469343,0.3530670404,0.9883721471,0.9883721471,0.9992906451,1.250985384,-0.005019707605,0.00487834774,1,0,0
chernobyl_rbmk_like,,27,0.20111233,0.1927366555,287.128418,267.7177124,0.002470981795,0.3529973924,0.9883721471,0.9883721471,0.9992883205,1.250988364,-0.00501976721,0.004897749051,1,0,0
chernobyl_rbmk_like,,27.09999847,0.2031307817,0.1946415305,287.2442322,267.7275085,0.002470490057,0.3529271483,0.9883721471,0.9883721471,0.9992860556,1.250991344,-0.005019826815,0.004917378537,1,0,0
chernobyl_rbmk_like,,27.19999886,0.2051631957,0.1965596527,287.3615417,267.7374878,0.002469995525,0.352856487,0.9883721471,0.9883721471,0.9992837906,1.250994205,-0.005019884091,0.004937236663,1,0,0
chernobyl_rbmk_like,,27.29999924,0.2072097808,0.1984912604,287.4803772,267.7476196,0.002469494008,0.3527848423,0.9883721471,0.9883721471,0.9992815256,1.250997186,-0.005019943696,0.004957324825,1,0,0
chernobyl_rbmk_like,,27.39999962,0.2092703283,0.2004361302,287.6006775,267.7579651,0.002468990628,0.3527129292,0.9883721471,0.9883721471,0.999279201,1.251000047,-0.005020000972,0.00497764349,1,0,0
chernobyl_rbmk_like,,27.5,0.2113453597,0.2023947686,287.7225037,267.7684631,0.00246848166,0.3526402116,0.9883721471,0.9883721471,0.9992769361,1.251002908,-0.005020058248,0.004998194054,1,0,0
chernobyl_rbmk_like,,27.59999847,0.2134346962,0.204366982,287.8458252,267.7791748,0.002467968501,0.3525669277,0.9883721471,0.9883721471,0.9992747307,1.251005769,-0.005020115059,0.005018976517,1,0,0
chernobyl_rbmk_like,,27.69999886,0.2155387849,0.2063532174,287.9707031,267.7900391,0.00246745022,0.3524928689,0.9883721471,0.9883721471,0.9992724657,1.25100863,-0.005020172335,0.005039993674,1,0,0
chernobyl_rbmk_like,,27.79999924,0.2176573128,0.2083531767,288.0970764,267.8011169,0.002466927283,0.3524181843,0.9883721471,0.9883721471,0.9992702007,1.251011491,-0.005020229612,0.005061245523,1,0,0
chernobyl_rbmk_like,,27.89999962,0.2197906077,0.2103671581,288.2250366,267.8123474,0.002466398757,0.3523426652,0.9883721471,0.9883721471,0.9992679954,1.251014352,-0.005020286888,0.005082732998,1,0,0
chernobyl_rbmk_like,,28,0.2219386399,0.2123951465,288.3545227,267.8237915,0.002465865109,0.3522664309,0.9883721471,0.9883721471,0.9992657304,1.251017213,-0.005020344164,0.005104457494,1,0,0
chernobyl_rbmk_like,,28.09999847,0.2241018862,0.214437589,288.4855652,267.8354187,0.00246532727,0.3521896005,0.9883721471,0.9883721471,0.999263525,1.251020074,-0.005020401441,0.005126420408,1,0,0
chernobyl_rbmk_like,,28.19999886,0.2262801379,0.2164942771,288.6181946,267.847229,0.002464786172,0.3521122932,0.9883721471,0.9883721471,0.99926126,1.251022816,-0.005020456389,0.005148622207,1,0,0
chernobyl_rbmk_like,,28.29999924,0.2284736931,0.2185654938,288.7523804,267.8592224,0.002464238554,0.3520340621,0.9883721471,0.9883721471,0.9992590547,1.251025677,-0.005020513199,0.005171064287,1,0,0
chernobyl_rbmk_like,,28.39999962,0.2306825817,0.220651269,288.8881836,267.8713989,0.002463687211,0.3519552946,0.9883721471,0.9883721471,0.9992568493,1.251028419,-0.005020568147,0.00519374758,1,0,0
chernobyl_rbmk_like,,28.5,0.232906878,0.2227517068,289.0255737,267.8837891,0.002463131212,0.3518758714,0.9883721471,0.9883721471,0.9992546439,1.25103116,-0.005020623095,0.005216673017,1,0,0
chernobyl_rbmk_like,,28.59999847,0.2351468801,0.224867031,289.1645508,267.8963623,0.00246257009,0.3517957032,0.9883721471,0.9883721471,0.9992524385,1.251033902,-0.005020678043,0.00523984246,1,0,0
chernobyl_rbmk_like,,28.69999886,0.2374024391,0.2269971371,289.3051453,267.9091187,0.00246200338,0.3517147601,0.9883721471,0.9883721471,0.9992502928,1.251036644,-0.005020732991,0.005263257306,1,0,0
chernobyl_rbmk_like,,28.79999924,0.2396739125,0.2291423529,289.4473877,267.9220581,0.002461432014,0.3516331315,0.9883721471,0.9883721471,0.9992480874,1.251039386,-0.005020787474,0.005286918022,1,0,0
chernobyl_rbmk_like,,28.89999962,0.2419613004,0.2313026786,289.591217,267.9352112,0.002460854594,0.3515506387,0.9883721471,0.9883721471,0.999245882,1.251042128,-0.005020842422,0.005310825538,1,0,0
chernobyl_rbmk_like,,29,0.244264707,0.2334782332,289.7367249,267.9485474,0.002460274845,0.351467818,0.9883721471,0.9883721471,0.9992437363,1.25104475,-0.005020895042,0.005334981252,1,0,0
chernobyl_rbmk_like,,29.09999847,0.2465844154,0.2356692255,289.8838806,267.9620972,0.002459687646,0.3513839245,0.9883721471,0.9883721471,0.9992415905,1.251047492,-0.005020949524,0.005359387025,1,0,0
chernobyl_rbmk_like,,29.19999886,0.248920247,0.237875551,290.0326843,267.9758301,0.002459097188,0.3512995839,0.9883721471,0.9883721471,0.9992394447,1.251050115,-0.005021002144,0.00538404379,1,0,0
chernobyl_rbmk_like,,29.29999924,0.2512724698,0.2400974482,290.1831665,267.9897461,0.002458498348,0.3512140512,0.9883721471,0.9883721471,0.999237299,1.251052856,-0.005021057092,0.005408952478,1,0,0
chernobyl_rbmk_like,,29.39999962,0.2536413074,0.242335096,290.3353271,268.0038757,0.002457897644,0.3511282206,0.9883721471,0.9883721471,0.9992351532,1.251055479,-0.005021109246,0.005434114486,1,0,0
chernobyl_rbmk_like,,29.5,0.256026715,0.2445884943,290.4891968,268.018219,0.002457290422,0.351041466,0.9883721471,0.9883721471,0.9992330074,1.251058102,-0.005021161865,0.00545953121,1,0,0
chernobyl_rbmk_like,,29.59999847,0.2584289312,0.2468578368,290.6447449,268.0327454,0.002456678078,0.3509539962,0.9883721471,0.9883721471,0.9992308617,1.251060724,-0.005021214485,0.005485204048,1,0,0
chernobyl_rbmk_like,,29.69999886,0.2608479261,0.2491431087,290.802002,268.0474854,0.002456061076,0.3508658707,0.9883721471,0.9883721471,0.9992287159,1.251063347,-0.005021266639,0.005511133466,1,0,0
chernobyl_rbmk_like,,29.79999924,0.2632838786,0.251444459,290.9609985,268.0624084,0.002455439884,0.3507771194,0.9883721471,0.9883721471,0.9992266297,1.25106585,-0.005021316931,0.005537321791,1,0,0
chernobyl_rbmk_like,,29.89999962,0.2657369375,0.2537620664,291.1217041,268.0775452,0.00245481031,0.350687176,0.9883721471,0.9883721471,0.999224484,1.251068473,-0.00502136955,0.005563770421,1,0,0
chernobyl_rbmk_like,,30,0.2682073116,0.2560960948,291.2841797,268.0928955,0.002454178408,0.3505969048,0.9883721471,0.9883721471,0.9992223978,1.251070976,-0.005021419376,0.005590479821,1,0,0
chernobyl_rbmk_like,,30.09999847,0.2706947625,0.2584463656,291.4483643,268.108429,0.002453537658,0.3505053818,0.9883721471,0.9883721471,0.9992203116,1.251073599,-0.005021471996,0.005617451388,1,0,0
chernobyl_rbmk_like,,30.19999886,0.2731997967,0.2608132958,291.6143494,268.124176,0.002452894114,0.3504134417,0.9883721471,0.9883721471,0.9992182255,1.251076102,-0.005021521822,0.005644687451,1,0,0
chernobyl_rbmk_like,,30.29999924,0.2757224143,0.2631969154,291.782074,268.1401367,0.002452244516,0.3503206372,0.9883721471,0.9883721471,0.9992161393,1.251078606,-0.005021572113,0.005672188476,1,0,0
chernobyl_rbmk_like,,30.39999962,0.2782627046,0.2655973434,291.9515991,268.156311,0.002451589797,0.3502271175,0.9883721471,0.9883721471,0.9992140532,1.251081109,-0.005021621939,0.005699955858,1,0,0
chernobyl_rbmk_like,,30.5,0.2808205485,0.2680144012,292.1228943,268.172699,0.002450929023,0.3501327038,0.9883721471,0.9883721471,0.9992120266,1.251083612,-0.00502167223,0.005727992393,1,0,0
chernobyl_rbmk_like,,30.59999847,0.2833962142,0.2704483569,292.2960205,268.18927,0.002450264525,0.3500377834,0.9883721471,0.9883721471,0.9992099404,1.251085997,-0.005021719728,0.005756297149,1,0,0
chernobyl_rbmk_like,,30.69999886,0.2859908342,0.2729003131,292.4709473,268.2060852,0.00244959211,0.3499417305,0.9883721471,0.9883721471,0.9992079139,1.2510885,-0.005021770019,0.005784872919,1,0,0
chernobyl_rbmk_like,,30.79999924,0.2886025012,0.2753684521,292.6477051,268.2230835,0.002448915504,0.3498450518,0.9883721471,0.9883721471,0.9992058873,1.251090884,-0.005021817517,0.005813721102,1,0,0
chernobyl_rbmk_like,,30.89999962,0.2912327945,0.2778542638,292.8262939,268.2403259,0.002448230982,0.3497472703,0.9883721471,0.9883721471,0.9992038012,1.251093388,-0.005021867808,0.005842843093,1,0,0
chernobyl_rbmk_like,,31,0.2938812375,0.280357331,293.0067139,268.2577515,0.002447542734,0.3496489525,0.9883721471,0.9883721471,0.9992017746,1.251095772,-0.005021915305,0.005872239359,1,0,0
chernobyl_rbmk_like,,31.09999847,0.2965483963,0.2828781009,293.1890259,268.2754211,0.002446848433,0.3495497704,0.9883721471,0.9883721471,0.999199748,1.251098156,-0.005021962803,0.005901913624,1,0,0
chernobyl_rbmk_like,,31.19999886,0.2992342412,0.2854166329,293.3731689,268.2933044,0.002446148079,0.349449724,0.9883721471,0.9883721471,0.9991977811,1.25110054,-0.005022010766,0.005931864493,1,0,0
chernobyl_rbmk_like,,31.29999924,0.3019384444,0.2879726291,293.5592041,268.3114014,0.002445444465,0.3493492007,0.9883721471,0.9883721471,0.9991957545,1.251102805,-0.005022055935,0.005962095689,1,0,0
chernobyl_rbmk_like,,31.39999962,0.3046617806,0.2905467153,293.7471313,268.3297119,0.002444731537,0.3492473662,0.9883721471,0.9883721471,0.9991937876,1.251105189,-0.005022103898,0.005992607214,1,0,0
chernobyl_rbmk_like,,31.5,0.3074039221,0.2931386828,293.9369507,268.3482361,0.002444012556,0.3491446376,0.9883721471,0.9883721471,0.999191761,1.251107574,-0.005022151396,0.006023402326,1,0,0
chernobyl_rbmk_like,,31.59999847,0.3101650178,0.2957486212,294.1286926,268.3670044,0.002443290316,0.3490414619,0.9883721471,0.9883721471,0.9991897941,1.251109838,-0.005022196565,0.00605448056,1,0,0
chernobyl_rbmk_like,,31.69999886,0.3129453659,0.2983768284,294.3223572,268.3859863,0.002442561556,0.3489373624,0.9883721471,0.9883721471,0.9991878271,1.251112103,-0.005022241734,0.00608584471,1,0,0
chernobyl_rbmk_like,,31.79999924,0.3157449961,0.3010233343,294.5179749,268.4052124,0.002441826276,0.3488323092,0.9883721471,0.9883721471,0.9991858602,1.251114368,-0.005022287369,0.006117495708,1,0,0
chernobyl_rbmk_like,,31.89999962,0.3185639083,0.3036881387,294.7155151,268.4246216,0.002441084478,0.3487263322,0.9883721471,0.9883721471,0.9991838932,1.251116633,-0.005022332538,0.006149435416,1,0,0
chernobyl_rbmk_like,,32,0.3214025199,0.3063716292,294.9150085,268.4443054,0.002440337092,0.3486195803,0.9883721471,0.9883721471,0.9991819263,1.251118898,-0.005022377707,0.006181665696,1,0,0
chernobyl_rbmk_like,,32.09999847,0.3242605031,0.3090735078,295.1164856,268.4641724,0.002439581789,0.3485116661,0.9883721471,0.9883721471,0.9991800189,1.251121163,-0.005022423342,0.006214187015,1,0,0
chernobyl_rbmk_like,,32.20000076,0.3271382153,0.3117941022,295.3199463,268.484314,0.002438824158,0.3484034538,0.9883721471,0.9883721471,0.9991780519,1.251123309,-0.005022466183,0.0062470017,1,0,0
chernobyl_rbmk_like,,32.29999924,0.3300360143,0.3145337701,295.5253906,268.5046692,0.002438057214,0.3482938707,0.9883721471,0.9883721471,0.9991761446,1.251125574,-0.005022511352,0.006280111615,1,0,0
chernobyl_rbmk_like,,32.39999771,0.3329535127,0.317292124,295.7328491,268.525238,0.002437285148,0.3481835723,0.9883721471,0.9883721471,0.9991742373,1.25112772,-0.005022554193,0.006313518155,1,0,0
chernobyl_rbmk_like,,32.5,0.3358910382,0.3200694323,295.9423218,268.546051,0.002436507493,0.348072499,0.9883721471,0.9883721471,0.9991723299,1.251129866,-0.005022597034,0.006347222254,1,0,0
chernobyl_rbmk_like,,32.59999847,0.3388489783,0.3228661716,296.1538086,268.5671082,0.002435722388,0.3479603231,0.9883721471,0.9883721471,0.9991704226,1.251132011,-0.00502264034,0.006381226238,1,0,0
chernobyl_rbmk_like,,32.70000076,0.3418271244,0.325682044,296.3673401,268.5884094,0.00243493123,0.3478473127,0.9883721471,0.9883721471,0.9991685152,1.251134157,-0.005022683181,0.006415531039,1,0,0
chernobyl_rbmk_like,,32.79999924,0.3448256254,0.328517288,296.5829468,268.6099243,0.002434135415,0.3477336168,0.9883721471,0.9883721471,0.9991666675,1.251136184,-0.005022723693,0.006450138986,1,0,0
chernobyl_rbmk_like,,32.89999771,0.3478446603,0.331371963,296.8005981,268.6316833,0.002433330752,0.3476186693,0.9883721471,0.9883721471,0.9991647601,1.25113833,-0.005022766534,0.006485051475,1,0,0
chernobyl_rbmk_like,,33,0.3508840799,0.3342460096,297.0203247,268.6536865,0.002432521898,0.3475031257,0.9883721471,0.9883721471,0.9991629124,1.251140356,-0.005022807047,0.00652027037,1,0,0
chernobyl_rbmk_like,,33.09999847,0.3539446592,0.3371401131,297.242157,268.6759338,0.00243170606,0.3473865688,0.9883721471,0.9883721471,0.9991610646,1.251142383,-0.005022847559,0.006555797532,1,0,0
chernobyl_rbmk_like,,33.20000076,0.3570257425,0.3400537074,297.4660645,268.6984253,0.002430883236,0.3472690284,0.9883721471,0.9883721471,0.9991592169,1.251144409,-0.005022888072,0.006591633428,1,0,0
chernobyl_rbmk_like,,33.29999924,0.3601279855,0.342987299,297.6921082,268.7211609,0.002430053893,0.3471505344,0.9883721471,0.9883721471,0.9991573691,1.251146436,-0.005022928584,0.006627781317,1,0,0
chernobyl_rbmk_like,,33.39999771,0.3632510602,0.3459407389,297.9202881,268.7441406,0.0024292171,0.3470309973,0.9883721471,0.9883721471,0.9991555214,1.251148462,-0.005022969097,0.006664241198,1,0,0
chernobyl_rbmk_like,,33.5,0.3663954735,0.3489144146,298.1506042,268.7673645,0.002428373322,0.3469104767,0.9883721471,0.9883721471,0.9991537333,1.251150489,-0.005023009609,0.006701015867,1,0,0
chernobyl_rbmk_like,,33.59999847,0.3695609868,0.3519080579,298.3830566,268.7908325,0.002427524887,0.3467892706,0.9883721471,0.9883721471,0.9991518855,1.251152396,-0.005023047794,0.00673810672,1,0,0
chernobyl_rbmk_like,,33.70000076,0.3727482259,0.354922384,298.6176758,268.8145447,0.002426669467,0.3466670513,0.9883721471,0.9883721471,0.9991500974,1.251154304,-0.005023085978,0.00677551562,1,0,0
chernobyl_rbmk_like,,33.79999924,0.3759567738,0.3579568863,298.8544617,268.8385315,0.002425806597,0.3465437889,0.9883721471,0.9883721471,0.9991483092,1.251156211,-0.005023124162,0.006813244894,1,0,0
chernobyl_rbmk_like,,33.89999771,0.3791871071,0.3610120416,299.0934448,268.8627625,0.002424937207,0.3464196026,0.9883721471,0.9883721471,0.9991465211,1.251158118,-0.005023162346,0.006851294544,1,0,0
chernobyl_rbmk_like,,34,0.3824387491,0.3640874624,299.3346558,268.8872375,0.002424059901,0.3462942541,0.9883721471,0.9883721471,0.999144733,1.251160026,-0.005023200531,0.006889667362,1,0,0
chernobyl_rbmk_like,,34.09999847,0.3857124448,0.3671837747,299.578064,268.9119568,0.002423176076,0.3461680114,0.9883721471,0.9883721471,0.9991430044,1.251161933,-0.005023238715,0.006928365678,1,0,0
chernobyl_rbmk_like,,34.20000076,0.3890079856,0.3703008592,299.8236694,268.9369507,0.002422287129,0.3460409939,0.9883721471,0.9883721471,0.9991412163,1.251163721,-0.005023274105,0.006967389956,1,0,0
chernobyl_rbmk_like,,34.29999924,0.3923257589,0.373439014,300.0715637,268.9622192,0.002421391197,0.3459130228,0.9883721471,0.9883721471,0.9991394877,1.251165509,-0.005023309961,0.007006743923,1,0,0
chernobyl_rbmk_like,,34.39999771,0.3956655562,0.3765980601,300.3216858,268.9877319,0.002420484554,0.3457835019,0.9883721471,0.9883721471,0.9991377592,1.251167417,-0.005023348145,0.007046426646,1,0,0
chernobyl_rbmk_like,,34.5,0.399027586,0.3797782362,300.5740967,269.0134888,0.002419573255,0.3456533253,0.9883721471,0.9883721471,0.9991360307,1.251169205,-0.005023384001,0.007086441852,1,0,0
chernobyl_rbmk_like,,34.59999847,0.4024117291,0.3829793334,300.8287659,269.0395508,0.002418657299,0.3455224633,0.9883721471,0.9883721471,0.9991343021,1.251170874,-0.005023417529,0.007126790471,1,0,0
chernobyl_rbmk_like,,34.70000076,0.4058187008,0.3862021565,301.0857239,269.0658264,0.002417731099,0.345390141,0.9883721471,0.9883721471,0.9991325736,1.251172662,-0.005023452919,0.007167474832,1,0,0
chernobyl_rbmk_like,,34.79999924,0.4092480838,0.3894461989,301.3450012,269.0924072,0.002416799776,0.3452571034,0.9883721471,0.9883721471,0.9991309047,1.251174331,-0.005023486447,0.007208495867,1,0,0
chernobyl_rbmk_like,,34.89999771,0.4127002656,0.3927119076,301.6065979,269.1192322,0.002415858209,0.3451225758,0.9883721471,0.9883721471,0.9991292357,1.251176119,-0.005023522303,0.007249856368,1,0,0
chernobyl_rbmk_like,,35,0.4161748588,0.3959988654,301.8705139,269.1463318,0.002414911985,0.3449874222,0.9883721471,0.9883721471,0.9991275072,1.251177788,-0.00502355583,0.007291558199,1,0,0
chernobyl_rbmk_like,,35.09999847,0.4196725488,0.3993077874,302.1368103,269.1737061,0.002413957845,0.3448511064,0.9883721471,0.9883721471,0.9991258383,1.251179457,-0.005023588892,0.007333602756,1,0,0
chernobyl_rbmk_like,,35.20000076,0.4231933355,0.4026385546,302.405426,269.201355,0.002412998583,0.3447140753,0.9883721471,0.9883721471,0.999124229,1.251181006,-0.005023620091,0.007375990972,1,0,0
chernobyl_rbmk_like,,35.29999924,0.4267370403,0.405991137,302.6764526,269.2292786,0.002412028611,0.3445754945,0.9883721471,0.9883721471,0.99912256,1.251182675,-0.005023653619,0.007418726105,1,0,0
chernobyl_rbmk_like,,35.39999771,0.4303038716,0.4093656242,302.9498291,269.2574768,0.002411053516,0.3444361985,0.9883721471,0.9883721471,0.9991208911,1.251184225,-0.005023684353,0.007461808622,1,0,0
chernobyl_rbmk_like,,35.5,0.4338941574,0.4127623737,303.225647,269.2859497,0.002410068642,0.3442955017,0.9883721471,0.9883721471,0.9991192818,1.251185894,-0.00502371788,0.007505241781,1,0,0
chernobyl_rbmk_like,,35.59999847,0.4375074208,0.4161809683,303.5038452,269.3146973,0.002409078181,0.3441540301,0.9883721471,0.9883721471,0.9991176724,1.251187444,-0.005023748614,0.007549026981,1,0,0
chernobyl_rbmk_like,,35.70000076,0.4411444366,0.4196220636,303.7844849,269.3437195,0.002408078872,0.3440112472,0.9883721471,0.9883721471,0.9991160631,1.251188993,-0.005023779813,0.007593165152,1,0,0
chernobyl_rbmk_like,,35.79999924,0.4448048472,0.4230853915,304.0675659,269.3730469,0.002407074906,0.3438678384,0.9883721471,0.9883721471,0.9991144538,1.251190424,-0.005023808219,0.007637658622,1,0,0
chernobyl_rbmk_like,,35.89999771,0.4484894276,0.4265716374,304.3530884,269.4026184,0.002406059764,0.3437228203,0.9883721471,0.9883721471,0.9991129041,1.251191974,-0.005023839418,0.00768250972,1,0,0
chernobyl_rbmk_like,,36,0.4521971941,0.4300799072,304.6411133,269.4324951,0.002405039035,0.3435769975,0.9883721471,0.9883721471,0.9991112947,1.251193404,-0.005023867823,0.007727720309,1,0,0
chernobyl_rbmk_like,,36.09999847,0.4559291005,0.4336110651,304.9315796,269.462677,0.002404010855,0.3434301019,0.9883721471,0.9883721471,0.999109745,1.251194835,-0.005023896694,0.007773291785,1,0,0
chernobyl_rbmk_like,,36.20000076,0.459684819,0.4371648729,305.2245789,269.4931335,0.002402974758,0.3432821035,0.9883721471,0.9883721471,0.9991081953,1.251196265,-0.0050239251,0.007819226943,1,0,0
chernobyl_rbmk_like,,36.29999924,0.4634644389,0.4407413006,305.5200806,269.5238647,0.002401928883,0.3431326747,0.9883721471,0.9883721471,0.9991066456,1.251197696,-0.005023953971,0.007865525782,1,0,0
chernobyl_rbmk_like,,36.39999771,0.4672682285,0.4443407357,305.8180847,269.5549011,0.002400876023,0.3429822922,0.9883721471,0.9883721471,0.9991050959,1.251199126,-0.005023982376,0.007912192494,1,0,0
chernobyl_rbmk_like,,36.5,0.4710964561,0.4479633272,306.1186523,269.5862427,0.002399817109,0.3428310156,0.9883721471,0.9883721471,0.9991036057,1.251200438,-0.005024008453,0.007959227078,1,0,0
chernobyl_rbmk_like,,36.59999847,0.4749487638,0.451608777,306.4217529,269.6178589,0.002398749348,0.3426784575,0.9883721471,0.9883721471,0.9991021156,1.251201749,-0.005024034996,0.008006631397,1,0,0
chernobyl_rbmk_like,,36.70000076,0.4788257182,0.4552776217,306.727417,269.6497803,0.00239767367,0.3425247967,0.9883721471,0.9883721471,0.9991005659,1.25120306,-0.005024061073,0.008054409176,1,0,0
chernobyl_rbmk_like,,36.79999924,0.4827268124,0.4589694142,307.035675,269.6819763,0.002396589611,0.3423699439,0.9883721471,0.9883721471,0.9990990758,1.251204371,-0.00502408715,0.008102560416,1,0,0
chernobyl_rbmk_like,,36.89999771,0.4866527021,0.4626847208,307.3465271,269.7145081,0.002395496238,0.3422137499,0.9883721471,0.9883721471,0.9990976453,1.251205683,-0.005024113692,0.008151088841,1,0,0
chernobyl_rbmk_like,,37,0.4906030595,0.4664232433,307.6600037,269.7473145,0.002394397277,0.3420567513,0.9883721471,0.9883721471,0.9990961552,1.251206875,-0.005024137441,0.008199994452,1,0,0
chernobyl_rbmk_like,,37.09999847,0.4945786595,0.4701857567,307.9760742,269.780426,0.002393290401,0.3418986201,0.9883721471,0.9883721471,0.9990947247,1.251208067,-0.00502416119,0.008249280974,1,0,0
chernobyl_rbmk_like,,37.20000076,0.498578757,0.4739714861,308.2947998,269.8138733,0.00239217421,0.3417391479,0.9883721471,0.9883721471,0.9990932941,1.251209259,-0.005024184939,0.008298948407,1,0,0
chernobyl_rbmk_like,,37.29999924,0.5026038289,0.4777809978,308.6161804,269.8475952,0.002391049638,0.3415785134,0.9883721471,0.9883721471,0.9990918636,1.251210451,-0.005024208687,0.008348999545,1,0,0
chernobyl_rbmk_like,,37.39999771,0.5066536069,0.4816139042,308.9402161,269.8816223,0.002389915753,0.3414165378,0.9883721471,0.9883721471,0.9990904331,1.251211643,-0.005024232902,0.008399437182,1,0,0
chernobyl_rbmk_like,,37.5,0.5107286572,0.4854708314,309.2669373,269.9159851,0.00238877628,0.3412537575,0.9883721471,0.9883721471,0.9990890026,1.251212716,-0.005024254322,0.008450261317,1,0,0
chernobyl_rbmk_like,,37.59999847,0.5148290396,0.489351809,309.596344,269.9506531,0.002387627494,0.3410896361,0.9883721471,0.9883721471,0.9990876317,1.251213789,-0.005024275742,0.008501476608,1,0,0
chernobyl_rbmk_like,,37.70000076,0.5189548135,0.4932568967,309.9284668,269.9856262,0.002386470325,0.3409243226,0.9883721471,0.9883721471,0.9990862012,1.251214862,-0.005024297163,0.008553082123,1,0,0
chernobyl_rbmk_like,,37.79999924,0.5231055617,0.4971857071,310.2633362,270.0209045,0.002385303378,0.3407576084,0.9883721471,0.9883721471,0.9990848303,1.251215935,-0.005024318583,0.008605081588,1,0,0
chernobyl_rbmk_like,,37.89999771,0.5272817612,0.5011386275,310.6009216,270.0565186,0.002384128049,0.3405897021,0.9883721471,0.9883721471,0.999083519,1.251217008,-0.005024340004,0.008657475933,1,0,0
chernobyl_rbmk_like,,38,0.5314832926,0.5051156878,310.9412537,270.0924377,0.002382946201,0.340420872,0.9883721471,0.9883721471,0.9990821481,1.251217961,-0.005024359096,0.008710267022,1,0,0
chernobyl_rbmk_like,,38.09999847,0.5357106924,0.5091172457,311.2843628,270.1286621,0.002381755039,0.3402507007,0.9883721471,0.9883721471,0.9990808368,1.251218915,-0.005024378188,0.00876345858,1,0,0
chernobyl_rbmk_like,,38.20000076,0.5399635434,0.5131430626,311.630249,270.1652527,0.002380555496,0.3400793374,0.9883721471,0.9883721471,0.9990794659,1.251219869,-0.00502439728,0.008817050606,1,0,0
chernobyl_rbmk_like,,38.29999924,0.5442421436,0.5171931982,311.9789124,270.2021484,0.002379346173,0.3399065733,0.9883721471,0.9883721471,0.9990781546,1.251220822,-0.005024416372,0.008871044964,1,0,0
chernobyl_rbmk_like,,38.39999771,0.5485463142,0.5212677121,312.3304138,270.2393494,0.002378128003,0.3397325575,0.9883721471,0.9883721471,0.9990769029,1.251221776,-0.005024435464,0.008925444447,1,0,0
chernobyl_rbmk_like,,38.5,0.5528761148,0.5253665447,312.6847229,270.276886,0.002376902848,0.3395575285,0.9883721471,0.9883721471,0.9990755916,1.25122261,-0.005024452228,0.008980250917,1,0,0
chernobyl_rbmk_like,,38.59999847,0.5572322011,0.5294903517,313.0418701,270.3147583,0.00237566838,0.3393811882,0.9883721471,0.9883721471,0.9990743399,1.251223445,-0.005024468992,0.009035466239,1,0,0
chernobyl_rbmk_like,,38.70000076,0.561614275,0.533638835,313.401886,270.3529663,0.002374425065,0.3392035663,0.9883721471,0.9883721471,0.9990730286,1.251224279,-0.00502448529,0.009091092274,1,0,0
chernobyl_rbmk_like,,38.79999924,0.5660223961,0.5378120542,313.7647705,270.39151,0.00237317197,0.3390245438,0.9883721471,0.9883721471,0.9990717769,1.251225114,-0.005024502054,0.009147130884,1,0,0
chernobyl_rbmk_like,,38.89999771,0.5704564452,0.5420099497,314.1305237,270.4303894,0.002371912356,0.3388445973,0.9883721471,0.9883721471,0.9990705848,1.251225829,-0.005024516489,0.009203583933,1,0,0
chernobyl_rbmk_like,,39,0.57491678,0.54623276,314.499176,270.4696045,0.002370642498,0.3386631906,0.9883721471,0.9883721471,0.9990693331,1.251226544,-0.005024530925,0.009260453284,1,0,0
chernobyl_rbmk_like,,39.09999847,0.5794033408,0.550480485,314.8707581,270.5091553,0.002369363792,0.3384805322,0.9883721471,0.9883721471,0.999068141,1.25122726,-0.005024544895,0.009317740798,1,0,0
chernobyl_rbmk_like,,39.20000076,0.5839160085,0.5547530055,315.2452393,270.5490417,0.002368075307,0.338296473,0.9883721471,0.9883721471,0.9990669489,1.251227975,-0.00502455933,0.00937544927,1,0,0
chernobyl_rbmk_like,,39.29999924,0.5884549022,0.5590504408,315.6226807,270.5892639,0.002366777044,0.3381109834,0.9883721471,0.9883721471,0.9990657568,1.25122869,-0.005024573766,0.009433579631,1,0,0
chernobyl_rbmk_like,,39.39999771,0.5930204391,0.5633732677,316.0030823,270.6298218,0.002365471795,0.33792454,0.9883721471,0.9883721471,0.9990645647,1.251229286,-0.005024585407,0.009492132813,1,0,0
chernobyl_rbmk_like,,39.5,0.5976122618,0.5677209496,316.3864441,270.6707458,0.002364156768,0.3377366662,0.9883721471,0.9883721471,0.9990634322,1.251229882,-0.005024597514,0.009551113471,1,0,0
chernobyl_rbmk_like,,39.59999847,0.6022308469,0.5720941424,316.7727966,270.7120361,0.002362831961,0.3375474215,0.9883721471,0.9883721471,0.9990622997,1.251230478,-0.005024609622,0.009610521607,1,0,0
chernobyl_rbmk_like,,39.70000076,0.6068759561,0.576492548,317.1621704,270.7536316,0.002361497842,0.3373568356,0.9883721471,0.9883721471,0.9990611672,1.251231074,-0.005024621263,0.009670359083,1,0,0
chernobyl_rbmk_like,,39.79999924,0.6115472913,0.5809158087,317.5545349,270.7956238,0.002360156272,0.3371651769,0.9883721471,0.9883721471,0.9990600348,1.251231551,-0.005024631042,0.009730628692,1,0,0
chernobyl_rbmk_like,,39.89999771,0.6162458062,0.5853648782,317.9499207,270.8379211,0.002358803991,0.3369719982,0.9883721471,0.9883721471,0.9990589023,1.251232028,-0.005024640355,0.009791332297,1,0,0
chernobyl_rbmk_like,,40,0.620970726,0.5898391604,318.3483582,270.8806152,0.002357442398,0.3367774785,0.9883721471,0.9883721471,0.9990578294,1.251232505,-0.005024650134,0.00985247083,1,0,0
chernobyl_rbmk_like,,40.09999847,0.6257222295,0.5943385959,318.7498474,270.923645,0.002356071491,0.3365816176,0.9883721471,0.9883721471,0.9990567565,1.251232982,-0.005024659447,0.009914048016,1,0,0
chernobyl_rbmk_like,,40.20000076,0.6305007339,0.5988637805,319.1544189,270.967041,0.002354689408,0.3363841772,0.9883721471,0.9883721471,0.9990556836,1.251233459,-0.005024669226,0.009976062924,1,0,0
chernobyl_rbmk_like,,40.29999924,0.6353058219,0.6034141183,319.5620728,271.0108032,0.002353300806,0.336185813,0.9883721471,0.9883721471,0.9990546107,1.251233816,-0.005024676211,0.01003851928,1,0,0
chernobyl_rbmk_like,,40.39999771,0.6401381493,0.6079905033,319.9728394,271.0549011,0.002351901494,0.3359859288,0.9883721471,0.9883721471,0.9990535975,1.251234174,-0.005024683196,0.01010141894,1,0,0
chernobyl_rbmk_like,,40.5,0.6449970007,0.6125919223,320.3867188,271.0993958,0.002350491937,0.3357845545,0.9883721471,0.9883721471,0.9990525842,1.251234531,-0.005024690647,0.01016476378,1,0,0
chernobyl_rbmk_like,,40.59999847,0.649882853,0.6172191501,320.8037415,271.1442261,0.00234907493,0.3355821371,0.9883721471,0.9883721471,0.9990515709,1.25123477,-0.005024695303,0.01022855472,1,0,0
chernobyl_rbmk_like,,40.70000076,0.6547961831,0.6218724251,321.223877,271.1894531,0.002347647678,0.3353782296,0.9883721471,0.9883721471,0.9990505576,1.251235008,-0.00502469996,0.01029279456,1,0,0
chernobyl_rbmk_like,,40.79999924,0.6597363353,0.6265512705,321.6472168,271.2350464,0.002346210182,0.3351728618,0.9883721471,0.9883721471,0.9990496039,1.251235247,-0.005024704617,0.01035748515,1,0,0
chernobyl_rbmk_like,,40.89999771,0.6647033691,0.6312556267,322.0737,271.2810059,0.002344761975,0.3349659741,0.9883721471,0.9883721471,0.9990486503,1.251235485,-0.005024709739,0.01042262744,1,0,0
chernobyl_rbmk_like,,41,0.6696973443,0.6359855533,322.5033569,271.3273315,0.00234330399,0.3347577155,0.9883721471,0.9883721471,0.9990476966,1.251235723,-0.005024714395,0.01048822422,1,0,0
chernobyl_rbmk_like,,41.09999847,0.6747186184,0.6407414675,322.9362488,271.374054,0.002341838088,0.3345482945,0.9883721471,0.9883721471,0.9990467429,1.251235843,-0.005024716724,0.01055427827,1,0,0
chernobyl_rbmk_like,,41.20000076,0.6797658801,0.6455221176,323.372345,271.4211426,0.002340361476,0.3343373537,0.9883721471,0.9883721471,0.9990457892,1.251235962,-0.005024719052,0.01062078867,1,0,0
chernobyl_rbmk_like,,41.29999924,0.6848418713,0.6503300667,323.8117065,271.4685974,0.002338874619,0.3341249228,0.9883721471,0.9883721471,0.9990448952,1.251236081,-0.00502472138,0.01068775821,1,0,0
chernobyl_rbmk_like,,41.39999771,0.6899443269,0.6551631689,324.2542725,271.516449,0.002337379381,0.3339113295,0.9883721471,0.9883721471,0.9990440011,1.251236081,-0.00502472138,0.01075519063,1,0,0
chernobyl_rbmk_like,,41.5,0.6950742602,0.6600224376,324.7001038,271.5646667,0.002335871104,0.3336958587,0.9883721471,0.9883721471,0.999043107,1.2512362,-0.005024723709,0.0108230859,1,0,0
chernobyl_rbmk_like,,41.59999847,0.7002311349,0.6649073362,325.149231,271.6132812,0.002334354445,0.3334791958,0.9883721471,0.9883721471,0.9990422726,1.2512362,-0.005024723709,0.01089144591,1,0,0
chernobyl_rbmk_like,,41.70000076,0.7054157257,0.6698185802,325.6016541,271.6622925,0.00233282987,0.3332614005,0.9883721471,0.9883721471,0.9990414381,1.251236081,-0.00502472138,0.01096027251,1,0,0
chernobyl_rbmk_like,,41.79999924,0.7106266022,0.6747547984,326.057373,271.7117004,0.002331292722,0.3330418169,0.9883721471,0.9883721471,0.9990406036,1.251236081,-0.00502472138,0.01102956757,1,0,0
chernobyl_rbmk_like,,41.89999771,0.7158652544,0.6797174811,326.5163879,271.7614746,0.002329746261,0.3328208923,0.9883721471,0.9883721471,0.9990397692,1.251235962,-0.005024719052,0.01109933387,1,0,0
chernobyl_rbmk_like,,42,0.7211312652,0.6847061515,326.9787598,271.8116455,0.002328189556,0.3325985074,0.9883721471,0.9883721471,0.9990389347,1.251235843,-0.005024716724,0.01116957236,1,0,0
chernobyl_rbmk_like,,42.09999847,0.726424396,0.6897206903,327.444458,271.8622437,0.00232662214,0.3323745728,0.9883721471,0.9883721471,0.9990381598,1.251235723,-0.005024714395,0.01124028396,1,0,0
chernobyl_rbmk_like,,42.20000076,0.7317445874,0.6947609186,327.9135437,271.913208,0.002325046342,0.3321494758,0.9883721471,0.9883721471,0.999037385,1.251235485,-0.005024709739,0.01131147146,1,0,0
chernobyl_rbmk_like,,42.29999924,0.7370926142,0.6998276114,328.3859863,271.9645691,0.002323456574,0.3319223523,0.9883721471,0.9883721471,0.9990366101,1.251235366,-0.00502470741,0.0113831358,1,0,0
chernobyl_rbmk_like,,42.39999771,0.7424669266,0.7049193978,328.8618164,272.0163574,0.002321859356,0.3316941857,0.9883721471,0.9883721471,0.9990358949,1.251235127,-0.005024702288,0.01145527977,1,0,0
chernobyl_rbmk_like,,42.5,0.7478690147,0.7100375891,329.3410645,272.068512,0.002320252359,0.3314646184,0.9883721471,0.9883721471,0.9990351796,1.25123477,-0.005024695303,0.01152790524,1,0,0
chernobyl_rbmk_like,,42.59999847,0.7532986403,0.7151819468,329.8237305,272.1210938,0.002318632323,0.3312331736,0.9883721471,0.9883721471,0.9990344644,1.251234531,-0.005024690647,0.01160101127,1,0,0
chernobyl_rbmk_like,,42.70000076,0.7587552667,0.720351994,330.3098145,272.1741028,0.002317004837,0.3310006857,0.9883721471,0.9883721471,0.9990337491,1.251234174,-0.005024683196,0.01167460345,1,0,0
chernobyl_rbmk_like,,42.79999924,0.7642390132,0.7255479097,330.7993469,272.227478,0.002315364778,0.3307663798,0.9883721471,0.9883721471,0.9990330338,1.251233816,-0.005024676211,0.01174868084,1,0,0
chernobyl_rbmk_like,,42.89999771,0.7697498798,0.7307696342,331.2923279,272.2812805,0.002313715871,0.3305308223,0.9883721471,0.9883721471,0.9990323782,1.251233339,-0.005024666898,0.01182324439,1,0,0
chernobyl_rbmk_like,,43,0.7752883434,0.7360175848,331.7887878,272.3355103,0.002312057186,0.330293864,0.9883721471,0.9883721471,0.9990317225,1.251232862,-0.005024657119,0.01189829875,1,0,0
chernobyl_rbmk_like,,43.09999847,0.7808539271,0.7412914634,332.2887573,272.3901367,0.002310385928,0.3300551176,0.9883721471,0.9883721471,0.9990311265,1.251232386,-0.005024647806,0.01197384391,1,0,0
chernobyl_rbmk_like,,43.20000076,0.7864463329,0.7465907335,332.7922058,272.4451904,0.002308703959,0.3298148513,0.9883721471,0.9883721471,0.9990304708,1.251231909,-0.005024638027,0.01204987988,1,0,0
chernobyl_rbmk_like,,43.29999924,0.7920662165,0.7519162297,333.2991638,272.5006714,0.002307010815,0.3295729756,0.9883721471,0.9883721471,0.9990298748,1.251231432,-0.005024628714,0.01212641038,1,0,0
chernobyl_rbmk_like,,43.39999771,0.7977126241,0.7572670579,333.8096313,272.5565491,0.002305308823,0.3293298185,0.9883721471,0.9883721471,0.9990292788,1.251230836,-0.005024616607,0.01220343634,1,0,0
chernobyl_rbmk_like,,43.5,0.8033867478,0.7626441717,334.3236694,272.612854,0.002303595189,0.3290850222,0.9883721471,0.9883721471,0.9990287423,1.25123024,-0.005024604499,0.01228095964,1,0,0
chernobyl_rbmk_like,,43.59999847,0.8090877533,0.7680469155,334.8412476,272.6695862,0.002301872242,0.3288388848,0.9883721471,0.9883721471,0.9990282059,1.251229525,-0.00502459053,0.01235898212,1,0,0
chernobyl_rbmk_like,,43.70000076,0.8148158789,0.7734755874,335.3623962,272.7267456,0.002300135791,0.3285908103,0.9883721471,0.9883721471,0.9990276694,1.251228929,-0.005024578422,0.01243750472,1,0,0
chernobyl_rbmk_like,,43.79999924,0.8205706477,0.778929472,335.8871155,272.7843323,0.002298390493,0.3283414841,0.9883721471,0.9883721471,0.999027133,1.251228213,-0.005024563987,0.01251652837,1,0,0
chernobyl_rbmk_like,,43.89999771,0.8263526559,0.7844094634,336.4154358,272.8423462,0.002296633087,0.3280904293,0.9883721471,0.9883721471,0.9990265965,1.251227498,-0.005024550017,0.01259605493,1,0,0
chernobyl_rbmk_like,,44,0.8321613073,0.7899147272,336.9473572,272.9008179,0.002294867765,0.3278382421,0.9883721471,0.9883721471,0.9990261197,1.251226664,-0.005024533253,0.01267608721,1,0,0
chernobyl_rbmk_like,,44.09999847,0.8379973769,0.7954462171,337.4828796,272.9596863,0.00229308987,0.3275842667,0.9883721471,0.9883721471,0.9990256429,1.251225829,-0.005024516489,0.01275662426,1,0,0
chernobyl_rbmk_like,,44.20000076,0.8438599706,0.8010028601,338.0220642,273.0190125,0.002291300334,0.3273286223,0.9883721471,0.9883721471,0.9990252256,1.251224995,-0.005024499726,0.01283767167,1,0,0
chernobyl_rbmk_like,,44.29999924,0.8497495055,0.8065853119,338.5648804,273.0787659,0.002289499622,0.3270713687,0.9883721471,0.9883721471,0.9990247488,1.25122416,-0.005024482962,0.01291922573,1,0,0
chernobyl_rbmk_like,,44.39999771,0.8556652069,0.8121925592,339.1113586,273.1389465,0.002287688665,0.3268126547,0.9883721471,0.9883721471,0.9990243316,1.251223207,-0.00502446387,0.01300129201,1,0,0
chernobyl_rbmk_like,,44.5,0.8616081476,0.8178259134,339.661499,273.199585,0.002285866998,0.3265524209,0.9883721471,0.9883721471,0.9990239739,1.251222253,-0.005024444778,0.01308386866,1,0,0
chernobyl_rbmk_like,,44.59999847,0.8675777316,0.8234845996,340.2153015,273.2606812,0.002284033224,0.3262904584,0.9883721471,0.9883721471,0.9990235567,1.251221299,-0.005024425685,0.0131669594,1,0,0
chernobyl_rbmk_like,,44.70000076,0.8735733032,0.8291680813,340.7728271,273.3222046,0.002282190137,0.3260271549,0.9883721471,0.9883721471,0.9990231991,1.251220226,-0.005024404265,0.01325056516,1,0,0
chernobyl_rbmk_like,,44.79999924,0.8795960546,0.8348774314,341.3340454,273.3841553,0.002280332148,0.3257617354,0.9883721471,0.9883721471,0.9990228415,1.251219273,-0.005024385173,0.01333468687,1,0,0
chernobyl_rbmk_like,,44.89999771,0.8856446743,0.8406114578,341.8989868,273.4465942,0.00227846764,0.3254953623,0.9883721471,0.9883721471,0.9990224838,1.251218081,-0.005024361424,0.01341932546,1,0,0
chernobyl_rbmk_like,,45,0.8917201161,0.8463711143,342.4676514,273.5094604,0.002276588697,0.3252269328,0.9883721471,0.9883721471,0.9990221858,1.251217008,-0.005024340004,0.01350448281,1,0,0
chernobyl_rbmk_like,,45.09999847,0.8978215456,0.8521555066,343.0400696,273.5727844,0.00227470044,0.3249571919,0.9883721471,0.9883721471,0.9990218878,1.251215816,-0.005024316255,0.01359016076,1,0,0
chernobyl_rbmk_like,,45.20000076,0.9039492011,0.8579649329,343.6162415,273.6365662,0.002272800077,0.3246857226,0.9883721471,0.9883721471,0.9990215898,1.251214623,-0.005024292506,0.01367635839,1,0,0
chernobyl_rbmk_like,,45.29999924,0.9101032615,0.8637995124,344.196167,273.7007751,0.002270887606,0.3244124949,0.9883721471,0.9883721471,0.9990213513,1.251213431,-0.005024268292,0.01376308035,1,0,0
chernobyl_rbmk_like,,45.39999771,0.9162829518,0.869658649,344.7798767,273.7654724,0.002268965822,0.3241379559,0.9883721471,0.9883721471,0.9990211129,1.25121212,-0.005024242215,0.01385032479,1,0,0
chernobyl_rbmk_like,,45.5,0.9224891663,0.8755429387,345.3673706,273.8306274,0.00226703193,0.3238616884,0.9883721471,0.9883721471,0.9990208745,1.251210809,-0.005024216138,0.01393809542,1,0,0
chernobyl_rbmk_like,,45.59999847,0.9287211895,0.881452024,345.9586792,273.8962402,0.002265085466,0.3235836327,0.9883721471,0.9883721471,0.9990206361,1.251209497,-0.005024190061,0.01402639132,1,0,0
chernobyl_rbmk_like,,45.69999695,0.9349784851,0.8873851299,346.553772,273.9623108,0.002263130154,0.3233042955,0.9883721471,0.9883721471,0.9990204573,1.251208067,-0.00502416119,0.01411521435,1,0,0
chernobyl_rbmk_like,,45.79999924,0.9412625432,0.8933438063,347.15271,274.0288696,0.00226116227,0.3230231702,0.9883721471,0.9883721471,0.9990202785,1.251206636,-0.005024132784,0.01420456637,1,0,0
chernobyl_rbmk_like,,45.89999771,0.9475713968,0.8993261456,347.7554626,274.0958557,0.002259182278,0.3227403164,0.9883721471,0.9883721471,0.9990201592,1.251205206,-0.005024103913,0.01429444738,1,0,0
chernobyl_rbmk_like,,46,0.9539061785,0.9053332806,348.3620911,274.1633301,0.002257191576,0.3224559426,0.9883721471,0.9883721471,0.9990199804,1.251203656,-0.00502407318,0.01438485924,1,0,0
chernobyl_rbmk_like,,46.09999847,0.9602663517,0.911364615,348.9725647,274.2312927,0.00225518737,0.3221696019,0.9883721471,0.9883721471,0.9990198612,1.251202226,-0.005024044309,0.01447580196,1,0,0
chernobyl_rbmk_like,,46.19999695,0.9666514993,0.9174197912,349.5868835,274.2997131,0.002253175247,0.3218821585,0.9883721471,0.9883721471,0.9990198016,1.251200557,-0.005024011247,0.01456727926,1,0,0
chernobyl_rbmk_like,,46.29999924,0.9730628729,0.9235000014,350.2051086,274.3685913,0.00225114869,0.3215926588,0.9883721471,0.9883721471,0.9990196824,1.251199007,-0.005023980048,0.01465928927,1,0,0
chernobyl_rbmk_like,,46.39999771,0.9794985652,0.9296035171,350.8272095,274.4379578,0.002249111887,0.3213016987,0.9883721471,0.9883721471,0.9990196228,1.251197338,-0.00502394652,0.01475183293,1,0,0
chernobyl_rbmk_like,,46.5,0.9859591722,0.9357307553,351.4532166,274.5078125,0.002247062977,0.3210089803,0.9883721471,0.9883721471,0.9990195632,1.251195669,-0.005023913458,0.0148449149,1,0,0
chernobyl_rbmk_like,,46.59999847,0.9924451709,0.9418823123,352.0830994,274.5781555,0.002245004755,0.3207149506,0.9883721471,0.9883721471,0.9990195632,1.251193881,-0.005023877602,0.01493853144,1,0,0
chernobyl_rbmk_like,,46.69999695,0.9989561439,0.9480577707,352.7169495,274.6489563,0.002242930699,0.3204186559,0.9883721471,0.9883721471,0.9990195632,1.251192212,-0.005023844074,0.01503268629,1,0,0
chernobyl_rbmk_like,,46.79999924,1.005491018,0.9542559981,353.3546753,274.7202454,0.002240847796,0.3201211095,0.9883721471,0.9883721471,0.9990195632,1.251190424,-0.005023808219,0.01512737852,1,0,0
chernobyl_rbmk_like,,46.89999771,1.012050986,0.9604782462,353.9963684,274.7920227,0.002238753717,0.3198219538,0.9883721471,0.9883721471,0.9990195632,1.251188517,-0.005023770034,0.01522261184,1,0,0
chernobyl_rbmk_like,,47,1.018635511,0.9667239785,354.6420288,274.8642883,0.002236647997,0.3195211291,0.9883721471,0.9883721471,0.9990196228,1.251186609,-0.00502373185,0.01531838439,1,0,0
chernobyl_rbmk_like,,47.09999847,1.025244236,0.9729928374,355.2915955,274.9370117,0.002234528307,0.3192183077,0.9883721471,0.9883721471,0.9990196824,1.251184702,-0.005023694132,0.01541469805,1,0,0
chernobyl_rbmk_like,,47.19999695,1.031877279,0.9792849422,355.9451599,275.0102539,0.002232396975,0.3189138472,0.9883721471,0.9883721471,0.9990198016,1.251182795,-0.005023655947,0.0155115528,1,0,0
chernobyl_rbmk_like,,47.29999924,1.03853333,0.9855991006,356.6026917,275.0839844,0.002230255865,0.3186079562,0.9883721471,0.9883721471,0.9990198612,1.251180768,-0.005023615435,0.01560895145,1,0,0
chernobyl_rbmk_like,,47.39999771,1.045214653,0.9919373989,357.2642212,275.1582031,0.002228102181,0.3183003068,0.9883721471,0.9883721471,0.9990199804,1.251178741,-0.005023574922,0.01570689119,1,0,0
chernobyl_rbmk_like,,47.5,1.051919341,0.998298049,357.9297485,275.2329407,0.00222593639,0.3179908991,0.9883721471,0.9883721471,0.9990201592,1.251176715,-0.00502353441,0.01580537856,1,0,0
chernobyl_rbmk_like,,47.59999847,1.058647275,1.004680991,358.5992432,275.308136,0.00222375989,0.3176799715,0.9883721471,0.9883721471,0.9990202785,1.251174569,-0.005023491103,0.01590440609,1,0,0
chernobyl_rbmk_like,,47.69999695,1.065399289,1.011086941,359.2727661,275.3838501,0.002221571282,0.3173673153,0.9883721471,0.9883721471,0.9990205169,1.251172423,-0.005023448262,0.01600398123,1,0,0
chernobyl_rbmk_like,,47.79999924,1.072174191,1.017514825,359.9503174,275.4600525,0.002219371032,0.3170529902,0.9883721471,0.9883721471,0.9990206957,1.251170158,-0.005023403093,0.01610410213,1,0,0
chernobyl_rbmk_like,,47.89999771,1.078972816,1.023965359,360.631897,275.5367737,0.002217157278,0.3167367578,0.9883721471,0.9883721471,0.9990209341,1.251168013,-0.005023360252,0.01620476879,1,0,0
chernobyl_rbmk_like,,48,1.085793495,1.030437231,361.3175049,275.6139832,0.002214932814,0.3164189756,0.9883721471,0.9883721471,0.9990211725,1.251165748,-0.005023314618,0.01630598307,1,0,0
chernobyl_rbmk_like,,48.09999847,1.092637897,1.036931515,362.0071411,275.6917114,0.002212698106,0.3160997331,0.9883721471,0.9883721471,0.9990214109,1.251163363,-0.00502326712,0.01640774496,1,0,0
chernobyl_rbmk_like,,48.19999695,1.099504948,1.043447614,362.7008362,275.769928,0.002210450359,0.3157786131,0.9883721471,0.9883721471,0.999021709,1.251160979,-0.005023219623,0.01651005447,1,0,0
chernobyl_rbmk_like,,48.29999924,1.106395245,1.049986005,363.3986206,275.8486328,0.002208190039,0.3154557049,0.9883721471,0.9883721471,0.999022007,1.251158595,-0.00502317166,0.0166129116,1,0,0
chernobyl_rbmk_like,,48.39999771,1.113307238,1.056545377,364.1004333,275.927887,0.002205917146,0.3151310086,0.9883721471,0.9883721471,0.999022305,1.251156211,-0.005023124162,0.01671632007,1,0,0
chernobyl_rbmk_like,,48.5,1.120240331,1.063124776,364.8063354,276.0076294,0.002203634009,0.314804852,0.9883721471,0.9883721471,0.9990226626,1.251153708,-0.005023073871,0.01682027616,1,0,0
chernobyl_rbmk_like,,48.59999847,1.12719655,1.069726348,365.5162964,276.0878906,0.002201338299,0.3144768775,0.9883721471,0.9883721471,0.9990230203,1.251151204,-0.005023024045,0.01692478172,1,0,0
chernobyl_rbmk_like,,48.69999695,1.134174466,1.076348901,366.2303467,276.1686707,0.002199032344,0.3141474724,0.9883721471,0.9883721471,0.9990233779,1.251148582,-0.005022971425,0.01702983677,1,0,0
chernobyl_rbmk_like,,48.79999924,1.141174793,1.082992792,366.9485168,276.249939,0.002196710091,0.3138157129,0.9883721471,0.9883721471,0.9990237951,1.251146078,-0.005022921599,0.0171354413,1,0,0
chernobyl_rbmk_like,,48.89999771,1.148195624,1.089656353,367.6707458,276.3317566,0.002194381319,0.3134830296,0.9883721471,0.9883721471,0.9990242124,1.251143336,-0.005022866651,0.01724159904,1,0,0
chernobyl_rbmk_like,,49,1.155238271,1.096340895,368.3971252,276.414093,0.002192036714,0.3131480813,0.9883721471,0.9883721471,0.9990246296,1.251140714,-0.005022814032,0.01734830625,1,0,0
chernobyl_rbmk_like,,49.09999847,1.162302017,1.103045702,369.127594,276.4969177,0.0021896814,0.3128116131,0.9883721471,0.9883721471,0.9990251064,1.251137972,-0.005022759549,0.01745556481,1,0,0
chernobyl_rbmk_like,,49.19999695,1.169386744,1.109770536,369.8621826,276.5802917,0.002187314443,0.3124734759,0.9883721471,0.9883721471,0.9990255833,1.25113523,-0.005022704601,0.01756337285,1,0,0
chernobyl_rbmk_like,,49.29999924,1.176491976,1.116515279,370.6008911,276.6641541,0.002184935845,0.3121336699,0.9883721471,0.9883721471,0.9990260601,1.251132369,-0.005022647325,0.01767173409,1,0,0
chernobyl_rbmk_like,,49.39999771,1.183618426,1.123280287,371.3437195,276.7485657,0.00218254514,0.311792165,0.9883721471,0.9883721471,0.9990265965,1.251129508,-0.005022590049,0.01778064668,1,0,0
chernobyl_rbmk_like,,49.5,1.190764904,1.130064487,372.0906982,276.8334961,0.002180141397,0.3114487529,0.9883721471,0.9883721471,0.999027133,1.251126647,-0.005022532772,0.01789010875,1,0,0
chernobyl_rbmk_like,,49.59999847,1.19793129,1.136868,372.8417969,276.9189453,0.002177727409,0.3111039102,0.9883721471,0.9883721471,0.9990276694,1.251123667,-0.005022473168,0.01800012402,1,0,0
chernobyl_rbmk_like,,49.69999695,1.205117941,1.143690825,373.5970459,277.0049133,0.002175300382,0.31075719,0.9883721471,0.9883721471,0.9990282655,1.251120687,-0.005022413563,0.01811068878,1,0,0
chernobyl_rbmk_like,,49.79999924,1.2123245,1.150532961,374.3564453,277.0914307,0.002172860783,0.3104086816,0.9883721471,0.9883721471,0.9990288615,1.251117706,-0.005022353958,0.01822180673,1,0,0
chernobyl_rbmk_like,,49.89999771,1.219550252,1.157393336,375.1200256,277.1784668,0.002170410007,0.3100585639,0.9883721471,0.9883721471,0.9990295172,1.251114607,-0.005022292025,0.01833347417,1,0,0
chernobyl_rbmk_like,,50,1.22679615,1.164273381,375.8877258,277.2660522,0.00216794759,0.3097067773,0.9883721471,0.9883721471,0.9990301132,1.251111507,-0.005022230092,0.01844569482,1,0,0
chernobyl_rbmk_like,,50.09999847,1.234060049,1.171170592,376.6596069,277.3541565,0.002165471669,0.3093530834,0.9883721471,0.9883721471,0.9990308285,1.251108408,-0.005022168159,0.01855846494,1,0,0
chernobyl_rbmk_like,,50.19999695,1.241342902,1.178086042,377.4356384,277.4427795,0.002162985038,0.3089978397,0.9883721471,0.9883721471,0.9990314841,1.251105189,-0.005022103898,0.01867178455,1,0,0
chernobyl_rbmk_like,,50.29999924,1.248645306,1.185020447,378.2158508,277.5319519,0.0021604863,0.3086408973,0.9883721471,0.9883721471,0.9990321994,1.251101971,-0.005022039171,0.01878565736,1,0,0
chernobyl_rbmk_like,,50.39999771,1.255965829,1.191972136,379.0002136,277.6216431,0.002157976385,0.3082823455,0.9883721471,0.9883721471,0.9990329146,1.251098633,-0.005021972582,0.01890007965,1,0,0
chernobyl_rbmk_like,,50.5,1.26330483,1.198941827,379.7887573,277.7118835,0.002155453898,0.3079219759,0.9883721471,0.9883721471,0.9990336895,1.251095295,-0.005021905992,0.01901504956,1,0,0
chernobyl_rbmk_like,,50.59999847,1.270661712,1.205928683,380.5814819,277.8026733,0.002152919304,0.3075598776,0.9883721471,0.9883721471,0.9990344644,1.251091957,-0.005021838937,0.01913057268,1,0,0
chernobyl_rbmk_like,,50.69999695,1.278035879,1.212932229,381.3783875,277.8939819,0.002150373068,0.3071961403,0.9883721471,0.9883721471,0.9990352392,1.2510885,-0.005021770019,0.01924664341,1,0,0
chernobyl_rbmk_like,,50.79999924,1.285428405,1.219953418,382.1795044,277.9858398,0.002147814725,0.3068306744,0.9883721471,0.9883721471,0.9990360141,1.251085043,-0.005021700636,0.01936326176,1,0,0
chernobyl_rbmk_like,,50.89999771,1.292838335,1.226991534,382.9847717,278.0782471,0.002145243343,0.306463331,0.9883721471,0.9883721471,0.9990368485,1.251081586,-0.005021631718,0.01948042959,1,0,0
chernobyl_rbmk_like,,51,1.300264359,1.234045029,383.7942505,278.1712036,0.002142662182,0.3060945868,0.9883721471,0.9883721471,0.9990377426,1.25107801,-0.005021560006,0.01959814504,1,0,0
chernobyl_rbmk_like,,51.09999847,1.307708144,1.241115808,384.6078796,278.264679,0.002140067518,0.3057239354,0.9883721471,0.9883721471,0.9990385771,1.251074433,-0.00502148876,0.01971640997,1,0,0
chernobyl_rbmk_like,,51.19999695,1.315167785,1.248201966,385.4257507,278.3587036,0.00213746028,0.3053514659,0.9883721471,0.9883721471,0.9990394711,1.251070857,-0.005021417048,0.01983521879,1,0,0
chernobyl_rbmk_like,,51.29999924,1.322643995,1.255304098,386.2477722,278.4532776,0.002134842798,0.3049775362,0.9883721471,0.9883721471,0.9990404248,1.251067162,-0.005021343008,0.01995457523,1,0,0
chernobyl_rbmk_like,,51.39999771,1.330136776,1.262422204,387.0740051,278.5484009,0.002132211812,0.3046016693,0.9883721471,0.9883721471,0.9990413785,1.251063466,-0.005021269433,0.02007447742,1,0,0
chernobyl_rbmk_like,,51.5,1.337644577,1.269554973,387.9044189,278.6440735,0.002129571047,0.3042244315,0.9883721471,0.9883721471,0.9990423322,1.251059651,-0.005021193065,0.02019492164,1,0,0
chernobyl_rbmk_like,,51.59999847,1.345168829,1.276703596,388.7390442,278.7402649,0.002126917243,0.3038453162,0.9883721471,0.9883721471,0.9990432858,1.251055837,-0.005021116696,0.02031591162,1,0,0
chernobyl_rbmk_like,,51.69999695,1.352708101,1.283866882,389.5778503,278.8370361,0.002124251332,0.3034644723,0.9883721471,0.9883721471,0.9990442991,1.251052022,-0.005021040328,0.02043744735,1,0,0
chernobyl_rbmk_like,,51.79999924,1.360262394,1.291044593,390.4208679,278.9343567,0.002121574711,0.3030820787,0.9883721471,0.9883721471,0.9990453124,1.251048088,-0.005020961631,0.02055952139,1,0,0
chernobyl_rbmk_like,,51.89999771,1.367831588,1.298236847,391.2680664,279.032196,0.002118885051,0.3026978672,0.9883721471,0.9883721471,0.9990463853,1.251044154,-0.005020882934,0.02068214118,1,0,0
chernobyl_rbmk_like,,52,1.375415325,1.305443287,392.1194763,279.1306152,0.002116183285,0.3023118973,0.9883721471,0.9883721471,0.9990474582,1.25104022,-0.005020804238,0.02080529928,1,0,0
chernobyl_rbmk_like,,52.09999847,1.383013248,1.312663317,392.9750671,279.2295837,0.002113470808,0.3019243777,0.9883721471,0.9883721471,0.9990485311,1.251036167,-0.005020723213,0.02092899755,1,0,0
chernobyl_rbmk_like,,52.19999695,1.390625358,1.319897294,393.8348389,279.3291016,0.002110745292,0.3015350401,0.9883721471,0.9883721471,0.9990496635,1.251032114,-0.005020642187,0.02105323412,1,0,0
chernobyl_rbmk_like,,52.29999924,1.398250818,1.327144265,394.698822,279.4291687,0.002108009998,0.3011442721,0.9883721471,0.9883721471,0.999050796,1.251027942,-0.005020558834,0.02117800899,1,0,0
chernobyl_rbmk_like,,52.39999771,1.405890703,1.334405184,395.5669861,279.5298157,0.00210526213,0.3007517159,0.9883721471,0.9883721471,0.9990519285,1.251023769,-0.005020475481,0.02130331844,1,0,0
chernobyl_rbmk_like,,52.5,1.413542986,1.341678381,396.4393616,279.6309814,0.002102501225,0.300357312,0.9883721471,0.9883721471,0.9990531206,1.251019597,-0.005020391662,0.02142916806,1,0,0
chernobyl_rbmk_like,,52.59999847,1.421208382,1.348964214,397.3158875,279.7327271,0.002099731006,0.2999615669,0.9883721471,0.9883721471,0.9990543127,1.251015306,-0.00502030598,0.02155554853,1,0,0
chernobyl_rbmk_like,,52.69999695,1.42888701,1.356263041,398.1966248,279.835022,0.002096947283,0.2995638847,0.9883721471,0.9883721471,0.9990555644,1.251011014,-0.005020220298,0.02168246545,1,0,0
chernobyl_rbmk_like,,52.79999924,1.436577082,1.363572955,399.081543,279.9378662,0.00209415378,0.2991648018,0.9883721471,0.9883721471,0.9990567565,1.251006603,-0.005020131823,0.02180991322,1,0,0
chernobyl_rbmk_like,,52.89999771,1.444280028,1.370895386,399.9706421,280.0412598,0.002091344446,0.2987634838,0.9883721471,0.9883721471,0.9990580678,1.251002312,-0.005020046141,0.02193788998,1,0,0
chernobyl_rbmk_like,,53,1.451993585,1.378228426,400.8639221,280.1452332,0.002088529058,0.2983612716,0.9883721471,0.9883721471,0.9990593195,1.250997782,-0.005019955337,0.02206639946,1,0,0
chernobyl_rbmk_like,,53.09999847,1.459720135,1.385574102,401.7613831,280.2497559,0.002085697372,0.2979567647,0.9883721471,0.9883721471,0.9990606308,1.250993371,-0.005019867327,0.0221954342,1,0,0
chernobyl_rbmk_like,,53.19999695,1.467456818,1.392929673,402.6629944,280.3548279,0.002082856372,0.2975508869,0.9883721471,0.9883721471,0.9990620017,1.250988841,-0.005019776523,0.02232499607,1,0,0
chernobyl_rbmk_like,,53.29999924,1.475204945,1.400296569,403.5687866,280.4604797,0.002080004662,0.2971435189,0.9883721471,0.9883721471,0.999063313,1.250984192,-0.005019683857,0.02245508507,1,0,0
chernobyl_rbmk_like,,53.39999771,1.482964277,1.407674432,404.4787292,280.5666809,0.002077138517,0.2967340648,0.9883721471,0.9883721471,0.9990647435,1.250979662,-0.005019593053,0.02258569747,1,0,0
chernobyl_rbmk_like,,53.5,1.49073267,1.415061235,405.3928528,280.6734314,0.002074264921,0.2963235378,0.9883721471,0.9883721471,0.9990661144,1.250974894,-0.005019497592,0.02271683328,1,0,0
chernobyl_rbmk_like,,53.59999847,1.498512387,1.422459126,406.3111267,280.7807617,0.002071375959,0.2959108353,0.9883721471,0.9883721471,0.9990675449,1.250970244,-0.005019404925,0.0228484869,1,0,0
chernobyl_rbmk_like,,53.69999695,1.506300569,1.429865479,407.233551,280.8886414,0.002068478148,0.295496881,0.9883721471,0.9883721471,0.9990689754,1.250965476,-0.005019309465,0.02298066206,1,0,0
chernobyl_rbmk_like,,53.79999924,1.514099121,1.437281966,408.1601257,280.9971008,0.002065566834,0.2950809598,0.9883721471,0.9883721471,0.9990704656,1.250960708,-0.005019214004,0.0231133569,1,0,0
chernobyl_rbmk_like,,53.89999771,1.521906495,1.444707274,409.0908203,281.1061096,0.002062646672,0.2946637869,0.9883721471,0.9883721471,0.9990719557,1.25095582,-0.005019116215,0.02324656397,1,0,0
chernobyl_rbmk_like,,54,1.529723287,1.452141881,410.0256653,281.2156677,0.002059713937,0.2942448258,0.9883721471,0.9883721471,0.9990734458,1.250950933,-0.005019018427,0.02338028699,1,0,0
chernobyl_rbmk_like,,54.09999847,1.537548184,1.459584594,410.9646606,281.3258057,0.002056770958,0.2938244045,0.9883721471,0.9883721471,0.9990749955,1.250945926,-0.005018918309,0.0235145241,1,0,0
chernobyl_rbmk_like,,54.19999695,1.545381904,1.46703589,411.9077454,281.4364929,0.002053815871,0.2934022546,0.9883721471,0.9883721471,0.9990765452,1.250940919,-0.005018818192,0.02364926971,1,0,0
chernobyl_rbmk_like,,54.29999924,1.553223014,1.474494815,412.8549805,281.5477295,0.002050848212,0.2929783165,0.9883721471,0.9883721471,0.999078095,1.250935912,-0.005018718075,0.02378452569,1,0,0
chernobyl_rbmk_like,,54.39999771,1.561071873,1.481961489,413.8063049,281.6595459,0.002047871239,0.2925530374,0.9883721471,0.9883721471,0.9990797043,1.250930786,-0.00501861563,0.02392028645,1,0,0
chernobyl_rbmk_like,,54.5,1.568928123,1.489435434,414.7617493,281.7719421,0.002044882625,0.2921260893,0.9883721471,0.9883721471,0.9990813732,1.25092566,-0.005018513184,0.02405655757,1,0,0
chernobyl_rbmk_like,,54.59999847,1.576791048,1.496916175,415.721283,281.8848877,0.002041881438,0.2916973531,0.9883721471,0.9883721471,0.9990829825,1.250920534,-0.005018410739,0.02419332787,1,0,0
chernobyl_rbmk_like,,54.69999695,1.584660649,1.50440371,416.684906,281.9983826,0.002038870938,0.2912672758,0.9883721471,0.9883721471,0.9990846515,1.250915289,-0.005018305499,0.02433059923,1,0,0
chernobyl_rbmk_like,,54.79999924,1.592536807,1.511897802,417.6526184,282.1124573,0.002035848331,0.29083547,0.9883721471,0.9883721471,0.99908638,1.250910044,-0.005018200725,0.02446836978,1,0,0
chernobyl_rbmk_like,,54.89999771,1.600418925,1.519397855,418.6243896,282.2270813,0.002032815944,0.2904022634,0.9883721471,0.9883721471,0.9990880489,1.250904679,-0.005018093623,0.02460663766,1,0,0
chernobyl_rbmk_like,,55,1.6083076,1.526904702,419.6002502,282.3422852,0.002029772382,0.2899674773,0.9883721471,0.9883721471,0.9990898371,1.250899315,-0.005017986055,0.02474539913,1,0,0
chernobyl_rbmk_like,,55.09999847,1.616201282,1.534416676,420.5801697,282.4580383,0.002026715782,0.2895308137,0.9883721471,0.9883721471,0.9990915656,1.25089395,-0.005017878953,0.02488465421,1,0,0
chernobyl_rbmk_like,,55.19999695,1.624099851,1.541933656,421.5641479,282.5743408,0.002023650799,0.289092958,0.9883721471,0.9883721471,0.9990933537,1.250888467,-0.005017769057,0.02502439916,1,0,0
chernobyl_rbmk_like,,55.29999924,1.632003188,1.549455643,422.5521545,282.6912231,0.002020573243,0.2886533141,0.9883721471,0.9883721471,0.9990951419,1.250882983,-0.005017659627,0.02516463585,1,0,0
chernobyl_rbmk_like,,55.39999771,1.639910817,1.55698216,423.5441895,282.8086853,0.00201748684,0.2882123888,0.9883721471,0.9883721471,0.9990969896,1.25087738,-0.005017547403,0.02530535497,1,0,0
chernobyl_rbmk_like,,55.5,1.647823334,1.564513564,424.5402527,282.9266663,0.00201438833,0.2877697647,0.9883721471,0.9883721471,0.9990988374,1.250871778,-0.005017435644,0.02544655651,1,0,0
chernobyl_rbmk_like,,55.59999847,1.655739188,1.572048664,425.5403137,283.0452576,0.00201127911,0.2873255908,0.9883721471,0.9883721471,0.9991006851,1.250866175,-0.005017323419,0.0255882442,1,0,0
chernobyl_rbmk_like,,55.69999695,1.6636585,1.57958746,426.5444031,283.1643677,0.002008160111,0.2868800163,0.9883721471,0.9883721471,0.9991025925,1.250860453,-0.005017208867,0.02573040687,1,0,0
chernobyl_rbmk_like,,55.79999924,1.671581507,1.587130189,427.5524902,283.2840576,0.00200502947,0.2864327729,0.9883721471,0.9883721471,0.9991044998,1.250854731,-0.005017094314,0.02587304637,1,0,0
chernobyl_rbmk_like,,55.89999771,1.679507256,1.594675899,428.5645447,283.4043274,0.002001887187,0.2859838605,0.9883721471,0.9883721471,0.9991064668,1.250849009,-0.005016980227,0.02601616085,1,0,0
chernobyl_rbmk_like,,56,1.687434554,1.602223635,429.5805969,283.5251465,0.001998736057,0.2855337262,0.9883721471,0.9883721471,0.9991084337,1.250843167,-0.005016863346,0.02615974471,1,0,0
chernobyl_rbmk_like,az5_command_shutdown_delayed,56,1.687434554,1.602223635,429.5805969,283.5251465,0.001998736057,0.2855337262,0.9883721471,0.9883721471,0.9991084337,1.250843167,-0.005016863346,0.02615974471,1,0,0
chernobyl_rbmk_like,,56.09999847,1.695365191,1.609774828,430.6005859,283.6465149,0.00199557608,0.2850822806,0.9883721471,0.9883721471,0.9991104007,1.250837207,-0.005016744137,0.02630379796,1,0,0
chernobyl_rbmk_like,,56.19999695,1.703297973,1.617328644,431.6245422,283.7684326,0.001992401667,0.2846288085,0.9883721471,0.9883721471,0.9991124272,1.250831366,-0.005016627256,0.02644831687,1,0,0
chernobyl_rbmk_like,,56.29999924,1.711231112,1.624883175,432.6524048,283.8909302,0.001989219338,0.2841741741,0.9883721471,0.9883721471,0.9991144538,1.250825405,-0.005016508047,0.02659330331,1,0,0
chernobyl_rbmk_like,,56.39999771,1.719165683,1.632439494,433.6842346,284.0139771,0.001986027695,0.2837182283,0.9883721471,0.9883721471,0.99911654,1.250819325,-0.005016386509,0.02673874609,1,0,0
chernobyl_rbmk_like,,56.5,1.727102518,1.639998436,434.7199707,284.1376038,0.001982824411,0.2832606137,0.9883721471,0.9883721471,0.9991185665,1.250813246,-0.005016264971,0.02688464709,1,0,0
chernobyl_rbmk_like,,56.59999847,1.735039115,1.647557497,435.7595825,284.2617493,0.001979610417,0.2828014791,0.9883721471,0.9883721471,0.9991207123,1.250807166,-0.005016143434,0.02703100443,1,0,0
chernobyl_rbmk_like,,56.69999695,1.742975354,1.655116796,436.8031311,284.3864746,0.001976388041,0.2823411524,0.9883721471,0.9883721471,0.9991227984,1.250800967,-0.005016019102,0.02717781439,1,0,0
chernobyl_rbmk_like,,56.79999924,1.750912547,1.662677407,437.8505249,284.5117798,0.001973154023,0.281879127,0.9883721471,0.9883721471,0.9991249442,1.250794768,-0.005015895236,0.02732507139,1,0,0
chernobyl_rbmk_like,,56.89999771,1.758848786,1.670237541,438.9017944,284.6376038,0.00196990883,0.2814155519,0.9883721471,0.9883721471,0.9991271496,1.250788569,-0.00501577137,0.02747277729,1,0,0
chernobyl_rbmk_like,,57,1.766783476,1.677796721,439.9569092,284.7640076,0.001966656186,0.2809508741,0.9883721471,0.9883721471,0.9991292953,1.250782251,-0.005015644711,0.0276209265,1,0,0
chernobyl_rbmk_like,,57.09999847,1.774718523,1.685356736,441.0158691,284.8909607,0.0019633919,0.2804845572,0.9883721471,0.9883721471,0.9991315603,1.250775933,-0.005015518516,0.02776951529,1,0,0
chernobyl_rbmk_like,,57.19999695,1.78265202,1.692915559,442.0786743,285.0184631,0.001960118767,0.2800169587,0.9883721471,0.9883721471,0.9991337657,1.250769496,-0.005015389994,0.0279185418,1,0,0
chernobyl_rbmk_like,,57.29999924,1.79058373,1.700473309,443.1452637,285.1465149,0.001956835389,0.2795479,0.9883721471,0.9883721471,0.9991360307,1.250763059,-0.005015261006,0.02806800604,1,0,0
chernobyl_rbmk_like,,57.39999771,1.798513055,1.708029151,444.2156372,285.275116,0.001953543629,0.2790776491,0.9883721471,0.9883721471,0.9991382957,1.250756502,-0.005015130155,0.02821790054,1,0,0
chernobyl_rbmk_like,,57.5,1.806440115,1.715583324,445.2898254,285.4042664,0.001950238831,0.2786055505,0.9883721471,0.9883721471,0.9991406202,1.250750065,-0.005015001167,0.02836822346,1,0,0
chernobyl_rbmk_like,,57.59999847,1.814364076,1.723134995,446.3677673,285.5339966,0.001946928911,0.2781327069,0.9883721471,0.9883721471,0.9991429448,1.250743389,-0.005014867522,0.02851897106,1,0,0
chernobyl_rbmk_like,,57.69999695,1.82228601,1.730685353,447.4494629,285.6642456,0.001943604555,0.2776577771,0.9883721471,0.9883721471,0.999145329,1.250736833,-0.005014736671,0.02867013961,1,0,0
chernobyl_rbmk_like,,57.79999924,1.830203295,1.738231659,448.5348816,285.7950439,0.00194027368,0.2771819532,0.9883721471,0.9883721471,0.9991476536,1.250730157,-0.005014603026,0.02882172726,1,0,0
chernobyl_rbmk_like,,57.89999771,1.838117957,1.745775938,449.6240234,285.9264221,0.001936934423,0.2767049074,0.9883721471,0.9883721471,0.9991500974,1.250723362,-0.005014467053,0.02897373214,1,0,0
chernobyl_rbmk_like,,58,1.846028805,1.753317118,450.7168884,286.0583191,0.001933582593,0.2762260735,0.9883721471,0.9883721471,0.9991524816,1.250716686,-0.005014333408,0.02912614867,1,0,0
chernobyl_rbmk_like,,58.09999847,1.85393405,1.76085341,451.8134155,286.1907654,0.001930224709,0.2757463753,0.9883721471,0.9883721471,0.9991549253,1.250709772,-0.005014195107,0.02927897312,1,0,0
chernobyl_rbmk_like,,58.19999695,1.861836195,1.768387198,452.9136353,286.323761,0.001926853787,0.2752648294,0.9883721471,0.9883721471,0.9991574287,1.250702977,-0.005014059599,0.02943220548,1,0,0
chernobyl_rbmk_like,,58.29999924,1.869731665,1.775915265,454.0175171,286.4573059,0.00192347588,0.2747822702,0.9883721471,0.9883721471,0.9991598725,1.250696063,-0.005013921298,0.02958583832,1,0,0
chernobyl_rbmk_like,,58.39999771,1.877622604,1.783439398,455.1250305,286.5913696,0.001920087729,0.2742982507,0.9883721471,0.9883721471,0.9991623759,1.250689149,-0.005013782997,0.0297398679,1,0,0
chernobyl_rbmk_like,,58.5,1.885507703,1.790958524,456.2361755,286.7259827,0.001916691661,0.2738130987,0.9883721471,0.9883721471,0.9991649389,1.250682116,-0.005013642367,0.02989429422,1,0,0
chernobyl_rbmk_like,,58.59999847,1.893386841,1.798472404,457.3508911,286.861145,0.00191328628,0.2733266056,0.9883721471,0.9883721471,0.9991675019,1.250675082,-0.005013501737,0.03004911542,1,0,0
chernobyl_rbmk_like,,58.69999695,1.901260257,1.805981398,458.4692383,286.9968567,0.001909873448,0.2728390694,0.9883721471,0.9883721471,0.9991700649,1.25066793,-0.005013358314,0.03020432219,1,0,0
chernobyl_rbmk_like,,58.79999924,1.909127235,1.813484788,459.5911255,287.1330872,0.001906450372,0.2723500431,0.9883721471,0.9883721471,0.9991726875,1.250660777,-0.005013215356,0.03035991266,1,0,0
chernobyl_rbmk_like,,58.89999771,1.916986942,1.820981741,460.7165833,287.2698669,0.001903017983,0.2718597054,0.9883721471,0.9883721471,0.9991753101,1.250653625,-0.005013072398,0.03051588498,1,0,0
chernobyl_rbmk_like,,59,1.924838662,1.828471541,461.8455505,287.4071655,0.001899578143,0.271368295,0.9883721471,0.9883721471,0.9991779327,1.250646353,-0.005012927111,0.03067223541,1,0,0
chernobyl_rbmk_like,,59.09999847,1.932683706,1.83595562,462.9780579,287.5450134,0.00189612899,0.2708755732,0.9883721471,0.9883721471,0.9991806149,1.250639081,-0.005012781359,0.03082895838,1,0,0
chernobyl_rbmk_like,,59.19999695,1.940520644,1.843432426,464.1140442,287.6833801,0.001892669592,0.2703813612,0.9883721471,0.9883721471,0.9991832972,1.250631809,-0.005012636073,0.03098605387,1,0,0
chernobyl_rbmk_like,,59.29999924,1.948349118,1.850901604,465.2535095,287.8222961,0.001889203675,0.2698862255,0.9883721471,0.9883721471,0.9991859794,1.250624418,-0.005012488458,0.03114351071,1,0,0
chernobyl_rbmk_like,,59.39999771,1.956169367,1.858363628,466.3964233,287.961731,0.001885728911,0.269389838,0.9883721471,0.9883721471,0.9991887212,1.250617027,-0.005012340378,0.0313013345,1,0,0
chernobyl_rbmk_like,,59.5,1.963980198,1.86581707,467.5427856,288.1016846,0.00188224623,0.268892318,0.9883721471,0.9883721471,0.9991915226,1.250609517,-0.005012190435,0.03145951405,1,0,0
chernobyl_rbmk_like,,59.59999847,1.971782565,1.873263001,468.6925659,288.242157,0.001878754701,0.2683935165,0.9883721471,0.9883721471,0.9991942644,1.250602007,-0.005012040026,0.03161804751,1,0,0
chernobyl_rbmk_like,,59.69999695,1.979574919,1.880699873,469.8457642,288.3831787,0.001875254326,0.2678934634,0.9883721471,0.9883721471,0.9991970658,1.250594497,-0.005011889618,0.03177693859,1,0,0
chernobyl_rbmk_like,,59.79999924,1.987357259,1.888127923,471.0023193,288.5246887,0.001871746965,0.2673924267,0.9883721471,0.9883721471,0.9991999269,1.250586867,-0.005011737347,0.03193616867,1,0,0
chernobyl_rbmk_like,,59.89999771,1.995130062,1.895547271,472.1622314,288.666748,0.001868230756,0.2668901086,0.9883721471,0.9883721471,0.9992027283,1.250579238,-0.00501158461,0.03209574893,1,0,0
chernobyl_rbmk_like,,60,2.002892256,1.902957082,473.32547,288.8093262,0.001864708494,0.2663869262,0.9883721471,0.9883721471,0.9992056489,1.250571489,-0.005011429545,0.03225566074,1,0,0
chernobyl_rbmk_like,,60.09999847,2.010644913,1.910358191,474.4920654,288.9524231,0.001861176919,0.2658824027,0.9883721471,0.9883721471,0.9992085099,1.250563741,-0.005011274479,0.03241591156,1,0,0
chernobyl_rbmk_like,,60.19999695,2.01838541,1.917748451,475.6619263,289.0960083,0.001857636031,0.2653765678,0.9883721471,0.9883721471,0.9992114305,1.250555992,-0.00501111988,0.03257649392,1,0,0
chernobyl_rbmk_like,,60.29999924,2.02611351,1.925127387,476.8350525,289.2401428,0.001854089554,0.2648699284,0.9883721471,0.9883721471,0.9992143512,1.250548124,-0.005010962486,0.03273740411,1,0,0
chernobyl_rbmk_like,,60.39999771,2.033831596,1.932497382,478.0114746,289.3847656,0.001850534696,0.2643620968,0.9883721471,0.9883721471,0.9992173314,1.250540257,-0.005010805093,0.0328986384,1,0,0
chernobyl_rbmk_like,,60.5,2.041536331,1.939855099,479.1911011,289.5299072,0.001846972853,0.2638532519,0.9883721471,0.9883721471,0.9992203116,1.250532269,-0.005010645371,0.03306018561,1,0,0
chernobyl_rbmk_like,,60.59999847,2.049230099,1.94720304,480.3739319,289.6755676,0.001843401231,0.2633430362,0.9883721471,0.9883721471,0.9992232919,1.250524402,-0.005010487977,0.0332220532,1,0,0
chernobyl_rbmk_like,,60.69999695,2.056910276,1.954538465,481.559967,289.8217163,0.001839825418,0.2628321946,0.9883721471,0.9883721471,0.9992263317,1.250516295,-0.005010325927,0.03338423371,1,0,0
chernobyl_rbmk_like,,60.79999924,2.064579248,1.961863756,482.7491455,289.9683838,0.00183623936,0.2623198926,0.9883721471,0.9883721471,0.9992293715,1.250508308,-0.005010166205,0.03354671597,1,0,0
chernobyl_rbmk_like,,60.89999771,2.0722332,1.969175339,483.9414673,290.1155396,0.001832646783,0.2618066669,0.9883721471,0.9883721471,0.999232471,1.250500202,-0.005010004155,0.03370949998,1,0,0
chernobyl_rbmk_like,,61,2.079874516,1.976475477,485.1369324,290.2632141,0.00182904955,0.2612927854,0.9883721471,0.9883721471,0.9992355108,1.250491977,-0.005009839311,0.03387258574,1,0,0
chernobyl_rbmk_like,,61.09999847,2.087502956,1.983763695,486.3354797,290.411377,0.001825441141,0.2607772946,0.9883721471,0.9883721471,0.9992386699,1.250483871,-0.005009677261,0.03403596207,1,0,0
chernobyl_rbmk_like,,61.19999695,2.095115423,1.991037488,487.5371094,290.5600281,0.001821829937,0.2602614164,0.9883721471,0.9883721471,0.9992417693,1.250475526,-0.005009510554,0.03419962898,1,0,0
chernobyl_rbmk_like,,61.29999924,2.102715731,1.998300195,488.7417908,290.709198,0.001818208955,0.2597441375,0.9883721471,0.9883721471,0.9992449284,1.2504673,-0.00500934571,0.03436358646,1,0,0
chernobyl_rbmk_like,,61.39999771,2.110300779,2.005548716,489.9494934,290.8588257,0.001814581454,0.2592259049,0.9883721471,0.9883721471,0.9992480874,1.250458956,-0.005009179004,0.0345278196,1,0,0
chernobyl_rbmk_like,,61.5,2.117870331,2.012783289,491.1602173,291.0089722,0.001810946502,0.2587066293,0.9883721471,0.9883721471,0.9992513061,1.250450611,-0.005009012297,0.03469232842,1,0,0
chernobyl_rbmk_like,,61.59999847,2.125424862,2.020004034,492.3739014,291.1596069,0.001807306893,0.258186698,0.9883721471,0.9883721471,0.9992545247,1.250442147,-0.005008842796,0.03485711291,1,0,0
chernobyl_rbmk_like,,61.69999695,2.132964373,2.027210951,493.5905457,291.3106995,0.001803659368,0.2576656044,0.9883721471,0.9883721471,0.999257803,1.250433683,-0.005008673761,0.0350221619,1,0,0
chernobyl_rbmk_like,,61.79999924,2.140488148,2.034403324,494.8101501,291.4623108,0.001800004859,0.2571435571,0.9883721471,0.9883721471,0.9992610216,1.25042522,-0.00500850426,0.03518748283,1,0,0
chernobyl_rbmk_like,,61.89999771,2.147994757,2.041579962,496.0326233,291.6143799,0.001796345692,0.2566207945,0.9883721471,0.9883721471,0.9992642999,1.250416636,-0.005008332431,0.03535305336,1,0,0
chernobyl_rbmk_like,,62,2.155487537,2.048744202,497.2579956,291.7669373,0.001792678609,0.2560969293,0.9883721471,0.9883721471,0.9992676377,1.250408053,-0.005008161068,0.03551888466,1,0,0
chernobyl_rbmk_like,delayed_negative_shutdown_insertion,62,2.155487537,2.048744202,497.2579956,291.7669373,-0.202357322,-28.90818787,0,0,0.9992676377,1.250408053,-0.005008161068,0.03551888466,1,1,0
chernobyl_rbmk_like,,62.09999847,0.05095881224,0.08290695399,496.5258789,291.9160767,-0.2023515105,-28.90735817,0,0,0.9992648959,1.250411868,-0.005008237436,0.03531142324,1,1,0
chernobyl_rbmk_like,,62.19999695,0.04864293709,0.08053672314,495.7908936,292.058075,-0.2023457587,-28.9065361,0,0,0.9992622137,1.250415683,-0.005008313339,0.0351042226,1,1,0
chernobyl_rbmk_like,,62.29999924,0.04660689831,0.07842890918,495.0571594,292.1931152,-0.2023401558,-28.90573502,0,0,0.9992594719,1.250419497,-0.005008389708,0.03489806131,1,1,0
chernobyl_rbmk_like,,62.39999771,0.04479286447,0.07652951777,494.3248901,292.3214111,-0.2023346424,-28.90494728,0,0,0.9992567301,1.250423431,-0.005008468404,0.03469298407,1,1,0
chernobyl_rbmk_like,,62.5,0.04315813258,0.07479870319,493.5942383,292.4431458,-0.2023292482,-28.90417671,0,0,0.9992539883,1.250427246,-0.005008544773,0.03448900953,1,1,0
chernobyl_rbmk_like,,62.59999847,0.04167072475,0.07320663333,492.8652954,292.5585327,-0.2023239434,-28.90341949,0,0,0.9992512465,1.25043118,-0.00500862347,0.03428617492,1,1,0
chernobyl_rbmk_like,,62.69999695,0.04030629992,0.07173056155,492.1382141,292.6677551,-0.2023187578,-28.90267944,0,0,0.9992485046,1.250435114,-0.005008702166,0.03408447653,1,1,0
chernobyl_rbmk_like,,62.79999924,0.03904603049,0.07035292685,491.4130249,292.7709656,-0.2023136616,-28.90195084,0,0,0.9992457628,1.250438929,-0.005008778535,0.0338839367,1,1,0
chernobyl_rbmk_like,,62.89999771,0.03787510842,0.06905991584,490.6897888,292.8684082,-0.2023086548,-28.90123558,0,0,0.9992429614,1.250442863,-0.005008857232,0.03368456289,1,1,0
chernobyl_rbmk_like,,63,0.03678169847,0.06784047186,489.9685974,292.9601746,-0.2023037374,-28.90053368,0,0,0.9992402196,1.250446796,-0.005008935928,0.03348636255,1,1,0
chernobyl_rbmk_like,,63.09999847,0.03575621173,0.06668564677,489.2494202,293.0465088,-0.2022989392,-28.89984703,0,0,0.9992374778,1.25045073,-0.005009014625,0.03328934312,1,1,0
chernobyl_rbmk_like,,63.19999695,0.03479074687,0.06558805704,488.5323486,293.127533,-0.2022942305,-28.89917564,0,0,0.9992346764,1.250454664,-0.005009093322,0.03309350088,1,1,0
chernobyl_rbmk_like,,63.29999924,0.03387872875,0.06454157829,487.8173523,293.2034302,-0.2022895813,-28.89850998,0,0,0.9992319345,1.250458598,-0.005009172019,0.03289884329,1,1,0
chernobyl_rbmk_like,,63.39999771,0.03301463276,0.06354103237,487.1045227,293.274353,-0.2022850215,-28.89785957,0,0,0.9992291331,1.250462532,-0.005009250715,0.03270536661,1,1,0
chernobyl_rbmk_like,,63.5,0.03219373524,0.06258203089,486.3937988,293.3404236,-0.2022805512,-28.89722061,0,0,0.9992263913,1.250466466,-0.005009329412,0.0325130783,1,1,0
chernobyl_rbmk_like,,63.59999847,0.03141200542,0.0616607815,485.6852417,293.4017944,-0.2022761703,-28.896595,0,0,0.9992235899,1.2504704,-0.005009408109,0.03232196718,1,1,0
chernobyl_rbmk_like,,63.69999695,0.03066593781,0.0607740283,484.9788513,293.4586487,-0.2022718787,-28.89598083,0,0,0.9992208481,1.250474453,-0.005009489134,0.03213204071,1,1,0
chernobyl_rbmk_like,,63.79999924,0.02995250002,0.05991893262,484.2746277,293.5110779,-0.2022676468,-28.89537811,0,0,0.9992180467,1.250478387,-0.005009567831,0.03194329515,1,1,0
chernobyl_rbmk_like,,63.89999771,0.02926905081,0.05909301341,483.5726013,293.5592346,-0.2022635043,-28.89478493,0,0,0.9992152452,1.250482321,-0.005009646527,0.03175571933,1,1,0
chernobyl_rbmk_like,,64,0.02861324511,0.05829409137,482.8727112,293.6032715,-0.2022594213,-28.89420128,0,0,0.9992124438,1.250486255,-0.005009724759,0.03156932071,1,1,0
chernobyl_rbmk_like,,64.09999847,0.02798301913,0.05752023309,482.1750183,293.64328,-0.202255398,-28.89362717,0,0,0.999209702,1.250490308,-0.005009806249,0.03138409182,1,1,0
chernobyl_rbmk_like,,64.19999695,0.02737655491,0.05676973611,481.4794922,293.6794128,-0.2022514641,-28.8930645,0,0,0.9992069006,1.250494242,-0.005009884946,0.03120003082,1,1,0
chernobyl_rbmk_like,,64.29999542,0.02679224126,0.05604108423,480.7861633,293.7117615,-0.2022475898,-28.89251137,0,0,0.9992040992,1.250498176,-0.005009963177,0.03101712838,1,1,0
chernobyl_rbmk_like,,64.40000153,0.02622860856,0.05533290654,480.0949707,293.740448,-0.2022437751,-28.89196777,0,0,0.9992012978,1.250502229,-0.005010044668,0.03083538823,1,1,0
chernobyl_rbmk_like,,64.5,0.0256843809,0.05464401096,479.4059753,293.7655945,-0.2022400498,-28.89143562,0,0,0.9991984963,1.250506163,-0.005010123365,0.03065479919,1,1,0
chernobyl_rbmk_like,,64.59999847,0.02515837736,0.05397327989,478.7191467,293.787323,-0.2022363544,-28.89090729,0,0,0.9991957545,1.250510216,-0.00501020439,0.03047535755,1,1,0
chernobyl_rbmk_like,,64.69999695,0.0246495679,0.05331975967,478.0344543,293.8057251,-0.2022327483,-28.8903923,0,0,0.9991929531,1.25051415,-0.005010283086,0.03029706143,1,1,0
chernobyl_rbmk_like,,64.79999542,0.02415699698,0.05268254131,477.3519592,293.8209229,-0.202229172,-28.88988113,0,0,0.9991901517,1.250518203,-0.005010364112,0.03011990339,1,1,0
chernobyl_rbmk_like,,64.90000153,0.02367979288,0.05206080899,476.6715698,293.8329773,-0.2022256851,-28.88938332,0,0,0.9991873503,1.250522137,-0.005010442808,0.02994388156,1,1,0
chernobyl_rbmk_like,,65,0.02321717888,0.05145383254,475.9933472,293.8420105,-0.2022222281,-28.88888931,0,0,0.9991845489,1.25052619,-0.005010523833,0.02976898663,1,1,0
chernobyl_rbmk_like,,65.09999847,0.02276844904,0.05086094886,475.3172607,293.848114,-0.2022188306,-28.88840294,0,0,0.9991817474,1.250530124,-0.00501060253,0.02959521674,1,1,0
chernobyl_rbmk_like,,65.19999695,0.0223329477,0.05028153956,474.6433105,293.8513794,-0.2022154927,-28.8879261,0,0,0.999178946,1.250534177,-0.005010683555,0.02942256443,1,1,0
chernobyl_rbmk_like,,65.29999542,0.02191007137,0.04971503094,473.9714966,293.8519287,-0.2022122145,-28.8874588,0,0,0.9991761446,1.250538111,-0.005010762252,0.02925102413,1,1,0
chernobyl_rbmk_like,,65.40000153,0.02149927057,0.04916091263,473.3017883,293.8497925,-0.202208966,-28.88699341,0,0,0.9991733432,1.250542164,-0.005010843277,0.0290805921,1,1,0
chernobyl_rbmk_like,,65.5,0.02110003121,0.04861868918,472.6341858,293.8450623,-0.2022057772,-28.88653946,0,0,0.9991705418,1.250546217,-0.005010924302,0.02891126089,1,1,0
chernobyl_rbmk_like,,65.59999847,0.02071188018,0.04808791727,471.9687195,293.8378601,-0.2022026479,-28.88609123,0,0,0.9991676807,1.250550151,-0.005011002999,0.02874302305,1,1,0
chernobyl_rbmk_like,,65.69999695,0.02033437975,0.04756818712,471.3053284,293.8282471,-0.2021995485,-28.88564873,0,0,0.9991648793,1.250554204,-0.005011084024,0.02857587859,1,1,0
chernobyl_rbmk_like,,65.79999542,0.01996711269,0.04705910385,470.6440125,293.8163147,-0.2021965086,-28.88521385,0,0,0.9991620779,1.250558257,-0.005011165049,0.02840982005,1,1,0
chernobyl_rbmk_like,,65.90000153,0.01960970834,0.0465603061,469.9848022,293.8020935,-0.2021935284,-28.88478851,0,0,0.9991592765,1.25056231,-0.005011246074,0.02824483812,1,1,0
chernobyl_rbmk_like,,66,0.01926179603,0.04607144743,469.3276672,293.785675,-0.2021905482,-28.88436317,0,0,0.9991564751,1.250566244,-0.005011324771,0.02808092907,1,1,0
chernobyl_rbmk_like,,66.09999847,0.01892303862,0.04559220746,468.6726074,293.7671509,-0.2021876276,-28.88394547,0,0,0.9991536736,1.250570297,-0.005011405796,0.02791808918,1,1,0
chernobyl_rbmk_like,,66.19999695,0.01859313063,0.04512229562,468.0196228,293.746582,-0.2021847665,-28.88353729,0,0,0.9991508126,1.25057435,-0.005011486821,0.027756311,1,1,0
chernobyl_rbmk_like,,66.29999542,0.0182717517,0.0446614027,467.3686829,293.7240295,-0.2021819353,-28.88313293,0,0,0.9991480112,1.250578403,-0.005011567846,0.02759558707,1,1,0
chernobyl_rbmk_like,,66.40000153,0.01795862988,0.04420927539,466.7197876,293.699585,-0.2021791339,-28.88273239,0,0,0.9991452098,1.250582337,-0.005011646543,0.02743591554,1,1,0
chernobyl_rbmk_like,,66.5,0.01765349321,0.04376564547,466.072937,293.6732483,-0.2021763623,-28.88233566,0,0,0.9991424084,1.25058639,-0.005011727568,0.02727728337,1,1,0
chernobyl_rbmk_like,,66.59999847,0.01735607907,0.04333027452,465.4281006,293.6451416,-0.2021736503,-28.88194847,0,0,0.9991395473,1.250590444,-0.005011808593,0.02711969428,1,1,0
chernobyl_rbmk_like,,66.69999695,0.01706615277,0.04290292412,464.7853088,293.6152649,-0.2021709681,-28.88156509,0,0,0.9991367459,1.250594497,-0.005011889618,0.02696313709,1,1,0
chernobyl_rbmk_like,,66.79999542,0.01678347029,0.04248336703,464.1445312,293.5837402,-0.2021683156,-28.88118744,0,0,0.9991339445,1.25059855,-0.005011971109,0.02680760622,1,1,0
chernobyl_rbmk_like,,66.90000153,0.01650781929,0.04207139835,463.5057983,293.5505981,-0.202165693,-28.88081169,0,0,0.9991311431,1.250602603,-0.005012052134,0.02665309608,1,1,0
chernobyl_rbmk_like,,67,0.01623898186,0.04166681319,462.8690491,293.5158691,-0.2021631002,-28.88044167,0,0,0.9991282821,1.250606656,-0.005012133159,0.02649960294,1,1,0
chernobyl_rbmk_like,,67.09999847,0.01597674377,0.0412693955,462.2342834,293.4796448,-0.202160567,-28.88007927,0,0,0.9991254807,1.250610709,-0.005012214184,0.02634711564,1,1,0
chernobyl_rbmk_like,,67.19999695,0.01572093181,0.04087898508,461.601532,293.4419556,-0.2021580338,-28.87971878,0,0,0.9991226792,1.250614643,-0.005012292881,0.02619563416,1,1,0
chernobyl_rbmk_like,,67.29999542,0.01547133643,0.04049537703,460.9707642,293.402832,-0.2021555603,-28.87936401,0,0,0.9991198182,1.250618696,-0.005012373906,0.02604514919,1,1,0
chernobyl_rbmk_like,,67.40000153,0.01522778533,0.04011840746,460.34198,293.3623657,-0.2021531165,-28.87901497,0,0,0.9991170168,1.250622749,-0.005012454931,0.02589565516,1,1,0
chernobyl_rbmk_like,,67.5,0.01499010343,0.03974790499,459.7151794,293.3205872,-0.2021506727,-28.87866592,0,0,0.9991141558,1.250626802,-0.005012535956,0.02574714832,1,1,0
chernobyl_rbmk_like,,67.59999847,0.01475812122,0.03938370571,459.090332,293.2775269,-0.2021482885,-28.87832642,0,0,0.9991113544,1.250630856,-0.005012616981,0.02559962124,1,1,0
chernobyl_rbmk_like,,67.69999695,0.01453167945,0.03902565688,458.4674377,293.2332153,-0.2021459043,-28.877985,0,0,0.9991085529,1.250634909,-0.005012698006,0.02545307018,1,1,0
chernobyl_rbmk_like,,67.79999542,0.01431062073,0.03867360577,457.8464966,293.1877441,-0.2021435797,-28.87765312,0,0,0.9991056919,1.250638962,-0.005012779031,0.02530748583,1,1,0
chernobyl_rbmk_like,,67.90000153,0.01409479231,0.03832740337,457.2275085,293.1411133,-0.2021412551,-28.87732124,0,0,0.9991028905,1.250643015,-0.005012860056,0.02516286634,1,1,0
chernobyl_rbmk_like,,68,0.01388405077,0.03798690438,456.6104431,293.0933838,-0.2021389604,-28.87699318,0,0,0.9991000295,1.250647068,-0.005012941081,0.02501920052,1,1,0
chernobyl_rbmk_like,,68.09999847,0.0136782499,0.03765197471,455.9953308,293.0445862,-0.2021366954,-28.87666893,0,0,0.9990972281,1.250651121,-0.005013022106,0.02487649024,1,1,0
chernobyl_rbmk_like,,68.19999695,0.01347726025,0.03732248396,455.3821411,292.9947815,-0.2021344602,-28.8763504,0,0,0.9990944266,1.250655174,-0.005013103597,0.02473472245,1,1,0
chernobyl_rbmk_like,,68.29999542,0.01328094304,0.03699829802,454.770874,292.9439697,-0.2021322548,-28.87603569,0,0,0.9990915656,1.250659227,-0.005013184622,0.02459389716,1,1,0
chernobyl_rbmk_like,,68.40000153,0.01308917627,0.03667929396,454.1615295,292.8922119,-0.2021300793,-28.87572479,0,0,0.9990887642,1.25066328,-0.005013265647,0.0244540032,1,1,0
chernobyl_rbmk_like,,68.5,0.01290183701,0.03636536002,453.5540771,292.8395386,-0.2021279037,-28.87541389,0,0,0.9990859032,1.250667453,-0.005013349,0.02431504242,1,1,0
chernobyl_rbmk_like,,68.59999847,0.01271879859,0.03605636209,452.9485168,292.7859497,-0.2021257579,-28.87510681,0,0,0.9990831017,1.250671506,-0.005013430025,0.02417700179,1,1,0
chernobyl_rbmk_like,,68.69999695,0.01253994741,0.03575218841,452.3448792,292.7315369,-0.202123642,-28.87480545,0,0,0.9990802407,1.250675559,-0.00501351105,0.02403987758,1,1,0
chernobyl_rbmk_like,,68.79999542,0.01236517169,0.0354527384,451.7431335,292.6763,-0.202121526,-28.87450218,0,0,0.9990774393,1.250679612,-0.005013592076,0.02390366793,1,1,0
chernobyl_rbmk_like,,68.90000153,0.01219436433,0.0351579003,451.1432495,292.6202698,-0.2021194398,-28.87420464,0,0,0.9990745783,1.250683665,-0.005013673101,0.02376836352,1,1,0
chernobyl_rbmk_like,,69,0.01202741452,0.03486756235,450.5452576,292.5634766,-0.2021174133,-28.87391472,0,0,0.9990717769,1.250687718,-0.005013754126,0.02363395877,1,1,0
chernobyl_rbmk_like,,69.09999847,0.01186421979,0.03458163142,449.9491272,292.5059509,-0.2021153569,-28.87362099,0,0,0.9990689158,1.250691772,-0.005013835151,0.02350044996,1,1,0
chernobyl_rbmk_like,,69.19999695,0.01170468517,0.03430000693,449.3548584,292.4477539,-0.2021133602,-28.87333679,0,0,0.9990661144,1.250695825,-0.005013916176,0.02336782962,1,1,0
chernobyl_rbmk_like,,69.29999542,0.01154870726,0.03402258456,448.7624512,292.388855,-0.2021113634,-28.87305069,0,0,0.9990632534,1.250699878,-0.005013997667,0.02323609218,1,1,0
chernobyl_rbmk_like,,69.40000153,0.0113961976,0.03374928609,448.1719055,292.3292847,-0.2021093667,-28.87276649,0,0,0.9990603924,1.250703931,-0.005014078692,0.02310523763,1,1,0
chernobyl_rbmk_like,,69.5,0.01124706492,0.03348001093,447.5832214,292.2691345,-0.2021073997,-28.87248421,0,0,0.999057591,1.250708103,-0.005014162045,0.02297525294,1,1,0
chernobyl_rbmk_like,,69.59999847,0.01110121328,0.03321466967,446.9963684,292.208374,-0.2021054924,-28.87221146,0,0,0.9990547299,1.250712156,-0.00501424307,0.02284613624,1,1,0
chernobyl_rbmk_like,,69.69999695,0.01095856354,0.03295318037,446.4113464,292.1470337,-0.2021035552,-28.87193489,0,0,0.9990519285,1.250716209,-0.005014324095,0.02271788381,1,1,0
chernobyl_rbmk_like,,69.79999542,0.01081902813,0.03269545734,445.8281555,292.085144,-0.2021016479,-28.87166214,0,0,0.9990490675,1.250720263,-0.00501440512,0.02259048633,1,1,0
chernobyl_rbmk_like,,69.90000153,0.01068252977,0.03244142607,445.2467957,292.0227051,-0.2020997405,-28.8713913,0,0,0.9990462661,1.250724316,-0.005014486145,0.02246394195,1,1,0
chernobyl_rbmk_like,,70,0.01054898463,0.03219099343,444.6672363,291.9598083,-0.202097863,-28.87112236,0,0,0.9990434051,1.250728369,-0.00501456717,0.02233824134,1,1,0
chernobyl_rbmk_like,,70.09999847,0.01041832007,0.03194409236,444.0895081,291.8963928,-0.2020960152,-28.87085915,0,0,0.999040544,1.250732541,-0.005014650524,0.02221338265,1,1,0
chernobyl_rbmk_like,,70.19999695,0.01029045787,0.03170064837,443.5135803,291.8325195,-0.2020941675,-28.87059402,0,0,0.9990377426,1.250736594,-0.005014731549,0.02208936028,1,1,0
chernobyl_rbmk_like,,70.29999542,0.01016533189,0.03146058694,442.9394531,291.768219,-0.2020923495,-28.87033463,0,0,0.9990348816,1.250740647,-0.005014813039,0.02196616679,1,1,0
chernobyl_rbmk_like,,70.40000153,0.01004286483,0.03122383356,442.3671265,291.7034912,-0.2020905614,-28.87007904,0,0,0.9990320802,1.2507447,-0.005014894065,0.02184379846,1,1,0
chernobyl_rbmk_like,,70.5,0.009922988713,0.03099032119,441.7966003,291.6383667,-0.2020887434,-28.86981964,0,0,0.9990292192,1.250748754,-0.00501497509,0.02172224969,1,1,0
chernobyl_rbmk_like,,70.59999847,0.009805642068,0.03075998649,441.2278442,291.5728455,-0.2020869851,-28.86956787,0,0,0.9990263581,1.250752926,-0.005015058443,0.02160151675,1,1,0
chernobyl_rbmk_like,,70.69999695,0.009690755047,0.03053275496,440.6608582,291.506958,-0.2020852268,-28.86931801,0,0,0.9990235567,1.250756979,-0.005015139468,0.02148159035,1,1,0
chernobyl_rbmk_like,,70.79999542,0.009578270838,0.03030857816,440.0956726,291.4407349,-0.2020834684,-28.86906624,0,0,0.9990206957,1.250761032,-0.005015220493,0.02136247233,1,1,0
chernobyl_rbmk_like,,70.90000153,0.009468120523,0.03008737415,439.5322266,291.374176,-0.2020817101,-28.86881447,0,0,0.9990178347,1.250765085,-0.005015301518,0.02124414966,1,1,0
chernobyl_rbmk_like,,71,0.009360250086,0.02986909635,438.9705811,291.307312,-0.2020800114,-28.86857224,0,0,0.9990150332,1.250769258,-0.005015384872,0.02112662233,1,1,0
chernobyl_rbmk_like,,71.09999847,0.00925459899,0.02965367958,438.410675,291.2401123,-0.2020782828,-28.86832428,0,0,0.9990121722,1.250773311,-0.005015465897,0.02100988291,1,1,0
chernobyl_rbmk_like,,71.19999695,0.009151116014,0.02944107167,437.8525085,291.1726685,-0.2020765841,-28.86808205,0,0,0.9990093112,1.250777364,-0.005015547387,0.02089392953,1,1,0
chernobyl_rbmk_like,,71.29999542,0.009049739689,0.02923120931,437.2961121,291.1049194,-0.2020749152,-28.86784363,0,0,0.9990065098,1.250781417,-0.005015628412,0.020778751,1,1,0
chernobyl_rbmk_like,,71.40000153,0.008950420655,0.02902404219,436.7414551,291.0369568,-0.2020732462,-28.86760521,0,0,0.9990036488,1.250785589,-0.005015711766,0.0206643492,1,1,0
chernobyl_rbmk_like,,71.5,0.008853107691,0.02881952003,436.1885071,290.9687195,-0.2020715773,-28.86736679,0,0,0.9990007877,1.250789642,-0.005015792791,0.02055071667,1,1,0
chernobyl_rbmk_like,,71.59999847,0.008757749572,0.02861758322,435.6373291,290.9002686,-0.2020699382,-28.86713219,0,0,0.9989979863,1.250793695,-0.005015873816,0.02043784596,1,1,0
chernobyl_rbmk_like,,71.69999695,0.008664297871,0.02841819078,435.0878601,290.831604,-0.2020682991,-28.86689949,0,0,0.9989951253,1.250797749,-0.005015954841,0.02032573521,1,1,0
chernobyl_rbmk_like,,71.79999542,0.008572703227,0.02822128311,434.5401001,290.7627563,-0.2020666599,-28.86666489,0,0,0.9989922643,1.250801921,-0.005016038194,0.02021437697,1,1,0
chernobyl_rbmk_like,,71.90000153,0.008482921869,0.0280268155,433.9940796,290.6936951,-0.2020650506,-28.8664341,0,0,0.9989894629,1.250805974,-0.005016119219,0.02010376751,1,1,0
chernobyl_rbmk_like,,72,0.008394907229,0.02783474885,433.4497375,290.6244812,-0.2020634413,-28.86620522,0,0,0.9989866018,1.250810027,-0.005016200244,0.01999390498,1,1,0
chernobyl_rbmk_like,,72.09999847,0.008308618329,0.02764502913,432.907135,290.5550842,-0.2020618618,-28.86598015,0,0,0.9989837408,1.25081408,-0.005016281269,0.01988478005,1,1,0
chernobyl_rbmk_like,,72.19999695,0.008224008605,0.0274576135,432.3662109,290.4855347,-0.2020602822,-28.86575317,0,0,0.9989809394,1.250818253,-0.005016365089,0.019776389,1,1,0
chernobyl_rbmk_like,,72.29999542,0.008141038008,0.02727245726,431.8269958,290.415863,-0.2020587027,-28.86552811,0,0,0.9989780784,1.250822306,-0.005016446114,0.01966872811,1,1,0
chernobyl_rbmk_like,,72.40000153,0.008059669286,0.02708952688,431.2894592,290.3460388,-0.202057153,-28.86530685,0,0,0.9989752173,1.250826359,-0.005016527139,0.01956179552,1,1,0
chernobyl_rbmk_like,,72.5,0.007979860529,0.02690876834,430.7536316,290.2760925,-0.2020556033,-28.8650856,0,0,0.9989723563,1.250830531,-0.005016610492,0.01945557818,1,1,0
chernobyl_rbmk_like,,72.59999847,0.00790157076,0.02673014626,430.2194519,290.2060547,-0.2020540833,-28.86486816,0,0,0.9989695549,1.250834584,-0.005016691517,0.01935007796,1,1,0
chernobyl_rbmk_like,,72.69999695,0.007824768312,0.02655362338,429.6869812,290.1359253,-0.2020525336,-28.86464691,0,0,0.9989666939,1.250838637,-0.005016772542,0.01924528927,1,1,0
chernobyl_rbmk_like,,72.79999542,0.007749415468,0.02637916245,429.1561584,290.0656738,-0.2020510137,-28.86442947,0,0,0.9989638329,1.25084281,-0.005016855896,0.01914120838,1,1,0
chernobyl_rbmk_like,,72.90000153,0.007675476838,0.02620672062,428.6270142,289.9953613,-0.2020495236,-28.86421585,0,0,0.9989609718,1.250846863,-0.005016936921,0.01903782599,1,1,0
chernobyl_rbmk_like,,73,0.007602915633,0.02603626624,428.0995178,289.9249573,-0.2020480037,-28.86400032,0,0,0.9989581704,1.250850916,-0.005017018411,0.01893514208,1,1,0
chernobyl_rbmk_like,,73.09999847,0.007531701121,0.02586775832,427.5736694,289.8544922,-0.2020465136,-28.8637867,0,0,0.9989553094,1.250855088,-0.005017101765,0.01883314922,1,1,0
chernobyl_rbmk_like,,73.19999695,0.007461803965,0.02570117079,427.0494995,289.7839966,-0.2020450234,-28.86357307,0,0,0.9989524484,1.250859141,-0.00501718279,0.01873184554,1,1,0
chernobyl_rbmk_like,,73.29999542,0.007393185981,0.02553646266,426.526947,289.7134399,-0.2020435631,-28.86336517,0,0,0.9989496469,1.250863194,-0.005017263815,0.01863122731,1,1,0
chernobyl_rbmk_like,,73.40000153,0.00732582109,0.02537360229,426.0060425,289.6428223,-0.2020421028,-28.86315727,0,0,0.9989467859,1.250867248,-0.00501734484,0.01853128523,1,1,0
chernobyl_rbmk_like,,73.5,0.007259679027,0.02521255985,425.4867859,289.5722046,-0.2020406425,-28.86294746,0,0,0.9989439249,1.25087142,-0.005017428193,0.01843201928,1,1,0
chernobyl_rbmk_like,,73.59999847,0.007194729056,0.02505329624,424.9691467,289.5015564,-0.202039212,-28.86274338,0,0,0.9989410639,1.250875473,-0.005017509218,0.01833342016,1,1,0
chernobyl_rbmk_like,,73.69999695,0.007130944636,0.02489579096,424.4531555,289.4308777,-0.2020377517,-28.86253548,0,0,0.9989382625,1.250879645,-0.005017592572,0.01823548786,1,1,0
chernobyl_rbmk_like,,73.79999542,0.00706829736,0.02474000677,423.9387817,289.3601685,-0.202036351,-28.86233521,0,0,0.9989354014,1.250883698,-0.005017674062,0.01813821681,1,1,0
chernobyl_rbmk_like,,73.90000153,0.007006760221,0.02458591945,423.4259949,289.2894897,-0.2020349205,-28.86213112,0,0,0.9989325404,1.250887752,-0.005017755087,0.01804160513,1,1,0
chernobyl_rbmk_like,,74,0.006946307607,0.02443349548,422.914856,289.218811,-0.2020334899,-28.86192703,0,0,0.9989296794,1.250891924,-0.005017838441,0.01794564351,1,1,0
chernobyl_rbmk_like,,74.09999847,0.006886914372,0.02428270876,422.405304,289.1481323,-0.2020320892,-28.86172676,0,0,0.9989268184,1.250895977,-0.005017919466,0.0178503301,1,1,0
chernobyl_rbmk_like,,74.19999695,0.006828553509,0.02413352951,421.8973389,289.0774536,-0.2020306885,-28.86152649,0,0,0.998924017,1.25090003,-0.005018000491,0.01775566116,1,1,0
chernobyl_rbmk_like,,74.29999542,0.006771204527,0.02398593724,421.3909912,289.0068054,-0.2020293176,-28.86133003,0,0,0.9989211559,1.250904202,-0.005018083844,0.01766163111,1,1,0
chernobyl_rbmk_like,,74.40000153,0.00671484042,0.02383989841,420.886261,288.9361877,-0.2020279169,-28.86112976,0,0,0.9989182949,1.250908256,-0.005018164869,0.01756823622,1,1,0
chernobyl_rbmk_like,,74.5,0.006659442559,0.0236953944,420.3830872,288.8656006,-0.202026546,-28.8609333,0,0,0.9989154339,1.250912309,-0.005018245894,0.01747547463,1,1,0
chernobyl_rbmk_like,,74.59999847,0.006604984403,0.02355239168,419.8815002,288.7950439,-0.2020251751,-28.86073875,0,0,0.9989126325,1.250916481,-0.005018329713,0.01738333702,1,1,0
chernobyl_rbmk_like,,74.69999695,0.006551446859,0.02341087535,419.3815002,288.7245483,-0.2020238042,-28.8605423,0,0,0.9989097714,1.250920534,-0.005018410739,0.0172918234,1,1,0
chernobyl_rbmk_like,,74.79999542,0.006498807576,0.02327081561,418.8830566,288.6540833,-0.2020224631,-28.86035156,0,0,0.9989069104,1.250924587,-0.005018491764,0.01720092818,1,1,0
chernobyl_rbmk_like,,74.90000153,0.006447047926,0.02313219011,418.3862,288.5836792,-0.202021122,-28.86015892,0,0,0.9989040494,1.25092876,-0.005018575117,0.01711064763,1,1,0
chernobyl_rbmk_like,,75,0.006396146026,0.02299497649,417.8908997,288.5133057,-0.2020197809,-28.85996819,0,0,0.9989011884,1.250932813,-0.005018656142,0.01702097617,1,1,0
chernobyl_rbmk_like,,75.09999847,0.006346079521,0.02285915241,417.3971558,288.4430237,-0.2020184398,-28.85977554,0,0,0.998898387,1.250936985,-0.005018739495,0.01693191379,1,1,0
chernobyl_rbmk_like,,75.19999695,0.006296837702,0.02272469737,416.9049683,288.3728027,-0.2020171285,-28.85958862,0,0,0.9988955259,1.250941038,-0.00501882052,0.01684345119,1,1,0
chernobyl_rbmk_like,,75.29999542,0.006248394027,0.02259158902,416.4143372,288.3026428,-0.2020158172,-28.8594017,0,0,0.9988926649,1.250945091,-0.005018901546,0.01675558835,1,1,0
chernobyl_rbmk_like,,75.40000153,0.006200735457,0.02245980501,415.9252625,288.2325745,-0.2020145059,-28.85921478,0,0,0.9988898039,1.250949264,-0.005018985365,0.01666831784,1,1,0
chernobyl_rbmk_like,,75.5,0.006153842434,0.02232932858,415.4377136,288.1625671,-0.2020131946,-28.85902596,0,0,0.9988870025,1.250953317,-0.00501906639,0.01658163965,1,1,0
chernobyl_rbmk_like,,75.59999847,0.006107696798,0.02220013551,414.9517212,288.0926514,-0.2020118833,-28.85883904,0,0,0.9988841414,1.25095737,-0.005019147415,0.01649554633,1,1,0
chernobyl_rbmk_like,,75.69999695,0.006062284112,0.02207220905,414.4672546,288.0227966,-0.2020106018,-28.85865593,0,0,0.9988812804,1.250961542,-0.005019230768,0.01641003601,1,1,0
chernobyl_rbmk_like,,75.79999542,0.006017584819,0.02194552869,413.984314,287.953064,-0.2020093203,-28.85847282,0,0,0.9988784194,1.250965595,-0.005019311793,0.01632510498,1,1,0
chernobyl_rbmk_like,,75.90000153,0.005973588675,0.0218200814,413.5028992,287.8833923,-0.2020080388,-28.85828972,0,0,0.9988755584,1.250969768,-0.005019395147,0.01624074951,1,1,0
chernobyl_rbmk_like,,76,0.005930273794,0.02169583738,413.0229797,287.8138428,-0.2020067573,-28.85810661,0,0,0.9988726974,1.250973821,-0.005019476172,0.01615696214,1,1,0
chernobyl_rbmk_like,,76.09999847,0.005887628999,0.02157278731,412.5446167,287.7443848,-0.2020054758,-28.85792351,0,0,0.9988698959,1.250977874,-0.005019557197,0.01607374288,1,1,0
chernobyl_rbmk_like,,76.19999695,0.005845641252,0.02145091817,412.0677185,287.6750183,-0.2020042241,-28.85774612,0,0,0.9988670349,1.250982046,-0.005019641016,0.015991088,1,1,0
chernobyl_rbmk_like,,76.29999542,0.005804290995,0.02133020014,411.5923462,287.6057739,-0.2020029724,-28.85756683,0,0,0.9988641739,1.250986099,-0.005019722041,0.01590899192,1,1,0
chernobyl_rbmk_like,,76.40000153,0.00576356845,0.02121062391,411.1184998,287.5366211,-0.2020017207,-28.85738754,0,0,0.9988613129,1.250990272,-0.005019805394,0.0158274509,1,1,0
chernobyl_rbmk_like,,76.5,0.005723458249,0.02109217085,410.6461182,287.4675903,-0.202000469,-28.85720825,0,0,0.9988584518,1.250994325,-0.005019886419,0.01574646123,1,1,0
chernobyl_rbmk_like,,76.59999847,0.00568394782,0.02097482793,410.1752319,287.3986816,-0.2019992471,-28.85703468,0,0,0.9988556504,1.250998378,-0.005019967444,0.01566602103,1,1,0
chernobyl_rbmk_like,,76.69999695,0.005645024125,0.02085857838,409.7058716,287.3298645,-0.2019979954,-28.85685539,0,0,0.9988527894,1.25100255,-0.005020050798,0.01558612473,1,1,0
chernobyl_rbmk_like,,76.79999542,0.005606675055,0.02074340358,409.2379456,287.2612,-0.2019967735,-28.85668182,0,0,0.9988499284,1.251006603,-0.005020131823,0.01550676953,1,1,0
chernobyl_rbmk_like,,76.90000153,0.005568887573,0.02062929235,408.7715149,287.192627,-0.2019955516,-28.85650635,0,0,0.9988470674,1.251010776,-0.005020215176,0.0154279517,1,1,0
chernobyl_rbmk_like,,77,0.005531647243,0.02051622607,408.3065796,287.1242065,-0.2019943297,-28.85633278,0,0,0.9988442063,1.251014829,-0.005020296667,0.01534966752,1,1,0
chernobyl_rbmk_like,,77.09999847,0.005494948477,0.02040419541,407.8431091,287.0558777,-0.2019931376,-28.85616112,0,0,0.9988413453,1.251019001,-0.00502038002,0.01527191326,1,1,0
chernobyl_rbmk_like,,77.19999695,0.005458776839,0.02029318362,407.381073,286.9877014,-0.2019919157,-28.85598755,0,0,0.9988385439,1.251023054,-0.005020461045,0.01519468613,1,1,0
chernobyl_rbmk_like,,77.29999542,0.005423119292,0.02018317394,406.9205322,286.9196472,-0.2019907236,-28.85581589,0,0,0.9988356829,1.251027107,-0.00502054207,0.01511798054,1,1,0
chernobyl_rbmk_like,,77.40000153,0.005387966987,0.02007415704,406.4614258,286.8517151,-0.2019895315,-28.85564613,0,0,0.9988328218,1.25103128,-0.005020625424,0.01504179556,1,1,0
chernobyl_rbmk_like,,77.5,0.005353309214,0.01996611804,406.0038147,286.7839355,-0.2019883394,-28.85547638,0,0,0.9988299608,1.251035333,-0.005020706449,0.01496612653,1,1,0
chernobyl_rbmk_like,,77.59999847,0.005319135264,0.01985904202,405.5476074,286.7162781,-0.2019871473,-28.85530663,0,0,0.9988270998,1.251039505,-0.005020789802,0.01489096973,1,1,0
chernobyl_rbmk_like,,77.69999695,0.005285434891,0.01975291781,405.092865,286.6487732,-0.201985985,-28.85514069,0,0,0.9988242388,1.251043558,-0.005020870827,0.01481632143,1,1,0
chernobyl_rbmk_like,,77.79999542,0.005252198316,0.01964773238,404.6395569,286.5813904,-0.2019847929,-28.85496902,0,0,0.9988214374,1.251047611,-0.005020952318,0.01474217977,1,1,0
chernobyl_rbmk_like,,77.90000153,0.005219418555,0.0195434764,404.1876831,286.5141602,-0.2019836307,-28.85480309,0,0,0.9988185763,1.251051784,-0.005021035671,0.01466853917,1,1,0
chernobyl_rbmk_like,,78,0.00518708257,0.01944013312,403.7372437,286.4470825,-0.2019824684,-28.85463715,0,0,0.9988157153,1.251055837,-0.005021116696,0.01459539775,1,1,0
chernobyl_rbmk_like,,78.09999847,0.005155182909,0.01933769323,403.2882385,286.380127,-0.2019813061,-28.85447121,0,0,0.9988128543,1.251060009,-0.00502120005,0.01452275179,1,1,0
chernobyl_rbmk_like,,78.19999695,0.00512371026,0.01923614368,402.8406677,286.313324,-0.2019801438,-28.85430527,0,0,0.9988099933,1.251064062,-0.005021281075,0.01445059851,1,1,0
chernobyl_rbmk_like,,78.29999542,0.005092657637,0.01913547516,402.3945007,286.2466736,-0.2019790113,-28.85414314,0,0,0.9988071322,1.251068234,-0.005021364428,0.0143789323,1,1,0
chernobyl_rbmk_like,,78.40000153,0.005062015262,0.01903567463,401.9497375,286.1801758,-0.201977849,-28.8539772,0,0,0.9988043308,1.251072288,-0.005021445453,0.01430775225,1,1,0
chernobyl_rbmk_like,,78.5,0.005031773821,0.01893673092,401.5064087,286.1138306,-0.2019767165,-28.85381508,0,0,0.9988014698,1.251076341,-0.005021526478,0.01423705462,1,1,0
chernobyl_rbmk_like,,78.59999847,0.005001926795,0.01883863471,401.0644836,286.0476379,-0.201975584,-28.85365486,0,0,0.9987986088,1.251080513,-0.005021610297,0.0141668357,1,1,0
chernobyl_rbmk_like,,78.69999695,0.004972466268,0.0187413767,400.6239624,285.9815979,-0.2019744515,-28.85349274,0,0,0.9987957478,1.251084566,-0.005021691322,0.01409709267,1,1,0
chernobyl_rbmk_like,,78.79999542,0.004943382461,0.01864494011,400.1848145,285.9157104,-0.2019733489,-28.85333443,0,0,0.9987928867,1.251088738,-0.005021774676,0.01402782183,1,1,0
chernobyl_rbmk_like,,78.90000153,0.004914671648,0.01854932494,399.7470703,285.8499451,-0.2019722164,-28.8531723,0,0,0.9987900257,1.251092792,-0.005021855701,0.01395902131,1,1,0
chernobyl_rbmk_like,,79,0.004886322189,0.01845451072,399.31073,285.7843628,-0.2019711137,-28.8530159,0,0,0.9987871647,1.251096964,-0.005021939054,0.01389068551,1,1,0
chernobyl_rbmk_like,,79.09999847,0.004858330823,0.01836049184,398.8757935,285.7189636,-0.2019699812,-28.85285378,0,0,0.9987843633,1.251101017,-0.005022020079,0.01382281166,1,1,0
chernobyl_rbmk_like,,79.19999695,0.004830687772,0.01826726273,398.4421997,285.6536865,-0.2019688785,-28.85269547,0,0,0.9987815022,1.251105189,-0.005022103898,0.01375539973,1,1,0
chernobyl_rbmk_like,,79.29999542,0.004803388845,0.01817480847,398.0100098,285.588562,-0.2019677758,-28.85253906,0,0,0.9987786412,1.251109242,-0.005022184923,0.01368844323,1,1,0
chernobyl_rbmk_like,,79.40000153,0.004776424263,0.01808312163,397.5791931,285.5236206,-0.2019666731,-28.85238075,0,0,0.9987757802,1.251113296,-0.005022265948,0.01362194121,1,1,0
chernobyl_rbmk_like,,79.5,0.004749791697,0.01799219474,397.1497192,285.4588318,-0.2019656003,-28.85222816,0,0,0.9987729192,1.251117468,-0.005022349302,0.01355588902,1,1,0
chernobyl_rbmk_like,,79.59999847,0.004723480437,0.01790201664,396.7216187,285.3941956,-0.2019644976,-28.85206985,0,0,0.9987700582,1.251121521,-0.005022430327,0.01349028479,1,1,0
chernobyl_rbmk_like,,79.69999695,0.004697485827,0.01781257614,396.2948914,285.3297424,-0.2019634247,-28.85191727,0,0,0.9987671971,1.251125693,-0.00502251368,0.01342512388,1,1,0
chernobyl_rbmk_like,,79.79999542,0.00467180321,0.01772386953,395.8695374,285.2654419,-0.201962322,-28.85175896,0,0,0.9987643957,1.251129746,-0.005022594705,0.01336040534,1,1,0
chernobyl_rbmk_like,,79.90000153,0.004646425135,0.01763588563,395.4455261,285.2012939,-0.2019612491,-28.85160637,0,0,0.9987615347,1.251133919,-0.005022678059,0.01329612359,1,1,0
chernobyl_rbmk_like,,80,0.004621346015,0.01754861698,395.0228577,285.1373291,-0.2019601762,-28.85145378,0,0,0.9987586737,1.251137972,-0.005022759549,0.01323227957,1,1,0
chernobyl_rbmk_like,,80.09999847,0.004596561193,0.01746205427,394.601532,285.0735168,-0.2019591331,-28.8513031,0,0,0.9987558126,1.251142144,-0.005022842903,0.01316886581,1,1,0
chernobyl_rbmk_like,,80.19999695,0.00457206415,0.01737619191,394.1815491,285.0098877,-0.2019580603,-28.85115051,0,0,0.9987529516,1.251146197,-0.005022923928,0.01310588326,1,1,0
chernobyl_rbmk_like,,80.29999542,0.004547849763,0.01729101874,393.7629089,284.9464111,-0.2019569874,-28.85099792,0,0,0.9987500906,1.25115025,-0.005023004953,0.01304332726,1,1,0
chernobyl_rbmk_like,,80.40000153,0.004523913376,0.01720652916,393.3455811,284.8830872,-0.2019559443,-28.85084915,0,0,0.9987472296,1.251154423,-0.005023088306,0.01298119407,1,1,0
chernobyl_rbmk_like,,80.5,0.004500248935,0.01712271571,392.9296265,284.8199463,-0.2019549012,-28.85069847,0,0,0.9987443686,1.251158476,-0.005023169331,0.01291948278,1,1,0
chernobyl_rbmk_like,,80.59999847,0.004476851318,0.01703956723,392.5149536,284.756958,-0.2019538581,-28.8505497,0,0,0.9987415671,1.251162648,-0.005023252685,0.01285818871,1,1,0
chernobyl_rbmk_like,,80.69999695,0.0044537168,0.01695708185,392.1016235,284.6941528,-0.2019528151,-28.85040092,0,0,0.9987387061,1.251166701,-0.00502333371,0.01279731002,1,1,0
chernobyl_rbmk_like,,80.79999542,0.004430840258,0.01687524654,391.6896057,284.6315308,-0.201951772,-28.85025215,0,0,0.9987358451,1.251170874,-0.005023417529,0.01273684204,1,1,0
chernobyl_rbmk_like,,80.90000153,0.004408216104,0.01679405943,391.2789001,284.5690613,-0.2019507289,-28.85010338,0,0,0.9987329841,1.251174927,-0.005023498554,0.0126767857,1,1,0
chernobyl_rbmk_like,,81,0.004385838751,0.01671350934,390.8695068,284.5067444,-0.2019496858,-28.84995461,0,0,0.998730123,1.251179099,-0.005023581907,0.01261713542,1,1,0
chernobyl_rbmk_like,,81.09999847,0.004363706801,0.01663359068,390.4614258,284.4446106,-0.2019486725,-28.84980965,0,0,0.998727262,1.251183152,-0.005023662932,0.0125578884,1,1,0
chernobyl_rbmk_like,,81.19999695,0.004341815133,0.01655429974,390.054657,284.3826599,-0.2019476593,-28.84966469,0,0,0.998724401,1.251187325,-0.005023746286,0.01249904372,1,1,0
chernobyl_rbmk_like,,81.29999542,0.004320156295,0.01647562161,389.6491699,284.3208618,-0.2019466162,-28.84951591,0,0,0.99872154,1.251191378,-0.005023827311,0.01244059671,1,1,0
chernobyl_rbmk_like,,81.40000153,0.004298730288,0.01639756002,389.2449646,284.2592468,-0.2019456029,-28.84937096,0,0,0.9987187386,1.25119555,-0.005023910664,0.01238254644,1,1,0
chernobyl_rbmk_like,,81.5,0.004277531523,0.01632010378,388.8420715,284.1977844,-0.2019446194,-28.84922981,0,0,0.9987158775,1.251199603,-0.005023992155,0.01232488919,1,1,0
chernobyl_rbmk_like,,81.59999847,0.004256554414,0.01624324359,388.4404602,284.1365051,-0.2019436061,-28.84908485,0,0,0.9987130165,1.251203656,-0.00502407318,0.01226762123,1,1,0
chernobyl_rbmk_like,,81.69999695,0.00423579663,0.01616697572,388.0401306,284.0753784,-0.2019425929,-28.8489418,0,0,0.9987101555,1.251207829,-0.005024156533,0.01221074164,1,1,0
chernobyl_rbmk_like,,81.79999542,0.004215253051,0.01609129272,387.6410522,284.0144348,-0.2019416094,-28.84880066,0,0,0.9987072945,1.251211882,-0.005024237558,0.01215424668,1,1,0
chernobyl_rbmk_like,,81.90000153,0.004194922745,0.01601619273,387.2432861,283.9536743,-0.2019405961,-28.8486557,0,0,0.9987044334,1.251216054,-0.005024320912,0.01209813543,1,1,0
chernobyl_rbmk_like,,82,0.004174799658,0.01594166644,386.8467712,283.8930969,-0.2019396126,-28.84851456,0,0,0.9987015724,1.251220107,-0.005024401937,0.01204240322,1,1,0
chernobyl_rbmk_like,,82.09999847,0.004154880531,0.01586770639,386.4515381,283.8326416,-0.2019386292,-28.84837532,0,0,0.9986987114,1.251224279,-0.00502448529,0.01198704727,1,1,0
chernobyl_rbmk_like,,82.19999695,0.004135161173,0.01579430699,386.0575562,283.7723999,-0.2019376457,-28.84823418,0,0,0.9986958504,1.251228333,-0.005024566315,0.01193206664,1,1,0
chernobyl_rbmk_like,,82.29999542,0.004115639254,0.01572146639,385.664856,283.7123108,-0.2019366622,-28.84809303,0,0,0.998693049,1.251232505,-0.005024650134,0.01187745947,1,1,0
chernobyl_rbmk_like,,82.40000153,0.004096310586,0.01564917527,385.2733765,283.6524048,-0.2019356787,-28.8479538,0,0,0.9986901879,1.251236558,-0.005024731159,0.01182322111,1,1,0
chernobyl_rbmk_like,,82.5,0.004077173769,0.01557742991,384.8831787,283.5926514,-0.201934725,-28.84781647,0,0,0.9986873269,1.25124073,-0.005024814513,0.01176934969,1,1,0
chernobyl_rbmk_like,,82.59999847,0.004058224149,0.01550622378,384.4942017,283.5330811,-0.2019337416,-28.84767723,0,0,0.9986844659,1.251244783,-0.005024895538,0.01171584241,1,1,0
chernobyl_rbmk_like,,82.69999695,0.00403945893,0.01543555316,384.1065063,283.4736938,-0.2019327879,-28.8475399,0,0,0.9986816049,1.251248956,-0.005024978891,0.01166269835,1,1,0
chernobyl_rbmk_like,,82.79999542,0.004020874854,0.0153654106,383.7200012,283.4144592,-0.2019318044,-28.84740067,0,0,0.9986787438,1.251253009,-0.005025059916,0.01160991378,1,1,0
chernobyl_rbmk_like,,82.90000153,0.004002468195,0.01529579144,383.3347778,283.3554077,-0.2019308507,-28.84726334,0,0,0.9986758828,1.251257181,-0.005025143735,0.01155748591,1,1,0
chernobyl_rbmk_like,,83,0.003984236624,0.01522668917,382.9507751,283.2965393,-0.2019298971,-28.84712791,0,0,0.9986730218,1.251261234,-0.00502522476,0.01150541194,1,1,0
chernobyl_rbmk_like,,83.09999847,0.003966177348,0.01515810192,382.5679932,283.2378235,-0.2019289434,-28.84699059,0,0,0.9986701608,1.251265407,-0.005025308114,0.01145369187,1,1,0
chernobyl_rbmk_like,,83.19999695,0.003948287573,0.01509002224,382.1864319,283.1792908,-0.2019279897,-28.84685516,0,0,0.9986673594,1.25126946,-0.005025389139,0.01140232198,1,1,0
chernobyl_rbmk_like,,83.29999542,0.003930565435,0.01502244733,381.8061218,283.1209106,-0.2019270658,-28.84672356,0,0,0.9986644983,1.251273632,-0.005025472492,0.01135129947,1,1,0
chernobyl_rbmk_like,,83.40000153,0.003913005814,0.01495536882,381.427002,283.0627136,-0.2019261122,-28.84658623,0,0,0.9986616373,1.251277685,-0.005025553517,0.01130062155,1,1,0
chernobyl_rbmk_like,,83.5,0.00389560964,0.01488878578,381.0491028,283.0046997,-0.2019251883,-28.84645462,0,0,0.9986587763,1.251281738,-0.005025634542,0.01125028636,1,1,0
chernobyl_rbmk_like,,83.59999847,0.003878368996,0.01482268889,380.6724243,282.9468384,-0.2019242346,-28.8463192,0,0,0.9986559153,1.251285911,-0.005025717895,0.01120029204,1,1,0
chernobyl_rbmk_like,,83.69999695,0.003861286677,0.01475707814,380.296936,282.8891602,-0.2019233108,-28.84618568,0,0,0.9986530542,1.251289964,-0.005025799386,0.01115063578,1,1,0
chernobyl_rbmk_like,,83.79999542,0.003844357794,0.0146919461,379.9226685,282.8316345,-0.2019223869,-28.84605408,0,0,0.9986501932,1.251294136,-0.00502588274,0.01110131573,1,1,0
chernobyl_rbmk_like,,83.90000153,0.003827578854,0.01462728716,379.5495911,282.774292,-0.201921463,-28.84592247,0,0,0.9986473322,1.251298189,-0.005025963765,0.01105232816,1,1,0
chernobyl_rbmk_like,,84,0.003810950555,0.01456310041,379.1777344,282.7171326,-0.2019205391,-28.84579086,0,0,0.9986444712,1.251302361,-0.005026047118,0.01100367308,1,1,0
chernobyl_rbmk_like,,84.09999847,0.003794468939,0.01449937932,378.8070374,282.6601257,-0.2019196451,-28.84566307,0,0,0.9986416101,1.251306415,-0.005026128143,0.01095534582,1,1,0
chernobyl_rbmk_like,,84.19999695,0.003778129816,0.01443612017,378.4375305,282.603302,-0.2019187212,-28.84553146,0,0,0.9986388087,1.251310587,-0.005026211496,0.01090734638,1,1,0
chernobyl_rbmk_like,,84.29999542,0.003761934349,0.01437331736,378.0692444,282.5466309,-0.2019177973,-28.84539795,0,0,0.9986359477,1.25131464,-0.005026292522,0.01085967105,1,1,0
chernobyl_rbmk_like,,84.40000153,0.003745877417,0.01431096718,377.7021179,282.4901428,-0.2019169033,-28.84527016,0,0,0.9986330867,1.251318812,-0.005026376341,0.01081231795,1,1,0
chernobyl_rbmk_like,,84.5,0.003729958786,0.01424906682,377.3361511,282.4338379,-0.2019160092,-28.84514236,0,0,0.9986302257,1.251322865,-0.005026457366,0.01076528523,1,1,0
chernobyl_rbmk_like,,84.59999847,0.003714174032,0.01418760885,376.9713745,282.3776855,-0.2019151151,-28.84501648,0,0,0.9986273646,1.251327038,-0.005026540719,0.01071857009,1,1,0
chernobyl_rbmk_like,,84.69999695,0.003698524088,0.01412659325,376.6077881,282.3216858,-0.201914221,-28.84488869,0,0,0.9986245036,1.251331091,-0.005026621744,0.0106721716,1,1,0
chernobyl_rbmk_like,,84.79999542,0.003683005925,0.01406601351,376.2453308,282.2658691,-0.2019132972,-28.84475517,0,0,0.9986216426,1.251335263,-0.005026705097,0.01062608603,1,1,0
chernobyl_rbmk_like,,84.90000153,0.003667616285,0.0140058659,375.8840637,282.2102356,-0.2019124329,-28.8446331,0,0,0.9986187816,1.251339316,-0.005026786122,0.01058031246,1,1,0
chernobyl_rbmk_like,,85,0.003652355634,0.01394614857,375.5239563,282.1547546,-0.2019115388,-28.84450531,0,0,0.9986159205,1.251343489,-0.005026869476,0.01053484809,1,1,0
chernobyl_rbmk_like,,85.09999847,0.003637218848,0.01388685219,375.1650085,282.0994568,-0.2019106448,-28.84437752,0,0,0.9986130595,1.251347542,-0.005026950501,0.01048969012,1,1,0
chernobyl_rbmk_like,,85.19999695,0.003622205928,0.01382797863,374.8072205,282.0443115,-0.2019097805,-28.84425354,0,0,0.9986101985,1.251351714,-0.00502703432,0.01044483855,1,1,0
chernobyl_rbmk_like,,85.29999542,0.003607315244,0.01376952138,374.4505615,281.9893494,-0.2019088864,-28.84412575,0,0,0.9986073971,1.251355767,-0.005027115345,0.01040028874,1,1,0
chernobyl_rbmk_like,,85.40000153,0.003592544701,0.01371147763,374.0950623,281.9345398,-0.2019080222,-28.84400177,0,0,0.9986045361,1.25135994,-0.005027198698,0.01035604067,1,1,0
chernobyl_rbmk_like,,85.5,0.003577892669,0.01365384366,373.7406921,281.8798828,-0.2019071579,-28.8438797,0,0,0.998601675,1.251363993,-0.005027279723,0.01031209156,1,1,0
chernobyl_rbmk_like,,85.59999847,0.003563357051,0.01359661482,373.3874817,281.8254395,-0.2019062936,-28.84375572,0,0,0.998598814,1.251368165,-0.005027363077,0.01026843954,1,1,0
chernobyl_rbmk_like,,85.69999695,0.003548935521,0.01353978738,373.0354004,281.7711182,-0.2019054294,-28.84363174,0,0,0.998595953,1.251372218,-0.005027444102,0.01022508182,1,1,0
chernobyl_rbmk_like,,85.79999542,0.003534627846,0.01348335855,372.6844482,281.71698,-0.2019045651,-28.84350777,0,0,0.998593092,1.25137639,-0.005027527921,0.01018201653,1,1,0
chernobyl_rbmk_like,,85.90000153,0.003520430299,0.01342732552,372.3346252,281.6630249,-0.2019037008,-28.8433857,0,0,0.9985902309,1.251380444,-0.005027608946,0.01013924368,1,1,0
chernobyl_rbmk_like,,86,0.003506345209,0.01337168366,371.9859314,281.6091919,-0.2019028664,-28.84326553,0,0,0.9985873699,1.251384616,-0.005027692299,0.01009675767,1,1,0
chernobyl_rbmk_like,,86.09999847,0.003492366988,0.01331643108,371.6383362,281.5555725,-0.2019020021,-28.84314156,0,0,0.9985845089,1.251388669,-0.005027773324,0.01005456038,1,1,0
chernobyl_rbmk_like,,86.19999695,0.003478495171,0.01326156221,371.2919006,281.5020752,-0.2019011676,-28.8430233,0,0,0.9985816479,1.251392841,-0.005027856678,0.01001264714,1,1,0
chernobyl_rbmk_like,,86.29999542,0.003464728594,0.01320707332,370.9465332,281.4487915,-0.2019003034,-28.84289932,0,0,0.9985787868,1.251396894,-0.005027937703,0.009971017018,1,1,0
chernobyl_rbmk_like,,86.40000153,0.003451067023,0.01315296441,370.6023254,281.3956299,-0.2018994689,-28.84278107,0,0,0.9985759854,1.251401067,-0.005028021056,0.009929668158,1,1,0
chernobyl_rbmk_like,,86.5,0.003437507665,0.01309922989,370.2591858,281.3426514,-0.2018986344,-28.8426609,0,0,0.9985731244,1.25140512,-0.005028102081,0.009888597764,1,1,0
chernobyl_rbmk_like,,86.59999847,0.003424049588,0.01304586697,369.9171753,281.2898254,-0.2018978,-28.84254265,0,0,0.9985702634,1.251409292,-0.0050281859,0.009847804904,1,1,0
chernobyl_rbmk_like,,86.69999695,0.003410690231,0.01299287193,369.5762634,281.2371826,-0.2018969655,-28.84242249,0,0,0.9985674024,1.251413345,-0.005028266925,0.009807286784,1,1,0
chernobyl_rbmk_like,,86.79999542,0.003397429129,0.01294024102,369.2364502,281.1846924,-0.201896131,-28.84230423,0,0,0.9985645413,1.251417518,-0.005028350279,0.009767042473,1,1,0
chernobyl_rbmk_like,,86.90000153,0.003384265583,0.01288797427,368.8977356,281.1323547,-0.2018952966,-28.84218407,0,0,0.9985616803,1.251421571,-0.005028431304,0.009727070108,1,1,0
chernobyl_rbmk_like,,87,0.003371197032,0.01283606514,368.5600891,281.0802002,-0.2018944919,-28.84206963,0,0,0.9985588193,1.251425743,-0.005028514657,0.009687366895,1,1,0
chernobyl_rbmk_like,,87.09999847,0.003358222311,0.01278451178,368.2235718,281.0281982,-0.2018936574,-28.84194946,0,0,0.9985559583,1.251429796,-0.005028595682,0.009647931904,1,1,0
chernobyl_rbmk_like,,87.19999695,0.003345341189,0.01273331139,367.888092,280.9763489,-0.2018928528,-28.84183502,0,0,0.9985530972,1.251433969,-0.005028679036,0.009608762339,1,1,0
chernobyl_rbmk_like,,87.29999542,0.003332551103,0.01268246118,367.5537415,280.9246521,-0.2018920183,-28.84171677,0,0,0.9985502362,1.251438022,-0.005028760526,0.009569858201,1,1,0
chernobyl_rbmk_like,,87.40000153,0.003319852985,0.01263195835,367.2204285,280.8731384,-0.2018912137,-28.84160042,0,0,0.9985473752,1.251442194,-0.00502884388,0.009531215765,1,1,0
chernobyl_rbmk_like,,87.5,0.003307241946,0.01258179732,366.8882141,280.8217773,-0.201890409,-28.84148598,0,0,0.9985445142,1.251446247,-0.005028924905,0.009492833167,1,1,0
chernobyl_rbmk_like,,87.59999847,0.003294721013,0.01253197901,366.5570679,280.7705994,-0.2018896043,-28.84137154,0,0,0.9985416532,1.251450419,-0.005029008258,0.009454709478,1,1,0
chernobyl_rbmk_like,,87.69999695,0.003282285761,0.01248249877,366.2269897,280.7195435,-0.2018887997,-28.8412571,0,0,0.9985388517,1.251454473,-0.005029089283,0.009416843764,1,1,0
chernobyl_rbmk_like,,87.79999542,0.003269936191,0.01243335288,365.8979797,280.6686707,-0.201887995,-28.84114075,0,0,0.9985359907,1.251458645,-0.005029172637,0.009379232302,1,1,0
chernobyl_rbmk_like,,87.90000153,0.003257672768,0.01238454133,365.5700073,280.6179504,-0.2018871903,-28.84102631,0,0,0.9985331297,1.251462698,-0.005029253662,0.009341875091,1,1,0
chernobyl_rbmk_like,,88,0.003245491302,0.01233605854,365.2431335,280.5673828,-0.2018864155,-28.84091568,0,0,0.9985302687,1.25146687,-0.005029337481,0.009304769337,1,1,0
chernobyl_rbmk_like,,88.09999847,0.003233392956,0.01228790358,364.9172668,280.5169678,-0.2018856108,-28.84080124,0,0,0.9985274076,1.251470923,-0.005029418506,0.009267914109,1,1,0
chernobyl_rbmk_like,,88.19999695,0.003221376799,0.01224007271,364.5924988,280.4667358,-0.201884836,-28.84069061,0,0,0.9985245466,1.251475096,-0.005029501859,0.009231306612,1,1,0
chernobyl_rbmk_like,,88.29999542,0.003209439805,0.01219256222,364.2687378,280.4166565,-0.2018840611,-28.84057999,0,0,0.9985216856,1.251479149,-0.005029582884,0.009194945917,1,1,0
chernobyl_rbmk_like,,88.40000153,0.003197582439,0.01214537211,363.9460449,280.3667297,-0.2018832564,-28.84046364,0,0,0.9985188246,1.251483321,-0.005029666238,0.009158830158,1,1,0
chernobyl_rbmk_like,,88.5,0.003185803536,0.01209849864,363.6244202,280.3169556,-0.2018824816,-28.84035301,0,0,0.9985159636,1.251487374,-0.005029747263,0.009122958407,1,1,0
chernobyl_rbmk_like,,88.59999847,0.003174101934,0.0120519381,363.3038025,280.267334,-0.2018817067,-28.84024239,0,0,0.9985131025,1.251491547,-0.005029830616,0.009087326936,1,1,0
chernobyl_rbmk_like,,88.69999695,0.00316247833,0.01200569142,362.9842224,280.217865,-0.2018809319,-28.84013176,0,0,0.9985102415,1.2514956,-0.005029912107,0.009051936679,1,1,0
chernobyl_rbmk_like,,88.79999542,0.003150928067,0.01195975021,362.6656799,280.1685791,-0.201880157,-28.84002113,0,0,0.9985073805,1.251499772,-0.00502999546,0.009016783908,1,1,0
chernobyl_rbmk_like,,88.90000153,0.003139453009,0.01191411726,362.3481445,280.1194153,-0.2018794119,-28.83991432,0,0,0.9985045195,1.251503825,-0.005030076485,0.008981868625,1,1,0
chernobyl_rbmk_like,,89,0.003128051991,0.01186878886,362.0316772,280.0704346,-0.2018786371,-28.8398037,0,0,0.998501718,1.251507998,-0.005030159838,0.008947188035,1,1,0
chernobyl_rbmk_like,,89.09999847,0.003116722917,0.01182375941,361.7161865,280.0215759,-0.2018778622,-28.83969307,0,0,0.998498857,1.251512051,-0.005030240864,0.008912740275,1,1,0
chernobyl_rbmk_like,,89.19999695,0.003105466254,0.01177902985,361.4017639,279.9729004,-0.2018771172,-28.83958817,0,0,0.998495996,1.251516223,-0.005030324217,0.008878524415,1,1,0
chernobyl_rbmk_like,,89.29999542,0.003094279906,0.01173459738,361.0883179,279.9243774,-0.2018763423,-28.83947563,0,0,0.998493135,1.251520276,-0.005030405242,0.008844539523,1,1,0
chernobyl_rbmk_like,,89.40000153,0.003083164571,0.01169045921,360.7759094,279.8760071,-0.2018755972,-28.83937073,0,0,0.998490274,1.251524448,-0.005030489061,0.008810783736,1,1,0
chernobyl_rbmk_like,,89.5,0.003072118852,0.01164661255,360.4645081,279.8277893,-0.2018748522,-28.83926392,0,0,0.9984874129,1.251528502,-0.005030570086,0.00877725333,1,1,0
chernobyl_rbmk_like,,89.59999847,0.003061139956,0.01160305366,360.1541138,279.7796936,-0.2018741071,-28.8391571,0,0,0.9984845519,1.251532674,-0.005030653439,0.008743949234,1,1,0
chernobyl_rbmk_like,,89.69999695,0.003050229512,0.01155978441,359.8447266,279.731781,-0.2018733621,-28.83905029,0,0,0.9984816909,1.251536727,-0.005030734465,0.008710870519,1,1,0
chernobyl_rbmk_like,,89.79999542,0.003039385891,0.01151679922,359.5363159,279.684021,-0.201872617,-28.83894348,0,0,0.9984788299,1.251540899,-0.005030817818,0.008678012528,1,1,0
chernobyl_rbmk_like,,89.90000153,0.003028608626,0.01147409528,359.2289429,279.6364136,-0.2018718719,-28.83883858,0,0,0.9984759688,1.251544952,-0.005030898843,0.008645375259,1,1,0
chernobyl_rbmk_like,,90,0.003017895389,0.01143167354,358.9225159,279.5889282,-0.2018711269,-28.83873177,0,0,0.9984731078,1.251549125,-0.005030982196,0.008612958714,1,1,0
chernobyl_rbmk_like,,90.09999847,0.003007247811,0.01138952933,358.6171265,279.541626,-0.2018703818,-28.83862495,0,0,0.9984702468,1.251553178,-0.005031063221,0.008580760099,1,1,0
chernobyl_rbmk_like,,90.19999695,0.002996663097,0.01134766079,358.3127136,279.4944458,-0.2018696666,-28.83852196,0,0,0.9984673858,1.25155735,-0.00503114704,0.00854877755,1,1,0
chernobyl_rbmk_like,,90.29999542,0.002986141713,0.01130606607,358.0092773,279.4474487,-0.2018689215,-28.83841705,0,0,0.9984645247,1.251561403,-0.005031228065,0.008517010137,1,1,0
chernobyl_rbmk_like,,90.40000153,0.002975682728,0.01126474328,357.7068176,279.4005737,-0.2018682063,-28.83831406,0,0,0.9984617233,1.251565576,-0.005031311419,0.008485455997,1,1,0
chernobyl_rbmk_like,,90.5,0.00296528521,0.01122369058,357.4053345,279.3538513,-0.201867491,-28.83821297,0,0,0.9984588623,1.251569629,-0.005031392444,0.008454114199,1,1,0
chernobyl_rbmk_like,,90.59999847,0.002954948926,0.01118290424,357.1048584,279.307312,-0.2018667758,-28.83810997,0,0,0.9984560013,1.251573801,-0.005031475797,0.008422981948,1,1,0
chernobyl_rbmk_like,,90.69999695,0.002944672247,0.01114238333,356.8053284,279.2608948,-0.2018660307,-28.83800316,0,0,0.9984531403,1.251577854,-0.005031556822,0.008392059244,1,1,0
chernobyl_rbmk_like,,90.79999542,0.002934455173,0.01110212691,356.5067749,279.2145996,-0.2018653154,-28.83790207,0,0,0.9984502792,1.251582026,-0.005031640641,0.008361345157,1,1,0
chernobyl_rbmk_like,,90.8999939,0.002924297703,0.01106213126,356.209198,279.1684875,-0.2018646002,-28.83779907,0,0,0.9984474182,1.25158608,-0.005031721666,0.008330836892,1,1,0
chernobyl_rbmk_like,,91,0.00291419751,0.01102239452,355.9125671,279.1224976,-0.2018639147,-28.8377018,0,0,0.9984445572,1.251590252,-0.00503180502,0.008300533518,1,1,0
chernobyl_rbmk_like,,91.09999847,0.002904155292,0.0109829139,355.6169128,279.0766907,-0.2018631995,-28.8375988,0,0,0.9984416962,1.251594305,-0.005031886045,0.008270433173,1,1,0
chernobyl_rbmk_like,,91.19999695,0.002894169884,0.01094368938,355.3222046,279.0310059,-0.2018624842,-28.83749771,0,0,0.9984388351,1.251598477,-0.005031969398,0.008240534924,1,1,0
chernobyl_rbmk_like,,91.29999542,0.002884240355,0.01090471819,355.0284729,278.9854736,-0.2018617988,-28.83739853,0,0,0.9984359741,1.25160253,-0.005032050423,0.008210837841,1,1,0
chernobyl_rbmk_like,,91.3999939,0.002874367638,0.01086599939,354.7356873,278.9400635,-0.2018610835,-28.83729744,0,0,0.9984331131,1.251606703,-0.005032133777,0.008181340061,1,1,0
chernobyl_rbmk_like,,91.5,0.002864548936,0.01082752831,354.4438477,278.8948364,-0.2018603981,-28.83719826,0,0,0.9984302521,1.251610756,-0.005032214802,0.008152039722,1,1,0
chernobyl_rbmk_like,,91.59999847,0.002854784718,0.01078930497,354.1529541,278.8497314,-0.2018596828,-28.83709717,0,0,0.9984273911,1.251614928,-0.005032298621,0.008122935891,1,1,0
chernobyl_rbmk_like,,91.69999695,0.002845075214,0.0107513275,353.8629761,278.8047485,-0.2018589973,-28.83699799,0,0,0.99842453,1.251618981,-0.005032379646,0.008094027638,1,1,0
chernobyl_rbmk_like,,91.79999542,0.002835418563,0.01071359403,353.5739746,278.7599487,-0.2018583119,-28.83690071,0,0,0.998421669,1.251623154,-0.005032462999,0.008065313101,1,1,0
chernobyl_rbmk_like,,91.8999939,0.002825814532,0.01067610271,353.2858887,278.715271,-0.2018576264,-28.83680344,0,0,0.998418808,1.251627207,-0.005032544024,0.008036791347,1,1,0
chernobyl_rbmk_like,,92,0.002816262655,0.01063884981,352.9987488,278.6707458,-0.201856941,-28.83670425,0,0,0.9984160066,1.251631379,-0.005032627378,0.008008460514,1,1,0
chernobyl_rbmk_like,,92.09999847,0.002806762233,0.01060183533,352.7125549,278.6263733,-0.2018562555,-28.83660698,0,0,0.9984131455,1.251635432,-0.005032708403,0.007980319671,1,1,0
chernobyl_rbmk_like,,92.19999695,0.002797313733,0.01056505926,352.4272766,278.5821228,-0.2018555701,-28.8365097,0,0,0.9984102845,1.251639605,-0.005032791756,0.007952367887,1,1,0
chernobyl_rbmk_like,,92.29999542,0.002787915524,0.01052851602,352.1429138,278.5380249,-0.2018548846,-28.83641052,0,0,0.9984074235,1.251643658,-0.005032873247,0.007924603298,1,1,0
chernobyl_rbmk_like,,92.3999939,0.002778567374,0.01049220748,351.8594971,278.4940491,-0.2018541992,-28.83631325,0,0,0.9984045625,1.25164783,-0.0050329566,0.007897024974,1,1,0
chernobyl_rbmk_like,,92.5,0.002769268584,0.01045612805,351.5769653,278.4502258,-0.2018535435,-28.83621979,0,0,0.9984017015,1.251652002,-0.005033039954,0.007869631052,1,1,0
chernobyl_rbmk_like,,92.59999847,0.002760019153,0.01042027771,351.2953796,278.4065552,-0.2018528879,-28.83612633,0,0,0.9983988404,1.251656055,-0.005033120979,0.007842419669,1,1,0
chernobyl_rbmk_like,,92.69999695,0.002750816988,0.01038465463,351.0147095,278.3630066,-0.2018522024,-28.83602715,0,0,0.9983959794,1.251660228,-0.005033204332,0.007815391757,1,1,0
chernobyl_rbmk_like,,92.79999542,0.002741664648,0.01034925878,350.7349243,278.3196106,-0.2018515468,-28.83593369,0,0,0.9983931184,1.251664281,-0.005033285357,0.007788544521,1,1,0
chernobyl_rbmk_like,,92.8999939,0.002732558409,0.01031408738,350.4560852,278.2763672,-0.2018508613,-28.83583641,0,0,0.9983902574,1.251668453,-0.005033369176,0.007761877496,1,1,0
chernobyl_rbmk_like,,93,0.0027234999,0.01027913764,350.1781311,278.2332458,-0.2018502057,-28.83574295,0,0,0.9983873963,1.251672506,-0.005033450201,0.007735388353,1,1,0
chernobyl_rbmk_like,,93.09999847,0.002714487491,0.01024440862,349.9010925,278.1902466,-0.20184955,-28.83564949,0,0,0.9983845353,1.251676679,-0.005033533555,0.007709077094,1,1,0
chernobyl_rbmk_like,,93.19999695,0.002705522114,0.0102098994,349.624939,278.1473999,-0.2018488944,-28.83555603,0,0,0.9983816743,1.251680732,-0.00503361458,0.007682941388,1,1,0
chernobyl_rbmk_like,,93.29999542,0.002696602372,0.01017560717,349.3496704,278.1047058,-0.2018482387,-28.83546257,0,0,0.9983788133,1.251684904,-0.005033697933,0.007656980772,1,1,0
chernobyl_rbmk_like,,93.3999939,0.0026877278,0.01014153194,349.0753174,278.0621338,-0.2018476129,-28.83537292,0,0,0.9983759522,1.251688957,-0.005033778958,0.007631193846,1,1,0
chernobyl_rbmk_like,,93.5,0.002678898163,0.01010766998,348.8018494,278.0197144,-0.2018469572,-28.83527946,0,0,0.9983730912,1.25169313,-0.005033862311,0.00760557875,1,1,0
chernobyl_rbmk_like,,93.59999847,0.002670112997,0.01007402129,348.5292664,277.977417,-0.2018463016,-28.8351841,0,0,0.9983702302,1.251697183,-0.005033943336,0.007580135949,1,1,0
chernobyl_rbmk_like,,93.69999695,0.002661370439,0.01004058309,348.2575684,277.9352417,-0.2018456459,-28.83509064,0,0,0.9983674288,1.251701355,-0.005034027155,0.007554863114,1,1,0
chernobyl_rbmk_like,,93.79999542,0.002652672818,0.01000735536,347.9867859,277.893219,-0.2018450201,-28.8350029,0,0,0.9983645678,1.251705408,-0.005034108181,0.007529758848,1,1,0
chernobyl_rbmk_like,,93.8999939,0.002644018503,0.009974336252,347.7168579,277.8513489,-0.2018443644,-28.83490753,0,0,0.9983617067,1.25170958,-0.005034191534,0.007504822686,1,1,0
chernobyl_rbmk_like,,94,0.002635406097,0.009941522032,347.4477844,277.8095703,-0.2018437386,-28.83481979,0,0,0.9983588457,1.251713634,-0.005034272559,0.007480053231,1,1,0
chernobyl_rbmk_like,,94.09999847,0.002626835834,0.009908914566,347.1796265,277.7679749,-0.2018431127,-28.83473015,0,0,0.9983559847,1.251717806,-0.005034355912,0.007455449551,1,1,0
chernobyl_rbmk_like,,94.19999695,0.002618308412,0.009876509197,346.912323,277.7264709,-0.2018424571,-28.83463669,0,0,0.9983531237,1.251721859,-0.005034436937,0.007431009319,1,1,0
chernobyl_rbmk_like,,94.29999542,0.002609821735,0.009844305925,346.645874,277.6851196,-0.2018418312,-28.83454704,0,0,0.9983502626,1.251726031,-0.005034520291,0.007406732533,1,1,0
chernobyl_rbmk_like,,94.3999939,0.002601376502,0.00981230475,346.3803101,277.6439209,-0.2018412054,-28.8344574,0,0,0.9983474016,1.251730084,-0.005034601782,0.007382618729,1,1,0
chernobyl_rbmk_like,,94.5,0.002592971316,0.009780500084,346.1156311,277.6028137,-0.2018405795,-28.83436775,0,0,0.9983445406,1.251734257,-0.005034685135,0.007358665112,1,1,0
chernobyl_rbmk_like,,94.59999847,0.002584607573,0.009748895653,345.8517761,277.5618591,-0.2018399835,-28.83428192,0,0,0.9983416796,1.25173831,-0.00503476616,0.007334872149,1,1,0
chernobyl_rbmk_like,,94.69999695,0.002576283412,0.009717485867,345.5888062,277.5210571,-0.2018393576,-28.83419228,0,0,0.9983388186,1.251742482,-0.005034849513,0.007311237045,1,1,0
chernobyl_rbmk_like,,94.79999542,0.002567999531,0.00968627166,345.3266602,277.4803467,-0.2018387318,-28.83410454,0,0,0.9983359575,1.251746535,-0.005034930538,0.007287760265,1,1,0
chernobyl_rbmk_like,,94.8999939,0.002559754765,0.009655251168,345.0653992,277.4397888,-0.2018381357,-28.83401871,0,0,0.9983330965,1.251750708,-0.005035013892,0.007264439948,1,1,0
chernobyl_rbmk_like,,95,0.00255154795,0.009624421597,344.8049622,277.3993835,-0.2018375099,-28.83392906,0,0,0.9983302355,1.251754761,-0.005035094917,0.007241275627,1,1,0
chernobyl_rbmk_like,,95.09999847,0.002543380251,0.009593782946,344.5454102,277.3590698,-0.201836884,-28.83383942,0,0,0.9983273745,1.251758933,-0.005035178736,0.00721826544,1,1,0
chernobyl_rbmk_like,,95.19999695,0.002535251202,0.009563333355,344.2866821,277.3189087,-0.201836288,-28.83375359,0,0,0.9983245134,1.251762986,-0.005035259761,0.007195408456,1,1,0
chernobyl_rbmk_like,,95.29999542,0.002527159406,0.009533070959,344.0287781,277.2788696,-0.2018356919,-28.83366966,0,0,0.9983216524,1.251767159,-0.005035343114,0.007172704209,1,1,0
chernobyl_rbmk_like,,95.3999939,0.002519105328,0.009502995759,343.7717285,277.2389526,-0.2018350661,-28.83358002,0,0,0.9983187914,1.251771331,-0.005035426468,0.007150151301,1,1,0
chernobyl_rbmk_like,,95.5,0.002511089202,0.009473105893,343.5155334,277.1991882,-0.20183447,-28.83349419,0,0,0.9983159304,1.251775384,-0.005035507493,0.007127748802,1,1,0
chernobyl_rbmk_like,,95.59999847,0.00250310963,0.009443399496,343.2601624,277.1595459,-0.201833874,-28.83341026,0,0,0.9983131289,1.251779556,-0.005035590846,0.007105495315,1,1,0
chernobyl_rbmk_like,,95.69999695,0.002495165914,0.009413874708,343.0056152,277.1200256,-0.2018332779,-28.83332443,0,0,0.9983102679,1.251783609,-0.005035671871,0.007083389908,1,1,0
chernobyl_rbmk_like,,95.79999542,0.002487259917,0.00938453339,342.7518921,277.0806274,-0.2018326819,-28.8332386,0,0,0.9983074069,1.251787782,-0.00503575569,0.007061432116,1,1,0
chernobyl_rbmk_like,,95.8999939,0.002479389077,0.009355369955,342.4989929,277.0413513,-0.2018320858,-28.83315468,0,0,0.9983045459,1.251791835,-0.005035836715,0.007039620541,1,1,0
chernobyl_rbmk_like,,96,0.002471553627,0.009326385334,342.2469482,277.0021973,-0.2018314898,-28.83306885,0,0,0.9983016849,1.251796007,-0.005035920069,0.007017954253,1,1,0
chernobyl_rbmk_like,,96.09999847,0.002463754267,0.009297578596,341.995697,276.9631958,-0.2018308938,-28.83298302,0,0,0.9982988238,1.25180006,-0.005036001094,0.006996432319,1,1,0
chernobyl_rbmk_like,,96.19999695,0.002455989132,0.009268946946,341.7452698,276.9243164,-0.2018303275,-28.83290291,0,0,0.9982959628,1.251804233,-0.005036084447,0.006975052878,1,1,0
chernobyl_rbmk_like,,96.29999542,0.00244825962,0.009240490384,341.4956665,276.8855591,-0.2018297315,-28.83281708,0,0,0.9982931018,1.251808286,-0.005036165472,0.00695381593,1,1,0
chernobyl_rbmk_like,,96.3999939,0.002440563869,0.009212207049,341.2468567,276.8469238,-0.2018291354,-28.83273315,0,0,0.9982902408,1.251812458,-0.005036248825,0.006932720542,1,1,0
chernobyl_rbmk_like,,96.5,0.002432903741,0.009184097871,340.9988708,276.8084106,-0.2018285692,-28.83265114,0,0,0.9982873797,1.251816511,-0.005036330316,0.006911765318,1,1,0
chernobyl_rbmk_like,,96.59999847,0.002425275743,0.009156157263,340.751709,276.7700195,-0.2018280029,-28.83257103,0,0,0.9982845187,1.251820683,-0.00503641367,0.006890949793,1,1,0
chernobyl_rbmk_like,,96.69999695,0.00241768267,0.009128388017,340.5053406,276.7317505,-0.2018274069,-28.8324852,0,0,0.9982816577,1.251824737,-0.005036494695,0.006870272569,1,1,0
chernobyl_rbmk_like,,96.79999542,0.002410122659,0.009100787342,340.2597656,276.693634,-0.2018268406,-28.83240509,0,0,0.9982787967,1.251828909,-0.005036578048,0.00684973225,1,1,0
chernobyl_rbmk_like,,96.8999939,0.002402595943,0.009073353373,340.0150146,276.6556091,-0.2018262744,-28.83232307,0,0,0.9982759356,1.251832962,-0.005036659073,0.006829328835,1,1,0
chernobyl_rbmk_like,,97,0.00239510159,0.00904608611,339.7710571,276.6177063,-0.2018257082,-28.83224297,0,0,0.9982730746,1.251837134,-0.005036742426,0.006809060927,1,1,0
chernobyl_rbmk_like,,97.09999847,0.002387639834,0.009018983692,339.5278625,276.5799561,-0.2018251419,-28.83216286,0,0,0.9982702136,1.251841187,-0.005036823452,0.006788928062,1,1,0
chernobyl_rbmk_like,,97.19999695,0.002380209975,0.008992044255,339.2854919,276.5422974,-0.2018245757,-28.83208084,0,0,0.9982673526,1.25184536,-0.005036907271,0.006768927909,1,1,0
chernobyl_rbmk_like,,97.29999542,0.002372812713,0.0089652678,339.0439148,276.5047913,-0.2018240094,-28.83200073,0,0,0.9982644916,1.251849413,-0.005036988296,0.006749060936,1,1,0
chernobyl_rbmk_like,,97.3999939,0.002365447348,0.008938654326,338.8031006,276.4673767,-0.2018234432,-28.83191872,0,0,0.9982616305,1.251853585,-0.005037071649,0.006729326211,1,1,0
chernobyl_rbmk_like,,97.5,0.002358113416,0.008912200108,338.5631104,276.4300842,-0.2018228769,-28.83183861,0,0,0.9982587695,1.251857638,-0.005037152674,0.006709722336,1,1,0
chernobyl_rbmk_like,,97.59999847,0.002350810682,0.008885905147,338.3238831,276.3929443,-0.2018223405,-28.83176231,0,0,0.9982559681,1.251861811,-0.005037236027,0.006690248381,1,1,0
chernobyl_rbmk_like,,97.69999695,0.002343539149,0.00885976851,338.0854187,276.355896,-0.2018217742,-28.8316803,0,0,0.9982531071,1.251865983,-0.005037319381,0.006670903414,1,1,0
chernobyl_rbmk_like,,97.79999542,0.002336298348,0.008833790198,337.8477478,276.3189697,-0.2018212378,-28.831604,0,0,0.998250246,1.251870036,-0.005037400406,0.006651687436,1,1,0
chernobyl_rbmk_like,,97.8999939,0.002329088515,0.008807967417,337.6108704,276.2821655,-0.2018206716,-28.8315239,0,0,0.998247385,1.251874208,-0.005037484225,0.006632598583,1,1,0
chernobyl_rbmk_like,,98,0.002321908483,0.008782299235,337.3747559,276.2454834,-0.2018201351,-28.8314476,0,0,0.998244524,1.251878262,-0.00503756525,0.006613636389,1,1,0
chernobyl_rbmk_like,,98.09999847,0.002314759418,0.008756784722,337.1394043,276.2089233,-0.2018195987,-28.8313694,0,0,0.998241663,1.251882434,-0.005037648603,0.006594799459,1,1,0
chernobyl_rbmk_like,,98.19999695,0.002307639457,0.008731422946,336.9048157,276.1724854,-0.2018190324,-28.83128929,0,0,0.998238802,1.251886487,-0.005037729628,0.006576087791,1,1,0
chernobyl_rbmk_like,,98.29999542,0.002300549066,0.008706212044,336.67099,276.1361694,-0.201818496,-28.831213,0,0,0.9982359409,1.251890659,-0.005037812982,0.006557499524,1,1,0
chernobyl_rbmk_like,,98.3999939,0.002293488709,0.008681153879,336.4379272,276.0999756,-0.2018179595,-28.8311367,0,0,0.9982330799,1.251894712,-0.005037894007,0.006539035123,1,1,0
chernobyl_rbmk_like,,98.5,0.002286457457,0.008656243794,336.205658,276.0638733,-0.2018174231,-28.83106041,0,0,0.9982302189,1.251898885,-0.00503797736,0.006520692725,1,1,0
chernobyl_rbmk_like,,98.59999847,0.002279454609,0.008631481789,335.9741211,276.0278931,-0.2018168867,-28.83098221,0,0,0.9982273579,1.251902938,-0.005038058851,0.006502470933,1,1,0
chernobyl_rbmk_like,,98.69999695,0.002272481797,0.008606868796,335.7433472,275.9920349,-0.2018163502,-28.83090591,0,0,0.9982244968,1.25190711,-0.005038142204,0.006484370679,1,1,0
chernobyl_rbmk_like,,98.79999542,0.002265535994,0.008582400158,335.5133057,275.9562988,-0.2018158138,-28.83082962,0,0,0.9982216358,1.251911163,-0.005038223229,0.006466389634,1,1,0
chernobyl_rbmk_like,,98.8999939,0.002258620225,0.0085580796,335.2840576,275.9206848,-0.2018153071,-28.83075714,0,0,0.9982187748,1.251915336,-0.005038306583,0.006448527798,1,1,0
chernobyl_rbmk_like,,99,0.002251731465,0.008533901535,335.055542,275.8851929,-0.2018147409,-28.83067703,0,0,0.9982159138,1.251919389,-0.005038387608,0.00643078424,1,1,0
chernobyl_rbmk_like,,99.09999847,0.002244871343,0.008509866893,334.8277588,275.8497925,-0.2018142343,-28.83060455,0,0,0.9982130527,1.251923561,-0.005038470961,0.006413157564,1,1,0
chernobyl_rbmk_like,,99.19999695,0.002238037763,0.008485974744,334.600708,275.8145142,-0.2018136978,-28.83052826,0,0,0.9982101917,1.251927614,-0.005038551986,0.006395647768,1,1,0
chernobyl_rbmk_like,,99.29999542,0.00223123352,0.008462226018,334.3744202,275.7793579,-0.2018131912,-28.83045578,0,0,0.9982073307,1.251931787,-0.005038635805,0.006378253456,1,1,0
chernobyl_rbmk_like,,99.3999939,0.002224455122,0.008438615128,334.1488953,275.7442932,-0.2018126845,-28.8303833,0,0,0.9982044697,1.25193584,-0.00503871683,0.006360974163,1,1,0
chernobyl_rbmk_like,,99.5,0.002217705362,0.0084151458,333.9240723,275.7093811,-0.2018121481,-28.8303051,0,0,0.9982016087,1.251940012,-0.005038800184,0.006343808956,1,1,0
chernobyl_rbmk_like,,99.59999847,0.002210981445,0.008391814306,333.6999817,275.6745605,-0.2018116415,-28.83023453,0,0,0.9981987476,1.251944184,-0.005038883537,0.006326757371,1,1,0
chernobyl_rbmk_like,,99.69999695,0.00220428477,0.008368620649,333.4766541,275.6398621,-0.2018111348,-28.83016205,0,0,0.9981958866,1.251948237,-0.005038964562,0.006309818476,1,1,0
chernobyl_rbmk_like,,99.79999542,0.002197615104,0.008345563896,333.2540283,275.6052551,-0.2018105984,-28.83008385,0,0,0.9981930256,1.25195241,-0.005039047915,0.00629299134,1,1,0
chernobyl_rbmk_like,,99.8999939,0.002190970816,0.008322641253,333.0321655,275.5707703,-0.2018100917,-28.83001137,0,0,0.9981902242,1.251956463,-0.005039128941,0.006276274566,1,1,0
chernobyl_rbmk_like,,100,0.002184354002,0.008299854584,332.8110046,275.5364075,-0.2018095851,-28.82993889,0,0,0.9981873631,1.251960635,-0.00503921276,0.006259668153,1,1,0
chernobyl_rbmk_like,,100.0999985,0.002177762333,0.008277202025,332.5905457,275.5021667,-0.2018090785,-28.82986832,0,0,0.9981845021,1.251964688,-0.005039293785,0.006243172102,1,1,0
chernobyl_rbmk_like,,100.1999969,0.002171197208,0.008254681714,332.3708496,275.4680176,-0.2018085718,-28.82979584,0,0,0.9981816411,1.251968861,-0.005039377138,0.006226783618,1,1,0
chernobyl_rbmk_like,,100.2999954,0.002164657461,0.008232293651,332.151825,275.4339905,-0.201808095,-28.82972717,0,0,0.9981787801,1.251972914,-0.005039458163,0.0062105041,1,1,0
chernobyl_rbmk_like,,100.3999939,0.002158143558,0.008210037835,331.9335632,275.4000549,-0.2018075883,-28.82965469,0,0,0.9981759191,1.251977086,-0.005039541516,0.006194331683,1,1,0
chernobyl_rbmk_like,,100.5,0.002151654568,0.008187911473,331.7159729,275.3662415,-0.2018070817,-28.82958221,0,0,0.998173058,1.251981139,-0.005039622542,0.006178265903,1,1,0
chernobyl_rbmk_like,,100.5999985,0.002145190723,0.008165913634,331.4991455,275.33255,-0.2018065751,-28.82950974,0,0,0.998170197,1.251985312,-0.005039705895,0.006162305363,1,1,0
chernobyl_rbmk_like,,100.6999969,0.002138752723,0.008144045249,331.2829895,275.2989502,-0.2018060982,-28.82944107,0,0,0.998167336,1.251989365,-0.005039787386,0.006146450061,1,1,0
chernobyl_rbmk_like,,100.7999954,0.002132338937,0.008122304454,331.0675354,275.2654724,-0.2018055916,-28.82936859,0,0,0.998164475,1.251993537,-0.005039870739,0.006130699534,1,1,0
chernobyl_rbmk_like,,100.8999939,0.002125950297,0.00810069032,330.8528137,275.2320862,-0.2018051147,-28.82930183,0,0,0.9981616139,1.25199759,-0.005039951764,0.006115052383,1,1,0
chernobyl_rbmk_like,,101,0.002119586105,0.008079201914,330.6387939,275.198822,-0.2018046081,-28.82922935,0,0,0.9981587529,1.252001762,-0.005040035117,0.006099508144,1,1,0
chernobyl_rbmk_like,,101.0999985,0.00211324566,0.008057838306,330.4254456,275.1656799,-0.2018041313,-28.82916069,0,0,0.9981558919,1.252005816,-0.005040116142,0.00608406635,1,1,0
chernobyl_rbmk_like,,101.1999969,0.002106930129,0.008036598563,330.2128296,275.1326294,-0.2018036544,-28.82909203,0,0,0.9981530309,1.252009988,-0.005040199496,0.00606872607,1,1,0
chernobyl_rbmk_like,,101.2999954,0.002100638347,0.008015483618,330.000885,275.0996704,-0.2018031478,-28.82901955,0,0,0.9981501698,1.252014041,-0.005040280521,0.006053486839,1,1,0
chernobyl_rbmk_like,,101.3999939,0.002094370779,0.007994489744,329.7896423,275.0668335,-0.201802671,-28.82895279,0,0,0.9981473088,1.252018213,-0.00504036434,0.006038347259,1,1,0
chernobyl_rbmk_like,,101.5,0.002088126726,0.007973616943,329.579071,275.0341187,-0.2018021941,-28.82888412,0,0,0.9981444478,1.252022386,-0.005040447693,0.006023306865,1,1,0
chernobyl_rbmk_like,,101.5999985,0.00208190619,0.007952866144,329.3692322,275.0014954,-0.2018017173,-28.82881546,0,0,0.9981415868,1.252026439,-0.005040528718,0.006008366123,1,1,0
chernobyl_rbmk_like,,101.6999969,0.002075709403,0.007932235487,329.1600342,274.9689941,-0.2018012404,-28.8287468,0,0,0.9981387258,1.252030611,-0.005040612072,0.005993522704,1,1,0
chernobyl_rbmk_like,,101.7999954,0.002069536131,0.007911724038,328.9515686,274.9365845,-0.2018007636,-28.82868004,0,0,0.9981358647,1.252034664,-0.005040693097,0.005978777073,1,1,0
chernobyl_rbmk_like,,101.8999939,0.002063385677,0.007891330868,328.7437439,274.9042664,-0.2018003166,-28.82861519,0,0,0.9981330037,1.252038836,-0.00504077645,0.005964128301,1,1,0
chernobyl_rbmk_like,,102,0.002057258273,0.007871055044,328.5366211,274.8720703,-0.2017998397,-28.82854843,0,0,0.9981301427,1.25204289,-0.005040857475,0.005949575454,1,1,0
chernobyl_rbmk_like,,102.0999985,0.002051154152,0.007850896567,328.3301697,274.8399963,-0.2017993629,-28.82847977,0,0,0.9981272817,1.252047062,-0.005040941294,0.005935118534,1,1,0
chernobyl_rbmk_like,,102.1999969,0.002045072149,0.007830852643,328.1243896,274.8080139,-0.2017988861,-28.8284111,0,0,0.9981244206,1.252051115,-0.005041022319,0.005920755211,1,1,0
chernobyl_rbmk_like,,102.2999954,0.00203901343,0.007810925599,327.9193115,274.776123,-0.201798439,-28.82834816,0,0,0.9981215596,1.252055287,-0.005041105673,0.005906486884,1,1,0
chernobyl_rbmk_like,,102.3999939,0.002032977063,0.007791112643,327.7148743,274.7443542,-0.2017979622,-28.8282795,0,0,0.9981187582,1.25205934,-0.005041186698,0.005892312154,1,1,0
chernobyl_rbmk_like,,102.5,0.002026962116,0.007771412376,327.5111084,274.712677,-0.2017975152,-28.82821465,0,0,0.9981158972,1.252063513,-0.005041270051,0.005878229626,1,1,0
chernobyl_rbmk_like,,102.5999985,0.002020970685,0.007751826197,327.3080444,274.6810913,-0.2017970383,-28.82814789,0,0,0.9981130362,1.252067566,-0.005041351076,0.005864239763,1,1,0
chernobyl_rbmk_like,,102.6999969,0.002015000442,0.007732352242,327.1056213,274.6496277,-0.2017965913,-28.82808304,0,0,0.9981101751,1.252071738,-0.00504143443,0.005850341637,1,1,0
chernobyl_rbmk_like,,102.7999954,0.002009052783,0.00771298958,326.9038391,274.6182556,-0.2017961442,-28.8280201,0,0,0.9981073141,1.252075791,-0.00504151592,0.005836534314,1,1,0
chernobyl_rbmk_like,,102.8999939,0.002003125846,0.007693736348,326.7027588,274.5870056,-0.2017956674,-28.82795143,0,0,0.9981044531,1.252079964,-0.005041599274,0.005822816864,1,1,0
chernobyl_rbmk_like,,103,0.00199722196,0.00767459441,326.5023193,274.5558472,-0.2017952204,-28.82788849,0,0,0.9981015921,1.252084017,-0.005041680299,0.005809189286,1,1,0
chernobyl_rbmk_like,,103.0999985,0.001991338795,0.007655561902,326.3025208,274.5247803,-0.2017947733,-28.82782364,0,0,0.998098731,1.252088189,-0.005041763652,0.005795651581,1,1,0
chernobyl_rbmk_like,,103.1999969,0.001985477284,0.007636636496,326.1033936,274.4938049,-0.2017943263,-28.8277607,0,0,0.99809587,1.252092242,-0.005041844677,0.005782200955,1,1,0
chernobyl_rbmk_like,,103.2999954,0.001979636727,0.007617820054,325.9049072,274.4629517,-0.2017938793,-28.82769585,0,0,0.998093009,1.252096415,-0.005041928031,0.00576883927,1,1,0
chernobyl_rbmk_like,,103.3999939,0.001973817591,0.007599110249,325.7070923,274.4322205,-0.2017934322,-28.8276329,0,0,0.998090148,1.252100587,-0.00504201185,0.005755564664,1,1,0
chernobyl_rbmk_like,,103.5,0.001968020108,0.007580507547,325.5099182,274.4015503,-0.2017929852,-28.82756805,0,0,0.9980872869,1.25210464,-0.005042092875,0.00574237667,1,1,0
chernobyl_rbmk_like,,103.5999985,0.001962242648,0.007562009152,325.313385,274.3710022,-0.2017925382,-28.82750511,0,0,0.9980844259,1.252108812,-0.005042176228,0.005729274359,1,1,0
chernobyl_rbmk_like,,103.6999969,0.001956486842,0.007543616928,325.1174927,274.3405457,-0.2017921209,-28.82744408,0,0,0.9980815649,1.252112865,-0.005042257253,0.005716258194,1,1,0
chernobyl_rbmk_like,,103.7999954,0.001950751292,0.007525328547,324.9222412,274.3101807,-0.2017916739,-28.82738113,0,0,0.9980787039,1.252117038,-0.005042340606,0.00570332678,1,1,0
chernobyl_rbmk_like,,103.8999939,0.001945035881,0.007507143077,324.7276611,274.2799377,-0.2017912269,-28.82731628,0,0,0.9980758429,1.252121091,-0.005042421632,0.005690479651,1,1,0
chernobyl_rbmk_like,,104,0.001939341426,0.007489060983,324.5336914,274.2497559,-0.2017908096,-28.82725716,0,0,0.9980729818,1.252125263,-0.005042504985,0.005677715875,1,1,0
chernobyl_rbmk_like,,104.0999985,0.001933667227,0.007471080869,324.3403625,274.219696,-0.2017903626,-28.82719421,0,0,0.9980701208,1.252129316,-0.00504258601,0.005665035453,1,1,0
chernobyl_rbmk_like,,104.1999969,0.001928013982,0.007453203201,324.1476746,274.1897583,-0.2017899454,-28.82713509,0,0,0.9980672598,1.252133489,-0.005042669829,0.005652437918,1,1,0
chernobyl_rbmk_like,,104.2999954,0.001922379597,0.007435424253,323.9555969,274.1598816,-0.2017894983,-28.82707024,0,0,0.9980643988,1.252137542,-0.005042750854,0.005639921408,1,1,0
chernobyl_rbmk_like,,104.3999939,0.001916766167,0.00741774682,323.7641602,274.130127,-0.2017890811,-28.82701111,0,0,0.9980615377,1.252141714,-0.005042834207,0.00562748732,1,1,0
chernobyl_rbmk_like,,104.5,0.001911172178,0.007400168572,323.5733643,274.1004639,-0.2017886639,-28.82695198,0,0,0.9980586767,1.252145767,-0.005042915232,0.005615133792,1,1,0
chernobyl_rbmk_like,,104.5999985,0.001905598212,0.00738268951,323.3831787,274.0708923,-0.2017882168,-28.82688713,0,0,0.9980558157,1.25214994,-0.005042998586,0.005602860823,1,1,0
chernobyl_rbmk_like,,104.6999969,0.001900043455,0.007365308702,323.193634,274.0414124,-0.2017877996,-28.826828,0,0,0.9980529547,1.252153993,-0.005043079611,0.005590667948,1,1,0
chernobyl_rbmk_like,,104.7999954,0.001894509536,0.007348026149,323.0046997,274.0120239,-0.2017873824,-28.82676888,0,0,0.9980500937,1.252158165,-0.005043162964,0.005578554235,1,1,0
chernobyl_rbmk_like,,104.8999939,0.001888993545,0.007330838591,322.8163757,273.9827576,-0.2017869651,-28.82670784,0,0,0.9980472326,1.252162218,-0.005043244455,0.005566518754,1,1,0
chernobyl_rbmk_like,,105,0.001883497462,0.00731374789,322.6286926,273.9535522,-0.2017865479,-28.82664871,0,0,0.9980443716,1.25216639,-0.005043327808,0.005554561503,1,1,0
chernobyl_rbmk_like,,105.0999985,0.001878021052,0.007296753582,322.4416199,273.924469,-0.2017861307,-28.82658958,0,0,0.9980415702,1.252170563,-0.005043411162,0.005542682018,1,1,0
chernobyl_rbmk_like,,105.1999969,0.001872563269,0.007279853802,322.255127,273.8954773,-0.2017857134,-28.82653046,0,0,0.9980387092,1.252174616,-0.005043492187,0.005530879833,1,1,0
chernobyl_rbmk_like,,105.2999954,0.001867125044,0.007263048552,322.0692749,273.8665771,-0.2017852962,-28.82646942,0,0,0.9980358481,1.252178788,-0.00504357554,0.00551915355,1,1,0
chernobyl_rbmk_like,,105.3999939,0.001861705445,0.0072463369,321.8840332,273.8377686,-0.201784879,-28.82641029,0,0,0.9980329871,1.252182841,-0.005043656565,0.005507504102,1,1,0
chernobyl_rbmk_like,,105.5,0.001856304705,0.007229718845,321.6994019,273.8090515,-0.2017844617,-28.82635117,0,0,0.9980301261,1.252187014,-0.005043740384,0.005495930091,1,1,0
chernobyl_rbmk_like,,105.5999985,0.001850922592,0.007213192061,321.5153809,273.780426,-0.2017840743,-28.82629585,0,0,0.9980272651,1.252191067,-0.005043821409,0.005484430585,1,1,0
chernobyl_rbmk_like,,105.6999969,0.001845559571,0.007196758874,321.3319397,273.7519226,-0.2017836571,-28.82623672,0,0,0.998024404,1.252195239,-0.005043904763,0.005473006051,1,1,0
chernobyl_rbmk_like,,105.7999954,0.001840214827,0.007180416025,321.1491394,273.7234802,-0.2017832696,-28.82618141,0,0,0.998021543,1.252199292,-0.005043985788,0.005461655557,1,1,0
chernobyl_rbmk_like,,105.8999939,0.00183488836,0.007164163515,320.9669189,273.6951294,-0.2017828524,-28.82612038,0,0,0.998018682,1.252203465,-0.005044069141,0.005450377706,1,1,0
chernobyl_rbmk_like,,106,0.001829580637,0.007148002274,320.7852783,273.6669006,-0.2017824352,-28.82606125,0,0,0.998015821,1.252207518,-0.005044150166,0.005439173896,1,1,0
chernobyl_rbmk_like,,106.0999985,0.00182429119,0.007131930441,320.604248,273.6387329,-0.2017820477,-28.82600594,0,0,0.99801296,1.25221169,-0.00504423352,0.005428042263,1,1,0
chernobyl_rbmk_like,,106.1999969,0.001819019672,0.007115946617,320.4238281,273.6106873,-0.2017816603,-28.82595062,0,0,0.9980100989,1.252215743,-0.005044314545,0.005416982342,1,1,0
chernobyl_rbmk_like,,106.2999954,0.001813766314,0.007100051269,320.243988,273.5827026,-0.2017812431,-28.82589149,0,0,0.9980072379,1.252219915,-0.005044398364,0.005405993666,1,1,0
chernobyl_rbmk_like,,106.3999939,0.001808531233,0.007084244862,320.0647278,273.5548401,-0.2017808557,-28.82583618,0,0,0.9980043769,1.252223969,-0.005044479389,0.005395076703,1,1,0
chernobyl_rbmk_like,,106.5,0.001803313848,0.007068524603,319.8860779,273.5270386,-0.2017804682,-28.82578087,0,0,0.9980015159,1.252228141,-0.005044562742,0.005384229589,1,1,0
chernobyl_rbmk_like,,106.5999985,0.001798113924,0.007052890956,319.7080078,273.4993591,-0.2017800808,-28.82572556,0,0,0.9979986548,1.252232194,-0.005044643767,0.00537345279,1,1,0
chernobyl_rbmk_like,,106.6999969,0.001792932278,0.007037344389,319.5305176,273.4717407,-0.2017796636,-28.82566452,0,0,0.9979957938,1.252236366,-0.005044727121,0.00536274584,1,1,0
chernobyl_rbmk_like,,106.7999954,0.001787767862,0.007021883037,319.3536072,273.4442444,-0.2017792761,-28.82560921,0,0,0.9979929328,1.252240539,-0.005044810474,0.005352107808,1,1,0
chernobyl_rbmk_like,,106.8999939,0.001782621141,0.00700650597,319.1772766,273.4168091,-0.2017788887,-28.82555389,0,0,0.9979900718,1.252244592,-0.005044891499,0.005341537762,1,1,0
chernobyl_rbmk_like,,107,0.001777492231,0.006991214119,319.0015259,273.3894958,-0.2017785311,-28.8255043,0,0,0.9979872108,1.252248764,-0.005044975318,0.005331036635,1,1,0
chernobyl_rbmk_like,,107.0999985,0.001772380434,0.006976006553,318.826355,273.3622437,-0.2017781138,-28.82544327,0,0,0.9979843497,1.252252817,-0.005045056343,0.005320603028,1,1,0
chernobyl_rbmk_like,,107.1999969,0.001767286216,0.006960881408,318.6517639,273.335083,-0.2017777562,-28.82539368,0,0,0.9979814887,1.252256989,-0.005045139696,0.005310236011,1,1,0
chernobyl_rbmk_like,,107.2999954,0.001762209111,0.006945840083,318.4777527,273.3080139,-0.2017773688,-28.82533836,0,0,0.9979786277,1.252261043,-0.005045220722,0.005299936514,1,1,0
chernobyl_rbmk_like,,107.3999939,0.001757148653,0.006930879317,318.3042908,273.2810364,-0.2017769814,-28.82528305,0,0,0.9979757667,1.252265215,-0.005045304075,0.005289702676,1,1,0
chernobyl_rbmk_like,,107.5,0.001752105658,0.006916001439,318.1314087,273.2541504,-0.2017765939,-28.82522774,0,0,0.9979729056,1.252269268,-0.0050453851,0.005279534962,1,1,0
chernobyl_rbmk_like,,107.5999985,0.001747079776,0.006901205517,317.9591064,273.227356,-0.2017762363,-28.82517624,0,0,0.9979700446,1.25227344,-0.005045468919,0.005269432906,1,1,0
chernobyl_rbmk_like,,107.6999969,0.001742070657,0.006886489689,317.7873535,273.2006226,-0.2017758489,-28.82512093,0,0,0.9979671836,1.252277493,-0.005045549944,0.005259395577,1,1,0
chernobyl_rbmk_like,,107.7999954,0.00173707772,0.006871852558,317.6161804,273.1740112,-0.2017754912,-28.82506943,0,0,0.9979643226,1.252281666,-0.005045633297,0.005249422044,1,1,0
chernobyl_rbmk_like,,107.8999939,0.001732102362,0.006857297383,317.4455566,273.1474609,-0.2017751038,-28.82501411,0,0,0.9979614615,1.252285719,-0.005045714322,0.005239513703,1,1,0
chernobyl_rbmk_like,,108,0.00172714307,0.006842819508,317.2755127,273.1210327,-0.2017747164,-28.8249588,0,0,0.9979586005,1.252289891,-0.005045797676,0.00522966776,1,1,0
chernobyl_rbmk_like,,108.0999985,0.001722200657,0.006828420796,317.1060181,273.0946655,-0.2017743587,-28.8249073,0,0,0.9979557395,1.252293944,-0.005045878701,0.005219885614,1,1,0
chernobyl_rbmk_like,,108.1999969,0.001717274776,0.00681410078,316.9370728,273.0683899,-0.2017740011,-28.8248558,0,0,0.9979529381,1.252298117,-0.005045962054,0.005210166331,1,1,0
chernobyl_rbmk_like,,108.2999954,0.001712365309,0.006799858063,316.7687073,273.0421753,-0.2017736137,-28.82480049,0,0,0.9979500771,1.252302289,-0.005046045873,0.005200508982,1,1,0
chernobyl_rbmk_like,,108.3999939,0.001707471209,0.006785692181,316.6008606,273.0160828,-0.2017732561,-28.8247509,0,0,0.997947216,1.252306342,-0.005046126898,0.005190914031,1,1,0
chernobyl_rbmk_like,,108.5,0.001702595036,0.006771603599,316.4335938,272.9900513,-0.2017728984,-28.8246994,0,0,0.997944355,1.252310514,-0.005046210252,0.005181380082,1,1,0
chernobyl_rbmk_like,,108.5999985,0.001697733765,0.006757590454,316.2668457,272.9641418,-0.2017725408,-28.8246479,0,0,0.997941494,1.252314568,-0.005046291277,0.005171907134,1,1,0
chernobyl_rbmk_like,,108.6999969,0.001692889142,0.006743653677,316.1006775,272.9382629,-0.2017721832,-28.82459641,0,0,0.997938633,1.25231874,-0.00504637463,0.005162495188,1,1,0
chernobyl_rbmk_like,,108.7999954,0.0016880607,0.006729791872,315.9350586,272.9125061,-0.2017718256,-28.82454491,0,0,0.9979357719,1.252322793,-0.005046455655,0.005153143313,1,1,0
chernobyl_rbmk_like,,108.8999939,0.001683247392,0.006716004107,315.7699585,272.8868408,-0.2017714679,-28.82449532,0,0,0.9979329109,1.252326965,-0.005046539009,0.005143851042,1,1,0
chernobyl_rbmk_like,,109,0.001678450732,0.006702291314,315.6054077,272.8612366,-0.2017711103,-28.82444382,0,0,0.9979300499,1.252331018,-0.005046620034,0.005134618375,1,1,0
chernobyl_rbmk_like,,109.0999985,0.001673669904,0.00668865256,315.4414062,272.8357239,-0.2017707527,-28.82439232,0,0,0.9979271889,1.252335191,-0.005046703853,0.005125444848,1,1,0
chernobyl_rbmk_like,,109.1999969,0.001668904442,0.00667508645,315.2779541,272.8103027,-0.201770395,-28.82434082,0,0,0.9979243279,1.252339244,-0.005046784878,0.005116329528,1,1,0
chernobyl_rbmk_like,,109.2999954,0.001664155046,0.006661592983,315.1150208,272.7849426,-0.2017700374,-28.82428932,0,0,0.9979214668,1.252343416,-0.005046868231,0.005107272416,1,1,0
chernobyl_rbmk_like,,109.3999939,0.001659420785,0.006648172159,314.9526367,272.7596741,-0.2017696798,-28.82423973,0,0,0.9979186058,1.252347469,-0.005046949256,0.005098273046,1,1,0
chernobyl_rbmk_like,,109.5,0.001654702472,0.006634823047,314.7907715,272.7344971,-0.201769352,-28.82419205,0,0,0.9979157448,1.252351642,-0.00504703261,0.005089330953,1,1,0
chernobyl_rbmk_like,,109.5999985,0.001649998943,0.006621545181,314.6294556,272.7094116,-0.2017689943,-28.82414055,0,0,0.9979128838,1.252355695,-0.005047113635,0.005080446135,1,1,0
chernobyl_rbmk_like,,109.6999969,0.001645311713,0.006608339027,314.4686584,272.6843872,-0.2017686665,-28.82409477,0,0,0.9979100227,1.252359867,-0.005047197454,0.005071617663,1,1,0
chernobyl_rbmk_like,,109.7999954,0.001640639268,0.006595202722,314.3083801,272.6594543,-0.2017683089,-28.82404327,0,0,0.9979071617,1.25236392,-0.005047278479,0.005062845536,1,1,0
chernobyl_rbmk_like,,109.8999939,0.001635982073,0.006582136732,314.1486511,272.634613,-0.2017679513,-28.82399178,0,0,0.9979043007,1.252368093,-0.005047361832,0.005054129288,1,1,0
chernobyl_rbmk_like,,110,0.001631340478,0.006569140125,313.9894409,272.6098328,-0.2017676234,-28.823946,0,0,0.9979014397,1.252372265,-0.005047445185,0.005045467988,1,1,0
chernobyl_rbmk_like,,110.0999985,0.001626713085,0.006556212902,313.8307495,272.5851746,-0.2017672658,-28.8238945,0,0,0.9978985786,1.252376318,-0.005047526211,0.005036862567,1,1,0
chernobyl_rbmk_like,,110.1999969,0.001622101874,0.006543354131,313.6725769,272.5605469,-0.201766938,-28.82384682,0,0,0.9978957176,1.25238049,-0.005047609564,0.005028311163,1,1,0
chernobyl_rbmk_like,,110.2999954,0.001617504633,0.006530564278,313.5149231,272.5360413,-0.2017666101,-28.82380104,0,0,0.9978928566,1.252384543,-0.005047690589,0.005019814707,1,1,0
chernobyl_rbmk_like,,110.3999939,0.001612923108,0.006517841481,313.3578186,272.5115967,-0.2017662525,-28.82374954,0,0,0.9978899956,1.252388716,-0.005047774408,0.005011371337,1,1,0
chernobyl_rbmk_like,,110.5,0.001608356019,0.006505187135,313.2012024,272.4872131,-0.2017659247,-28.82370186,0,0,0.9978871346,1.252392769,-0.005047855433,0.005002982449,1,1,0
chernobyl_rbmk_like,,110.5999985,0.001603803947,0.006492598914,313.045105,272.4629211,-0.2017655969,-28.82365608,0,0,0.9978842735,1.252396941,-0.005047938786,0.004994645715,1,1,0
chernobyl_rbmk_like,,110.6999969,0.001599266543,0.006480077282,312.8895264,272.4387207,-0.201765269,-28.8236084,0,0,0.9978814125,1.252400994,-0.005048019812,0.004986362532,1,1,0
chernobyl_rbmk_like,,110.7999954,0.001594743924,0.006467622239,312.7344666,272.4146118,-0.2017649412,-28.82356262,0,0,0.9978785515,1.252405167,-0.005048103165,0.004978131503,1,1,0
chernobyl_rbmk_like,,110.8999939,0.001590235275,0.006455232389,312.579895,272.390564,-0.2017645836,-28.82351112,0,0,0.9978756905,1.25240922,-0.00504818419,0.004969952628,1,1,0
chernobyl_rbmk_like,,111,0.001585742109,0.006442909129,312.4258423,272.3665771,-0.2017642558,-28.82346344,0,0,0.9978728294,1.252413392,-0.005048267543,0.004961825907,1,1,0
chernobyl_rbmk_like,,111.0999985,0.001581262564,0.006430649664,312.2723083,272.3427124,-0.2017639279,-28.82341766,0,0,0.9978699684,1.252417445,-0.005048348568,0.004953750409,1,1,0
chernobyl_rbmk_like,,111.1999969,0.00157679792,0.006418454926,312.1192932,272.3188782,-0.2017636299,-28.8233757,0,0,0.9978671074,1.252421618,-0.005048432387,0.004945725668,1,1,0
chernobyl_rbmk_like,,111.2999954,0.001572347712,0.006406324916,311.9667358,272.295166,-0.2017633021,-28.82332802,0,0,0.9978642464,1.252425671,-0.005048513412,0.00493775215,1,1,0
chernobyl_rbmk_like,,111.3999939,0.001567911706,0.006394257769,311.8147278,272.2715149,-0.2017629743,-28.82328033,0,0,0.9978613853,1.252429843,-0.005048596766,0.004929828458,1,1,0
chernobyl_rbmk_like,,111.5,0.001563489903,0.006382254884,311.6631775,272.2479248,-0.2017626464,-28.82323456,0,0,0.9978585243,1.252433896,-0.005048677791,0.004921955056,1,1,0
chernobyl_rbmk_like,,111.5999985,0.001559081953,0.006370313466,311.512146,272.2244263,-0.2017623484,-28.8231926,0,0,0.9978556633,1.252438068,-0.005048761144,0.004914131016,1,1,0
chernobyl_rbmk_like,,111.6999969,0.001554688672,0.006358435377,311.3616333,272.2010193,-0.2017620206,-28.82314491,0,0,0.9978528619,1.252442241,-0.005048844498,0.004906356335,1,1,0
chernobyl_rbmk_like,,111.7999954,0.001550309244,0.006346619688,311.2115784,272.1776733,-0.2017616928,-28.82309723,0,0,0.9978500009,1.252446294,-0.005048925988,0.004898631014,1,1,0
chernobyl_rbmk_like,,111.8999939,0.001545943553,0.006334865466,311.0620422,272.1543884,-0.2017613947,-28.82305527,0,0,0.9978471398,1.252450466,-0.005049009342,0.004890954122,1,1,0
chernobyl_rbmk_like,,112,0.001541592064,0.006323172711,310.9129944,272.1311951,-0.2017610669,-28.82300949,0,0,0.9978442788,1.252454519,-0.005049090367,0.004883325659,1,1,0
chernobyl_rbmk_like,,112.0999985,0.001537254546,0.006311540958,310.7644348,272.1080933,-0.2017607391,-28.82296181,0,0,0.9978414178,1.252458692,-0.00504917372,0.004875745159,1,1,0
chernobyl_rbmk_like,,112.1999969,0.001532930648,0.006299969275,310.6163635,272.0850525,-0.2017604411,-28.82291985,0,0,0.9978385568,1.252462745,-0.005049254745,0.004868212156,1,1,0
chernobyl_rbmk_like,,112.2999954,0.001528620254,0.006288458128,310.4687805,272.0621033,-0.2017601132,-28.82287216,0,0,0.9978356957,1.252466917,-0.005049338099,0.004860726651,1,1,0
chernobyl_rbmk_like,,112.3999939,0.00152432418,0.006277007051,310.3216858,272.0392151,-0.2017598152,-28.8228302,0,0,0.9978328347,1.25247097,-0.005049419124,0.004853288177,1,1,0
chernobyl_rbmk_like,,112.5,0.001520041726,0.006265615113,310.1750793,272.0163879,-0.2017594874,-28.82278252,0,0,0.9978299737,1.252475142,-0.005049502943,0.00484589627,1,1,0
chernobyl_rbmk_like,,112.5999985,0.001515772427,0.006254281849,310.0289612,271.9936523,-0.2017591894,-28.82274055,0,0,0.9978271127,1.252479196,-0.005049583968,0.004838550463,1,1,0
chernobyl_rbmk_like,,112.6999969,0.001511516981,0.006243008655,309.8833008,271.9709778,-0.2017588913,-28.82269859,0,0,0.9978242517,1.252483368,-0.005049667321,0.004831251688,1,1,0
chernobyl_rbmk_like,,112.7999954,0.001507275156,0.006231792737,309.7381287,271.9483948,-0.2017585933,-28.82265472,0,0,0.9978213906,1.252487421,-0.005049748346,0.004823997617,1,1,0
chernobyl_rbmk_like,,112.8999939,0.001503046718,0.006220635027,309.5934448,271.9258728,-0.2017582953,-28.82261276,0,0,0.9978185296,1.252491593,-0.0050498317,0.00481678918,1,1,0
chernobyl_rbmk_like,,113,0.00149883132,0.006209534593,309.4492493,271.9034424,-0.2017579675,-28.82256508,0,0,0.9978156686,1.252495646,-0.005049912725,0.004809626378,1,1,0
chernobyl_rbmk_like,,113.0999985,0.001494629309,0.006198491901,309.3055115,271.881073,-0.2017576694,-28.82252312,0,0,0.9978128076,1.252499819,-0.005049996078,0.004802507814,1,1,0
chernobyl_rbmk_like,,113.1999969,0.001490440569,0.006187505554,309.1622314,271.8587952,-0.2017573714,-28.82248116,0,0,0.9978099465,1.252503872,-0.005050077103,0.004795433953,1,1,0
chernobyl_rbmk_like,,113.2999954,0.001486265566,0.006176576484,309.0194397,271.8365784,-0.2017570734,-28.82243729,0,0,0.9978070855,1.252508044,-0.005050160922,0.004788404331,1,1,0
chernobyl_rbmk_like,,113.3999939,0.001482102904,0.006165702827,308.8771362,271.8144226,-0.2017567754,-28.82239532,0,0,0.9978042245,1.252512217,-0.005050244275,0.00478141848,1,1,0
chernobyl_rbmk_like,,113.5,0.001477953861,0.006154885516,308.7352905,271.7923584,-0.2017564774,-28.82235336,0,0,0.9978013635,1.25251627,-0.005050325301,0.004774476867,1,1,0
chernobyl_rbmk_like,,113.5999985,0.001473818091,0.006144123618,308.5939026,271.7703552,-0.2017562091,-28.82231522,0,0,0.9977985024,1.252520442,-0.005050408654,0.00476757763,1,1,0
chernobyl_rbmk_like,,113.6999969,0.001469695242,0.006133417133,308.4529724,271.7484131,-0.2017559111,-28.82227135,0,0,0.9977956414,1.252524495,-0.005050489679,0.004760721698,1,1,0
chernobyl_rbmk_like,,113.7999954,0.001465585199,0.006122765131,308.3125305,271.7265625,-0.2017556131,-28.82222939,0,0,0.9977927804,1.252528667,-0.005050573032,0.004753908608,1,1,0
chernobyl_rbmk_like,,113.8999939,0.001461487729,0.006112167612,308.1725464,271.7047729,-0.2017553151,-28.82218742,0,0,0.9977899194,1.252532721,-0.005050654523,0.004747137893,1,1,0
chernobyl_rbmk_like,,114,0.001457403298,0.006101624109,308.03302,271.683075,-0.201755017,-28.82214355,0,0,0.9977870584,1.252536893,-0.005050737876,0.004740409553,1,1,0
chernobyl_rbmk_like,,114.0999985,0.001453332254,0.006091135088,307.8939514,271.661438,-0.2017547488,-28.82210541,0,0,0.9977841973,1.252540946,-0.005050818902,0.004733722657,1,1,0
chernobyl_rbmk_like,,114.1999969,0.00144927355,0.006080698688,307.7553406,271.6398621,-0.2017544508,-28.82206345,0,0,0.9977813363,1.252545118,-0.005050902255,0.004727077205,1,1,0
chernobyl_rbmk_like,,114.2999954,0.001445227652,0.006070316304,307.6171875,271.6183472,-0.2017541826,-28.8220253,0,0,0.9977784753,1.252549171,-0.00505098328,0.004720473662,1,1,0
chernobyl_rbmk_like,,114.3999939,0.001441194443,0.006059986539,307.4794617,271.5969238,-0.2017538846,-28.82198334,0,0,0.9977756143,1.252553344,-0.005051066633,0.004713910632,1,1,0
chernobyl_rbmk_like,,114.5,0.001437173691,0.006049708929,307.3422241,271.5755615,-0.2017535865,-28.82193947,0,0,0.9977727532,1.252557397,-0.005051147658,0.00470738858,1,1,0
chernobyl_rbmk_like,,114.5999985,0.001433165628,0.006039482541,307.2054443,271.5542908,-0.2017533183,-28.82190132,0,0,0.9977698922,1.252561569,-0.005051231477,0.004700906109,1,1,0
chernobyl_rbmk_like,,114.6999969,0.001429169788,0.006029309239,307.0690918,271.5330505,-0.2017530203,-28.82185936,0,0,0.9977670312,1.252565622,-0.005051312502,0.004694464616,1,1,0
chernobyl_rbmk_like,,114.7999954,0.001425186754,0.00601918716,306.933197,271.5119324,-0.2017527521,-28.82182121,0,0,0.9977641702,1.252569795,-0.005051395856,0.004688062705,1,1,0
chernobyl_rbmk_like,,114.8999939,0.001421216177,0.006009116769,306.79776,271.4908447,-0.2017524838,-28.82178307,0,0,0.9977613091,1.252573848,-0.005051476881,0.004681700841,1,1,0
chernobyl_rbmk_like,,115,0.001417257474,0.005999096204,306.6627808,271.4698181,-0.2017521858,-28.8217392,0,0,0.9977584481,1.25257802,-0.005051560234,0.004675377626,1,1,0
chernobyl_rbmk_like,,115.0999985,0.001413311926,0.005989127792,306.5282288,271.4488831,-0.2017519176,-28.82170105,0,0,0.9977555871,1.252582192,-0.005051643588,0.004669094458,1,1,0
chernobyl_rbmk_like,,115.1999969,0.001409377786,0.00597920781,306.394104,271.428009,-0.2017516494,-28.8216629,0,0,0.9977527261,1.252586246,-0.005051724613,0.004662849009,1,1,0
chernobyl_rbmk_like,,115.2999954,0.001405456453,0.00596933905,306.260437,271.4072266,-0.2017513812,-28.82162476,0,0,0.9977498651,1.252590418,-0.005051808432,0.004656642675,1,1,0
chernobyl_rbmk_like,,115.3999939,0.001401547343,0.005959519651,306.1272278,271.3864746,-0.2017511129,-28.82158661,0,0,0.9977470636,1.252594471,-0.005051889457,0.004650474526,1,1,0
chernobyl_rbmk_like,,115.5,0.00139765034,0.005949750077,305.9944458,271.3658142,-0.2017508447,-28.82154846,0,0,0.9977442026,1.252598643,-0.00505197281,0.004644344561,1,1,0
chernobyl_rbmk_like,,115.5999985,0.001393764978,0.005940028466,305.8620911,271.3452148,-0.2017505765,-28.82151031,0,0,0.9977413416,1.252602696,-0.005052053835,0.004638251849,1,1,0
chernobyl_rbmk_like,,115.6999969,0.001389891724,0.00593035575,305.7301941,271.324707,-0.2017502785,-28.82146835,0,0,0.9977384806,1.252606869,-0.005052137189,0.004632196855,1,1,0
chernobyl_rbmk_like,,115.7999954,0.001386030926,0.005920731928,305.5987244,271.3042297,-0.2017500103,-28.8214283,0,0,0.9977356195,1.252610922,-0.005052218214,0.004626179114,1,1,0
chernobyl_rbmk_like,,115.8999939,0.001382182003,0.005911156069,305.4676819,271.283844,-0.201749742,-28.82139015,0,0,0.9977327585,1.252615094,-0.005052301567,0.00462019816,1,1,0
chernobyl_rbmk_like,,116,0.001378344954,0.00590162864,305.3370667,271.2635193,-0.2017495036,-28.82135582,0,0,0.9977298975,1.252619147,-0.005052383058,0.00461425446,1,1,0
chernobyl_rbmk_like,,116.0999985,0.001374520012,0.005892148707,305.2068787,271.2432556,-0.2017492354,-28.82131767,0,0,0.9977270365,1.25262332,-0.005052466411,0.004608347081,1,1,0
chernobyl_rbmk_like,,116.1999969,0.00137070613,0.005882714875,305.0771484,271.223053,-0.2017489672,-28.82127953,0,0,0.9977241755,1.252627373,-0.005052547436,0.004602475557,1,1,0
chernobyl_rbmk_like,,116.2999954,0.001366904471,0.005873329006,304.9478149,271.2029419,-0.2017486989,-28.82124138,0,0,0.9977213144,1.252631545,-0.00505263079,0.004596640356,1,1,0
chernobyl_rbmk_like,,116.3999939,0.001363114803,0.005863989703,304.8189087,271.1828613,-0.2017484307,-28.82120323,0,0,0.9977184534,1.252635598,-0.005052711815,0.004590840545,1,1,0
chernobyl_rbmk_like,,116.5,0.001359336544,0.005854696967,304.6904602,271.1628723,-0.2017481923,-28.8211689,0,0,0.9977155924,1.252639771,-0.005052795168,0.004585076589,1,1,0
chernobyl_rbmk_like,,116.5999985,0.00135556981,0.005845449865,304.5624084,271.1429443,-0.2017479241,-28.82113075,0,0,0.9977127314,1.252643824,-0.005052876193,0.004579347558,1,1,0
chernobyl_rbmk_like,,116.6999969,0.001351815066,0.005836248863,304.4347839,271.1230774,-0.2017476559,-28.82109261,0,0,0.9977098703,1.252647996,-0.005052960012,0.004573653452,1,1,0
chernobyl_rbmk_like,,116.7999954,0.001348071848,0.005827093963,304.3075867,271.1032715,-0.2017474174,-28.82105827,0,0,0.9977070093,1.252652168,-0.005053043365,0.004567994736,1,1,0
chernobyl_rbmk_like,,116.8999939,0.001344339689,0.005817983299,304.1808167,271.0835571,-0.2017471492,-28.82102013,0,0,0.9977041483,1.252656221,-0.005053124391,0.004562370013,1,1,0
chernobyl_rbmk_like,,117,0.001340619638,0.005808918737,304.0544434,271.0638733,-0.2017469108,-28.82098579,0,0,0.9977012873,1.252660394,-0.005053207744,0.00455677975,1,1,0
chernobyl_rbmk_like,,117.0999985,0.001336910878,0.005799898878,303.9284973,271.044281,-0.2017466426,-28.82094765,0,0,0.9976984262,1.252664447,-0.005053288769,0.004551223945,1,1,0
chernobyl_rbmk_like,,117.1999969,0.001333212946,0.005790921859,303.8029785,271.0247498,-0.2017464042,-28.82091331,0,0,0.9976955652,1.252668619,-0.005053372122,0.004545701202,1,1,0
chernobyl_rbmk_like,,117.2999954,0.001329527004,0.005781990476,303.6778564,271.0052795,-0.201746136,-28.82087517,0,0,0.9976927042,1.252672672,-0.005053453147,0.004540212452,1,1,0
chernobyl_rbmk_like,,117.3999939,0.001325852121,0.005773102865,303.5531616,270.9858704,-0.2017458975,-28.82084084,0,0,0.9976898432,1.252676845,-0.005053536966,0.00453475723,1,1,0
chernobyl_rbmk_like,,117.5,0.001322188415,0.005764259025,303.4288635,270.9665222,-0.2017456293,-28.82080269,0,0,0.9976869822,1.252680898,-0.005053617992,0.00452933507,1,1,0
chernobyl_rbmk_like,,117.5999985,0.001318536233,0.005755458493,303.3049927,270.9472351,-0.2017453909,-28.82076836,0,0,0.9976841211,1.25268507,-0.005053701345,0.004523945507,1,1,0
chernobyl_rbmk_like,,117.6999969,0.001314894878,0.005746700801,303.1815186,270.928009,-0.2017451525,-28.82073593,0,0,0.9976812601,1.252689123,-0.00505378237,0.004518589005,1,1,0
chernobyl_rbmk_like,,117.7999954,0.001311265165,0.005737986416,303.0584412,270.9088745,-0.2017448843,-28.82069778,0,0,0.9976783991,1.252693295,-0.005053865723,0.004513264634,1,1,0
chernobyl_rbmk_like,,117.8999939,0.001307646628,0.005729314871,302.935791,270.8897705,-0.2017446458,-28.82066345,0,0,0.9976755381,1.252697349,-0.005053946748,0.004507972859,1,1,0
chernobyl_rbmk_like,,118,0.001304038567,0.00572068477,302.8135376,270.8707275,-0.2017444074,-28.82062912,0,0,0.997672677,1.252701521,-0.005054030102,0.004502712749,1,1,0
chernobyl_rbmk_like,,118.0999985,0.001300441916,0.005712097511,302.6916809,270.8517761,-0.201744169,-28.82059479,0,0,0.997669816,1.252705574,-0.005054111592,0.00449748477,1,1,0
chernobyl_rbmk_like,,118.1999969,0.001296856091,0.00570355216,302.5702515,270.8328857,-0.2017439306,-28.82056046,0,0,0.997666955,1.252709746,-0.005054194946,0.004492288455,1,1,0
chernobyl_rbmk_like,,118.2999954,0.001293281093,0.005695047788,302.4491882,270.8140259,-0.2017436922,-28.82052612,0,0,0.997664094,1.252713799,-0.005054275971,0.00448712334,1,1,0
chernobyl_rbmk_like,,118.3999939,0.001289717271,0.00568658486,302.3285522,270.7952576,-0.2017434537,-28.82049179,0,0,0.9976612329,1.252717972,-0.005054359324,0.004481988959,1,1,0
chernobyl_rbmk_like,,118.5,0.001286164508,0.005678163841,302.208313,270.7765198,-0.2017432153,-28.82045937,0,0,0.9976583719,1.252722144,-0.005054442678,0.004476886243,1,1,0
chernobyl_rbmk_like,,118.5999985,0.001282622223,0.00566978287,302.0884399,270.7578735,-0.2017429769,-28.82042503,0,0,0.9976555109,1.252726197,-0.005054523703,0.004471813794,1,1,0
chernobyl_rbmk_like,,118.6999969,0.001279091113,0.005661443342,301.9689941,270.7392883,-0.2017427385,-28.8203907,0,0,0.9976526499,1.25273037,-0.005054607056,0.004466772079,1,1,0
chernobyl_rbmk_like,,118.7999954,0.001275570248,0.005653143395,301.8499451,270.7207642,-0.2017425001,-28.82035637,0,0,0.9976497889,1.252734423,-0.005054688547,0.004461760633,1,1,0
chernobyl_rbmk_like,,118.8999939,0.001272060676,0.00564488396,301.7312622,270.7022705,-0.2017422616,-28.82032204,0,0,0.9976469278,1.252738595,-0.0050547719,0.004456778988,1,1,0
chernobyl_rbmk_like,,119,0.001268561231,0.005636664107,301.6130066,270.6838684,-0.2017420232,-28.8202877,0,0,0.9976440668,1.252742648,-0.005054852925,0.004451828077,1,1,0
chernobyl_rbmk_like,,119.0999985,0.001265072729,0.005628483836,301.4951172,270.6655273,-0.2017418146,-28.82025909,0,0,0.9976412058,1.25274682,-0.005054936279,0.004446906038,1,1,0
chernobyl_rbmk_like,,119.1999969,0.001261594822,0.005620343611,301.3776245,270.6472168,-0.2017415762,-28.82022476,0,0,0.9976383448,1.252750874,-0.005055017304,0.0044420138,1,1,0
chernobyl_rbmk_like,,119.2999954,0.001258127624,0.005612242036,301.260498,270.6289978,-0.2017413378,-28.82019043,0,0,0.9976354837,1.252755046,-0.005055100657,0.004437150899,1,1,0
chernobyl_rbmk_like,,119.3999939,0.001254670438,0.00560417911,301.1437683,270.6108398,-0.2017410994,-28.8201561,0,0,0.9976326227,1.252759099,-0.005055181682,0.004432316869,1,1,0
chernobyl_rbmk_like,,119.5,0.001251224196,0.005596155766,301.0274353,270.5927124,-0.2017408907,-28.82012558,0,0,0.9976298213,1.252763271,-0.005055265501,0.004427512176,1,1,0
chernobyl_rbmk_like,,119.5999985,0.001247788197,0.005588170141,300.911499,270.5746765,-0.2017406523,-28.82009315,0,0,0.9976269603,1.252767324,-0.005055346526,0.004422735889,1,1,0
chernobyl_rbmk_like,,119.6999969,0.001244363259,0.005580223631,300.795929,270.5566711,-0.2017404437,-28.82006264,0,0,0.9976240993,1.252771497,-0.00505542988,0.004417988472,1,1,0
chernobyl_rbmk_like,,119.7999954,0.001240947866,0.005572313908,300.6807556,270.5387573,-0.2017402053,-28.82002831,0,0,0.9976212382,1.25277555,-0.005055510905,0.004413268529,1,1,0
chernobyl_rbmk_like,,119.8999939,0.0012375433,0.005564442836,300.5659485,270.520874,-0.2017399967,-28.81999779,0,0,0.9976183772,1.252779722,-0.005055594258,0.004408577457,1,1,0
chernobyl_rbmk_like,,120,0.001234148978,0.005556609482,300.4515076,270.5030823,-0.2017397583,-28.81996536,0,0,0.9976155162,1.252783775,-0.005055675283,0.004403914325,1,1,0
