scenario,event,sim_time_s,n,thermal_power,Tf,Tc,rho,rho_dollars,rod_position,rod_target,I_norm,Xe_norm,rho_xe,decay_heat,plant_mode,scram_active,numerical_fault
chernobyl_modern_pwr,xenon_poisoned_low_power_initial,0,0.0625,0.0625,282.375,266.75,-9.313225746e-10,-1.330460719e-07,0.9374999404,0.9374999404,1,1.25,-0.004999999888,0.004124999978,0,0,0
chernobyl_modern_pwr,,0.09999999404,0.0625,0.0625,282.375,266.75,-7.729977369e-08,-1.104282455e-05,0.9374999404,0.9374999404,0.9999973178,1.250003815,-0.005000076257,0.004124999978,0,0,0
chernobyl_modern_pwr,,0.1999999881,0.06249930337,0.06249934807,282.375,266.75,-1.513399184e-07,-2.161998782e-05,0.9374999404,0.9374999404,0.9999946356,1.25000751,-0.005000150297,0.004124999978,0,0,0
chernobyl_modern_pwr,,0.2999999821,0.06249856204,0.06249865517,282.375,266.75,-2.272427082e-07,-3.246324195e-05,0.9374999404,0.9374999404,0.9999919534,1.250011325,-0.0050002262,0.004124999978,0,0,0
chernobyl_modern_pwr,,0.3999999762,0.06249792129,0.06249805912,282.375,266.75,-3.036111593e-07,-4.337302016e-05,0.9374999404,0.9374999404,0.9999892116,1.25001514,-0.005000302568,0.004124999046,0,0,0
chernobyl_modern_pwr,,0.5,0.06249717996,0.06249736622,282.375,266.75,-3.77651304e-07,-5.395018525e-05,0.9374999404,0.9374999404,0.9999865294,1.250018835,-0.005000376608,0.004124999046,0,0,0
chernobyl_modern_pwr,,0.5999999642,0.06249643117,0.06249666587,282.375,266.75,-4.540197551e-07,-6.485995982e-05,0.9374999404,0.9374999404,0.9999838471,1.25002265,-0.005000452977,0.004124998115,0,0,0
chernobyl_modern_pwr,,0.6999999881,0.06249558181,0.06249587238,282.375,266.75,-5.303882062e-07,-7.576974167e-05,0.9374999404,0.9374999404,0.9999811649,1.250026464,-0.005000529345,0.004124997184,0,0,0
chernobyl_modern_pwr,,0.7999999523,0.06249462441,0.06249497458,282.3749695,266.75,-6.030313671e-07,-8.614733815e-05,0.9374999404,0.9374999404,0.9999784827,1.25003016,-0.00500060292,0.004124996252,0,0,0
chernobyl_modern_pwr,,0.8999999762,0.06249377504,0.0624941811,282.3749695,266.75,-6.793998182e-07,-9.705711273e-05,0.9374999404,0.9374999404,0.9999758005,1.250033975,-0.005000679288,0.004124995321,0,0,0
chernobyl_modern_pwr,,1,0.06249291822,0.06249338016,282.3749695,266.75,-7.557682693e-07,-0.0001079668946,0.9374999404,0.9374999404,0.9999731183,1.250037789,-0.005000755657,0.00412499439,0,0,0
chernobyl_modern_pwr,,1.100000024,0.06249206886,0.06249258667,282.3749695,266.75,-8.29808414e-07,-0.000118544056,0.9374999404,0.9374999404,0.9999703765,1.250041485,-0.005000829697,0.004124992527,0,0,0
chernobyl_modern_pwr,,1.199999928,0.06249121949,0.06249179319,282.3749695,266.75,-9.061768651e-07,-0.0001294538379,0.9374999404,0.9374999404,0.9999676943,1.2500453,-0.005000906065,0.004124991596,0,0,0
chernobyl_modern_pwr,,1.299999952,0.06249037012,0.0624909997,282.374939,266.75,-9.816139936e-07,-0.0001402305643,0.9374999404,0.9374999404,0.9999650121,1.250049114,-0.005000981968,0.004124989733,0,0,0
chernobyl_modern_pwr,,1.399999976,0.06248951331,0.06249019504,282.374939,266.75,-1.055654138e-06,-0.0001508077257,0.9374999404,0.9374999404,0.9999623299,1.25005281,-0.005001056008,0.00412498787,0,0,0
chernobyl_modern_pwr,,1.5,0.06248834729,0.0624890998,282.374939,266.75,-1.132022589e-06,-0.0001617175149,0.9374999404,0.9374999404,0.9999596477,1.250056624,-0.005001132376,0.004124986008,0,0,0
chernobyl_modern_pwr,,1.599999905,0.06248738989,0.06248820573,282.3749084,266.75,-1.207459718e-06,-0.0001724942413,0.9374999404,0.9374999404,0.9999569654,1.250060439,-0.005001208745,0.004124984145,0,0,0
chernobyl_modern_pwr,,1.699999928,0.06248643249,0.06248730794,282.3749084,266.75,-1.281499863e-06,-0.0001830714027,0.9374999404,0.9374999404,0.9999542832,1.250064135,-0.005001282785,0.004124981351,0,0,0
chernobyl_modern_pwr,,1.799999952,0.06248547509,0.06248641387,282.3748779,266.75,-1.35647133e-06,-0.0001937816123,0.9374999404,0.9374999404,0.9999515414,1.250067949,-0.005001358688,0.004124979489,0,0,0
chernobyl_modern_pwr,,1.899999976,0.06248451769,0.06248551607,282.3748779,266.75,-1.432839781e-06,-0.0002046913869,0.9374999404,0.9374999404,0.9999488592,1.250071764,-0.005001435056,0.004124976695,0,0,0
chernobyl_modern_pwr,,2,0.06248356029,0.06248461828,282.3748474,266.75,-1.506414264e-06,-0.0002152020315,0.9374999404,0.9374999404,0.999946177,1.250075459,-0.005001509096,0.004124973901,0,0,0
chernobyl_modern_pwr,,2.099999905,0.06248260289,0.06248372048,282.3748474,266.75,-1.582782716e-06,-0.0002261118061,0.9374999404,0.9374999404,0.9999434948,1.250079274,-0.005001585465,0.004124971107,0,0,0
chernobyl_modern_pwr,,2.200000048,0.06248132139,0.06248252466,282.3748169,266.75,-1.658219844e-06,-0.0002368885471,0.9374999404,0.9374999404,0.9999408126,1.250083089,-0.005001661833,0.004124968313,0,0,0
chernobyl_modern_pwr,,2.299999952,0.06248025596,0.06248152629,282.3748169,266.75,-1.731794327e-06,-0.0002473991772,0.9374999404,0.9374999404,0.9999381304,1.250086784,-0.005001735408,0.004124964587,0,0,0
chernobyl_modern_pwr,,2.399999857,0.06247929856,0.06248062849,282.3747864,266.75,-1.807697117e-06,-0.0002582424495,0.9374999404,0.9374999404,0.9999354482,1.250090599,-0.005001811776,0.004124961328,0,0,0
chernobyl_modern_pwr,,2.5,0.06247824058,0.06247963756,282.3747864,266.75,-1.884065568e-06,-0.0002691522241,0.9374999404,0.9374999404,0.9999327064,1.250094414,-0.005001888145,0.004124958068,0,0,0
chernobyl_modern_pwr,,2.599999905,0.06247717515,0.06247863546,282.3747559,266.75,-1.957174391e-06,-0.0002795963374,0.9374999404,0.9374999404,0.9999300241,1.250098109,-0.005001962185,0.004124954343,0,0,0
chernobyl_modern_pwr,,2.700000048,0.06247610971,0.06247763708,282.3747253,266.75,-2.032611519e-06,-0.0002903730783,0.9374999404,0.9374999404,0.9999273419,1.250101924,-0.005002038553,0.004124950152,0,0,0
chernobyl_modern_pwr,,2.799999952,0.06247472763,0.06247634441,282.3746948,266.75,-2.108048648e-06,-0.0003011497902,0.9374999404,0.9374999404,0.9999246597,1.250105739,-0.005002114456,0.004124945961,0,0,0
chernobyl_modern_pwr,,2.899999857,0.0624736622,0.06247534603,282.3746948,266.75,-2.182088792e-06,-0.0003117269662,0.9374999404,0.9374999404,0.9999219775,1.250109434,-0.005002188496,0.00412494177,0,0,0
chernobyl_modern_pwr,,3,0.06247249618,0.06247425079,282.3746643,266.75,-2.257525921e-06,-0.0003225037071,0.9374999404,0.9374999404,0.9999192953,1.250113249,-0.005002264865,0.004124937579,0,0,0
chernobyl_modern_pwr,,3.099999905,0.06247143075,0.06247324869,282.3746338,266.75,-2.332963049e-06,-0.000333280419,0.9374999404,0.9374999404,0.9999166131,1.250117064,-0.005002341233,0.004124932922,0,0,0
chernobyl_modern_pwr,,3.199999809,0.06247025728,0.06247214973,282.3746033,266.7499695,-2.406071872e-06,-0.0003437245323,0.9374999404,0.9374999404,0.9999139309,1.250120759,-0.005002415273,0.004124928266,0,0,0
chernobyl_modern_pwr,,3.299999952,0.06246909127,0.06247105449,282.3745728,266.7499695,-2.481043339e-06,-0.0003544347419,0.9374999404,0.9374999404,0.9999111891,1.250124574,-0.005002491176,0.004124922678,0,0,0
chernobyl_modern_pwr,,3.399999857,0.0624679178,0.06246995181,282.3745422,266.7499695,-2.556480467e-06,-0.0003652114829,0.9374999404,0.9374999404,0.9999085069,1.250128388,-0.005002567545,0.004124918021,0,0,0
chernobyl_modern_pwr,,3.5,0.06246653944,0.06246866286,282.3745117,266.7499695,-2.630054951e-06,-0.0003757221275,0.9374999404,0.9374999404,0.9999058247,1.250132084,-0.005002641585,0.004124912433,0,0,0
chernobyl_modern_pwr,,3.599999905,0.0624653697,0.0624675639,282.3744812,266.7499695,-2.705492079e-06,-0.0003864988685,0.9374999404,0.9374999404,0.9999031425,1.250135899,-0.005002717953,0.004124906845,0,0,0
chernobyl_modern_pwr,,3.699999809,0.0624640882,0.06246636063,282.3744507,266.7499695,-2.781394869e-06,-0.0003973421117,0.9374999404,0.9374999404,0.9999004602,1.250139713,-0.005002794322,0.004124901257,0,0,0
chernobyl_modern_pwr,,3.799999952,0.06246292219,0.06246526539,282.3744202,266.7499695,-2.85403803e-06,-0.0004077196936,0.9374999404,0.9374999404,0.999897778,1.250143409,-0.005002867896,0.004124895204,0,0,0
chernobyl_modern_pwr,,3.899999857,0.06246164069,0.06246406585,282.3743896,266.7499695,-2.929475158e-06,-0.0004184964346,0.9374999404,0.9374999404,0.9998950958,1.250147223,-0.005002944265,0.00412488915,0,0,0
chernobyl_modern_pwr,,4,0.06246047467,0.06246296689,282.3743591,266.7499695,-3.005377948e-06,-0.0004293397069,0.9374999404,0.9374999404,0.999892354,1.250151038,-0.005003020633,0.004124883097,0,0,0
chernobyl_modern_pwr,,4.099999905,0.06245920062,0.06246177107,282.3743286,266.7499695,-3.07848677e-06,-0.0004397838202,0.9374999404,0.9374999404,0.9998896718,1.250154734,-0.005003094673,0.004124876577,0,0,0
chernobyl_modern_pwr,,4.199999809,0.06245791912,0.0624605678,282.3742981,266.7499695,-3.153923899e-06,-0.000450560532,0.9374999404,0.9374999404,0.9998869896,1.250158548,-0.005003171042,0.004124870058,0,0,0
chernobyl_modern_pwr,,4.299999714,0.062456429,0.06245917082,282.3742676,266.7499695,-3.229361027e-06,-0.000461337273,0.9374999404,0.9374999404,0.9998843074,1.250162363,-0.005003246944,0.004124863073,0,0,0
chernobyl_modern_pwr,,4.400000095,0.06245515496,0.062457975,282.3742065,266.7499695,-3.301538527e-06,-0.0004716483527,0.9374999404,0.9374999404,0.9998816252,1.250166059,-0.005003320985,0.004124856088,0,0,0
chernobyl_modern_pwr,,4.5,0.06245388091,0.06245677546,282.374176,266.7499695,-3.377441317e-06,-0.0004824915959,0.9374999404,0.9374999404,0.999878943,1.250169873,-0.005003397353,0.004124849103,0,0,0
chernobyl_modern_pwr,,4.599999905,0.06245249882,0.06245547906,282.3741455,266.7499695,-3.452878445e-06,-0.0004932683078,0.9374999404,0.9374999404,0.9998762608,1.250173688,-0.005003473721,0.004124841653,0,0,0
chernobyl_modern_pwr,,4.699999809,0.06245121732,0.06245427206,282.3740845,266.7499695,-3.525521606e-06,-0.0005036459188,0.9374999404,0.9374999404,0.9998735189,1.250177383,-0.005003547762,0.004124834202,0,0,0
chernobyl_modern_pwr,,4.799999714,0.06244993582,0.06245306879,282.374054,266.7499695,-3.600493073e-06,-0.0005143561284,0.9374999404,0.9374999404,0.9998708367,1.250181198,-0.005003623664,0.004124826286,0,0,0
chernobyl_modern_pwr,,4.900000095,0.06244856119,0.06245177239,282.3739929,266.7499695,-3.675464541e-06,-0.000525066338,0.9374999404,0.9374999404,0.9998681545,1.250185013,-0.005003700033,0.00412481837,0,0,0
chernobyl_modern_pwr,,5,0.06244717911,0.06245047599,282.3739624,266.7499695,-3.748573363e-06,-0.0005355104804,0.9374999404,0.9374999404,0.9998654723,1.250188708,-0.005003774073,0.004124810454,0,0,0
chernobyl_modern_pwr,,5.099999905,0.0624458231,0.06244920194,282.3739014,266.749939,-3.82354483e-06,-0.00054622069,0.9374999404,0.9374999404,0.9998627901,1.250192523,-0.005003850441,0.004124802072,0,0,0
chernobyl_modern_pwr,,5.199999809,0.06244428456,0.06244775653,282.3738708,266.749939,-3.898981959e-06,-0.000556997431,0.9374999404,0.9374999404,0.9998601079,1.250196338,-0.00500392681,0.00412479369,0,0,0
chernobyl_modern_pwr,,5.299999714,0.06244281679,0.06244637817,282.3738098,266.749939,-3.971159458e-06,-0.0005673084524,0.9374999404,0.9374999404,0.9998574257,1.250200033,-0.005004000384,0.004124784842,0,0,0
chernobyl_modern_pwr,,5.400000095,0.06244143471,0.06244507805,282.3737793,266.749939,-4.046596587e-06,-0.0005780851934,0.9374999404,0.9374999404,0.9998546839,1.250203848,-0.005004076753,0.004124775995,0,0,0
chernobyl_modern_pwr,,5.5,0.06244005263,0.06244377792,282.3737183,266.749939,-4.121568054e-06,-0.000588795403,0.9374999404,0.9374999404,0.9998520017,1.250207663,-0.005004153121,0.004124766681,0,0,0
chernobyl_modern_pwr,,5.599999905,0.06243867055,0.06244247779,282.3736572,266.749939,-4.194211215e-06,-0.0005991730141,0.9374999404,0.9374999404,0.9998493195,1.250211358,-0.005004227161,0.004124757834,0,0,0
chernobyl_modern_pwr,,5.699999809,0.06243718788,0.06244108453,282.3736267,266.749939,-4.269648343e-06,-0.000609949755,0.9374999404,0.9374999404,0.9998466372,1.250215173,-0.00500430353,0.004124748055,0,0,0
chernobyl_modern_pwr,,5.799999714,0.0624358058,0.06243978068,282.3735657,266.749939,-4.344154149e-06,-0.0006205934333,0.9374999404,0.9374999404,0.999843955,1.250218987,-0.005004379433,0.004124738742,0,0,0
chernobyl_modern_pwr,,5.899999619,0.06243431568,0.0624383837,282.3735046,266.749939,-4.41679731e-06,-0.0006309710443,0.9374999404,0.9374999404,0.9998412728,1.250222683,-0.005004453473,0.004124728963,0,0,0
chernobyl_modern_pwr,,6,0.06243292615,0.0624370724,282.3734436,266.749939,-4.491303116e-06,-0.0006416147226,0.9374999404,0.9374999404,0.9998385906,1.250226498,-0.005004529841,0.004124718718,0,0,0
chernobyl_modern_pwr,,6.099999905,0.06243122742,0.06243547425,282.3733826,266.749939,-4.566274583e-06,-0.0006523249322,0.9374999404,0.9374999404,0.9998359084,1.250230312,-0.00500460621,0.004124708474,0,0,0
chernobyl_modern_pwr,,6.199999809,0.06242974475,0.06243408099,282.3733215,266.7499084,-4.638452083e-06,-0.0006626360118,0.9374999404,0.9374999404,0.9998331666,1.250234008,-0.00500468025,0.004124697763,0,0,0
chernobyl_modern_pwr,,6.299999714,0.06242825463,0.06243267655,282.3732605,266.7499084,-4.712957889e-06,-0.0006732796901,0.9374999404,0.9374999404,0.9998304844,1.250237823,-0.005004756153,0.004124687053,0,0,0
chernobyl_modern_pwr,,6.399999619,0.06242676452,0.06243127212,282.3731995,266.7499084,-4.785135388e-06,-0.0006835907698,0.9374999404,0.9374999404,0.9998278022,1.250241518,-0.005004830193,0.004124676343,0,0,0
chernobyl_modern_pwr,,6.5,0.06242522225,0.06242982298,282.3731384,266.7499084,-4.860106856e-06,-0.0006943009794,0.9374999404,0.9374999404,0.99982512,1.250245333,-0.005004906561,0.004124665633,0,0,0
chernobyl_modern_pwr,,6.599999905,0.0624236837,0.06242837757,282.3730774,266.7499084,-4.935078323e-06,-0.000705011189,0.9374999404,0.9374999404,0.9998224378,1.250249147,-0.00500498293,0.004124654457,0,0,0
chernobyl_modern_pwr,,6.699999809,0.06242219359,0.06242696941,282.3730164,266.7499084,-5.007721484e-06,-0.0007153887418,0.9374999404,0.9374999404,0.9998197556,1.250252843,-0.00500505697,0.004124642815,0,0,0
chernobyl_modern_pwr,,6.799999714,0.06242060661,0.06242547929,282.3729553,266.7499084,-5.081761628e-06,-0.0007259659469,0.9374999404,0.9374999404,0.9998170733,1.250256658,-0.005005132873,0.004124631174,0,0,0
chernobyl_modern_pwr,,6.899999619,0.06241911277,0.06242407113,282.3728943,266.7499084,-5.156733096e-06,-0.0007366761565,0.9374999404,0.9374999404,0.9998143315,1.250260472,-0.005005209241,0.004124619067,0,0,0
chernobyl_modern_pwr,,7,0.06241741776,0.06242247671,282.3728027,266.7498779,-5.227979273e-06,-0.0007468541735,0.9374999404,0.9374999404,0.9998116493,1.250264168,-0.005005283281,0.004124607425,0,0,0
chernobyl_modern_pwr,,7.099999905,0.06241592392,0.06242107227,282.3727417,266.7498779,-5.30295074e-06,-0.0007575643831,0.9374999404,0.9374999404,0.9998089671,1.250267982,-0.00500535965,0.004124595318,0,0,0
chernobyl_modern_pwr,,7.199999809,0.06241422519,0.0624194704,282.3726807,266.7498779,-5.377456546e-06,-0.0007682080613,0.9374999404,0.9374999404,0.9998062849,1.250271797,-0.005005436018,0.004124582745,0,0,0
chernobyl_modern_pwr,,7.299999714,0.06241262704,0.06241796538,282.3725891,266.7498779,-5.449168384e-06,-0.0007784526097,0.9374999404,0.9374999404,0.9998036027,1.250275493,-0.005005509593,0.004124569707,0,0,0
chernobyl_modern_pwr,,7.399999619,0.06241102889,0.06241645664,282.3725281,266.7498779,-5.52367419e-06,-0.0007890962879,0.9374999404,0.9374999404,0.9998009205,1.250279307,-0.005005585961,0.004124557134,0,0,0
chernobyl_modern_pwr,,7.5,0.06240934879,0.06241487712,282.3724365,266.7498779,-5.597714335e-06,-0.0007996734348,0.9374999404,0.9374999404,0.9997982383,1.250283122,-0.005005662329,0.004124544095,0,0,0
chernobyl_modern_pwr,,7.599999905,0.06240773946,0.06241336092,282.3723755,266.7498474,-5.670357496e-06,-0.0008100510458,0.9374999404,0.9374999404,0.9997954965,1.250286818,-0.00500573637,0.004124531057,0,0,0
chernobyl_modern_pwr,,7.699999809,0.06240614131,0.06241185591,282.3722839,266.7498474,-5.74439764e-06,-0.0008206281927,0.9374999404,0.9374999404,0.9997928143,1.250290632,-0.005005812738,0.004124517553,0,0,0
chernobyl_modern_pwr,,7.799999714,0.06240455061,0.06241035461,282.3722229,266.7498474,-5.818903446e-06,-0.000831271871,0.9374999404,0.9374999404,0.999790132,1.250294447,-0.005005888641,0.004124503583,0,0,0
chernobyl_modern_pwr,,7.899999619,0.06240285188,0.06240875274,282.3721313,266.7498474,-5.890615284e-06,-0.0008415164193,0.9374999404,0.9374999404,0.9997874498,1.250298142,-0.005005962681,0.004124490079,0,0,0
chernobyl_modern_pwr,,8,0.06240125373,0.06240724772,282.3720398,266.7498474,-5.964655429e-06,-0.0008520936244,0.9374999404,0.9374999404,0.9997847676,1.250301957,-0.005006039049,0.004124476109,0,0,0
chernobyl_modern_pwr,,8.099999428,0.062399555,0.06240564957,282.3719788,266.7498474,-6.039626896e-06,-0.000862803834,0.9374999404,0.9374999404,0.9997820854,1.250305772,-0.005006115418,0.004124461673,0,0,0
chernobyl_modern_pwr,,8.199999809,0.06239785627,0.0624040477,282.3718872,266.7498169,-6.110873073e-06,-0.000872981851,0.9374999404,0.9374999404,0.9997794032,1.250309467,-0.005006189458,0.004124447238,0,0,0
chernobyl_modern_pwr,,8.300000191,0.06239594519,0.06240224838,282.3717957,266.7498169,-6.184447557e-06,-0.0008834924665,0.9374999404,0.9374999404,0.999776721,1.250313282,-0.005006265361,0.004124432802,0,0,0
chernobyl_modern_pwr,,8.399999619,0.06239427626,0.06240067258,282.3717041,266.7498169,-6.258487701e-06,-0.0008940696716,0.9374999404,0.9374999404,0.9997739792,1.250317097,-0.005006341729,0.004124417435,0,0,0
chernobyl_modern_pwr,,8.5,0.06239257753,0.06239907071,282.3716125,266.7498169,-6.33019954e-06,-0.00090431422,0.9374999404,0.9374999404,0.999771297,1.250320792,-0.005006415769,0.004124402534,0,0,0
chernobyl_modern_pwr,,8.599999428,0.06239083782,0.06239743158,282.3715515,266.7498169,-6.405171007e-06,-0.0009150244296,0.9374999404,0.9374999404,0.9997686148,1.250324607,-0.005006492138,0.004124387167,0,0,0
chernobyl_modern_pwr,,8.699999809,0.06238913909,0.06239582971,282.37146,266.7497864,-6.47874549e-06,-0.0009255350451,0.9374999404,0.9374999404,0.9997659326,1.250328422,-0.005006568506,0.004124371801,0,0,0
chernobyl_modern_pwr,,8.800000191,0.06238744035,0.06239422411,282.3713684,266.7497864,-6.549991667e-06,-0.0009357130621,0.9374999404,0.9374999404,0.9997632504,1.250332117,-0.005006642081,0.004124355968,0,0,0
chernobyl_modern_pwr,,8.899999619,0.06238574162,0.06239262223,282.3712769,266.7497864,-6.624031812e-06,-0.000946290209,0.9374999404,0.9374999404,0.9997605681,1.250335932,-0.005006718449,0.004124340136,0,0,0
chernobyl_modern_pwr,,9,0.06238393486,0.06239091977,282.3711548,266.7497864,-6.697606295e-06,-0.0009568008827,0.9374999404,0.9374999404,0.9997578859,1.250339746,-0.005006794818,0.004124323837,0,0,0
chernobyl_modern_pwr,,9.099999428,0.06238222867,0.06238931417,282.3710632,266.7497864,-6.769318134e-06,-0.000967045431,0.9374999404,0.9374999404,0.9997551441,1.250343442,-0.005006868858,0.004124308005,0,0,0
chernobyl_modern_pwr,,9.199999809,0.06238042191,0.06238760799,282.3709717,266.7497559,-6.843358278e-06,-0.0009776225779,0.9374999404,0.9374999404,0.9997524619,1.250347257,-0.005006945226,0.004124291241,0,0,0
chernobyl_modern_pwr,,9.300000191,0.06237872317,0.06238600612,282.3708801,266.7497559,-6.916932762e-06,-0.0009881332517,0.9374999404,0.9374999404,0.9997497797,1.250351071,-0.005007021129,0.004124274477,0,0,0
chernobyl_modern_pwr,,9.399999619,0.06237691641,0.06238429993,282.3707886,266.7497559,-6.9886446e-06,-0.0009983778,0.9374999404,0.9374999404,0.9997470975,1.250354767,-0.005007095169,0.004124257714,0,0,0
chernobyl_modern_pwr,,9.5,0.06237510964,0.06238259375,282.3706665,266.7497559,-7.061753422e-06,-0.001008821884,0.9374999404,0.9374999404,0.9997444153,1.250358582,-0.005007171538,0.004124240484,0,0,0
chernobyl_modern_pwr,,9.599999428,0.06237330288,0.06238089129,282.370575,266.7497253,-7.132999599e-06,-0.001018999959,0.9374999404,0.9374999404,0.9997417331,1.250362277,-0.005007245578,0.004124223255,0,0,0
chernobyl_modern_pwr,,9.699999809,0.06237150356,0.06237919256,282.3704834,266.7497253,-7.207505405e-06,-0.001029643579,0.9374999404,0.9374999404,0.9997390509,1.250366092,-0.005007321946,0.004124205559,0,0,0
chernobyl_modern_pwr,,9.800000191,0.06236959249,0.0623773858,282.3703613,266.7497253,-7.280148566e-06,-0.00104002119,0.9374999404,0.9374999404,0.9997363687,1.250369906,-0.005007397849,0.004124187864,0,0,0
chernobyl_modern_pwr,,9.899999619,0.06236767396,0.0623755753,282.3702698,266.7497253,-7.351860404e-06,-0.001050265739,0.9374999404,0.9374999404,0.9997336268,1.250373602,-0.005007471889,0.004124170169,0,0,0
chernobyl_modern_pwr,,10,0.0623658672,0.06237386912,282.3701477,266.7496948,-7.424503565e-06,-0.00106064335,0.9374999404,0.9374999404,0.9997309446,1.250377417,-0.005007548258,0.004124151543,0,0,0
chernobyl_modern_pwr,,10.09999943,0.06236397848,0.06237209216,282.3700562,266.7496948,-7.499009371e-06,-0.00107128697,0.9374999404,0.9374999404,0.9997282624,1.250381231,-0.005007624626,0.004124133382,0,0,0
chernobyl_modern_pwr,,10.19999981,0.06236215308,0.06237036735,282.3699341,266.7496948,-7.569324225e-06,-0.001081331982,0.9374999404,0.9374999404,0.9997255802,1.250384927,-0.005007698201,0.004124114756,0,0,0
chernobyl_modern_pwr,,10.30000019,0.06236033887,0.06236865371,282.369812,266.7496948,-7.642433047e-06,-0.001091776066,0.9374999404,0.9374999404,0.999722898,1.250388741,-0.005007774569,0.004124096129,0,0,0
chernobyl_modern_pwr,,10.39999962,0.06235843152,0.06236685067,282.3697205,266.7496643,-7.716938853e-06,-0.001102419803,0.9374999404,0.9374999404,0.9997202158,1.250392556,-0.005007850938,0.004124077037,0,0,0
chernobyl_modern_pwr,,10.5,0.06235652044,0.06236504763,282.3695984,266.7496643,-7.787719369e-06,-0.001112531289,0.9374999404,0.9374999404,0.9997175336,1.250396252,-0.005007924978,0.004124057945,0,0,0
chernobyl_modern_pwr,,10.59999943,0.0623547174,0.06236334518,282.3694763,266.7496643,-7.860828191e-06,-0.001122975373,0.9374999404,0.9374999404,0.9997147918,1.250400066,-0.005008001346,0.004124038387,0,0,0
chernobyl_modern_pwr,,10.69999981,0.0623528026,0.06236153841,282.3693542,266.7496643,-7.934402674e-06,-0.001133486046,0.9374999404,0.9374999404,0.9997121096,1.250403881,-0.005008077715,0.004124018829,0,0,0
chernobyl_modern_pwr,,10.80000019,0.06235088781,0.06235972792,282.3692322,266.7496338,-8.004251868e-06,-0.001143464469,0.9374999404,0.9374999404,0.9997094274,1.250407577,-0.005008151289,0.004123998806,0,0,0
chernobyl_modern_pwr,,10.89999962,0.06234898046,0.0623579286,282.3691406,266.7496338,-8.078292012e-06,-0.001154041733,0.9374999404,0.9374999404,0.9997067451,1.250411391,-0.005008227658,0.004123978782,0,0,0
chernobyl_modern_pwr,,11,0.06234706566,0.06235611811,282.3690186,266.7496338,-8.151866496e-06,-0.00116455229,0.9374999404,0.9374999404,0.9997040629,1.250415206,-0.005008304026,0.004123958759,0,0,0
chernobyl_modern_pwr,,11.09999943,0.06234515086,0.06235430762,282.3688965,266.7496033,-8.22218135e-06,-0.001174597302,0.9374999404,0.9374999404,0.9997013807,1.250418901,-0.005008378066,0.00412393827,0,0,0
chernobyl_modern_pwr,,11.19999981,0.06234324351,0.06235250831,282.3687439,266.7496033,-8.294824511e-06,-0.001184974913,0.9374999404,0.9374999404,0.9996986985,1.250422716,-0.005008454435,0.004123917781,0,0,0
chernobyl_modern_pwr,,11.30000019,0.06234132871,0.06235069782,282.3686218,266.7496033,-8.367933333e-06,-0.001195418998,0.9374999404,0.9374999404,0.9996960163,1.250426531,-0.005008530337,0.004123896826,0,0,0
chernobyl_modern_pwr,,11.39999962,0.0623393245,0.06234880537,282.3684998,266.7495728,-8.438713849e-06,-0.001205530483,0.9374999404,0.9374999404,0.9996932745,1.250430226,-0.005008604378,0.004123875871,0,0,0
chernobyl_modern_pwr,,11.5,0.06233739853,0.06234698743,282.3683777,266.7495728,-8.511822671e-06,-0.001215974684,0.9374999404,0.9374999404,0.9996905923,1.250434041,-0.005008680746,0.004123854451,0,0,0
chernobyl_modern_pwr,,11.59999943,0.06233547628,0.06234516948,282.3682556,266.7495728,-8.585397154e-06,-0.001226485241,0.9374999404,0.9374999404,0.9996879101,1.250437856,-0.005008757114,0.00412383303,0,0,0
chernobyl_modern_pwr,,11.69999981,0.06233346835,0.06234326959,282.3681335,266.7495728,-8.655712008e-06,-0.001236530254,0.9374999404,0.9374999404,0.9996852279,1.250441551,-0.005008830689,0.00412381161,0,0,0
chernobyl_modern_pwr,,11.79999924,0.0623315461,0.06234145164,282.367981,266.7495422,-8.727889508e-06,-0.001246841275,0.9374999404,0.9374999404,0.9996825457,1.250445366,-0.005008907057,0.004123789724,0,0,0
chernobyl_modern_pwr,,11.89999962,0.06232953817,0.06233955547,282.3678589,266.7495422,-8.799135685e-06,-0.00125701935,0.9374999404,0.9374999404,0.9996798635,1.250449061,-0.005008981097,0.004123767372,0,0,0
chernobyl_modern_pwr,,12,0.06232752278,0.06233765185,282.3677063,266.7495422,-8.871313184e-06,-0.001267330372,0.9374999404,0.9374999404,0.9996771812,1.250452876,-0.005009057466,0.004123745486,0,0,0
chernobyl_modern_pwr,,12.09999943,0.06232549995,0.06233574077,282.3675842,266.7495117,-8.944887668e-06,-0.001277841046,0.9374999404,0.9374999404,0.9996744394,1.250456691,-0.005009133834,0.004123722669,0,0,0
chernobyl_modern_pwr,,12.19999981,0.062323533,0.06233387813,282.3674316,266.7495117,-9.014736861e-06,-0.001287819468,0.9374999404,0.9374999404,0.9996717572,1.250460386,-0.005009207409,0.004123699851,0,0,0
chernobyl_modern_pwr,,12.29999924,0.06232155487,0.06233200803,282.3673096,266.7494812,-9.087380022e-06,-0.001298197079,0.9374999404,0.9374999404,0.999669075,1.250464201,-0.005009283777,0.004123677034,0,0,0
chernobyl_modern_pwr,,12.39999962,0.06231952459,0.06233008951,282.367157,266.7494812,-9.160023183e-06,-0.00130857469,0.9374999404,0.9374999404,0.9996663928,1.250468016,-0.005009360146,0.004123654217,0,0,0
chernobyl_modern_pwr,,12.5,0.06231743097,0.06232811511,282.3670349,266.7494812,-9.230803698e-06,-0.001318686176,0.9374999404,0.9374999404,0.9996637106,1.250471711,-0.005009434186,0.004123630933,0,0,0
chernobyl_modern_pwr,,12.59999943,0.06231541559,0.06232620403,282.3668823,266.7494507,-9.302981198e-06,-0.001328997314,0.9374999404,0.9374999404,0.9996610284,1.250475526,-0.005009510554,0.004123607185,0,0,0
chernobyl_modern_pwr,,12.69999981,0.06231339276,0.06232429296,282.3667297,266.7494507,-9.375624359e-06,-0.001339374925,0.9374999404,0.9374999404,0.9996583462,1.250479341,-0.005009586923,0.004123583436,0,0,0
chernobyl_modern_pwr,,12.79999924,0.06231137738,0.06232238561,282.3665771,266.7494507,-9.445473552e-06,-0.001349353348,0.9374999404,0.9374999404,0.9996556044,1.250483036,-0.005009660497,0.004123559222,0,0,0
chernobyl_modern_pwr,,12.89999962,0.06230925396,0.06232037768,282.3664551,266.7494202,-9.518582374e-06,-0.001359797432,0.9374999404,0.9374999404,0.9996529222,1.250486851,-0.005009736866,0.004123535007,0,0,0
chernobyl_modern_pwr,,13,0.06230723858,0.06231847405,282.3663025,266.7494202,-9.591225535e-06,-0.001370175043,0.9374999404,0.9374999404,0.9996502399,1.250490665,-0.005009813234,0.004123510793,0,0,0
chernobyl_modern_pwr,,13.09999943,0.06230511516,0.06231646612,282.3661499,266.7494202,-9.661540389e-06,-0.001380220056,0.9374999404,0.9374999404,0.9996475577,1.250494361,-0.005009887274,0.004123486113,0,0,0
chernobyl_modern_pwr,,13.19999981,0.06230309233,0.06231455132,282.3659973,266.7493896,-9.733252227e-06,-0.001390464604,0.9374999404,0.9374999404,0.9996448755,1.250498176,-0.005009963177,0.004123461433,0,0,0
chernobyl_modern_pwr,,13.29999924,0.06230096892,0.06231254339,282.3658447,266.7493896,-9.805429727e-06,-0.001400775625,0.9374999404,0.9374999404,0.9996421933,1.25050199,-0.005010039546,0.004123436753,0,0,0
chernobyl_modern_pwr,,13.39999962,0.0622988455,0.06231053546,282.3656921,266.7493591,-9.87527892e-06,-0.001410754048,0.9374999404,0.9374999404,0.9996395111,1.250505686,-0.005010113586,0.004123411607,0,0,0
chernobyl_modern_pwr,,13.5,0.06229676306,0.06230856478,282.3655396,266.7493591,-9.947922081e-06,-0.001421131659,0.9374999404,0.9374999404,0.9996368289,1.250509501,-0.005010189954,0.004123385996,0,0,0
chernobyl_modern_pwr,,13.59999943,0.0622947067,0.06230661646,282.365387,266.7493591,-1.002056524e-05,-0.00143150927,0.9374999404,0.9374999404,0.9996340871,1.250513315,-0.005010266323,0.004123360384,0,0,0
chernobyl_modern_pwr,,13.69999981,0.06229258329,0.06230460852,282.3652039,266.7493286,-1.008948311e-05,-0.001441354631,0.9374999404,0.9374999404,0.9996314049,1.250517011,-0.005010339897,0.004123334773,0,0,0
chernobyl_modern_pwr,,13.79999924,0.06229043007,0.06230257079,282.3650513,266.7493286,-1.016212627e-05,-0.001451732242,0.9374999404,0.9374999404,0.9996287227,1.250520825,-0.005010416266,0.004123308696,0,0,0
chernobyl_modern_pwr,,13.89999962,0.06228829175,0.06230054796,282.3648987,266.7492981,-1.023197547e-05,-0.001461710781,0.9374999404,0.9374999404,0.9996260405,1.250524521,-0.005010490306,0.004123282619,0,0,0
chernobyl_modern_pwr,,14,0.06228610501,0.06229848042,282.3647461,266.7492981,-1.030415297e-05,-0.001472021802,0.9374999404,0.9374999404,0.9996233582,1.250528336,-0.005010566674,0.004123256542,0,0,0
chernobyl_modern_pwr,,14.09999943,0.06228398159,0.06229646876,282.364563,266.7492676,-1.03758648e-05,-0.001482266351,0.9374999404,0.9374999404,0.999620676,1.25053215,-0.005010643043,0.004123229533,0,0,0
chernobyl_modern_pwr,,14.19999981,0.06228185818,0.06229446083,282.3644104,266.7492676,-1.044524834e-05,-0.0014921783,0.9374999404,0.9374999404,0.9996179938,1.250535846,-0.005010716617,0.004123202991,0,0,0
chernobyl_modern_pwr,,14.29999924,0.06227969006,0.0622924082,282.3642273,266.7492676,-1.051742584e-05,-0.001502489322,0.9374999404,0.9374999404,0.999615252,1.25053966,-0.005010792986,0.004123175982,0,0,0
chernobyl_modern_pwr,,14.39999962,0.06227750331,0.06229033694,282.3640747,266.7492371,-1.058960333e-05,-0.00151280046,0.9374999404,0.9374999404,0.9996125698,1.250543475,-0.005010869354,0.004123148508,0,0,0
chernobyl_modern_pwr,,14.5,0.0622753799,0.06228832901,282.3638916,266.7492371,-1.065945253e-05,-0.001522778883,0.9374999404,0.9374999404,0.9996098876,1.250547171,-0.005010943394,0.0041231215,0,0,0
chernobyl_modern_pwr,,14.59999943,0.0622731559,0.06228622049,282.363739,266.7492065,-1.073116437e-05,-0.001533023431,0.9374999404,0.9374999404,0.9996072054,1.250550985,-0.005011019763,0.00412309356,0,0,0
chernobyl_modern_pwr,,14.69999981,0.06227096543,0.06228414923,282.3635559,266.7492065,-1.08028762e-05,-0.001543267979,0.9374999404,0.9374999404,0.9996045232,1.2505548,-0.005011095665,0.004123065621,0,0,0
chernobyl_modern_pwr,,14.79999924,0.06226880103,0.06228210032,282.3633728,266.749176,-1.087179407e-05,-0.001553113339,0.9374999404,0.9374999404,0.999601841,1.250558496,-0.005011169706,0.004123037681,0,0,0
chernobyl_modern_pwr,,14.89999962,0.06226656958,0.06227998808,282.3631897,266.749176,-1.094350591e-05,-0.001563357888,0.9374999404,0.9374999404,0.9995991588,1.25056231,-0.005011246074,0.004123009741,0,0,0
chernobyl_modern_pwr,,15,0.06226434559,0.06227787957,282.3630371,266.7491455,-1.101614907e-05,-0.001573735499,0.9374999404,0.9374999404,0.9995964766,1.250566125,-0.005011322442,0.00412298087,0,0,0
chernobyl_modern_pwr,,15.09999943,0.06226211414,0.06227576733,282.362854,266.7491455,-1.108553261e-05,-0.001583647449,0.9374999404,0.9374999404,0.9995937347,1.25056982,-0.005011396483,0.004122951999,0,0,0
chernobyl_modern_pwr,,15.19999981,0.06225988269,0.06227365509,282.3626709,266.749115,-1.115631312e-05,-0.001593758934,0.9374999404,0.9374999404,0.9995910525,1.250573635,-0.005011472385,0.004122923594,0,0,0
chernobyl_modern_pwr,,15.29999924,0.06225765124,0.06227154285,282.3624878,266.749115,-1.122802496e-05,-0.001604003482,0.9374999404,0.9374999404,0.9995883703,1.25057745,-0.005011548754,0.004122894257,0,0,0
chernobyl_modern_pwr,,15.39999962,0.06225542724,0.06226943433,282.3623047,266.7490845,-1.129694283e-05,-0.001613848959,0.9374999404,0.9374999404,0.9995856881,1.250581145,-0.005011622794,0.004122864921,0,0,0
chernobyl_modern_pwr,,15.5,0.06225319579,0.06226732209,282.3621216,266.7490845,-1.136912033e-05,-0.001624159981,0.9374999404,0.9374999404,0.9995830059,1.25058496,-0.005011699162,0.004122835584,0,0,0
chernobyl_modern_pwr,,15.59999943,0.06225096434,0.06226520613,282.3619385,266.749054,-1.143850386e-05,-0.00163407193,0.9374999404,0.9374999404,0.9995803237,1.250588655,-0.005011773203,0.004122805782,0,0,0
chernobyl_modern_pwr,,15.69999981,0.06224863231,0.06226299703,282.3617554,266.749054,-1.150975004e-05,-0.001644250005,0.9374999404,0.9374999404,0.9995776415,1.25059247,-0.005011849105,0.004122775979,0,0,0
chernobyl_modern_pwr,,15.79999924,0.06224640086,0.06226088479,282.3615417,266.7490234,-1.158006489e-05,-0.001654294902,0.9374999404,0.9374999404,0.9995748997,1.250596285,-0.005011925474,0.004122746177,0,0,0
chernobyl_modern_pwr,,15.89999962,0.06224415451,0.06225875765,282.3613586,266.7490234,-1.164991409e-05,-0.001664273441,0.9374999404,0.9374999404,0.9995722175,1.25059998,-0.005011999514,0.004122715443,0,0,0
chernobyl_modern_pwr,,16,0.06224183738,0.06225656345,282.3611755,266.7489929,-1.172116026e-05,-0.0016744514,0.9374999404,0.9374999404,0.9995695353,1.250603795,-0.005012075882,0.004122685175,0,0,0
chernobyl_modern_pwr,,16.10000038,0.06223956123,0.06225440651,282.3609924,266.7489929,-1.17928721e-05,-0.001684695948,0.9374999404,0.9374999404,0.999566853,1.25060761,-0.005012152251,0.004122654442,0,0,0
chernobyl_modern_pwr,,16.19999886,0.0622372739,0.06225223839,282.3607788,266.7489624,-1.186132431e-05,-0.001694474835,0.9374999404,0.9374999404,0.9995641708,1.250611305,-0.005012225825,0.004122623708,0,0,0
chernobyl_modern_pwr,,16.29999924,0.06223494187,0.0622500293,282.3605957,266.7489624,-1.193303615e-05,-0.001704719383,0.9374999404,0.9374999404,0.9995614886,1.25061512,-0.005012302194,0.004122592509,0,0,0
chernobyl_modern_pwr,,16.39999962,0.06223260239,0.06224781275,282.3603821,266.7489319,-1.2003351e-05,-0.001714764396,0.9374999404,0.9374999404,0.9995588064,1.250618935,-0.005012378562,0.004122561309,0,0,0
chernobyl_modern_pwr,,16.5,0.06223034859,0.06224567443,282.360199,266.7489319,-1.207273453e-05,-0.001724676345,0.9374999404,0.9374999404,0.9995561242,1.25062263,-0.005012452602,0.004122529645,0,0,0
chernobyl_modern_pwr,,16.60000038,0.06222824752,0.06224368513,282.3599854,266.7489014,-1.214351505e-05,-0.001734787831,0.9374999404,0.9374999404,0.9995533824,1.250626445,-0.005012528971,0.00412249798,0,0,0
chernobyl_modern_pwr,,16.69999886,0.06222591549,0.0622414723,282.3598022,266.7489014,-1.221476123e-05,-0.00174496579,0.9374999404,0.9374999404,0.9995507002,1.25063026,-0.005012604874,0.004122466315,0,0,0
chernobyl_modern_pwr,,16.79999924,0.06222358346,0.06223925948,282.3595886,266.7488708,-1.22836791e-05,-0.001754811266,0.9374999404,0.9374999404,0.999548018,1.250633955,-0.005012678914,0.004122434184,0,0,0
chernobyl_modern_pwr,,16.89999962,0.06222125143,0.06223705411,282.359375,266.7488708,-1.235445961e-05,-0.001764922752,0.9374999404,0.9374999404,0.9995453358,1.25063777,-0.005012755282,0.004122401588,0,0,0
chernobyl_modern_pwr,,17,0.0622189045,0.06223482639,282.3591919,266.7488403,-1.242570579e-05,-0.001775100827,0.9374999404,0.9374999404,0.9995426536,1.250641584,-0.005012831651,0.004122368991,0,0,0
chernobyl_modern_pwr,,17.10000038,0.06221653521,0.06223258004,282.3589783,266.7488098,-1.2494158e-05,-0.001784879714,0.9374999404,0.9374999404,0.9995399714,1.25064528,-0.005012905691,0.004122336395,0,0,0
chernobyl_modern_pwr,,17.19999886,0.06221413985,0.06223031133,282.3587646,266.7488098,-1.256447285e-05,-0.00179492461,0.9374999404,0.9374999404,0.9995372891,1.250649095,-0.005012981594,0.004122303799,0,0,0
chernobyl_modern_pwr,,17.29999924,0.06221180782,0.06222810224,282.358551,266.7487793,-1.263339072e-05,-0.001804770087,0.9374999404,0.9374999404,0.9995346069,1.25065279,-0.005013055634,0.004122270737,0,0,0
chernobyl_modern_pwr,,17.39999962,0.06220943108,0.06222584844,282.3583374,266.7487793,-1.270417124e-05,-0.001814881572,0.9374999404,0.9374999404,0.9995318651,1.250656605,-0.005013132002,0.004122237209,0,0,0
chernobyl_modern_pwr,,17.5,0.06220702827,0.06222357228,282.3581238,266.7487488,-1.277495176e-05,-0.001824993058,0.9374999404,0.9374999404,0.9995291829,1.250660419,-0.005013208371,0.004122203682,0,0,0
chernobyl_modern_pwr,,17.60000038,0.06220469624,0.06222135946,282.3579102,266.7487488,-1.284340397e-05,-0.001834771945,0.9374999404,0.9374999404,0.9995265007,1.250664115,-0.005013282411,0.004122170154,0,0,0
chernobyl_modern_pwr,,17.69999886,0.06220225617,0.06221904606,282.3576965,266.7487183,-1.291371882e-05,-0.001844816958,0.9374999404,0.9374999404,0.9995238185,1.25066793,-0.005013358314,0.004122136161,0,0,0
chernobyl_modern_pwr,,17.79999924,0.06219984964,0.06221676245,282.3574829,266.7486877,-1.2984965e-05,-0.001854994916,0.9374999404,0.9374999404,0.9995211363,1.250671744,-0.005013434682,0.004122102167,0,0,0
chernobyl_modern_pwr,,17.89999962,0.06219748408,0.06221451983,282.3572693,266.7486877,-1.305341721e-05,-0.001864773803,0.9374999404,0.9374999404,0.9995184541,1.25067544,-0.005013508722,0.004122067709,0,0,0
chernobyl_modern_pwr,,18,0.06219503656,0.06221219897,282.3570251,266.7486572,-1.31232664e-05,-0.001874752343,0.9374999404,0.9374999404,0.9995157719,1.250679255,-0.005013585091,0.00412203325,0,0,0
chernobyl_modern_pwr,,18.10000038,0.0621925965,0.06220988557,282.3568115,266.7486572,-1.319451258e-05,-0.001884930301,0.9374999404,0.9374999404,0.9995130301,1.250683069,-0.005013661459,0.004121998791,0,0,0
chernobyl_modern_pwr,,18.19999886,0.0621903725,0.06220777333,282.3565979,266.7486267,-1.326249912e-05,-0.001894642715,0.9374999404,0.9374999404,0.9995103478,1.250686765,-0.005013735034,0.004121963866,0,0,0
chernobyl_modern_pwr,,18.29999924,0.06218798831,0.06220551208,282.3563538,266.7485962,-1.333234832e-05,-0.001904621138,0.9374999404,0.9374999404,0.9995076656,1.250690579,-0.005013811402,0.004121928941,0,0,0
chernobyl_modern_pwr,,18.39999962,0.0621855408,0.0622031875,282.3561401,266.7485962,-1.340312883e-05,-0.001914732624,0.9374999404,0.9374999404,0.9995049834,1.250694394,-0.00501388777,0.004121893551,0,0,0
chernobyl_modern_pwr,,18.5,0.06218312308,0.06220089644,282.355896,266.7485657,-1.347064972e-05,-0.001924378448,0.9374999404,0.9374999404,0.9995023012,1.25069809,-0.005013961811,0.004121857695,0,0,0
chernobyl_modern_pwr,,18.60000038,0.06218064576,0.06219854578,282.3556824,266.7485352,-1.35418959e-05,-0.001934556523,0.9374999404,0.9374999404,0.999499619,1.250701904,-0.005014038179,0.004121822305,0,0,0
chernobyl_modern_pwr,,18.69999886,0.06217817217,0.06219620258,282.3554382,266.7485352,-1.360941678e-05,-0.001944202348,0.9374999404,0.9374999404,0.9994969368,1.2507056,-0.005014111754,0.004121786449,0,0,0
chernobyl_modern_pwr,,18.79999924,0.06217573211,0.06219388545,282.3552246,266.7485046,-1.367973164e-05,-0.001954247244,0.9374999404,0.9374999404,0.9994942546,1.250709414,-0.005014188122,0.004121750593,0,0,0
chernobyl_modern_pwr,,18.89999962,0.06217329204,0.06219156832,282.3549805,266.7484741,-1.374958083e-05,-0.001964225667,0.9374999404,0.9374999404,0.9994915128,1.250713229,-0.00501426449,0.004121713806,0,0,0
chernobyl_modern_pwr,,19,0.06217080727,0.06218921021,282.3547363,266.7484741,-1.381756738e-05,-0.001973938197,0.9374999404,0.9374999404,0.9994888306,1.250716925,-0.005014338531,0.004121677484,0,0,0
chernobyl_modern_pwr,,19.10000038,0.06216830388,0.0621868372,282.3545227,266.7484436,-1.388881356e-05,-0.001984116156,0.9374999404,0.9374999404,0.9994861484,1.250720739,-0.005014414899,0.004121640697,0,0,0
chernobyl_modern_pwr,,19.19999886,0.06216586381,0.06218452379,282.3542786,266.7484131,-1.395819709e-05,-0.001994027989,0.9374999404,0.9374999404,0.9994834661,1.250724554,-0.005014490802,0.004121604376,0,0,0
chernobyl_modern_pwr,,19.29999924,0.06216353178,0.06218230724,282.3540344,266.7484131,-1.402571797e-05,-0.00200367393,0.9374999404,0.9374999404,0.9994807839,1.25072825,-0.005014564842,0.004121567123,0,0,0
chernobyl_modern_pwr,,19.39999962,0.06216106191,0.06217996404,282.3537903,266.7483826,-1.409556717e-05,-0.002013652353,0.9374999404,0.9374999404,0.9994781017,1.250732064,-0.00501464121,0.00412152987,0,0,0
chernobyl_modern_pwr,,19.5,0.06215854362,0.0621775724,282.3535461,266.7483521,-1.416588202e-05,-0.002023697365,0.9374999404,0.9374999404,0.9994754195,1.250735879,-0.005014717579,0.004121492617,0,0,0
chernobyl_modern_pwr,,19.60000038,0.06215599552,0.06217515841,282.353302,266.7483521,-1.423340291e-05,-0.002033343306,0.9374999404,0.9374999404,0.9994726777,1.250739574,-0.005014791153,0.004121454898,0,0,0
chernobyl_modern_pwr,,19.69999886,0.06215355545,0.06217283756,282.3530579,266.7483215,-1.43032521e-05,-0.002043321729,0.9374999404,0.9374999404,0.9994699955,1.250743389,-0.005014867522,0.00412141718,0,0,0
chernobyl_modern_pwr,,19.79999924,0.0621510148,0.06217042729,282.3528137,266.748291,-1.437310129e-05,-0.002053300152,0.9374999404,0.9374999404,0.9994673133,1.250747204,-0.00501494389,0.004121378995,0,0,0
chernobyl_modern_pwr,,19.89999962,0.06214846671,0.06216800958,282.3525696,266.748291,-1.444108784e-05,-0.002063012449,0.9374999404,0.9374999404,0.9994646311,1.250750899,-0.00501501793,0.004121340811,0,0,0
chernobyl_modern_pwr,,20,0.06214591861,0.06216559187,282.3523254,266.7482605,-1.45114027e-05,-0.002073057462,0.9374999404,0.9374999404,0.9994619489,1.250754714,-0.005015094299,0.004121302627,0,0,0
chernobyl_modern_pwr,test_start_and_rod_withdrawal,20,0.06214591861,0.06216559187,282.3523254,266.7482605,-1.45114027e-05,-0.002073057462,0.9374999404,1,0.9994619489,1.250754714,-0.005015094299,0.004121302627,0,0,0
chernobyl_modern_pwr,,20.10000038,0.06238133833,0.06238545477,282.3521729,266.74823,1.244107261e-05,0.001777296071,0.9385132194,1,0.9994592667,1.25075841,-0.005015167873,0.004121284001,0,0,0
chernobyl_modern_pwr,,20.19999886,0.06263516843,0.0626225546,282.3522644,266.74823,3.938376904e-05,0.005626252387,0.9395264983,1,0.9994565845,1.250762224,-0.005015244242,0.004121310078,0,0,0
chernobyl_modern_pwr,,20.29999924,0.06289993972,0.06286992133,282.3525696,266.7481995,6.631948054e-05,0.009474211372,0.9405397773,1,0.9994539022,1.250766039,-0.00501532061,0.004121381789,0,0,0
chernobyl_modern_pwr,,20.39999962,0.06317523122,0.06312716752,282.3531494,266.7481689,9.325239807e-05,0.01332177036,0.9415530562,1,0.9994511604,1.250769734,-0.00501539465,0.004121501464,0,0,0
chernobyl_modern_pwr,,20.5,0.06346076727,0.06339402497,282.3540039,266.7481689,0.0001201760024,0.01716800034,0.9425663352,1,0.9994484782,1.250773549,-0.005015471019,0.004121669568,0,0,0
chernobyl_modern_pwr,,20.60000038,0.06375627965,0.06367025524,282.3551025,266.7481689,0.0001470944844,0.02101349644,0.9435796142,1,0.999445796,1.250777245,-0.005015544593,0.004121888429,0,0,0
chernobyl_modern_pwr,,20.69999886,0.06406165659,0.06395574659,282.3564758,266.7481689,0.0001740055159,0.02485793084,0.9445928931,1,0.9994431138,1.250781059,-0.005015620962,0.004122159444,0,0,0
chernobyl_modern_pwr,,20.79999924,0.06437672675,0.06425035,282.3581543,266.7481689,0.0002009104937,0.0287014991,0.9456061721,1,0.9994404316,1.250784755,-0.005015695002,0.004122483078,0,0,0
chernobyl_modern_pwr,,20.89999962,0.06470150501,0.06455407292,282.3601074,266.7481689,0.000227805227,0.03254360333,0.946619451,1,0.9994377494,1.250788569,-0.00501577137,0.004122861661,0,0,0
chernobyl_modern_pwr,,21,0.06503593922,0.06486686319,282.3623657,266.7481689,0.0002546934411,0.03638477623,0.94763273,1,0.9994350672,1.250792384,-0.005015847739,0.004123296589,0,0,0
chernobyl_modern_pwr,,21.10000038,0.06537997723,0.06518869102,282.3649292,266.7481995,0.0002815774642,0.04022534937,0.948646009,1,0.999432385,1.25079608,-0.005015921313,0.004123788327,0,0,0
chernobyl_modern_pwr,,21.19999886,0.06573374569,0.06551966071,282.3677979,266.74823,0.0003084507771,0.04406439513,0.9496592879,1,0.9994297028,1.250799775,-0.005015995353,0.004124338739,0,0,0
chernobyl_modern_pwr,,21.29999924,0.06609725207,0.06585977972,282.3710022,266.748291,0.0003353152424,0.04790217429,0.9506725669,1,0.9994270205,1.25080359,-0.005016071722,0.004124949686,0,0,0
chernobyl_modern_pwr,,21.39999962,0.06647051871,0.06620908529,282.3745422,266.7483521,0.0003621731885,0.05173902586,0.9516858459,1,0.9994243383,1.250807285,-0.005016145762,0.004125621635,0,0,0
chernobyl_modern_pwr,,21.5,0.06685373187,0.06656774133,282.378418,266.7484131,0.0003890190274,0.05557414517,0.9526991248,1,0.9994217157,1.2508111,-0.005016221665,0.004126355983,0,0,0
chernobyl_modern_pwr,,21.60000038,0.06724689901,0.06693575531,282.3826599,266.7485046,0.000415859744,0.05940853432,0.9537124038,1,0.9994190335,1.250814795,-0.005016295705,0.004127154592,0,0,0
chernobyl_modern_pwr,,21.69999886,0.06765017658,0.06731328368,282.3872375,266.7485962,0.0004426892847,0.06324132532,0.9547256827,1,0.9994163513,1.25081861,-0.005016372073,0.00412801886,0,0,0
chernobyl_modern_pwr,,21.79999924,0.06806366146,0.0677004084,282.3921814,266.7487183,0.0004695104435,0.0670729205,0.9557389617,1,0.9994136691,1.250822306,-0.005016446114,0.004128949717,0,0,0
chernobyl_modern_pwr,,21.89999962,0.06848751009,0.06809727848,282.3974915,266.7488403,0.0004963236861,0.0709033832,0.9567522407,1,0.9994109869,1.250826001,-0.005016519688,0.004129948094,0,0,0
chernobyl_modern_pwr,,22,0.06892190129,0.06850407273,282.4031677,266.7489929,0.0005231257528,0.07473225147,0.9577655196,1,0.9994083047,1.250829816,-0.005016596057,0.004131016787,0,0,0
chernobyl_modern_pwr,,22.10000038,0.06936690956,0.06892085075,282.4092712,266.7491455,0.0005499166436,0.07855951786,0.9587787986,1,0.9994056225,1.250833511,-0.005016670097,0.00413215626,0,0,0
chernobyl_modern_pwr,,22.19999886,0.06982277334,0.06934783608,282.415741,266.7493286,0.0005767005496,0.08238579333,0.9597920775,1,0.9994029999,1.250837207,-0.005016744137,0.004133367445,0,0,0
chernobyl_modern_pwr,,22.29999924,0.07028969377,0.06978522986,282.4226074,266.7495117,0.0006034746766,0.08621066809,0.9608053565,1,0.9994003177,1.250840902,-0.005016817711,0.004134653136,0,0,0
chernobyl_modern_pwr,,22.39999962,0.07076781243,0.07023315132,282.4299316,266.7497559,0.0006302325055,0.09003321081,0.9618186355,1,0.9993976355,1.250844717,-0.00501689408,0.004136013798,0,0,0
chernobyl_modern_pwr,,22.5,0.07125734538,0.07069180906,282.4376526,266.75,0.0006569842808,0.09385489672,0.9628319144,1,0.9993950129,1.250848413,-0.00501696812,0.004137451295,0,0,0
chernobyl_modern_pwr,,22.60000038,0.07175847888,0.07116138935,282.4458008,266.7502441,0.0006837258115,0.09767511487,0.9638451934,1,0.9993923306,1.250852108,-0.00501704216,0.004138967022,0,0,0
chernobyl_modern_pwr,,22.69999886,0.0722713694,0.07164202631,282.4544067,266.7505188,0.0007104538381,0.1014934033,0.9648584723,1,0.9993896484,1.250855803,-0.005017115735,0.004140563309,0,0,0
chernobyl_modern_pwr,,22.79999924,0.07279644907,0.07213412225,282.4634705,266.7508545,0.0007371711545,0.1053101644,0.9658717513,1,0.9993870258,1.250859499,-0.005017189775,0.004142240621,0,0,0
chernobyl_modern_pwr,,22.89999962,0.07333379239,0.07263775915,282.4729919,266.7511597,0.000763877295,0.1091253236,0.9668850303,1,0.9993843436,1.250863194,-0.005017263815,0.004144000821,0,0,0
chernobyl_modern_pwr,,23,0.07388363034,0.07315316051,282.4829712,266.7515259,0.0007905694656,0.1129384935,0.9678983092,1,0.9993816614,1.25086689,-0.005017337855,0.004145846236,0,0,0
chernobyl_modern_pwr,,23.09999847,0.07444640249,0.07368071377,282.4934387,266.7519226,0.0008172518574,0.1167502627,0.9689115882,1,0.9993790388,1.250870585,-0.005017411429,0.004147777334,0,0,0
chernobyl_modern_pwr,,23.19999886,0.07502219826,0.07422053069,282.5043945,266.7523193,0.0008439212106,0.1205601692,0.9699248672,1,0.9993763566,1.250874281,-0.00501748547,0.004149797373,0,0,0
chernobyl_modern_pwr,,23.29999924,0.07561134547,0.07477290928,282.5158691,266.7527771,0.000870575197,0.1243678778,0.9709381461,1,0.999373734,1.250877976,-0.00501755951,0.004151906818,0,0,0
chernobyl_modern_pwr,,23.39999962,0.07621415704,0.07533813268,282.527832,266.7532349,0.0008972194046,0.1281742007,0.9719514251,1,0.9993710518,1.250881672,-0.00501763355,0.004154108465,0,0,0
chernobyl_modern_pwr,,23.5,0.07683089375,0.07591646165,282.5403442,266.7537231,0.0009238491766,0.1319784522,0.972964704,1,0.9993684292,1.250885367,-0.005017707124,0.004156403244,0,0,0
chernobyl_modern_pwr,,23.59999847,0.07746189833,0.07650820911,282.5533752,266.7542725,0.0009504635818,0.1357805133,0.973977983,1,0.999365747,1.250889063,-0.005017781164,0.004158793017,0,0,0
chernobyl_modern_pwr,,23.69999886,0.07810749114,0.07711368054,282.5669556,266.7548218,0.0009770654142,0.1395807713,0.974991262,1,0.9993631244,1.250892758,-0.005017855205,0.004161281046,0,0,0
chernobyl_modern_pwr,,23.79999924,0.07876796275,0.07773314416,282.5811157,266.7554016,0.001003653742,0.1433791071,0.9760045409,1,0.9993605018,1.250896454,-0.005017928779,0.00416386826,0,0,0
chernobyl_modern_pwr,,23.89999962,0.07944372296,0.07836699486,282.5958252,266.7560425,0.001030225307,0.1471750438,0.9770178199,1,0.9993578196,1.250900149,-0.005018002819,0.004166556522,0,0,0
chernobyl_modern_pwr,,24,0.08013506979,0.07901550084,282.611145,266.7567139,0.00105678523,0.1509693116,0.9780310988,1,0.999355197,1.250903726,-0.005018074531,0.004169347696,0,0,0
chernobyl_modern_pwr,,24.09999847,0.08084245026,0.07967909425,282.6270447,266.7573853,0.001083328389,0.1547611952,0.9790443778,1,0.9993525743,1.250907421,-0.005018148106,0.004172245041,0,0,0
chernobyl_modern_pwr,,24.19999886,0.08156615496,0.08035804331,282.6435242,266.7581177,0.00110985525,0.1585507393,0.9800576568,1,0.9993499517,1.250911117,-0.005018222146,0.004175249953,0,0,0
chernobyl_modern_pwr,,24.29999924,0.08230660856,0.0810527429,282.660675,266.7589111,0.001136368141,0.1623383015,0.9810709357,1,0.9993473291,1.250914693,-0.005018293858,0.004178364761,0,0,0
chernobyl_modern_pwr,,24.39999962,0.08306426555,0.08176361769,282.6784363,266.7597046,0.001162863802,0.1661233902,0.9820842147,1,0.9993446469,1.250918388,-0.005018367432,0.004181591794,0,0,0
chernobyl_modern_pwr,,24.5,0.08383949101,0.08249101788,282.6968384,266.7605591,0.001189340372,0.1699057668,0.9830974936,1,0.9993420243,1.250922084,-0.005018441472,0.004184933379,0,0,0
chernobyl_modern_pwr,,24.59999847,0.08463273197,0.08323536068,282.7159424,266.7614441,0.001215803903,0.1736862659,0.9841107726,1,0.9993394017,1.25092566,-0.005018513184,0.00418839138,0,0,0
chernobyl_modern_pwr,,24.69999886,0.08544453233,0.08399716765,282.7356873,266.7623901,0.001242248341,0.1774640381,0.9851240516,1,0.9993367791,1.250929356,-0.005018587224,0.004191969521,0,0,0
chernobyl_modern_pwr,,24.79999924,0.08627519011,0.08477669954,282.756134,266.7633362,0.001268676016,0.1812394261,0.9861373305,1,0.9993341565,1.250932932,-0.00501865847,0.004195668735,0,0,0
chernobyl_modern_pwr,,24.89999962,0.08712533861,0.08557455987,282.7773132,266.7643738,0.001295085531,0.1850122064,0.9871506095,1,0.9993315339,1.250936508,-0.005018730182,0.004199493211,0,0,0
chernobyl_modern_pwr,,25,0.08799543977,0.0863911882,282.7991943,266.7654114,0.001321475953,0.1887822747,0.9881638885,1,0.9993289113,1.250940204,-0.005018803757,0.004203444347,0,0,0
chernobyl_modern_pwr,,25.09999847,0.08888595551,0.08722700179,282.8218079,266.7665405,0.001347847283,0.1925496012,0.9891771674,1,0.9993263483,1.25094378,-0.005018875469,0.004207525402,0,0,0
chernobyl_modern_pwr,,25.19999886,0.08979743719,0.08808254451,282.8452148,266.7677002,0.001374200452,0.1963143498,0.9901904464,1,0.9993237257,1.250947356,-0.00501894718,0.004211739171,0,0,0
chernobyl_modern_pwr,,25.29999924,0.09073054045,0.08895841241,282.8693542,266.7688904,0.001400532667,0.2000760883,0.9912037253,1,0.9993211031,1.250951052,-0.005019020755,0.004216088913,0,0,0
chernobyl_modern_pwr,,25.39999962,0.0916858241,0.08985513449,282.8943176,266.7701416,0.001426843461,0.2038347721,0.9922170043,1,0.9993184805,1.250954628,-0.005019092467,0.004220576957,0,0,0
chernobyl_modern_pwr,,25.5,0.09266366065,0.09077306837,282.9200745,266.7714539,0.00145313656,0.2075909376,0.9932302833,1,0.9993159175,1.250958204,-0.005019164179,0.004225206561,0,0,0
chernobyl_modern_pwr,,25.59999847,0.09366492182,0.09171301872,282.9466858,266.7727966,0.001479407772,0.211343959,0.9942435622,1,0.9993132949,1.250961781,-0.005019235425,0.004229980521,0,0,0
chernobyl_modern_pwr,,25.69999886,0.09469016641,0.09267552197,282.9741211,266.7742004,0.001505655702,0.2150936723,0.9952568412,1,0.9993106723,1.250965357,-0.005019307137,0.004234903492,0,0,0
chernobyl_modern_pwr,,25.79999924,0.09574004263,0.09366117418,283.0024414,266.7756653,0.001531883143,0.2188404351,0.9962701201,1,0.9993081093,1.250968933,-0.005019378383,0.004239976872,0,0,0
chernobyl_modern_pwr,,25.89999962,0.09681524336,0.09467064589,283.0316467,266.7771912,0.001558087766,0.2225839645,0.9972833991,1,0.9993054867,1.250972509,-0.005019450095,0.004245205782,0,0,0
chernobyl_modern_pwr,,26,0.09791644663,0.09570455551,283.0617371,266.7787781,0.001584267244,0.2263238877,0.9982966781,1,0.9993029237,1.250976086,-0.005019521806,0.004250592552,0,0,0
chernobyl_modern_pwr,,26.09999847,0.09904443473,0.09676364809,283.092804,266.7803955,0.00161042437,0.2300606221,0.999309957,1,0.9993003607,1.250979662,-0.005019593053,0.004256141372,0,0,0
chernobyl_modern_pwr,,26.19999886,0.1000570804,0.09771516919,283.1247559,266.7821045,0.001627938356,0.2325626165,1,1,0.9992977381,1.250983238,-0.005019664764,0.004261852242,0,0,0
chernobyl_modern_pwr,,26.29999924,0.1007089019,0.09832977504,283.1573486,266.783844,0.001627036836,0.2324338257,1,1,0.9992951751,1.250986695,-0.005019733682,0.004267663695,0,0,0
chernobyl_modern_pwr,,26.39999962,0.1013512537,0.098935619,283.1904297,266.785675,0.001626119949,0.2323028445,1,1,0.9992926121,1.250990272,-0.005019805394,0.004273551516,0,0,0
chernobyl_modern_pwr,,26.5,0.1019857079,0.09953416884,283.2239685,266.7875366,0.00162519142,0.2321701944,1,1,0.9992899895,1.250993848,-0.00501987664,0.004279513378,0,0,0
chernobyl_modern_pwr,,26.59999847,0.1026135534,0.1001266018,283.2579956,266.7894592,0.001624252647,0.2320360839,1,1,0.9992874265,1.250997305,-0.005019946024,0.004285547417,0,0,0
chernobyl_modern_pwr,,26.69999886,0.1032357514,0.1007138491,283.2924805,266.7914734,0.001623298042,0.2318997085,1,1,0.9992848635,1.251000881,-0.005020017736,0.00429165177,0,0,0
chernobyl_modern_pwr,,26.79999924,0.1038530245,0.1012965515,283.3274231,266.7935181,0.001622335054,0.231762141,1,1,0.9992823005,1.251004338,-0.005020086654,0.004297825973,0,0,0
chernobyl_modern_pwr,,26.89999962,0.1044660881,0.1018753946,283.362793,266.7956238,0.001621358097,0.2316225767,1,1,0.9992797375,1.251007915,-0.005020158365,0.004304068163,0,0,0
chernobyl_modern_pwr,,27,0.1050753146,0.102450721,283.3986206,266.7977905,0.001620372292,0.2314817458,1,1,0.9992771745,1.251011372,-0.005020227283,0.004310376476,0,0,0
chernobyl_modern_pwr,,27.09999847,0.1056813374,0.1030231267,283.434906,266.8000183,0.00161937112,0.2313387245,1,1,0.9992746115,1.251014948,-0.005020298995,0.004316750914,0,0,0
chernobyl_modern_pwr,,27.19999886,0.1062843576,0.1035927832,283.4715881,266.8023071,0.001618362032,0.2311945707,1,1,0.9992720485,1.251018405,-0.005020367913,0.004323190078,0,0,0
chernobyl_modern_pwr,,27.29999924,0.1068847477,0.1041600555,283.508728,266.8046265,0.001617338508,0.2310483456,1,1,0.9992694855,1.251021981,-0.005020439625,0.004329693038,0,0,0
chernobyl_modern_pwr,,27.39999962,0.1074827537,0.1047251523,283.5462646,266.8070374,0.001616307069,0.2309010029,1,1,0.9992669225,1.251025438,-0.005020508543,0.004336258862,0,0,0
chernobyl_modern_pwr,,27.5,0.1080786511,0.1052883491,283.584259,266.8094788,0.001615261193,0.2307515889,1,1,0.9992643595,1.251029015,-0.005020580254,0.004342887085,0,0,0
chernobyl_modern_pwr,,27.59999847,0.1086725667,0.1058497503,283.6226501,266.8119812,0.001614207402,0.2306010574,1,1,0.9992617965,1.251032472,-0.005020649172,0.004349576309,0,0,0
chernobyl_modern_pwr,,27.69999886,0.1092647612,0.1064096168,283.6614685,266.8145447,0.001613141969,0.230448842,1,1,0.9992592335,1.251035929,-0.005020718556,0.004356326535,0,0,0
chernobyl_modern_pwr,,27.79999924,0.1098553613,0.1069680452,283.7006836,266.8171387,0.001612066757,0.2302952409,1,1,0.9992566705,1.251039386,-0.005020787474,0.004363136366,0,0,0
chernobyl_modern_pwr,,27.89999962,0.1104444861,0.1075251549,283.7403259,266.8198242,0.001610977575,0.230139643,1,1,0.9992541075,1.251042962,-0.005020859186,0.004370006267,0,0,0
chernobyl_modern_pwr,,28,0.1110321954,0.1080810055,283.780365,266.8225098,0.001609880477,0.2299829125,1,1,0.9992516041,1.251046419,-0.005020928103,0.00437693391,0,0,0
chernobyl_modern_pwr,,28.09999847,0.1116187498,0.1086358353,283.8208313,266.8252869,0.001608771738,0.2298245281,1,1,0.9992490411,1.251049876,-0.005020997487,0.004383919761,0,0,0
chernobyl_modern_pwr,,28.19999886,0.1122041345,0.1091896221,283.8616943,266.828125,0.001607652754,0.2296646684,1,1,0.9992464781,1.251053333,-0.005021066405,0.004390963353,0,0,0
chernobyl_modern_pwr,,28.29999924,0.1127884388,0.1097424701,283.9029236,266.8309937,0.001606523991,0.229503423,1,1,0.9992439151,1.25105679,-0.005021135788,0.004398063757,0,0,0
chernobyl_modern_pwr,,28.39999962,0.1133717597,0.1102944463,283.9445801,266.8338928,0.001605384517,0.2293406427,1,1,0.9992414117,1.251060247,-0.005021204706,0.004405220039,0,0,0
chernobyl_modern_pwr,,28.5,0.1139541566,0.1108456179,283.9866333,266.8368835,0.001604233868,0.2291762531,1,1,0.9992388487,1.251063704,-0.00502127409,0.004412432667,0,0,0
chernobyl_modern_pwr,,28.59999847,0.1145356894,0.111396037,284.0290833,266.8399048,0.001603071112,0.2290101498,1,1,0.9992363453,1.251067281,-0.005021345336,0.004419699777,0,0,0
chernobyl_modern_pwr,,28.69999886,0.1151163504,0.1119456962,284.0719299,266.8429565,0.00160190044,0.2288429141,1,1,0.9992337823,1.251070738,-0.00502141472,0.004427022301,0,0,0
chernobyl_modern_pwr,,28.79999924,0.1156963035,0.1124947518,284.1151428,266.8460999,0.001600719523,0.2286742032,1,1,0.9992312193,1.251074195,-0.005021483637,0.004434398841,0,0,0
chernobyl_modern_pwr,,28.89999962,0.1162755117,0.1130431592,284.1587524,266.8492432,0.001599531155,0.2285044491,1,1,0.9992287159,1.251077533,-0.005021550693,0.004441828933,0,0,0
chernobyl_modern_pwr,,29,0.1168540791,0.1135910302,284.2027588,266.852478,0.001598329283,0.228332743,1,1,0.9992261529,1.25108099,-0.00502161961,0.004449312575,0,0,0
chernobyl_modern_pwr,,29.09999847,0.1174319386,0.1141382828,284.2471313,266.8557434,0.001597118098,0.2281597257,1,1,0.9992236495,1.251084447,-0.005021688994,0.004456848837,0,0,0
chernobyl_modern_pwr,,29.19999886,0.1180091724,0.1146850064,284.2919006,266.8590393,0.001595896669,0.2279852331,1,1,0.9992210865,1.251087904,-0.005021757912,0.004464437254,0,0,0
chernobyl_modern_pwr,,29.29999924,0.1185857728,0.1152311936,284.3370361,266.8623962,0.00159466546,0.2278093398,1,1,0.9992185831,1.251091361,-0.005021827295,0.004472077824,0,0,0
chernobyl_modern_pwr,,29.39999962,0.1191618145,0.1157769114,284.3825684,266.8658142,0.001593424473,0.2276320606,1,1,0.9992160797,1.251094818,-0.005021896213,0.004479769617,0,0,0
chernobyl_modern_pwr,,29.5,0.1197372973,0.1163221523,284.4284363,266.8692627,0.001592173707,0.2274533808,1,1,0.9992135167,1.251098275,-0.005021965597,0.004487512633,0,0,0
chernobyl_modern_pwr,,29.59999847,0.1203122064,0.116866909,284.4747314,266.8727722,0.001590914559,0.227273494,1,1,0.9992110133,1.251101613,-0.005022032186,0.004495305475,0,0,0
chernobyl_modern_pwr,,29.69999886,0.1208866537,0.1174112856,284.5213623,266.8763123,0.001589644235,0.2270920277,1,1,0.9992085099,1.25110507,-0.005022101104,0.004503149539,0,0,0
chernobyl_modern_pwr,,29.79999924,0.1214605421,0.1179551929,284.5683899,266.8799133,0.0015883632,0.2269090265,1,1,0.9992059469,1.251108527,-0.005022170488,0.004511042498,0,0,0
chernobyl_modern_pwr,,29.89999962,0.1220339239,0.1184986755,284.6157532,266.8835449,0.001587076113,0.2267251462,1,1,0.9992034435,1.251111865,-0.005022237077,0.004518985283,0,0,0
chernobyl_modern_pwr,,30,0.1226068363,0.1190417707,284.6635132,266.8872375,0.001585775986,0.2265394181,1,1,0.9992009401,1.251115322,-0.005022306461,0.004526976496,0,0,0
chernobyl_modern_pwr,,30.09999847,0.1231792197,0.1195844114,284.7116394,266.8909607,0.001584467012,0.2263524234,1,1,0.9991984367,1.251118779,-0.005022375379,0.004535016138,0,0,0
chernobyl_modern_pwr,,30.19999886,0.1237511933,0.1201267168,284.7601318,266.8947144,0.001583149657,0.2261642367,1,1,0.9991959333,1.251122117,-0.005022442434,0.004543104675,0,0,0
chernobyl_modern_pwr,,30.29999924,0.1243226454,0.1206685901,284.80896,266.8985291,0.001581822056,0.2259745747,1,1,0.9991933703,1.251125574,-0.005022511352,0.004551240243,0,0,0
chernobyl_modern_pwr,,30.39999962,0.1248936281,0.1212100685,284.8581848,266.9024048,0.001580486074,0.2257837206,1,1,0.9991908669,1.251128912,-0.005022577941,0.004559422843,0,0,0
chernobyl_modern_pwr,,30.5,0.1254642606,0.1217512712,284.9077454,266.906311,0.00157913845,0.2255911976,1,1,0.9991883636,1.251132369,-0.005022647325,0.004567652475,0,0,0
chernobyl_modern_pwr,,30.59999847,0.1260342598,0.12229193,284.9576721,266.9102478,0.001577784773,0.2253978103,1,1,0.9991858602,1.251135707,-0.005022713915,0.004575929139,0,0,0
chernobyl_modern_pwr,,30.69999886,0.126603961,0.1228323579,285.0079346,266.9142456,0.001576418523,0.2252026349,1,1,0.9991833568,1.251139164,-0.005022783298,0.004584251903,0,0,0
chernobyl_modern_pwr,,30.79999924,0.1271730959,0.123372294,285.0585632,266.9182739,0.001575045753,0.2250065356,1,1,0.9991808534,1.251142502,-0.005022849888,0.004592619836,0,0,0
chernobyl_modern_pwr,,30.89999962,0.1277418733,0.1239119396,285.1095581,266.9223328,0.001573664136,0.2248091549,1,1,0.99917835,1.25114584,-0.005022916477,0.004601033404,0,0,0
chernobyl_modern_pwr,,31,0.1283102185,0.1244512349,285.1608887,266.9264526,0.001572270412,0.2246100456,1,1,0.9991758466,1.251149297,-0.005022985861,0.004609491676,0,0,0
chernobyl_modern_pwr,,31.09999847,0.1288780719,0.1249901205,285.2125854,266.930603,0.001570869703,0.2244099528,1,1,0.9991733432,1.251152635,-0.00502305245,0.004617995117,0,0,0
chernobyl_modern_pwr,,31.19999886,0.1294455379,0.1255286783,285.2646179,266.9348145,0.00156945968,0.2242085189,1,1,0.9991708398,1.251155972,-0.005023119505,0.00462654233,0,0,0
chernobyl_modern_pwr,,31.29999924,0.1300124675,0.126066789,285.3169861,266.9390564,0.001568038948,0.2240055501,1,1,0.999168396,1.25115943,-0.005023188423,0.004635133781,0,0,0
chernobyl_modern_pwr,,31.39999962,0.1305789649,0.1266045272,285.3697205,266.9433289,0.00156661123,0.223801598,1,1,0.9991658926,1.251162767,-0.005023255013,0.004643768538,0,0,0
chernobyl_modern_pwr,,31.5,0.1311450601,0.1271419376,285.4227905,266.9476624,0.0015651742,0.2235963047,1,1,0.9991633892,1.251166105,-0.005023322068,0.004652446602,0,0,0
chernobyl_modern_pwr,,31.59999847,0.1317107379,0.1276790053,285.4761963,266.9519958,0.001563729253,0.2233898938,1,1,0.9991608858,1.251169443,-0.005023388658,0.004661167972,0,0,0
chernobyl_modern_pwr,,31.69999886,0.1322759688,0.1282156855,285.5299683,266.9564209,0.001562273595,0.2231819332,1,1,0.9991583824,1.251172781,-0.005023455713,0.004669930786,0,0,0
chernobyl_modern_pwr,,31.79999924,0.1328407079,0.1287519634,285.5840454,266.9608459,0.001560810953,0.2229729891,1,1,0.9991559386,1.251176119,-0.005023522303,0.004678735975,0,0,0
chernobyl_modern_pwr,,31.89999962,0.133405,0.1292878538,285.6384888,266.965332,0.001559338532,0.2227626443,1,1,0.9991534352,1.251179457,-0.005023588892,0.004687583074,0,0,0
chernobyl_modern_pwr,,32,0.1339688897,0.1298234165,285.6932373,266.9698486,0.001557855401,0.2225507647,1,1,0.9991509318,1.251182914,-0.005023658276,0.004696471617,0,0,0
chernobyl_modern_pwr,,32.09999847,0.1345322728,0.130358547,285.7483215,266.9744263,0.001556365285,0.2223378867,1,1,0.999148488,1.251186252,-0.005023724865,0.004705401137,0,0,0
chernobyl_modern_pwr,,32.20000076,0.1350952238,0.1308933049,285.803772,266.9790344,0.001554866787,0.2221238166,1,1,0.9991459846,1.25118959,-0.005023791455,0.004714371637,0,0,0
chernobyl_modern_pwr,,32.29999924,0.1356576979,0.1314276755,285.8595276,266.9836731,0.001553359441,0.2219084799,1,1,0.9991434813,1.251192927,-0.00502385851,0.004723381717,0,0,0
chernobyl_modern_pwr,,32.39999771,0.1362197399,0.1319616735,285.9156189,266.9883423,0.001551843714,0.2216919512,1,1,0.9991410375,1.251196265,-0.0050239251,0.004732432775,0,0,0
chernobyl_modern_pwr,,32.5,0.1367813051,0.1324952543,285.9720154,266.993042,0.001550322864,0.2214746922,1,1,0.9991385341,1.251199484,-0.005023989361,0.004741522484,0,0,0
chernobyl_modern_pwr,,32.59999847,0.137342453,0.1330285072,286.0287476,266.9978027,0.001548789442,0.2212556303,1,1,0.9991360903,1.251202822,-0.005024056416,0.004750652239,0,0,0
chernobyl_modern_pwr,,32.70000076,0.1379030198,0.1335612386,286.0858154,267.002594,0.001547248568,0.2210355103,1,1,0.9991335869,1.25120616,-0.005024123006,0.004759821109,0,0,0
chernobyl_modern_pwr,,32.79999924,0.138463214,0.134093672,286.143219,267.0074158,0.001545697916,0.2208139747,1,1,0.9991311431,1.251209497,-0.005024190061,0.004769028164,0,0,0
chernobyl_modern_pwr,,32.89999771,0.1390227973,0.134625569,286.2009277,267.0122986,0.001544139814,0.2205913961,1,1,0.9991286397,1.251212835,-0.00502425665,0.004778273869,0,0,0
chernobyl_modern_pwr,,33,0.1395819932,0.135157153,286.2589722,267.0172119,0.001542573329,0.2203676105,1,1,0.9991261959,1.251216173,-0.00502432324,0.004787557293,0,0,0
chernobyl_modern_pwr,,33.09999847,0.1401407123,0.1356883049,286.3172913,267.0221558,0.001541001257,0.2201430351,1,1,0.9991237521,1.251219392,-0.005024387501,0.004796878435,0,0,0
chernobyl_modern_pwr,,33.20000076,0.1406989545,0.1362190545,286.3759766,267.0271301,0.001539417543,0.2199167907,1,1,0.9991212487,1.25122273,-0.005024454556,0.004806237295,0,0,0
chernobyl_modern_pwr,,33.29999924,0.1412565708,0.1367492825,286.4349365,267.032135,0.001537826844,0.219689548,1,1,0.9991188049,1.251226068,-0.005024521146,0.004815632477,0,0,0
chernobyl_modern_pwr,,33.39999771,0.1418137997,0.1372791678,286.4942322,267.0372009,0.00153622916,0.2194613069,1,1,0.9991163611,1.251229286,-0.005024585407,0.004825064912,0,0,0
chernobyl_modern_pwr,,33.5,0.1423704773,0.1378085613,286.5538635,267.0422974,0.001534620766,0.219231531,1,1,0.9991138577,1.251232624,-0.005024652462,0.004834533669,0,0,0
chernobyl_modern_pwr,,33.59999847,0.142926693,0.1383375674,286.6137695,267.0474243,0.001533005387,0.2190007567,1,1,0.999111414,1.251235962,-0.005024719052,0.004844037816,0,0,0
chernobyl_modern_pwr,,33.70000076,0.1434823126,0.138866052,286.6739807,267.0525818,0.001531383954,0.2187691331,1,1,0.9991089702,1.251239181,-0.005024783313,0.004853578284,0,0,0
chernobyl_modern_pwr,,33.79999924,0.1440374404,0.1393941343,286.7345276,267.0577698,0.001529751811,0.2185359597,1,1,0.9991065264,1.251242518,-0.005024850368,0.004863154143,0,0,0
chernobyl_modern_pwr,,33.89999771,0.1445920765,0.1399217695,286.7953491,267.0629883,0.001528114546,0.2183020711,1,1,0.9991040826,1.251245737,-0.00502491463,0.004872764926,0,0,0
chernobyl_modern_pwr,,34,0.1451461762,0.1404489428,286.8565063,267.0682678,0.001526466105,0.2180665731,1,1,0.9991015792,1.251249075,-0.005024981219,0.004882410169,0,0,0
chernobyl_modern_pwr,,34.09999847,0.1456997395,0.1409756541,286.9179382,267.0735779,0.001524812542,0.2178303599,1,1,0.9990991354,1.251252294,-0.005025045946,0.004892090335,0,0,0
chernobyl_modern_pwr,,34.20000076,0.1462527066,0.1415018439,286.9797058,267.0789185,0.001523148734,0.2175926715,1,1,0.9990966916,1.251255631,-0.005025112536,0.00490180403,0,0,0
chernobyl_modern_pwr,,34.29999924,0.1468051225,0.142027542,287.041748,267.0842896,0.001521479338,0.2173541784,1,1,0.9990942478,1.25125885,-0.005025176797,0.004911552183,0,0,0
chernobyl_modern_pwr,,34.39999771,0.1473570168,0.142552793,287.1040955,267.0896912,0.001519799698,0.2171142399,1,1,0.999091804,1.251262188,-0.005025243852,0.004921332933,0,0,0
chernobyl_modern_pwr,,34.5,0.1479083449,0.1430775523,287.166748,267.0951233,0.001518114936,0.2168735564,1,1,0.9990893602,1.251265407,-0.005025308114,0.004931148142,0,0,0
chernobyl_modern_pwr,,34.59999847,0.1484590918,0.1436017901,287.2296753,267.1006165,0.001516422722,0.2166318148,1,1,0.9990869164,1.251268625,-0.005025372375,0.004940995015,0,0,0
chernobyl_modern_pwr,,34.70000076,0.1490093023,0.1441255659,287.2929077,267.1061401,0.001514719799,0.2163885385,1,1,0.9990844727,1.251271963,-0.005025438964,0.004950874951,0,0,0
chernobyl_modern_pwr,,34.79999924,0.1495589018,0.1446488053,287.3564148,267.1116638,0.001513011754,0.216144532,1,1,0.9990820289,1.251275182,-0.005025503691,0.004960787017,0,0,0
chernobyl_modern_pwr,,34.89999771,0.1501079053,0.1451715082,287.4202576,267.1172485,0.001511295792,0.215899393,1,1,0.9990796447,1.2512784,-0.005025567953,0.004970731214,0,0,0
chernobyl_modern_pwr,,35,0.1506563723,0.1456937641,287.4843445,267.1228638,0.001509573311,0.2156533301,1,1,0.9990772009,1.251281619,-0.005025632214,0.00498070661,0,0,0
chernobyl_modern_pwr,,35.09999847,0.1512041986,0.1462154388,287.5487366,267.1285095,0.001507840585,0.215405792,1,1,0.9990747571,1.251284957,-0.005025698803,0.004990714137,0,0,0
chernobyl_modern_pwr,,35.20000076,0.151751399,0.1467365623,287.6134033,267.1341858,0.001506102271,0.2151574641,1,1,0.9990723133,1.251288176,-0.00502576353,0.005000751931,0,0,0
chernobyl_modern_pwr,,35.29999924,0.1522979885,0.1472571492,287.6783752,267.1398926,0.001504356507,0.2149080634,1,1,0.9990698695,1.251291394,-0.005025827792,0.005010820925,0,0,0
chernobyl_modern_pwr,,35.39999771,0.1528439969,0.1477772146,287.7436218,267.1456604,0.001502603292,0.2146576047,1,1,0.9990674257,1.251294613,-0.005025892053,0.005020919722,0,0,0
chernobyl_modern_pwr,,35.5,0.1533893496,0.1482966989,287.8091431,267.1514282,0.001500843558,0.2144062221,1,1,0.9990650415,1.251297832,-0.005025956314,0.005031049252,0,0,0
chernobyl_modern_pwr,,35.59999847,0.1539341062,0.1488156766,287.874939,267.1572266,0.001499075908,0.2141536921,1,1,0.9990625978,1.25130105,-0.005026021041,0.005041208118,0,0,0
chernobyl_modern_pwr,,35.70000076,0.1544781774,0.1493340135,287.94104,267.1630859,0.001497300807,0.2139001042,1,1,0.999060154,1.251304269,-0.005026085302,0.005051396322,0,0,0
chernobyl_modern_pwr,,35.79999924,0.1550217122,0.1498518884,288.0073853,267.1689453,0.001495519187,0.2136455923,1,1,0.9990577698,1.251307487,-0.005026149563,0.005061614327,0,0,0
chernobyl_modern_pwr,,35.89999771,0.1555645764,0.1503691822,288.0740356,267.1748657,0.001493729185,0.2133898735,1,1,0.999055326,1.251310706,-0.005026213825,0.005071860738,0,0,0
chernobyl_modern_pwr,,36,0.1561066657,0.1508857608,288.1409302,267.1807861,0.00149193313,0.2131332904,1,1,0.9990528822,1.251313925,-0.005026278552,0.005082135554,0,0,0
chernobyl_modern_pwr,,36.09999847,0.1566481441,0.1514018178,288.2080994,267.1867676,0.001490129624,0.2128756493,1,1,0.999050498,1.251317143,-0.005026342813,0.005092439242,0,0,0
chernobyl_modern_pwr,,36.20000076,0.1571889371,0.1519172341,288.2755737,267.1927795,0.001488318201,0.2126168758,1,1,0.9990480542,1.251320362,-0.005026407074,0.005102770403,0,0,0
chernobyl_modern_pwr,,36.29999924,0.1577290297,0.1524320394,288.3432922,267.1987915,0.001486501191,0.2123573124,1,1,0.99904567,1.251323581,-0.005026471335,0.005113129504,0,0,0
chernobyl_modern_pwr,,36.39999771,0.1582685411,0.1529463381,288.4112549,267.2048645,0.00148467673,0.2120966762,1,1,0.9990432262,1.251326799,-0.005026536062,0.005123516545,0,0,0
chernobyl_modern_pwr,,36.5,0.1588072181,0.1534598768,288.4795227,267.210968,0.001482847147,0.211835295,1,1,0.9990408421,1.251329899,-0.005026597995,0.005133929662,0,0,0
chernobyl_modern_pwr,,36.59999847,0.1593454182,0.1539729983,288.5480347,267.2171021,0.001481008716,0.211572662,1,1,0.9990383983,1.251333117,-0.005026662257,0.00514437072,0,0,0
chernobyl_modern_pwr,,36.70000076,0.1598826945,0.1544852704,288.6168213,267.2232361,0.0014791633,0.2113090307,1,1,0.9990360141,1.251336336,-0.005026726518,0.005154837854,0,0,0
chernobyl_modern_pwr,,36.79999924,0.1604193449,0.1549969912,288.6858521,267.2294312,0.001477311365,0.2110444754,1,1,0.9990336299,1.251339555,-0.005026790779,0.0051653306,0,0,0
chernobyl_modern_pwr,,36.89999771,0.160955295,0.1555080861,288.7551575,267.2356567,0.001475454308,0.2107791752,1,1,0.9990311861,1.251342654,-0.005026853178,0.005175850354,0,0,0
chernobyl_modern_pwr,,37,0.1614904702,0.1560184956,288.824707,267.2419128,0.001473588403,0.2105126232,1,1,0.9990288019,1.251345873,-0.005026917439,0.005186394788,0,0,0
chernobyl_modern_pwr,,37.09999847,0.1620248407,0.15652816,288.8945312,267.2481689,0.001471715979,0.2102451324,1,1,0.9990264177,1.251349092,-0.0050269817,0.0051969653,0,0,0
chernobyl_modern_pwr,,37.20000076,0.1625585854,0.157037273,288.9645996,267.2544861,0.001469839364,0.2099770457,1,1,0.9990239739,1.251352191,-0.005027043633,0.005207560025,0,0,0
chernobyl_modern_pwr,,37.29999924,0.1630915701,0.1575457007,289.0349121,267.2608337,0.001467953902,0.2097076923,1,1,0.9990215898,1.25135541,-0.005027107894,0.005218180362,0,0,0
chernobyl_modern_pwr,,37.39999771,0.1636237204,0.1580533683,289.1054993,267.2671814,0.001466060989,0.2094372809,1,1,0.9990192056,1.251358628,-0.005027172621,0.005228824914,0,0,0
chernobyl_modern_pwr,,37.5,0.1641551256,0.1585603952,289.1763306,267.2735901,0.001464163885,0.2091662586,1,1,0.9990168214,1.251361728,-0.005027234554,0.005239494145,0,0,0
chernobyl_modern_pwr,,37.59999847,0.1646858156,0.1590667367,289.2473755,267.2800293,0.00146225933,0.2088941783,1,1,0.9990143776,1.251364946,-0.005027298816,0.005250186659,0,0,0
chernobyl_modern_pwr,,37.70000076,0.1652156413,0.1595723182,289.3186951,267.2864685,0.001460349653,0.2086213678,1,1,0.9990119934,1.251368046,-0.005027360748,0.005260902923,0,0,0
chernobyl_modern_pwr,,37.79999924,0.1657448113,0.1600773036,289.3902893,267.2929688,0.001458431128,0.2083472908,1,1,0.9990096092,1.251371264,-0.00502742501,0.005271642469,0,0,0
chernobyl_modern_pwr,,37.89999771,0.1662730724,0.1605814546,289.4620972,267.299469,0.001456508413,0.2080726177,1,1,0.999007225,1.251374364,-0.005027486943,0.005282405298,0,0,0
chernobyl_modern_pwr,,38,0.166800499,0.1610848606,289.5341187,267.3059998,0.001454580575,0.2077972144,1,1,0.9990048409,1.251377463,-0.005027549341,0.005293190945,0,0,0
chernobyl_modern_pwr,,38.09999847,0.1673273295,0.1615877151,289.6064148,267.3125916,0.001452642493,0.2075203508,1,1,0.9990024567,1.251380682,-0.005027613603,0.005303998478,0,0,0
chernobyl_modern_pwr,,38.20000076,0.1678530425,0.1620895714,289.6789551,267.3191833,0.001450701617,0.2072430849,1,1,0.9990000725,1.251383781,-0.005027675536,0.005314828828,0,0,0
chernobyl_modern_pwr,,38.29999924,0.1683781594,0.1625908762,289.751709,267.3258057,0.001448752359,0.206964612,1,1,0.9989976883,1.251387,-0.005027739797,0.005325681064,0,0,0
chernobyl_modern_pwr,,38.39999771,0.1689023674,0.1630913615,289.8247375,267.3324585,0.001446797978,0.2066854239,1,1,0.9989953041,1.2513901,-0.00502780173,0.005336554721,0,0,0
chernobyl_modern_pwr,,38.5,0.1694256663,0.1635910273,289.8979797,267.3391418,0.00144483801,0.206405431,1,1,0.9989929199,1.251393199,-0.005027863663,0.005347450264,0,0,0
chernobyl_modern_pwr,,38.59999847,0.1699483097,0.164090097,289.9714355,267.3458557,0.001442871988,0.206124559,1,1,0.9989905357,1.251396298,-0.005027926061,0.005358366296,0,0,0
chernobyl_modern_pwr,,38.70000076,0.1704698503,0.1645881534,290.0451355,267.3525696,0.001440898515,0.205842644,1,1,0.9989881516,1.251399517,-0.005027990323,0.005369303282,0,0,0
chernobyl_modern_pwr,,38.79999924,0.1709905714,0.1650854498,290.1190796,267.3593445,0.00143891992,0.2055599838,1,1,0.9989857674,1.251402617,-0.005028052256,0.005380260758,0,0,0
chernobyl_modern_pwr,,38.89999771,0.1715106517,0.1655821949,290.1932373,267.3661194,0.001436936669,0.2052766681,1,1,0.9989833832,1.251405716,-0.005028114188,0.005391238723,0,0,0
chernobyl_modern_pwr,,39,0.1720297337,0.1660780162,290.2676086,267.3729553,0.001434946898,0.2049924135,1,1,0.998980999,1.251408815,-0.005028176121,0.005402236711,0,0,0
chernobyl_modern_pwr,,39.09999847,0.1725477427,0.166572839,290.3422241,267.3797913,0.001432951074,0.2047072947,1,1,0.9989786744,1.251411915,-0.005028238054,0.005413253792,0,0,0
chernobyl_modern_pwr,,39.20000076,0.1730651557,0.1670671552,290.4170532,267.3866577,0.001430950128,0.2044214457,1,1,0.9989762902,1.251415014,-0.005028299987,0.005424290895,0,0,0
chernobyl_modern_pwr,,39.29999924,0.1735816598,0.1675606221,290.4921265,267.3935547,0.00142894173,0.2041345239,1,1,0.998973906,1.251418114,-0.005028362386,0.005435346626,0,0,0
chernobyl_modern_pwr,,39.39999771,0.1740971804,0.1680531949,290.5673828,267.4004822,0.001426926814,0.2038466781,1,1,0.9989715219,1.251421332,-0.005028426647,0.005446421914,0,0,0
chernobyl_modern_pwr,,39.5,0.1746114641,0.1685446352,290.6428833,267.4074402,0.001424907707,0.2035582364,1,1,0.9989691973,1.251424432,-0.00502848858,0.005457515363,0,0,0
chernobyl_modern_pwr,,39.59999847,0.1751251519,0.1690355092,290.7185974,267.4143982,0.001422883477,0.2032690644,1,1,0.9989668131,1.251427531,-0.005028550513,0.005468626972,0,0,0
chernobyl_modern_pwr,,39.70000076,0.1756378114,0.1695254743,290.7945251,267.4214172,0.001420852728,0.2029789537,1,1,0.9989644289,1.251430631,-0.005028612446,0.005479756743,0,0,0
chernobyl_modern_pwr,,39.79999924,0.1761495769,0.1700146049,290.8706665,267.4284363,0.001418819651,0.2026885152,1,1,0.9989621043,1.251433611,-0.005028672051,0.005490904208,0,0,0
chernobyl_modern_pwr,,39.89999771,0.1766604334,0.170502916,290.9470215,267.4354858,0.001416778192,0.2023968846,1,1,0.9989597201,1.25143671,-0.005028733984,0.005502069369,0,0,0
chernobyl_modern_pwr,,40,0.1771703362,0.1709903479,291.0235596,267.4425659,0.001414732076,0.2021045834,1,1,0.9989573359,1.25143981,-0.005028795917,0.005513251759,0,0,0
chernobyl_modern_pwr,,40.09999847,0.1776792109,0.171476841,291.1003418,267.4496765,0.001412679907,0.201811403,1,1,0.9989550114,1.251442909,-0.00502885785,0.005524450447,0,0,0
chernobyl_modern_pwr,,40.20000076,0.1781871021,0.1719624251,291.1773071,267.4567871,0.00141062215,0.2015174478,1,1,0.9989526272,1.251446009,-0.005028920248,0.005535666831,0,0,0
chernobyl_modern_pwr,,40.29999924,0.1786941141,0.1724472046,291.2544861,267.4639587,0.001408558805,0.2012226731,1,1,0.9989503026,1.251449108,-0.005028982181,0.005546899047,0,0,0
chernobyl_modern_pwr,,40.39999771,0.1792000681,0.1729310155,291.3318787,267.4711304,0.001406490337,0.200927183,1,1,0.9989479184,1.251452208,-0.005029044114,0.005558147095,0,0,0
chernobyl_modern_pwr,,40.5,0.1797050536,0.1734139323,291.4094849,267.4783325,0.00140441861,0.2006312311,1,1,0.9989455938,1.251455188,-0.005029103719,0.005569411442,0,0,0
chernobyl_modern_pwr,,40.59999847,0.18020913,0.1738960296,291.4872437,267.4855347,0.001402340829,0.2003343999,1,1,0.9989432693,1.251458287,-0.005029165652,0.005580690689,0,0,0
chernobyl_modern_pwr,,40.70000076,0.1807120293,0.1743770242,291.5652466,267.4927979,0.001400256064,0.2000365704,1,1,0.9989408851,1.251461387,-0.005029227585,0.005591986235,0,0,0
chernobyl_modern_pwr,,40.79999924,0.1812140346,0.1748572141,291.6434326,267.500061,0.001398167107,0.1997381449,1,1,0.9989385605,1.251464486,-0.005029289518,0.005603296217,0,0,0
chernobyl_modern_pwr,,40.89999771,0.1817148626,0.1753363013,291.7218018,267.5073547,0.001396074891,0.1994392574,1,1,0.9989361763,1.251467466,-0.005029349122,0.005614621099,0,0,0
chernobyl_modern_pwr,,41,0.182214871,0.1758146584,291.8003845,267.514679,0.00139397569,0.1991393715,1,1,0.9989338517,1.251470566,-0.005029411055,0.005625960883,0,0,0
chernobyl_modern_pwr,,41.09999847,0.1827137917,0.1762920022,291.8791504,267.5220337,0.001391873229,0.1988390237,1,1,0.9989315271,1.251473546,-0.00502947066,0.005637314171,0,0,0
chernobyl_modern_pwr,,41.20000076,0.1832116544,0.1767683774,291.9580994,267.5293884,0.001389763784,0.1985376775,1,1,0.998929143,1.251476645,-0.005029532593,0.005648681428,0,0,0
chernobyl_modern_pwr,,41.29999924,0.1837084591,0.1772437543,292.037262,267.5368042,0.001387648284,0.1982354671,1,1,0.9989268184,1.251479745,-0.005029594991,0.005660063121,0,0,0
chernobyl_modern_pwr,,41.39999771,0.1842040718,0.1777180582,292.1165771,267.5441895,0.001385531854,0.1979331225,1,1,0.9989244938,1.251482725,-0.005029654596,0.005671457388,0,0,0
chernobyl_modern_pwr,,41.5,0.184698835,0.1781915873,292.196106,267.5516357,0.001383407041,0.197629571,1,1,0.9989221692,1.251485825,-0.005029716529,0.005682866089,0,0,0
chernobyl_modern_pwr,,41.59999847,0.1851924211,0.1786640137,292.2758179,267.5591125,0.001381279901,0.1973256916,1,1,0.9989198446,1.251488805,-0.005029776134,0.005694286432,0,0,0
chernobyl_modern_pwr,,41.70000076,0.1856849492,0.1791354567,292.3557129,267.5665894,0.001379146241,0.1970208883,1,1,0.9989174604,1.251491904,-0.005029838067,0.005705719814,0,0,0
chernobyl_modern_pwr,,41.79999924,0.1861763895,0.179605931,292.4357605,267.5740967,0.001377010252,0.1967157423,1,1,0.9989151359,1.251494884,-0.005029897671,0.005717165768,0,0,0
chernobyl_modern_pwr,,41.89999771,0.1866667718,0.1800753921,292.5160217,267.581604,0.001374868676,0.1964098066,1,1,0.9989128113,1.251497865,-0.005029957276,0.00572862383,0,0,0
chernobyl_modern_pwr,,42,0.187156111,0.1805438995,292.5964355,267.5891724,0.001372721046,0.1961030066,1,1,0.9989104867,1.251500964,-0.005030019209,0.005740093533,0,0,0
chernobyl_modern_pwr,,42.09999847,0.1876441687,0.1810112298,292.6770325,267.5967407,0.001370570622,0.1957958043,1,1,0.9989081621,1.251503944,-0.005030078813,0.005751575343,0,0,0
chernobyl_modern_pwr,,42.20000076,0.188131243,0.181477651,292.7578125,267.6043091,0.001368413679,0.1954876631,1,1,0.9989058375,1.251507044,-0.005030140746,0.005763067864,0,0,0
chernobyl_modern_pwr,,42.29999924,0.1886171252,0.1819429696,292.8387756,267.6119385,0.001366253477,0.1951790601,1,1,0.998903513,1.251510024,-0.005030200351,0.00577457156,0,0,0
chernobyl_modern_pwr,,42.39999771,0.189101994,0.1824073493,292.9198914,267.6195679,0.001364090014,0.1948699951,1,1,0.9989011884,1.251513004,-0.005030259956,0.005786086433,0,0,0
chernobyl_modern_pwr,,42.5,0.189585641,0.1828705966,293.0011902,267.6272278,0.00136192143,0.1945602,1,1,0.9988988638,1.251515985,-0.00503031956,0.005797611549,0,0,0
chernobyl_modern_pwr,,42.59999847,0.19006823,0.1833328754,293.0826416,267.6348877,0.001359746326,0.1942494661,1,1,0.9988965392,1.251519084,-0.005030381493,0.005809146445,0,0,0
chernobyl_modern_pwr,,42.70000076,0.1905495226,0.1837939471,293.1642761,267.6426086,0.001357568428,0.1939383447,1,1,0.9988942146,1.251522064,-0.005030441098,0.005820692517,0,0,0
chernobyl_modern_pwr,,42.79999924,0.191029802,0.1842540801,293.2460632,267.6503296,0.00135538727,0.1936267465,1,1,0.99889189,1.251525044,-0.005030500703,0.005832247436,0,0,0
chernobyl_modern_pwr,,42.89999771,0.1915089041,0.1847131401,293.3280029,267.6580505,0.001353201922,0.1933145523,1,1,0.9988895655,1.251528025,-0.005030560307,0.0058438126,0,0,0
chernobyl_modern_pwr,,43,0.1919867843,0.1851710379,293.4101257,267.665802,0.001351011451,0.1930016279,1,1,0.9988872409,1.251531005,-0.005030619912,0.005855386145,0,0,0
chernobyl_modern_pwr,,43.09999847,0.1924635619,0.1856279373,293.4924011,267.673584,0.001348814927,0.1926878393,1,1,0.9988849163,1.251534104,-0.005030681845,0.00586696947,0,0,0
chernobyl_modern_pwr,,43.20000076,0.1929390579,0.1860836446,293.5748291,267.6813965,0.00134661654,0.1923737824,1,1,0.9988826513,1.251537085,-0.005030741449,0.005878561176,0,0,0
chernobyl_modern_pwr,,43.29999924,0.1934134066,0.1865382791,293.6574097,267.689209,0.001344414428,0.192059204,1,1,0.9988803267,1.251540065,-0.005030801054,0.005890160799,0,0,0
chernobyl_modern_pwr,,43.39999771,0.1938866675,0.1869919151,293.7401428,267.697052,0.001342208125,0.1917440146,1,1,0.9988780022,1.251543045,-0.005030860659,0.005901769735,0,0,0
chernobyl_modern_pwr,,43.5,0.1943586171,0.1874443442,293.8230286,267.7049255,0.001339997631,0.1914282292,1,1,0.9988756776,1.251546025,-0.005030920263,0.005913386587,0,0,0
chernobyl_modern_pwr,,43.59999847,0.1948294491,0.1878957301,293.9060974,267.7127991,0.00133778248,0.1911117733,1,1,0.9988734126,1.251549006,-0.005030979868,0.005925010424,0,0,0
chernobyl_modern_pwr,,43.70000076,0.1952989846,0.1883458942,293.9892883,267.7207031,0.001335564069,0.1907948554,1,1,0.998871088,1.251551986,-0.005031039473,0.005936641712,0,0,0
chernobyl_modern_pwr,,43.79999924,0.1957673579,0.1887949854,294.0726318,267.7286072,0.001333341934,0.1904774159,1,1,0.9988687634,1.251554966,-0.005031099077,0.005948280916,0,0,0
chernobyl_modern_pwr,,43.89999771,0.196234569,0.1892430186,294.1561279,267.7365417,0.001331115607,0.1901593655,1,1,0.9988664985,1.251557946,-0.005031158682,0.005959926173,0,0,0
chernobyl_modern_pwr,,44,0.196700424,0.1896897852,294.2397461,267.7445068,0.001328885555,0.1898407936,1,1,0.9988641739,1.251560926,-0.005031218287,0.005971579347,0,0,0
chernobyl_modern_pwr,,44.09999847,0.1971650571,0.1901354045,294.3235474,267.7524719,0.001326651312,0.1895216107,1,1,0.9988618493,1.251563907,-0.005031277891,0.005983238108,0,0,0
chernobyl_modern_pwr,,44.20000076,0.1976285726,0.1905799955,294.4074402,267.7604675,0.001324416604,0.1892023683,1,1,0.9988595843,1.251566768,-0.005031335168,0.005994903389,0,0,0
chernobyl_modern_pwr,,44.29999924,0.1980908066,0.1910233796,294.4915161,267.7684631,0.001322175842,0.1888822615,1,1,0.9988572598,1.251569748,-0.005031394772,0.006006574724,0,0,0
chernobyl_modern_pwr,,44.39999771,0.1985516995,0.1914655417,294.5757141,267.7764893,0.001319930423,0.1885614842,1,1,0.9988549948,1.251572728,-0.005031454377,0.006018251646,0,0,0
chernobyl_modern_pwr,,44.5,0.1990114152,0.1919066012,294.6600647,267.7845459,0.001317681745,0.188240245,1,1,0.9988526702,1.251575708,-0.005031513982,0.006029933691,0,0,0
chernobyl_modern_pwr,,44.59999847,0.1994697899,0.192346409,294.7445068,267.7926025,0.001315430272,0.1879186034,1,1,0.9988504052,1.251578689,-0.005031573586,0.006041621324,0,0,0
chernobyl_modern_pwr,,44.70000076,0.1999269277,0.1927850693,294.8291321,267.8006897,0.001313176937,0.1875966936,1,1,0.9988480806,1.25158155,-0.005031630863,0.006053314079,0,0,0
chernobyl_modern_pwr,,44.79999924,0.2003828883,0.193222627,294.9138489,267.8087769,0.00131091848,0.1872740686,1,1,0.9988458157,1.25158453,-0.005031690467,0.006065011024,0,0,0
chernobyl_modern_pwr,,44.89999771,0.2008374184,0.1936588585,294.9987183,267.8168945,0.001308655832,0.1869508326,1,1,0.9988434911,1.25158751,-0.005031750072,0.006076713093,0,0,0
chernobyl_modern_pwr,,45,0.2012908012,0.194094032,295.0837097,267.8250427,0.001306389924,0.1866271198,1,1,0.9988412261,1.25159049,-0.005031809676,0.006088419817,0,0,0
chernobyl_modern_pwr,,45.09999847,0.2017427981,0.1945279092,295.1688538,267.8331909,0.001304122619,0.1863032281,1,1,0.9988389015,1.251593351,-0.005031866953,0.006100129336,0,0,0
chernobyl_modern_pwr,,45.20000076,0.2021934986,0.1949605793,295.2540894,267.8413391,0.001301850658,0.1859786659,1,1,0.9988366365,1.251596332,-0.005031926557,0.006111843046,0,0,0
chernobyl_modern_pwr,,45.29999924,0.2026429027,0.1953920275,295.339447,267.8495178,0.001299577765,0.1856539547,1,1,0.9988343716,1.251599193,-0.005031983834,0.006123560481,0,0,0
chernobyl_modern_pwr,,45.39999771,0.2030911446,0.1958224177,295.4249573,267.8577271,0.001297298353,0.1853283346,1,1,0.998832047,1.251602173,-0.005032043438,0.00613528071,0,0,0
chernobyl_modern_pwr,,45.5,0.2035378069,0.1962513328,295.5105591,267.8659363,0.001295016147,0.1850022972,1,1,0.998829782,1.251605153,-0.005032103043,0.006147004664,0,0,0
chernobyl_modern_pwr,,45.59999847,0.2039832622,0.1966791004,295.596283,267.874176,0.001292733941,0.1846762747,1,1,0.998827517,1.251608014,-0.005032160319,0.006158730946,0,0,0
chernobyl_modern_pwr,,45.69999695,0.2044276595,0.1971058995,295.6821289,267.8824158,0.001290445682,0.184349373,1,1,0.9988251925,1.251610994,-0.005032219924,0.006170459557,0,0,0
chernobyl_modern_pwr,,45.79999924,0.2048703283,0.1975310892,295.7680969,267.890686,0.001288156491,0.1840223521,1,1,0.9988229275,1.251613855,-0.0050322772,0.006182190962,0,0,0
chernobyl_modern_pwr,,45.89999771,0.2053119689,0.1979553103,295.854187,267.8989563,0.001285861712,0.1836945266,1,1,0.9988206625,1.251616836,-0.005032336805,0.00619392423,0,0,0
chernobyl_modern_pwr,,46,0.2057520747,0.198378101,295.9403687,267.9072571,0.001283567399,0.1833667606,1,1,0.9988183975,1.251619697,-0.005032393616,0.00620565936,0,0,0
chernobyl_modern_pwr,,46.09999847,0.2061911225,0.1987999082,296.0266724,267.9155579,0.001281267032,0.1830381453,1,1,0.9988161325,1.251622677,-0.00503245322,0.006217395887,0,0,0
chernobyl_modern_pwr,,46.19999695,0.2066285312,0.1992201805,296.1130676,267.9238892,0.001278966665,0.1827095151,1,1,0.998813808,1.251625538,-0.005032510497,0.006229134277,0,0,0
chernobyl_modern_pwr,,46.29999924,0.2070645839,0.1996392012,296.199585,267.9322205,0.001276663039,0.1823804229,1,1,0.998811543,1.251628399,-0.005032567773,0.006240873132,0,0,0
chernobyl_modern_pwr,,46.39999771,0.2074994594,0.2000571191,296.2862244,267.9405823,0.001274353825,0.182050541,1,1,0.998809278,1.251631379,-0.005032627378,0.00625261385,0,0,0
chernobyl_modern_pwr,,46.5,0.2079326808,0.2004734874,296.3729553,267.9489441,0.00127204461,0.1817206591,1,1,0.998807013,1.25163424,-0.005032684654,0.006264354102,0,0,0
chernobyl_modern_pwr,,46.59999847,0.2083647698,0.2008887976,296.4597778,267.9573364,0.001269733068,0.1813904345,1,1,0.9988047481,1.251637101,-0.00503274193,0.006276095286,0,0,0
chernobyl_modern_pwr,,46.69999695,0.2087956071,0.2013029456,296.5466919,267.9657288,0.001267416403,0.1810594797,1,1,0.9988024831,1.251640081,-0.005032801535,0.00628783647,0,0,0
chernobyl_modern_pwr,,46.79999924,0.2092247903,0.201715529,296.633728,267.9741516,0.001265099272,0.1807284653,1,1,0.9988002181,1.251642942,-0.005032858811,0.006299577653,0,0,0
chernobyl_modern_pwr,,46.89999771,0.209652707,0.20212695,296.7208557,267.9825745,0.001262779813,0.1803971082,1,1,0.9987979531,1.251645803,-0.005032916088,0.006311318837,0,0,0
chernobyl_modern_pwr,,47,0.2100792825,0.2025371045,296.808075,267.9909973,0.001260455232,0.1800650209,1,1,0.9987956882,1.251648784,-0.005032975692,0.006323060021,0,0,0
chernobyl_modern_pwr,,47.09999847,0.2105043828,0.202945888,296.8953857,267.9994507,0.001258130651,0.1797329485,1,1,0.9987934232,1.251651645,-0.005033032969,0.006334799342,0,0,0
chernobyl_modern_pwr,,47.19999695,0.2109282017,0.2033534795,296.9827881,268.0079346,0.001255803742,0.1794005334,1,1,0.9987911582,1.251654506,-0.005033089779,0.006346537732,0,0,0
chernobyl_modern_pwr,,47.29999924,0.2113506198,0.2037597597,297.070282,268.0164185,0.001253474504,0.1790677756,1,1,0.9987888932,1.251657367,-0.005033147056,0.006358275656,0,0,0
chernobyl_modern_pwr,,47.39999771,0.2117715925,0.2041646838,297.1578674,268.0249023,0.001251142938,0.1787347049,1,1,0.9987866282,1.251660228,-0.005033204332,0.006370011717,0,0,0
chernobyl_modern_pwr,,47.5,0.2121911496,0.2045682818,297.2455444,268.0334167,0.001248808578,0.1784012169,1,1,0.9987843633,1.251663089,-0.005033261608,0.006381746382,0,0,0
chernobyl_modern_pwr,,47.59999847,0.2126093358,0.2049705982,297.333313,268.0419312,0.001246469561,0.1780670732,1,1,0.9987821579,1.251666069,-0.005033321213,0.006393479183,0,0,0
chernobyl_modern_pwr,,47.69999695,0.2130260766,0.2053715587,297.4211731,268.0504456,0.001244130544,0.1777329296,1,1,0.9987798929,1.25166893,-0.005033378489,0.006405209191,0,0,0
chernobyl_modern_pwr,,47.79999924,0.2134413868,0.2057711929,297.5090942,268.0589905,0.001241789665,0.1773985177,1,1,0.9987776279,1.251671791,-0.005033435766,0.006416938268,0,0,0
chernobyl_modern_pwr,,47.89999771,0.2138553113,0.2061695158,297.5971069,268.0675659,0.001239445992,0.1770637035,1,1,0.998775363,1.251674652,-0.005033493042,0.006428663619,0,0,0
chernobyl_modern_pwr,,48,0.2142678499,0.2065665573,297.6851807,268.0761414,0.001237101387,0.1767287701,1,1,0.998773098,1.251677513,-0.005033550318,0.006440386176,0,0,0
chernobyl_modern_pwr,,48.09999847,0.2146789432,0.2069622427,297.7733459,268.0847168,0.001234754454,0.176393494,1,1,0.998770833,1.251680374,-0.005033607595,0.006452106871,0,0,0
chernobyl_modern_pwr,,48.19999695,0.215088591,0.2073565722,297.8616028,268.0932922,0.001232405193,0.1760578752,1,1,0.9987686276,1.251683235,-0.005033664405,0.006463823374,0,0,0
chernobyl_modern_pwr,,48.29999924,0.2154968381,0.2077495903,297.9499207,268.1018982,0.001230054069,0.175722003,1,1,0.9987663627,1.251686096,-0.005033721682,0.006475536618,0,0,0
chernobyl_modern_pwr,,48.39999771,0.2159036249,0.2081412375,298.0383301,268.1105347,0.001227700152,0.1753857285,1,1,0.9987640977,1.251688957,-0.005033778958,0.006487246603,0,0,0
chernobyl_modern_pwr,,48.5,0.2163089663,0.2085315287,298.12677,268.1191406,0.001225345768,0.1750493944,1,1,0.9987618923,1.251691818,-0.005033836234,0.006498952396,0,0,0
chernobyl_modern_pwr,,48.59999847,0.2167128623,0.2089204788,298.215332,268.1277771,0.001222988125,0.1747125834,1,1,0.9987596273,1.251694679,-0.005033893511,0.006510653533,0,0,0
chernobyl_modern_pwr,,48.69999695,0.2171153128,0.209308058,298.3039246,268.1364441,0.001220631413,0.1743759066,1,1,0.9987573624,1.251697421,-0.005033948459,0.00652235141,0,0,0
chernobyl_modern_pwr,,48.79999924,0.2175163776,0.2096943408,298.3925781,268.1450806,0.001218271907,0.1740388423,1,1,0.998755157,1.251700282,-0.005034005735,0.006534044631,0,0,0
chernobyl_modern_pwr,,48.89999771,0.2179159224,0.210079208,298.4813232,268.1537781,0.001215909142,0.1737013012,1,1,0.998752892,1.251703143,-0.005034062546,0.006545732729,0,0,0
chernobyl_modern_pwr,,49,0.2183140665,0.2104627639,298.5701294,268.1624451,0.001213545445,0.173363626,1,1,0.998750627,1.251706004,-0.005034119822,0.006557416171,0,0,0
chernobyl_modern_pwr,,49.09999847,0.2187107205,0.2108449042,298.6589966,268.1711426,0.00121117942,0.173025623,1,1,0.9987484217,1.251708865,-0.005034177098,0.006569094025,0,0,0
chernobyl_modern_pwr,,49.19999695,0.2191058993,0.2112256885,298.7479248,268.1798401,0.001208811533,0.1726873517,1,1,0.9987461567,1.251711726,-0.005034234375,0.006580767222,0,0,0
chernobyl_modern_pwr,,49.29999924,0.2194996029,0.211605072,298.8368835,268.1885376,0.001206445973,0.1723494232,1,1,0.9987439513,1.251714468,-0.005034289323,0.0065924339,0,0,0
chernobyl_modern_pwr,,49.39999771,0.2198919654,0.211983189,298.9259338,268.1972656,0.001204074826,0.17201069,1,1,0.9987416863,1.251717329,-0.005034346599,0.006604095921,0,0,0
chernobyl_modern_pwr,,49.5,0.2202827483,0.2123598456,299.0150146,268.2059937,0.001201703679,0.1716719419,1,1,0.998739481,1.25172019,-0.005034403875,0.006615750957,0,0,0
chernobyl_modern_pwr,,49.59999847,0.2206720561,0.2127351016,299.104187,268.2147522,0.001199330203,0.1713328809,1,1,0.998737216,1.251723051,-0.005034460686,0.006627400406,0,0,0
chernobyl_modern_pwr,,49.69999695,0.2210599035,0.2131090015,299.1933899,268.2234802,0.001196957659,0.170993939,1,1,0.9987350106,1.251725793,-0.005034515634,0.006639043801,0,0,0
chernobyl_modern_pwr,,49.79999924,0.22144638,0.2134816051,299.2826233,268.2322388,0.001194581855,0.1706545502,1,1,0.9987327456,1.251728654,-0.005034572911,0.006650679745,0,0,0
chernobyl_modern_pwr,,49.89999771,0.2218312621,0.2138527185,299.3719482,268.2410278,0.001192203257,0.1703147441,1,1,0.9987305403,1.251731515,-0.005034630187,0.00666230917,0,0,0
chernobyl_modern_pwr,,50,0.2222146541,0.2142224163,299.4613037,268.2497864,0.001189826988,0.1699752808,1,1,0.9987283349,1.251734257,-0.005034685135,0.006673932076,0,0,0
chernobyl_modern_pwr,,50.09999847,0.2225966305,0.2145908028,299.5506897,268.2585754,0.001187447459,0.1696353406,1,1,0.9987260699,1.251737118,-0.005034742411,0.006685546599,0,0,0
chernobyl_modern_pwr,,50.19999695,0.2229771316,0.2149577886,299.6401367,268.267395,0.001185068395,0.1692954749,1,1,0.9987238646,1.25173986,-0.005034796894,0.006697154604,0,0,0
chernobyl_modern_pwr,,50.29999924,0.2233562171,0.2153234631,299.7296143,268.2761841,0.001182686072,0.1689551473,1,1,0.9987216592,1.251742721,-0.00503485417,0.006708755158,0,0,0
chernobyl_modern_pwr,,50.39999771,0.2237336934,0.2156876177,299.8191528,268.2850037,0.001180302352,0.168614611,1,1,0.9987193942,1.251745582,-0.005034911446,0.00672034733,0,0,0
chernobyl_modern_pwr,,50.5,0.2241096497,0.2160503417,299.9087219,268.2938232,0.001177920494,0.1682743579,1,1,0.9987171888,1.251748323,-0.005034966394,0.006731932051,0,0,0
chernobyl_modern_pwr,,50.59999847,0.2244842201,0.2164117694,299.9983215,268.3026428,0.001175534446,0.1679334939,1,1,0.9987149835,1.251751184,-0.005035023671,0.006743507925,0,0,0
chernobyl_modern_pwr,,50.69999695,0.2248572111,0.2167717069,300.0879822,268.3114624,0.00117315026,0.1675928831,1,1,0.9987127185,1.251753926,-0.005035078619,0.006755075417,0,0,0
chernobyl_modern_pwr,,50.79999924,0.2252288163,0.2171303481,300.1776428,268.3203125,0.00117076328,0.1672518849,1,1,0.9987105131,1.251756787,-0.005035135429,0.006766634528,0,0,0
chernobyl_modern_pwr,,50.89999771,0.2255988121,0.2174874693,300.2673645,268.3291626,0.001168376766,0.1669109613,1,1,0.9987083077,1.251759529,-0.005035190377,0.006778184325,0,0,0
chernobyl_modern_pwr,,51,0.2259674072,0.2178432941,300.3571167,268.3380127,0.001165989321,0.1665699035,1,1,0.9987061024,1.251762271,-0.005035245325,0.006789726205,0,0,0
chernobyl_modern_pwr,,51.09999847,0.2263344973,0.2181976885,300.4468994,268.3468933,0.001163598616,0.1662283689,1,1,0.9987038374,1.251765132,-0.005035302602,0.006801258307,0,0,0
chernobyl_modern_pwr,,51.19999695,0.2267000079,0.2185505927,300.5367126,268.3557739,0.001161209308,0.1658870429,1,1,0.998701632,1.251767874,-0.00503535755,0.006812781096,0,0,0
chernobyl_modern_pwr,,51.29999924,0.2270641625,0.2189022303,300.6265564,268.3646545,0.001158818137,0.1655454487,1,1,0.9986994267,1.251770735,-0.00503541436,0.006824294105,0,0,0
chernobyl_modern_pwr,,51.39999771,0.2274266332,0.2192522883,300.7164307,268.3735352,0.001156427432,0.165203914,1,1,0.9986972213,1.251773477,-0.005035469308,0.006835797336,0,0,0
chernobyl_modern_pwr,,51.5,0.2277877033,0.2196010053,300.8063049,268.3824158,0.001154036727,0.1648623794,1,1,0.9986950159,1.251776218,-0.005035524257,0.006847290788,0,0,0
chernobyl_modern_pwr,,51.59999847,0.2281473279,0.2199483961,300.8962402,268.3913269,0.001151641831,0.1645202637,1,1,0.9986928105,1.251779079,-0.005035581533,0.006858774461,0,0,0
chernobyl_modern_pwr,,51.69999695,0.2285052538,0.2202941477,300.9861755,268.4002075,0.001149249729,0.1641785204,1,1,0.9986906052,1.251781821,-0.005035636481,0.006870247424,0,0,0
chernobyl_modern_pwr,,51.79999924,0.2288618684,0.2206387073,301.0761414,268.4091187,0.001146857161,0.1638367325,1,1,0.9986883998,1.251784563,-0.005035690963,0.006881709211,0,0,0
chernobyl_modern_pwr,,51.89999771,0.2292169333,0.2209817767,301.1661072,268.4180603,0.001144461334,0.1634944677,1,1,0.9986861944,1.251787424,-0.00503574824,0.006893161684,0,0,0
chernobyl_modern_pwr,,52,0.2295704037,0.221323356,301.2561035,268.4269714,0.001142066903,0.1631524116,1,1,0.9986839294,1.251790166,-0.005035803188,0.006904602516,0,0,0
chernobyl_modern_pwr,,52.09999847,0.2299224585,0.2216636091,301.3461304,268.4358826,0.001139672473,0.1628103554,1,1,0.9986817241,1.251792908,-0.005035858136,0.006916032173,0,0,0
chernobyl_modern_pwr,,52.19999695,0.2302729487,0.222002387,301.4361572,268.4448242,0.001137277577,0.1624682248,1,1,0.9986795187,1.25179565,-0.005035913084,0.006927451119,0,0,0
chernobyl_modern_pwr,,52.29999924,0.2306220084,0.2223398238,301.5261841,268.4537659,0.001134880818,0.1621258259,1,1,0.9986773133,1.251798511,-0.005035969894,0.006938857958,0,0,0
chernobyl_modern_pwr,,52.39999771,0.2309694141,0.222675696,301.6162415,268.4627075,0.001132484991,0.1617835611,1,1,0.998675108,1.251801252,-0.005036024842,0.006950254086,0,0,0
chernobyl_modern_pwr,,52.5,0.231315434,0.2230102569,301.7062988,268.4716492,0.001130089164,0.1614413112,1,1,0.9986729622,1.251803994,-0.00503607979,0.006961637642,0,0,0
chernobyl_modern_pwr,,52.59999847,0.2316598594,0.2233433276,301.7963867,268.4806213,0.001127691939,0.1610988379,1,1,0.9986707568,1.251806736,-0.005036134738,0.006973009557,0,0,0
chernobyl_modern_pwr,,52.69999695,0.232002914,0.2236750871,301.8864746,268.489563,0.001125296112,0.160756588,1,1,0.9986685514,1.251809478,-0.005036189221,0.006984368898,0,0,0
chernobyl_modern_pwr,,52.79999924,0.2323443592,0.2240053564,301.9765625,268.4985352,0.001122898888,0.1604141146,1,1,0.9986663461,1.25181222,-0.005036244169,0.006995716598,0,0,0
chernobyl_modern_pwr,,52.89999771,0.2326843292,0.2243342102,302.0666504,268.5075073,0.001120502595,0.1600717902,1,1,0.9986641407,1.251814961,-0.005036299117,0.007007051725,0,0,0
chernobyl_modern_pwr,,53,0.2330227792,0.2246616483,302.1567688,268.5164795,0.001118102111,0.1597288698,1,1,0.9986619353,1.251817822,-0.005036356393,0.007018373348,0,0,0
chernobyl_modern_pwr,,53.09999847,0.2333595753,0.2249875367,302.2468567,268.5254517,0.001115705352,0.1593864709,1,1,0.99865973,1.251820564,-0.005036411341,0.007029682864,0,0,0
chernobyl_modern_pwr,,53.19999695,0.2336950153,0.2253121287,302.3369446,268.5344238,0.001113309059,0.1590441465,1,1,0.9986575246,1.251823306,-0.005036465824,0.007040979806,0,0,0
chernobyl_modern_pwr,,53.29999924,0.2340289205,0.2256352752,302.427063,268.543396,0.001110911369,0.1587016135,1,1,0.9986553192,1.251826048,-0.005036520772,0.007052262779,0,0,0
chernobyl_modern_pwr,,53.39999771,0.2343613058,0.2259570062,302.5171509,268.5523987,0.001108514145,0.1583591551,1,1,0.9986531734,1.25182879,-0.00503657572,0.007063533179,0,0,0
chernobyl_modern_pwr,,53.5,0.2346921265,0.2262772322,302.6072388,268.5613708,0.001106117386,0.1580167711,1,1,0.9986509681,1.251831532,-0.005036630668,0.00707478961,0,0,0
chernobyl_modern_pwr,,53.59999847,0.2350215018,0.2265961319,302.6973267,268.5703735,0.001103720628,0.1576743722,1,1,0.9986487627,1.251834273,-0.00503668515,0.00708603207,0,0,0
chernobyl_modern_pwr,,53.69999695,0.2353493422,0.2269135416,302.7874146,268.5793762,0.001101323403,0.1573319137,1,1,0.9986465573,1.251837015,-0.005036740098,0.007097261492,0,0,0
chernobyl_modern_pwr,,53.79999924,0.2356757224,0.2272296101,302.8775024,268.5883789,0.001098926179,0.1569894552,1,1,0.9986444116,1.251839757,-0.005036795046,0.007108476479,0,0,0
chernobyl_modern_pwr,,53.89999771,0.2360004783,0.227544114,302.9675598,268.5973816,0.001096529886,0.1566471159,1,1,0.9986422062,1.251842499,-0.005036849994,0.00711967703,0,0,0
chernobyl_modern_pwr,,54,0.2363238037,0.2278572917,303.0576172,268.6063843,0.001094133593,0.1563047916,1,1,0.9986400008,1.251845241,-0.005036904477,0.007130864076,0,0,0
chernobyl_modern_pwr,,54.09999847,0.2366456091,0.2281690389,303.1476746,268.615387,0.001091740094,0.1559628695,1,1,0.9986377954,1.251847863,-0.005036957096,0.007142036222,0,0,0
chernobyl_modern_pwr,,54.19999695,0.2369660586,0.2284795046,303.2377014,268.6243896,0.001089344267,0.1556206048,1,1,0.9986356497,1.251850605,-0.005037012044,0.007153193466,0,0,0
chernobyl_modern_pwr,,54.29999924,0.2372847944,0.2287883461,303.3277283,268.6333923,0.001086948439,0.15527834,1,1,0.9986334443,1.251853347,-0.005037066992,0.007164336741,0,0,0
chernobyl_modern_pwr,,54.39999771,0.2376020849,0.2290958166,303.4177246,268.6424255,0.001084553543,0.1549362093,1,1,0.9986312389,1.251856089,-0.005037121475,0.007175463717,0,0,0
chernobyl_modern_pwr,,54.5,0.2379178703,0.2294018716,303.5077209,268.6514282,0.001082159113,0.1545941532,1,1,0.9986290932,1.25185883,-0.005037176423,0.007186576724,0,0,0
chernobyl_modern_pwr,,54.59999847,0.2382321358,0.229706496,303.5976868,268.6604614,0.001079764683,0.154252097,1,1,0.9986268878,1.251861572,-0.005037231371,0.007197673898,0,0,0
chernobyl_modern_pwr,,54.69999695,0.2385448962,0.2300096899,303.6876221,268.6694641,0.001077371184,0.1539101601,1,1,0.998624742,1.251864314,-0.005037286319,0.007208756171,0,0,0
chernobyl_modern_pwr,,54.79999924,0.238856107,0.2303114235,303.7775574,268.6784973,0.001074980479,0.1535686404,1,1,0.9986225367,1.251866937,-0.005037338473,0.007219822612,0,0,0
chernobyl_modern_pwr,,54.89999771,0.2391659915,0.2306119204,303.8674622,268.6875,0.001072587911,0.1532268375,1,1,0.9986203313,1.251869678,-0.005037393421,0.00723087322,0,0,0
chernobyl_modern_pwr,,55,0.2394741923,0.2309108078,303.9573364,268.6965332,0.001070195809,0.1528851092,1,1,0.9986181855,1.25187242,-0.005037448369,0.007241907995,0,0,0
chernobyl_modern_pwr,,55.09999847,0.2397809178,0.2312083095,304.0471802,268.7055664,0.001067804638,0.152543515,1,1,0.9986159801,1.251875162,-0.005037503317,0.007252926938,0,0,0
chernobyl_modern_pwr,,55.19999695,0.2400861382,0.2315043807,304.1369934,268.7145996,0.001065416727,0.1522023827,1,1,0.9986138344,1.251877785,-0.005037555471,0.007263929583,0,0,0
chernobyl_modern_pwr,,55.29999924,0.2403900176,0.2317991853,304.2268066,268.7236023,0.001063026022,0.151860863,1,1,0.998611629,1.251880527,-0.005037610419,0.00727491593,0,0,0
chernobyl_modern_pwr,,55.39999771,0.2406922579,0.2320924699,304.3165894,268.7326355,0.001060636248,0.1515194625,1,1,0.9986094832,1.251883268,-0.005037665367,0.007285886444,0,0,0
chernobyl_modern_pwr,,55.5,0.2409930229,0.232384339,304.406311,268.7416687,0.001058250666,0.151178658,1,1,0.9986072779,1.251885891,-0.005037717521,0.007296839729,0,0,0
chernobyl_modern_pwr,,55.59999847,0.2412923723,0.2326748669,304.4960327,268.7507019,0.001055862289,0.1508374661,1,1,0.9986051321,1.251888633,-0.005037772469,0.00730777625,0,0,0
chernobyl_modern_pwr,,55.69999695,0.2415900975,0.2329638451,304.5856934,268.7597351,0.001053475309,0.1504964679,1,1,0.9986029267,1.251891375,-0.005037827417,0.007318696007,0,0,0
chernobyl_modern_pwr,,55.79999924,0.2418863773,0.2332514822,304.675354,268.7687378,0.001051091589,0.1501559317,1,1,0.998600781,1.251893997,-0.005037880037,0.007329599001,0,0,0
chernobyl_modern_pwr,,55.89999771,0.2421812266,0.2335377634,304.7649536,268.777771,0.001048706472,0.1498152018,1,1,0.9985985756,1.251896739,-0.005037934519,0.007340484299,0,0,0
chernobyl_modern_pwr,,56,0.2424745262,0.2338225693,304.8545227,268.7868042,0.001046322286,0.1494746059,1,1,0.9985964298,1.251899481,-0.005037989467,0.007351352833,0,0,0
chernobyl_modern_pwr,automatic_scram,56,0.2424745262,0.2338225693,304.8545227,268.7868042,-0.1022703499,-14.61004925,0,0,0.9985964298,1.251899481,-0.005037989467,0.007351352833,0,1,0
chernobyl_modern_pwr,,56.09999847,0.01263103075,0.01911889762,304.7305298,268.7954102,-0.1022674143,-14.60963058,0,0,0.9985936284,1.251903534,-0.005038070492,0.007321516052,0,1,0
chernobyl_modern_pwr,,56.19999695,0.01212227158,0.01861387305,304.605896,268.8031921,-0.1022644565,-14.60920715,0,0,0.9985907674,1.251907587,-0.005038151518,0.007291671354,0,1,0
chernobyl_modern_pwr,,56.29999924,0.0116726011,0.018164156,304.4813538,268.8101807,-0.1022614986,-14.60878468,0,0,0.998587966,1.25191164,-0.005038232543,0.007261946332,0,1,0
chernobyl_modern_pwr,,56.39999771,0.01126991957,0.01775845513,304.3568726,268.8164368,-0.1022585258,-14.60836029,0,0,0.9985851049,1.251915693,-0.005038313568,0.007232349366,0,1,0
chernobyl_modern_pwr,,56.5,0.01090529282,0.01738842949,304.2325439,268.8219299,-0.102255553,-14.60793591,0,0,0.9985823035,1.251919746,-0.005038394593,0.007202886976,0,1,0
chernobyl_modern_pwr,,56.59999847,0.01057201624,0.0170478262,304.1083679,268.8267212,-0.1022525728,-14.60750961,0,0,0.9985794425,1.2519238,-0.005038476083,0.007173563354,0,1,0
chernobyl_modern_pwr,,56.69999695,0.01026498247,0.01673187874,303.9844055,268.8308411,-0.1022496,-14.60708523,0,0,0.9985765815,1.251927853,-0.005038557108,0.007144384552,0,1,0
chernobyl_modern_pwr,,56.79999924,0.009980237111,0.01643689349,303.8606262,268.8343201,-0.1022466198,-14.60665989,0,0,0.9985737801,1.251931906,-0.005038638134,0.007115351968,0,1,0
chernobyl_modern_pwr,,56.89999771,0.00971466396,0.01615996473,303.7370605,268.8371887,-0.102243647,-14.60623455,0,0,0.998570919,1.251936078,-0.005038721487,0.007086469326,0,1,0
chernobyl_modern_pwr,,57,0.009465776384,0.01589877345,303.613739,268.839447,-0.1022406667,-14.60580921,0,0,0.9985681176,1.251940131,-0.005038802512,0.00705773849,0,1,0
chernobyl_modern_pwr,,57.09999847,0.009231545962,0.01565142721,303.4906616,268.841156,-0.1022376865,-14.60538292,0,0,0.9985652566,1.251944184,-0.005038883537,0.007029162254,0,1,0
chernobyl_modern_pwr,,57.19999695,0.009010308422,0.01541636791,303.3678589,268.8422852,-0.1022347063,-14.60495758,0,0,0.9985623956,1.251948237,-0.005038964562,0.007000739686,0,1,0
chernobyl_modern_pwr,,57.29999924,0.008800670505,0.01519230008,303.2453003,268.8428955,-0.1022317335,-14.6045332,0,0,0.9985595942,1.251952291,-0.005039045587,0.006972474046,0,1,0
chernobyl_modern_pwr,,57.39999771,0.008601462469,0.01497813128,303.1230164,268.8430176,-0.1022287607,-14.60410786,0,0,0.9985567331,1.251956463,-0.005039128941,0.006944364868,0,1,0
chernobyl_modern_pwr,,57.5,0.008411682211,0.01477292459,303.0010071,268.8426514,-0.1022257879,-14.60368347,0,0,0.9985538721,1.251960516,-0.005039210431,0.006916413084,0,1,0
chernobyl_modern_pwr,,57.59999847,0.008230471984,0.01457588002,302.879303,268.8418274,-0.1022228152,-14.60325909,0,0,0.9985510707,1.251964569,-0.005039291456,0.006888619624,0,1,0
chernobyl_modern_pwr,,57.69999695,0.008057089522,0.01438630559,302.7578735,268.8405457,-0.1022198498,-14.60283566,0,0,0.9985482097,1.251968622,-0.005039372481,0.006860984489,0,1,0
chernobyl_modern_pwr,,57.79999924,0.007890887558,0.01420359779,302.6367493,268.8388367,-0.1022168845,-14.60241127,0,0,0.9985453486,1.251972795,-0.005039455835,0.006833508611,0,1,0
chernobyl_modern_pwr,,57.89999771,0.007731299847,0.01402722485,302.5158997,268.836731,-0.1022139266,-14.60198879,0,0,0.9985425472,1.251976848,-0.00503953686,0.006806191057,0,1,0
chernobyl_modern_pwr,,58,0.007577825803,0.01385672204,302.3953552,268.8342285,-0.1022109687,-14.60156631,0,0,0.9985396862,1.251980901,-0.005039617885,0.006779032759,0,1,0
chernobyl_modern_pwr,,58.09999847,0.007430025376,0.01369167678,302.275116,268.8313599,-0.1022080183,-14.60114479,0,0,0.9985368252,1.251984954,-0.00503969891,0.006752032787,0,1,0
chernobyl_modern_pwr,,58.19999695,0.007287506945,0.01353172306,302.1551819,268.828125,-0.1022050679,-14.60072327,0,0,0.9985339642,1.251989126,-0.005039782263,0.006725191604,0,1,0
chernobyl_modern_pwr,,58.29999924,0.007149924524,0.01337653771,302.0355835,268.8245239,-0.1022021249,-14.6003027,0,0,0.9985311627,1.251993179,-0.005039863288,0.006698508747,0,1,0
chernobyl_modern_pwr,,58.39999771,0.007016964257,0.01322582923,301.9162598,268.8206177,-0.1021991819,-14.59988308,0,0,0.9985283017,1.251997232,-0.005039944313,0.006671984214,0,1,0
chernobyl_modern_pwr,,58.5,0.00688834535,0.01307933219,301.7972717,268.8164062,-0.1021962464,-14.59946346,0,0,0.9985254407,1.252001405,-0.005040028132,0.006645618007,0,1,0
chernobyl_modern_pwr,,58.59999847,0.006763820071,0.01293681655,301.6785583,268.8118896,-0.1021933183,-14.5990448,0,0,0.9985225797,1.252005458,-0.005040109158,0.006619408727,0,1,0
chernobyl_modern_pwr,,58.69999695,0.006643158384,0.01279806718,301.5602112,268.8070679,-0.1021903902,-14.59862709,0,0,0.9985197783,1.252009511,-0.005040190183,0.00659335684,0,1,0
chernobyl_modern_pwr,,58.79999924,0.006526154466,0.01266288944,301.4421387,268.8019714,-0.1021874696,-14.59820938,0,0,0.9985169172,1.252013564,-0.005040271208,0.006567461416,0,1,0
chernobyl_modern_pwr,,58.89999771,0.006412625313,0.01253111474,301.3244019,268.7966309,-0.1021845564,-14.59779358,0,0,0.9985140562,1.252017736,-0.005040354561,0.00654172292,0,1,0
chernobyl_modern_pwr,,59,0.006302396767,0.01240257919,301.2069702,268.7910156,-0.1021816432,-14.59737682,0,0,0.9985111952,1.25202179,-0.005040435586,0.006516139954,0,1,0
chernobyl_modern_pwr,,59.09999847,0.006195314694,0.01227713656,301.0898743,268.7851562,-0.1021787375,-14.59696198,0,0,0.9985083938,1.252025843,-0.005040516611,0.00649071252,0,1,0
chernobyl_modern_pwr,,59.19999695,0.00609123474,0.01215465367,300.9730835,268.7790833,-0.1021758467,-14.59654903,0,0,0.9985055327,1.252030015,-0.005040599965,0.006465439685,0,1,0
chernobyl_modern_pwr,,59.29999924,0.00599002745,0.01203500666,300.8566284,268.7727966,-0.1021729484,-14.59613514,0,0,0.9985026717,1.252034068,-0.005040681455,0.006440320984,0,1,0
chernobyl_modern_pwr,,59.39999771,0.005891570356,0.01191808283,300.740509,268.7662659,-0.102170065,-14.59572315,0,0,0.9984998107,1.25203824,-0.005040764809,0.006415355951,0,1,0
chernobyl_modern_pwr,,59.5,0.005795752164,0.01180377789,300.6246643,268.759552,-0.1021671891,-14.59531212,0,0,0.9984969497,1.252042294,-0.005040845834,0.006390544586,0,1,0
chernobyl_modern_pwr,,59.59999847,0.00570246717,0.01169198938,300.5091858,268.752655,-0.1021643132,-14.59490108,0,0,0.9984941483,1.252046347,-0.005040926859,0.006365885027,0,1,0
chernobyl_modern_pwr,,59.69999695,0.005611619446,0.01158262976,300.3940125,268.745575,-0.1021614447,-14.59449196,0,0,0.9984912872,1.252050519,-0.005041010212,0.006341377273,0,1,0
chernobyl_modern_pwr,,59.79999924,0.005523116328,0.01147561148,300.2791748,268.7383118,-0.1021585763,-14.59408188,0,0,0.9984884262,1.252054572,-0.005041091237,0.006317021325,0,1,0
chernobyl_modern_pwr,,59.89999771,0.005436876323,0.01137085818,300.1646423,268.7308655,-0.1021557227,-14.59367466,0,0,0.9984855652,1.252058625,-0.005041172262,0.006292815786,0,1,0
chernobyl_modern_pwr,,60,0.00535281701,0.01126829069,300.0504456,268.7232971,-0.1021528766,-14.59326744,0,0,0.9984827042,1.252062798,-0.005041255616,0.006268759724,0,1,0
chernobyl_modern_pwr,,60.09999847,0.005270864349,0.01116784103,299.936554,268.7155457,-0.1021500304,-14.59286118,0,0,0.9984799027,1.252066851,-0.005041337106,0.006244853605,0,1,0
chernobyl_modern_pwr,,60.19999695,0.005190946627,0.01106943935,299.822998,268.7076721,-0.1021471992,-14.59245682,0,0,0.9984770417,1.252071023,-0.00504142046,0.0062210951,0,1,0
chernobyl_modern_pwr,,60.29999924,0.005112996791,0.01097302511,299.7097778,268.699646,-0.102144368,-14.59205246,0,0,0.9984741807,1.252075076,-0.005041501485,0.006197485607,0,1,0
chernobyl_modern_pwr,,60.39999771,0.005036951974,0.01087853685,299.5968628,268.6914978,-0.1021415442,-14.59164906,0,0,0.9984713197,1.252079129,-0.00504158251,0.006174023263,0,1,0
chernobyl_modern_pwr,,60.5,0.004962751642,0.01078591682,299.4842834,268.683197,-0.1021387279,-14.5912466,0,0,0.9984684587,1.252083302,-0.005041665863,0.006150707137,0,1,0
chernobyl_modern_pwr,,60.59999847,0.004890337121,0.01069511287,299.3720398,268.6748047,-0.102135919,-14.59084511,0,0,0.9984655976,1.252087355,-0.005041746888,0.006127537228,0,1,0
chernobyl_modern_pwr,,60.69999695,0.00481965486,0.01060607005,299.2601013,268.6662903,-0.1021331251,-14.59044552,0,0,0.9984627962,1.252091527,-0.005041830242,0.00610451214,0,1,0
chernobyl_modern_pwr,,60.79999924,0.00475065317,0.01051874273,299.1484985,268.6576843,-0.1021303236,-14.59004593,0,0,0.9984599352,1.25209558,-0.005041911267,0.006081632338,0,1,0
chernobyl_modern_pwr,,60.89999771,0.004683279432,0.01043307781,299.0372009,268.6489563,-0.1021275371,-14.58964729,0,0,0.9984570742,1.252099633,-0.005041992757,0.006058895029,0,1,0
chernobyl_modern_pwr,,61,0.004617488012,0.01034903526,298.926239,268.6401672,-0.1021247581,-14.58925056,0,0,0.9984542131,1.252103806,-0.005042076111,0.006036301609,0,1,0
chernobyl_modern_pwr,,61.09999847,0.004553231411,0.01026656851,298.8156128,268.6312561,-0.1021219864,-14.58885479,0,0,0.9984513521,1.252107859,-0.005042157136,0.006013850681,0,1,0
chernobyl_modern_pwr,,61.19999695,0.004490466323,0.01018563658,298.7052917,268.6222534,-0.1021192223,-14.58845997,0,0,0.9984484911,1.252112031,-0.005042240489,0.005991541315,0,1,0
chernobyl_modern_pwr,,61.29999924,0.004429148976,0.01010619756,298.5953064,268.6131897,-0.1021164656,-14.5880661,0,0,0.9984456301,1.252116084,-0.005042321514,0.005969372578,0,1,0
chernobyl_modern_pwr,,61.39999771,0.004369239323,0.01002821326,298.4856567,268.6040344,-0.1021137089,-14.58767223,0,0,0.9984428287,1.252120137,-0.005042402539,0.005947344005,0,1,0
chernobyl_modern_pwr,,61.5,0.00431069918,0.009951649234,298.3763123,268.5948181,-0.102110967,-14.58728027,0,0,0.9984399676,1.25212431,-0.005042485893,0.005925455596,0,1,0
chernobyl_modern_pwr,,61.59999847,0.004253487103,0.009876463562,298.2673035,268.5855103,-0.1021082252,-14.58688927,0,0,0.9984371066,1.252128363,-0.005042566918,0.005903705955,0,1,0
chernobyl_modern_pwr,,61.69999695,0.004197569098,0.009802622721,298.1586304,268.5761414,-0.1021054983,-14.58649921,0,0,0.9984342456,1.252132535,-0.005042650737,0.005882093217,0,1,0
chernobyl_modern_pwr,,61.79999924,0.004142907914,0.009730094112,298.0502625,268.5667419,-0.1021027863,-14.58611202,0,0,0.9984313846,1.252136588,-0.005042731762,0.005860618316,0,1,0
chernobyl_modern_pwr,,61.89999771,0.004089471418,0.009658847004,297.9421997,268.557251,-0.1021000668,-14.58572292,0,0,0.9984285235,1.25214076,-0.005042815115,0.005839280784,0,1,0
chernobyl_modern_pwr,,62,0.004037225153,0.009588846937,297.8345032,268.5477295,-0.1020973623,-14.58533669,0,0,0.9984256625,1.252144814,-0.00504289614,0.005818078294,0,1,0
chernobyl_modern_pwr,,62.09999847,0.003986137453,0.009520063177,297.7271118,268.538147,-0.1020946652,-14.5849514,0,0,0.9984228015,1.252148986,-0.005042979494,0.005797010846,0,1,0
chernobyl_modern_pwr,,62.19999695,0.003936176188,0.009452466853,297.6200256,268.5285034,-0.1020919681,-14.58456612,0,0,0.9984200001,1.252153039,-0.005043060519,0.00577607844,0,1,0
chernobyl_modern_pwr,,62.29999924,0.003887312254,0.009386029094,297.5132751,268.5188293,-0.1020892859,-14.58418369,0,0,0.9984171391,1.252157092,-0.005043141544,0.005755279213,0,1,0
chernobyl_modern_pwr,,62.39999771,0.003839516081,0.00932072103,297.4068298,268.5091248,-0.1020866111,-14.58380127,0,0,0.998414278,1.252161264,-0.005043225363,0.005734613165,0,1,0
chernobyl_modern_pwr,,62.5,0.003792759497,0.009256516583,297.3007202,268.4993591,-0.1020839438,-14.5834198,0,0,0.998411417,1.252165318,-0.005043306388,0.005714078899,0,1,0
chernobyl_modern_pwr,,62.59999847,0.00374701526,0.009193388745,297.1949463,268.4895935,-0.1020812839,-14.58304024,0,0,0.998408556,1.25216949,-0.005043389741,0.005693676416,0,1,0
chernobyl_modern_pwr,,62.69999695,0.003702256829,0.00913131237,297.0894775,268.4797668,-0.1020786315,-14.58266163,0,0,0.998405695,1.252173543,-0.005043470766,0.005673404317,0,1,0
chernobyl_modern_pwr,,62.79999924,0.003658458125,0.009070262313,296.984314,268.4699097,-0.1020759866,-14.58228302,0,0,0.9984028339,1.252177715,-0.00504355412,0.005653262604,0,1,0
chernobyl_modern_pwr,,62.89999771,0.003615594702,0.00901021529,296.8794861,268.460022,-0.1020733491,-14.58190632,0,0,0.9983999729,1.252181768,-0.005043635145,0.005633249879,0,1,0
chernobyl_modern_pwr,,63,0.003573641647,0.008951148018,296.7749939,268.4501038,-0.102070719,-14.58153057,0,0,0.9983971119,1.252185941,-0.005043718498,0.005613366142,0,1,0
chernobyl_modern_pwr,,63.09999847,0.003532575211,0.008893035352,296.6708069,268.4401855,-0.1020680964,-14.58115578,0,0,0.9983942509,1.252189994,-0.005043799989,0.005593609996,0,1,0
chernobyl_modern_pwr,,63.19999695,0.00349237374,0.008835857734,296.566925,268.4302368,-0.1020654887,-14.58078384,0,0,0.9983914495,1.252194166,-0.005043883342,0.00557398051,0,1,0
chernobyl_modern_pwr,,63.29999924,0.003453012789,0.008779591881,296.4633789,268.4202576,-0.102062881,-14.58041096,0,0,0.9983885884,1.252198219,-0.005043964367,0.005554477684,0,1,0
chernobyl_modern_pwr,,63.39999771,0.003414473031,0.008724218234,296.3601379,268.4102783,-0.1020602807,-14.58003998,0,0,0.9983857274,1.252202392,-0.005044047721,0.005535100121,0,1,0
chernobyl_modern_pwr,,63.5,0.003376731882,0.008669715375,296.2572327,268.4002686,-0.1020576879,-14.579669,0,0,0.9983828664,1.252206445,-0.005044128746,0.005515848286,0,1,0
chernobyl_modern_pwr,,63.59999847,0.003339769784,0.008616064675,296.1546326,268.3902588,-0.1020551026,-14.57929993,0,0,0.9983800054,1.252210498,-0.005044209771,0.005496719852,0,1,0
chernobyl_modern_pwr,,63.69999695,0.003303567879,0.008563247509,296.0523376,268.3802185,-0.1020525247,-14.57893181,0,0,0.9983771443,1.25221467,-0.005044293124,0.005477715284,0,1,0
chernobyl_modern_pwr,,63.79999924,0.003268104745,0.008511243388,295.9503784,268.3701782,-0.1020499617,-14.5785656,0,0,0.9983742833,1.252218723,-0.005044374149,0.005458833184,0,1,0
chernobyl_modern_pwr,,63.89999771,0.003233362688,0.008460033685,295.8487244,268.3601379,-0.1020473987,-14.57819939,0,0,0.9983714223,1.252222896,-0.005044457968,0.005440073088,0,1,0
chernobyl_modern_pwr,,64,0.003199322848,0.008409602568,295.7473755,268.3500977,-0.1020448506,-14.57783508,0,0,0.9983685613,1.252226949,-0.005044538993,0.005421434529,0,1,0
chernobyl_modern_pwr,,64.09999847,0.003165969625,0.008359932341,295.6463623,268.3400269,-0.1020423025,-14.57747173,0,0,0.9983657002,1.252231121,-0.005044622347,0.005402916577,0,1,0
chernobyl_modern_pwr,,64.19999695,0.003133283695,0.008311005309,295.5456543,268.3299561,-0.1020397693,-14.57710934,0,0,0.9983628392,1.252235174,-0.005044703372,0.005384518299,0,1,0
chernobyl_modern_pwr,,64.29999542,0.003101248993,0.008262806572,295.4452515,268.3198853,-0.1020372435,-14.57674885,0,0,0.9983600378,1.252239347,-0.005044786725,0.005366239697,0,1,0
chernobyl_modern_pwr,,64.40000153,0.003069848986,0.008215317503,295.3451843,268.309845,-0.1020347178,-14.57638741,0,0,0.9983571768,1.2522434,-0.00504486775,0.005348078907,0,1,0
chernobyl_modern_pwr,,64.5,0.003039068077,0.008168525994,295.2453918,268.2997742,-0.102032207,-14.57602882,0,0,0.9983543158,1.252247572,-0.005044951104,0.005330036394,0,1,0
chernobyl_modern_pwr,,64.59999847,0.003008891596,0.008122415282,295.1459351,268.2897034,-0.1020297036,-14.5756712,0,0,0.9983514547,1.252251625,-0.005045032594,0.005312110297,0,1,0
chernobyl_modern_pwr,,64.69999695,0.002979303477,0.008076969534,295.046814,268.2796326,-0.1020272076,-14.57531452,0,0,0.9983485937,1.252255797,-0.005045115948,0.005294300616,0,1,0
chernobyl_modern_pwr,,64.79999542,0.002950289752,0.008032178506,294.9479675,268.2695923,-0.1020247191,-14.57495975,0,0,0.9983457327,1.252259851,-0.005045196973,0.00527660735,0,1,0
chernobyl_modern_pwr,,64.90000153,0.002921836218,0.007988023572,294.8494263,268.2595215,-0.1020222381,-14.57460499,0,0,0.9983428717,1.252264023,-0.005045280326,0.00525902817,0,1,0
chernobyl_modern_pwr,,65,0.002893928904,0.007944492623,294.7512207,268.2494812,-0.1020197645,-14.57425117,0,0,0.9983400106,1.252268076,-0.005045361351,0.005241563544,0,1,0
chernobyl_modern_pwr,,65.09999847,0.002866554074,0.007901573554,294.6533203,268.2394409,-0.1020172983,-14.57389927,0,0,0.9983371496,1.252272248,-0.005045444705,0.005224212073,0,1,0
chernobyl_modern_pwr,,65.19999695,0.00283969962,0.007859254256,294.5557251,268.2294006,-0.1020148396,-14.57354832,0,0,0.9983342886,1.252276301,-0.00504552573,0.005206974223,0,1,0
chernobyl_modern_pwr,,65.29999542,0.002813351806,0.007817518897,294.4584351,268.2193604,-0.1020123884,-14.57319832,0,0,0.9983314276,1.252280474,-0.005045609549,0.005189848132,0,1,0
chernobyl_modern_pwr,,65.40000153,0.002787498757,0.007776357234,294.3614197,268.2093506,-0.1020099446,-14.57284832,0,0,0.9983285666,1.252284527,-0.005045690574,0.005172833335,0,1,0
chernobyl_modern_pwr,,65.5,0.002762129297,0.007735758089,294.2647705,268.1993408,-0.1020075083,-14.57250118,0,0,0.9983257055,1.252288699,-0.005045773927,0.005155929364,0,1,0
chernobyl_modern_pwr,,65.59999847,0.002737230156,0.007695708424,294.168396,268.1893616,-0.1020050868,-14.572155,0,0,0.9983228445,1.252292752,-0.005045854952,0.005139135756,0,1,0
chernobyl_modern_pwr,,65.69999695,0.00271279132,0.007656198926,294.0723267,268.1793823,-0.1020026654,-14.57180882,0,0,0.9983200431,1.252296925,-0.005045938306,0.005122451577,0,1,0
chernobyl_modern_pwr,,65.79999542,0.002688800916,0.007617216092,293.9765625,268.1694031,-0.1020002514,-14.57146358,0,0,0.9983171821,1.252300978,-0.005046019331,0.005105875898,0,1,0
chernobyl_modern_pwr,,65.90000153,0.002665248699,0.007578751072,293.8811035,268.1594543,-0.1019978523,-14.57112122,0,0,0.998314321,1.25230515,-0.005046102684,0.005089408718,0,1,0
chernobyl_modern_pwr,,66,0.002642123261,0.007540792227,293.7859192,268.1495056,-0.1019954532,-14.57077885,0,0,0.99831146,1.252309203,-0.005046184175,0.005073049106,0,1,0
chernobyl_modern_pwr,,66.09999847,0.002619415522,0.007503329776,293.6910706,268.1395569,-0.1019930691,-14.57043839,0,0,0.998308599,1.252313375,-0.005046267528,0.005056795664,0,1,0
chernobyl_modern_pwr,,66.19999695,0.002597114537,0.007466353476,293.5965271,268.1296692,-0.1019906849,-14.57009697,0,0,0.998305738,1.252317429,-0.005046348553,0.005040648393,0,1,0
chernobyl_modern_pwr,,66.29999542,0.002575211693,0.007429854013,293.5022888,268.119751,-0.1019883156,-14.56975937,0,0,0.9983028769,1.252321601,-0.005046431907,0.005024606362,0,1,0
chernobyl_modern_pwr,,66.40000153,0.002553695813,0.007393821608,293.4083252,268.1098633,-0.1019859463,-14.56942081,0,0,0.9983000159,1.252325654,-0.005046512932,0.00500866957,0,1,0
chernobyl_modern_pwr,,66.5,0.002532559913,0.007358247414,293.3146667,268.1000061,-0.1019835919,-14.56908417,0,0,0.9982971549,1.252329826,-0.005046596285,0.004992836621,0,1,0
chernobyl_modern_pwr,,66.59999847,0.00251179398,0.007323122583,293.2213135,268.0901794,-0.1019812375,-14.56874752,0,0,0.9982942939,1.252333879,-0.00504667731,0.004977107048,0,1,0
chernobyl_modern_pwr,,66.69999695,0.002491389634,0.007288438268,293.1282654,268.0803223,-0.101978898,-14.56841373,0,0,0.9982914329,1.252338052,-0.005046761129,0.004961480387,0,1,0
chernobyl_modern_pwr,,66.79999542,0.002471337328,0.007254185155,293.0355225,268.0705261,-0.1019765586,-14.56807899,0,0,0.9982885718,1.252342105,-0.005046842154,0.004945955705,0,1,0
chernobyl_modern_pwr,,66.90000153,0.002451630076,0.007220355794,292.9430542,268.06073,-0.101974234,-14.56774712,0,0,0.9982857108,1.252346277,-0.005046925507,0.004930533003,0,1,0
chernobyl_modern_pwr,,67,0.002432259498,0.007186941337,292.8508911,268.0509644,-0.1019719094,-14.56741524,0,0,0.9982828498,1.25235033,-0.005047006533,0.004915210884,0,1,0
chernobyl_modern_pwr,,67.09999847,0.002413217211,0.007153933868,292.7590332,268.0411987,-0.1019695997,-14.56708527,0,0,0.9982799888,1.252354503,-0.005047089886,0.004899988882,0,1,0
chernobyl_modern_pwr,,67.19999695,0.002394496929,0.007121326402,292.66745,268.0314636,-0.1019672975,-14.56675625,0,0,0.9982771277,1.252358556,-0.005047170911,0.004884866532,0,1,0
chernobyl_modern_pwr,,67.29999542,0.002376089571,0.007089111023,292.5762024,268.021759,-0.1019650027,-14.56642818,0,0,0.9982742667,1.252362728,-0.005047254264,0.004869843367,0,1,0
chernobyl_modern_pwr,,67.40000153,0.00235798955,0.007057280745,292.485199,268.0120544,-0.1019627154,-14.56610203,0,0,0.9982714057,1.252366781,-0.005047335289,0.004854918458,0,1,0
chernobyl_modern_pwr,,67.5,0.002340188716,0.007025828119,292.3945312,268.0024109,-0.1019604355,-14.56577587,0,0,0.9982685447,1.252370954,-0.005047419108,0.004840091802,0,1,0
chernobyl_modern_pwr,,67.59999847,0.002322680084,0.006994744297,292.3041077,267.9927368,-0.1019581556,-14.56545067,0,0,0.9982656837,1.252375007,-0.005047500134,0.004825361073,0,1,0
chernobyl_modern_pwr,,67.69999695,0.002305457601,0.006964025088,292.2140198,267.9831238,-0.1019558907,-14.56512642,0,0,0.9982628822,1.252379179,-0.005047583487,0.004810727667,0,1,0
chernobyl_modern_pwr,,67.79999542,0.002288514748,0.00693366304,292.1242065,267.9735107,-0.1019536331,-14.56480408,0,0,0.9982600212,1.252383232,-0.005047664512,0.004796190187,0,1,0
chernobyl_modern_pwr,,67.90000153,0.002271844773,0.006903650239,292.034668,267.9639282,-0.1019513756,-14.56448174,0,0,0.9982571602,1.252387404,-0.005047747865,0.004781747237,0,1,0
chernobyl_modern_pwr,,68,0.002255442785,0.006873982958,291.9454346,267.9543762,-0.1019491404,-14.56416225,0,0,0.9982542992,1.252391577,-0.005047831219,0.004767399281,0,1,0
chernobyl_modern_pwr,,68.09999847,0.002239300404,0.006844651885,291.8565063,267.9448242,-0.1019469053,-14.56384277,0,0,0.9982514381,1.25239563,-0.005047912709,0.004753145389,0,1,0
chernobyl_modern_pwr,,68.19999695,0.002223413205,0.006815652363,291.7678528,267.9353333,-0.1019446701,-14.56352425,0,0,0.9982485771,1.252399802,-0.005047996063,0.00473898463,0,1,0
chernobyl_modern_pwr,,68.29999542,0.002207776299,0.006786980201,291.6794739,267.9258423,-0.1019424498,-14.56320667,0,0,0.9982457161,1.252403855,-0.005048077088,0.004724917002,0,1,0
chernobyl_modern_pwr,,68.40000153,0.002192382701,0.006758627016,291.5913696,267.9163513,-0.1019402295,-14.5628891,0,0,0.9982428551,1.252408028,-0.005048160441,0.004710941575,0,1,0
chernobyl_modern_pwr,,68.5,0.002177227288,0.006730588619,291.5035706,267.9069214,-0.1019380242,-14.56257439,0,0,0.998239994,1.252412081,-0.005048241466,0.00469705835,0,1,0
chernobyl_modern_pwr,,68.59999847,0.002162305638,0.006702858955,291.4160767,267.8974915,-0.1019358262,-14.56226063,0,0,0.998237133,1.252416253,-0.00504832482,0.004683265463,0,1,0
chernobyl_modern_pwr,,68.69999695,0.002147611696,0.006675432436,291.3288269,267.888092,-0.1019336283,-14.56194687,0,0,0.998234272,1.252420306,-0.005048405845,0.004669562913,0,1,0
chernobyl_modern_pwr,,68.79999542,0.002133140108,0.006648303941,291.2418823,267.8787231,-0.1019314528,-14.56163597,0,0,0.998231411,1.252424479,-0.005048489664,0.004655950703,0,1,0
chernobyl_modern_pwr,,68.90000153,0.00211888738,0.006621468812,291.1552429,267.8693848,-0.1019292697,-14.56132412,0,0,0.99822855,1.252428532,-0.005048570689,0.004642427899,0,1,0
chernobyl_modern_pwr,,69,0.002104847692,0.006594921462,291.0688477,267.8600769,-0.1019271016,-14.56101418,0,0,0.9982256889,1.252432704,-0.005048654042,0.004628993571,0,1,0
chernobyl_modern_pwr,,69.09999847,0.002091016388,0.006568656303,290.9827576,267.850769,-0.1019249409,-14.56070518,0,0,0.9982228279,1.252436757,-0.005048735067,0.004615646787,0,1,0
chernobyl_modern_pwr,,69.19999695,0.002077389276,0.006542670075,290.8969421,267.8414917,-0.1019227803,-14.56039715,0,0,0.9982199669,1.252440929,-0.005048818421,0.004602388479,0,1,0
chernobyl_modern_pwr,,69.29999542,0.002063961932,0.00651695719,290.8114014,267.8322449,-0.1019206345,-14.56009007,0,0,0.9982171059,1.252444983,-0.005048899446,0.004589216784,0,1,0
chernobyl_modern_pwr,,69.40000153,0.002050730167,0.006491512991,290.7261353,267.8230286,-0.1019184887,-14.55978394,0,0,0.9982142448,1.252449155,-0.005048982799,0.00457613077,0,1,0
chernobyl_modern_pwr,,69.5,0.002037689788,0.006466333754,290.6411438,267.8138123,-0.1019163579,-14.55947971,0,0,0.9982113838,1.252453208,-0.005049063824,0.00456313137,0,1,0
chernobyl_modern_pwr,,69.59999847,0.002024836605,0.006441415288,290.5564575,267.804657,-0.101914227,-14.55917454,0,0,0.9982085228,1.25245738,-0.005049147643,0.004550217651,0,1,0
chernobyl_modern_pwr,,69.69999695,0.002012165729,0.006416751072,290.4720154,267.7955017,-0.101912111,-14.55887222,0,0,0.9982056618,1.252461433,-0.005049228668,0.004537388217,0,1,0
chernobyl_modern_pwr,,69.79999542,0.001999675063,0.00639233971,290.3878784,267.786377,-0.1019099951,-14.55856991,0,0,0.9982028008,1.252465606,-0.005049312022,0.004524643067,0,1,0
chernobyl_modern_pwr,,69.90000153,0.001987359021,0.006368174683,290.3039856,267.7772827,-0.101907894,-14.55827045,0,0,0.9981999397,1.252469659,-0.005049393047,0.004511981271,0,1,0
chernobyl_modern_pwr,,70,0.001975215273,0.006344254129,290.2203979,267.768219,-0.101905793,-14.55797005,0,0,0.9981970787,1.252473831,-0.0050494764,0.004499402829,0,1,0
chernobyl_modern_pwr,,70.09999847,0.001963239396,0.006320572458,290.1370544,267.7591858,-0.1019037068,-14.55767155,0,0,0.9981942177,1.252478004,-0.005049559753,0.004486906808,0,1,0
chernobyl_modern_pwr,,70.19999695,0.001951427897,0.006297126878,290.0540161,267.7501526,-0.1019016206,-14.557374,0,0,0.9981913567,1.252482057,-0.005049641244,0.004474493209,0,1,0
chernobyl_modern_pwr,,70.29999542,0.001939778216,0.006273913663,289.9712219,267.7411804,-0.1018995419,-14.55707741,0,0,0.9981884956,1.252486229,-0.005049724597,0.004462160636,0,1,0
chernobyl_modern_pwr,,70.40000153,0.001928285696,0.006250928156,289.8887024,267.7322083,-0.1018974707,-14.55678082,0,0,0.9981856942,1.252490282,-0.005049805623,0.004449909087,0,1,0
chernobyl_modern_pwr,,70.5,0.001916948357,0.006228168029,289.8064575,267.7232666,-0.1018954068,-14.55648613,0,0,0.9981828332,1.252494454,-0.005049888976,0.004437738098,0,1,0
chernobyl_modern_pwr,,70.59999847,0.001905761776,0.00620562816,289.7244873,267.7143555,-0.1018933505,-14.5561924,0,0,0.9981799722,1.252498507,-0.005049970001,0.004425646737,0,1,0
chernobyl_modern_pwr,,70.69999695,0.001894723973,0.006183307152,289.6427917,267.7054749,-0.101891309,-14.55590057,0,0,0.9981771111,1.25250268,-0.005050053354,0.004413635004,0,1,0
chernobyl_modern_pwr,,70.79999542,0.001883830992,0.006161200814,289.5613708,267.6965942,-0.1018892601,-14.5556078,0,0,0.9981742501,1.252506733,-0.005050134379,0.004401702434,0,1,0
chernobyl_modern_pwr,,70.90000153,0.001873080502,0.006139304955,289.4801941,267.6877747,-0.1018872261,-14.55531788,0,0,0.9981713891,1.252510905,-0.005050218198,0.004389847629,0,1,0
chernobyl_modern_pwr,,71,0.001862469595,0.006117617246,289.3993225,267.6789551,-0.1018851995,-14.55502796,0,0,0.9981685281,1.252514958,-0.005050299224,0.004378070589,0,1,0
chernobyl_modern_pwr,,71.09999847,0.001851995126,0.006096134428,289.3186646,267.670166,-0.101883173,-14.554739,0,0,0.9981656671,1.252519131,-0.005050382577,0.004366370849,0,1,0
chernobyl_modern_pwr,,71.19999695,0.00184165407,0.006074853241,289.2383118,267.6614075,-0.1018811613,-14.55445099,0,0,0.998162806,1.252523184,-0.005050463602,0.004354748409,0,1,0
chernobyl_modern_pwr,,71.29999542,0.001831444213,0.006053770427,289.1582031,267.6526794,-0.1018791571,-14.55416489,0,0,0.998159945,1.252527356,-0.005050546955,0.004343201406,0,1,0
chernobyl_modern_pwr,,71.40000153,0.001821363228,0.006032884121,289.0783691,267.6439819,-0.1018771529,-14.55387878,0,0,0.998157084,1.252531409,-0.00505062798,0.004331730772,0,1,0
chernobyl_modern_pwr,,71.5,0.001811408089,0.006012190599,288.9988098,267.6353149,-0.1018751562,-14.55359364,0,0,0.998154223,1.252535582,-0.005050711334,0.004320335574,0,1,0
chernobyl_modern_pwr,,71.59999847,0.001801576698,0.005991687067,288.9194946,267.6266479,-0.1018731743,-14.55331039,0,0,0.9981513619,1.252539635,-0.005050792359,0.004309014417,0,1,0
chernobyl_modern_pwr,,71.69999695,0.001791865681,0.005971370731,288.8404541,267.618042,-0.1018711925,-14.55302715,0,0,0.9981485009,1.252543807,-0.005050876178,0.004297768231,0,1,0
chernobyl_modern_pwr,,71.79999542,0.001782273641,0.005951239262,288.7616577,267.609436,-0.1018692181,-14.55274487,0,0,0.9981456399,1.252547979,-0.005050959531,0.00428659562,0,1,0
chernobyl_modern_pwr,,71.90000153,0.001772798016,0.005931289401,288.683136,267.6008606,-0.1018672511,-14.55246353,0,0,0.9981427789,1.252552032,-0.005051040556,0.004275496118,0,1,0
chernobyl_modern_pwr,,72,0.001763436128,0.00591151882,288.6048584,267.5923157,-0.1018652916,-14.5521841,0,0,0.9981399179,1.252556205,-0.00505112391,0.004264469258,0,1,0
chernobyl_modern_pwr,,72.09999847,0.001754186349,0.00589192519,288.5268555,267.5838013,-0.1018633395,-14.55190563,0,0,0.9981370568,1.252560258,-0.005051204935,0.004253515042,0,1,0
chernobyl_modern_pwr,,72.19999695,0.001745046116,0.005872506183,288.4490967,267.5753174,-0.1018613949,-14.55162716,0,0,0.9981341958,1.25256443,-0.005051288288,0.004242633004,0,1,0
chernobyl_modern_pwr,,72.29999542,0.00173601287,0.005853258073,288.3716125,267.5668335,-0.1018594503,-14.55134964,0,0,0.9981313348,1.252568483,-0.005051369779,0.004231821746,0,1,0
chernobyl_modern_pwr,,72.40000153,0.001727086026,0.00583417993,288.2943726,267.5584106,-0.1018575206,-14.55107403,0,0,0.9981284738,1.252572656,-0.005051453132,0.004221081734,0,1,0
chernobyl_modern_pwr,,72.5,0.001718262327,0.00581526896,288.2173767,267.5499878,-0.1018555909,-14.55079842,0,0,0.9981256127,1.252576709,-0.005051534157,0.004210412037,0,1,0
chernobyl_modern_pwr,,72.59999847,0.001709540142,0.005796522833,288.1406555,267.5415955,-0.1018536761,-14.55052471,0,0,0.9981227517,1.252580881,-0.005051617511,0.004199812189,0,1,0
chernobyl_modern_pwr,,72.69999695,0.001700917492,0.005777938757,288.0641785,267.5332336,-0.1018517613,-14.55025101,0,0,0.9981198907,1.252584934,-0.005051698536,0.004189281724,0,1,0
chernobyl_modern_pwr,,72.79999542,0.001692392631,0.0057595158,287.9879761,267.5249023,-0.101849854,-14.54997826,0,0,0.9981170297,1.252589107,-0.005051781889,0.004178821109,0,1,0
chernobyl_modern_pwr,,72.90000153,0.001683963463,0.00574124977,287.9119873,267.5166016,-0.1018479541,-14.54970741,0,0,0.9981141686,1.25259316,-0.005051862914,0.004168428015,0,1,0
chernobyl_modern_pwr,,73,0.001675628242,0.005723140202,287.8362732,267.5083008,-0.1018460616,-14.54943657,0,0,0.9981113076,1.252597332,-0.005051946733,0.004158103373,0,1,0
chernobyl_modern_pwr,,73.09999847,0.001667386037,0.005705185235,287.7608032,267.5000305,-0.1018441767,-14.54916763,0,0,0.9981084466,1.252601504,-0.005052030087,0.004147846717,0,1,0
chernobyl_modern_pwr,,73.19999695,0.001659233356,0.005687380675,287.6856079,267.4918213,-0.1018422991,-14.54889965,0,0,0.9981055856,1.252605557,-0.005052111112,0.004137656651,0,1,0
chernobyl_modern_pwr,,73.29999542,0.001651170547,0.005669727456,287.6106567,267.4836121,-0.1018404216,-14.54863167,0,0,0.9981027246,1.25260973,-0.005052194465,0.004127534106,0,1,0
chernobyl_modern_pwr,,73.40000153,0.001643195166,0.005652221851,287.5359192,267.4754333,-0.1018385589,-14.54836464,0,0,0.9980998635,1.252613783,-0.00505227549,0.004117477685,0,1,0
chernobyl_modern_pwr,,73.5,0.001635305118,0.005634861998,287.4614563,267.4672852,-0.1018366963,-14.54809856,0,0,0.9980970025,1.252617955,-0.005052358843,0.004107486922,0,1,0
chernobyl_modern_pwr,,73.59999847,0.001627499121,0.005617645569,287.3872375,267.459137,-0.1018348336,-14.54783249,0,0,0.9980941415,1.252622008,-0.005052439868,0.004097561352,0,1,0
chernobyl_modern_pwr,,73.69999695,0.001619776012,0.005600572098,287.3132629,267.4510498,-0.1018329933,-14.54757023,0,0,0.9980912805,1.252626181,-0.005052523687,0.00408770144,0,1,0
chernobyl_modern_pwr,,73.79999542,0.001612133696,0.005583638325,287.2395325,267.4429626,-0.101831153,-14.54730701,0,0,0.9980884194,1.252630234,-0.005052604713,0.004077905323,0,1,0
chernobyl_modern_pwr,,73.90000153,0.001604571589,0.00556684332,287.1660767,267.4349365,-0.1018293127,-14.5470438,0,0,0.9980855584,1.252634406,-0.005052688066,0.004068173468,0,1,0
chernobyl_modern_pwr,,74,0.001597087248,0.005550185218,287.0928345,267.4269104,-0.1018274873,-14.54678345,0,0,0.9980826974,1.252638459,-0.005052769091,0.004058505874,0,1,0
chernobyl_modern_pwr,,74.09999847,0.001589679974,0.005533662159,287.0198364,267.4189148,-0.101825662,-14.54652309,0,0,0.9980798364,1.252642632,-0.005052852444,0.004048901144,0,1,0
chernobyl_modern_pwr,,74.19999695,0.001582348137,0.005517272279,286.9470825,267.4109192,-0.101823844,-14.54626274,0,0,0.9980769753,1.252646685,-0.005052933469,0.004039359279,0,1,0
chernobyl_modern_pwr,,74.29999542,0.001575090573,0.005501015112,286.8745728,267.4029846,-0.1018220335,-14.5460043,0,0,0.9980741143,1.252650857,-0.005053016823,0.004029880278,0,1,0
chernobyl_modern_pwr,,74.40000153,0.001567905885,0.005484886933,286.8023071,267.39505,-0.1018202305,-14.5457468,0,0,0.9980712533,1.25265491,-0.005053098314,0.004020462744,0,1,0
chernobyl_modern_pwr,,74.5,0.001560792909,0.005468887743,286.7302856,267.3871765,-0.1018184349,-14.54549026,0,0,0.9980683923,1.252659082,-0.005053181667,0.004011107143,0,1,0
chernobyl_modern_pwr,,74.59999847,0.001553749898,0.005453014746,286.6585083,267.379303,-0.1018166468,-14.54523468,0,0,0.9980655313,1.252663255,-0.00505326502,0.004001812078,0,1,0
chernobyl_modern_pwr,,74.69999695,0.001546776504,0.005437267944,286.5869751,267.37146,-0.1018148586,-14.5449791,0,0,0.9980626702,1.252667308,-0.005053346045,0.003992578946,0,1,0
chernobyl_modern_pwr,,74.79999542,0.001539870864,0.005421645008,286.5156555,267.3636169,-0.1018130779,-14.54472542,0,0,0.9980598688,1.25267148,-0.005053429399,0.003983405419,0,1,0
chernobyl_modern_pwr,,74.90000153,0.001533032279,0.005406144075,286.4445801,267.355835,-0.1018113121,-14.54447269,0,0,0.9980570078,1.252675533,-0.005053510424,0.003974291962,0,1,0
chernobyl_modern_pwr,,75,0.001526258653,0.005390763748,286.3737488,267.348053,-0.1018095464,-14.54422092,0,0,0.9980541468,1.252679706,-0.005053593777,0.003965238109,0,1,0
chernobyl_modern_pwr,,75.09999847,0.00151955022,0.005375503562,286.3031616,267.340332,-0.1018077806,-14.5439682,0,0,0.9980512857,1.252683759,-0.005053675268,0.003956243396,0,1,0
chernobyl_modern_pwr,,75.19999695,0.001512905001,0.005360360723,286.2328186,267.3326111,-0.1018060297,-14.54371834,0,0,0.9980484247,1.252687931,-0.005053758621,0.003947307356,0,1,0
chernobyl_modern_pwr,,75.29999542,0.00150632218,0.005345334765,286.1626892,267.3249207,-0.1018042862,-14.54346943,0,0,0.9980455637,1.252691984,-0.005053839646,0.003938429989,0,1,0
chernobyl_modern_pwr,,75.40000153,0.00149980071,0.00533042429,286.092804,267.3172302,-0.1018025428,-14.54321957,0,0,0.9980427027,1.252696157,-0.005053923,0.003929610364,0,1,0
chernobyl_modern_pwr,,75.5,0.001493339543,0.005315627903,286.0231323,267.3096008,-0.1018007994,-14.54297066,0,0,0.9980398417,1.25270021,-0.005054004025,0.003920848481,0,1,0
chernobyl_modern_pwr,,75.59999847,0.001486937865,0.005300943274,285.9537048,267.3019714,-0.1017990708,-14.54272366,0,0,0.9980369806,1.252704382,-0.005054087378,0.003912143409,0,1,0
chernobyl_modern_pwr,,75.69999695,0.001480594394,0.005286370404,285.8845215,267.2943726,-0.1017973498,-14.54247856,0,0,0.9980341196,1.252708435,-0.005054168403,0.003903495148,0,1,0
chernobyl_modern_pwr,,75.79999542,0.001474307966,0.00527190743,285.8155823,267.2868042,-0.1017956361,-14.54223347,0,0,0.9980312586,1.252712607,-0.005054252222,0.003894903697,0,1,0
chernobyl_modern_pwr,,75.90000153,0.001468078117,0.005257553421,285.7468567,267.2792664,-0.1017939225,-14.54198837,0,0,0.9980283976,1.25271678,-0.005054335576,0.003886368359,0,1,0
chernobyl_modern_pwr,,76,0.00146190403,0.00524330698,285.6783447,267.271759,-0.1017922163,-14.54174519,0,0,0.9980255365,1.252720833,-0.005054416601,0.003877888434,0,1,0
chernobyl_modern_pwr,,76.09999847,0.001455784426,0.005229166709,285.6100769,267.2642517,-0.1017905176,-14.541502,0,0,0.9980226755,1.252725005,-0.005054499954,0.003869463922,0,1,0
chernobyl_modern_pwr,,76.19999695,0.001449718489,0.005215131678,285.5420227,267.2567749,-0.1017888263,-14.54126072,0,0,0.9980198145,1.252729058,-0.005054580979,0.003861094359,0,1,0
chernobyl_modern_pwr,,76.29999542,0.001443705638,0.005201200023,285.4742126,267.2493286,-0.101787135,-14.54101849,0,0,0.9980169535,1.252733231,-0.005054664332,0.003852779046,0,1,0
chernobyl_modern_pwr,,76.40000153,0.001437744824,0.005187372211,285.4066467,267.2419128,-0.1017854586,-14.54077911,0,0,0.9980140924,1.252737284,-0.005054745357,0.00384451868,0,1,0
chernobyl_modern_pwr,,76.5,0.001431835117,0.005173645448,285.3392944,267.2345276,-0.1017837822,-14.54053974,0,0,0.9980112314,1.252741456,-0.005054829177,0.0038363114,0,1,0
chernobyl_modern_pwr,,76.59999847,0.001425975701,0.005160019733,285.2721558,267.2271423,-0.1017821133,-14.54030132,0,0,0.9980083704,1.252745509,-0.005054910202,0.003828158136,0,1,0
chernobyl_modern_pwr,,76.69999695,0.001420165878,0.005146492273,285.2052307,267.2197876,-0.1017804444,-14.5400629,0,0,0.9980055094,1.252749681,-0.005054993555,0.003820057493,0,1,0
chernobyl_modern_pwr,,76.79999542,0.001414405182,0.005133064464,285.1385498,267.2124634,-0.1017787904,-14.53982639,0,0,0.9980026484,1.252753735,-0.00505507458,0.003812009934,0,1,0
chernobyl_modern_pwr,,76.90000153,0.001408692682,0.005119733512,285.0720825,267.2051697,-0.1017771363,-14.53959084,0,0,0.9979997873,1.252757907,-0.005055157933,0.003804014763,0,1,0
chernobyl_modern_pwr,,77,0.001403027098,0.005106498487,285.0058594,267.1979065,-0.1017754972,-14.53935623,0,0,0.9979969263,1.252762079,-0.005055241287,0.00379607128,0,1,0
chernobyl_modern_pwr,,77.09999847,0.001397408312,0.005093359388,284.9398499,267.1906433,-0.1017738506,-14.53912067,0,0,0.9979940653,1.252766132,-0.005055322312,0.003788179718,0,1,0
chernobyl_modern_pwr,,77.19999695,0.001391835278,0.005080313887,284.874054,267.1834106,-0.1017722189,-14.53888798,0,0,0.9979912043,1.252770305,-0.005055406131,0.003780339845,0,1,0
chernobyl_modern_pwr,,77.29999542,0.001386307529,0.005067361984,284.8084717,267.1762085,-0.1017705873,-14.53865528,0,0,0.9979883432,1.252774358,-0.005055487156,0.003772550728,0,1,0
chernobyl_modern_pwr,,77.40000153,0.001380824368,0.005054501817,284.7431335,267.1690369,-0.1017689705,-14.53842354,0,0,0.9979854822,1.25277853,-0.005055570509,0.003764811903,0,1,0
chernobyl_modern_pwr,,77.5,0.001375384978,0.005041733384,284.678009,267.1618652,-0.1017673463,-14.5381918,0,0,0.9979826212,1.252782583,-0.005055651534,0.003757123835,0,1,0
chernobyl_modern_pwr,,77.59999847,0.001369988895,0.00502905529,284.6130981,267.1547241,-0.1017657369,-14.53796196,0,0,0.9979797602,1.252786756,-0.005055734888,0.003749485593,0,1,0
chernobyl_modern_pwr,,77.69999695,0.001364635071,0.005016466603,284.5484009,267.1476135,-0.1017641276,-14.53773212,0,0,0.9979768991,1.252790809,-0.005055815913,0.003741897177,0,1,0
chernobyl_modern_pwr,,77.79999542,0.001359323505,0.005003965925,284.4839172,267.1405334,-0.1017625332,-14.5375042,0,0,0.9979740381,1.252794981,-0.005055899732,0.003734357655,0,1,0
chernobyl_modern_pwr,,77.90000153,0.001354053267,0.004991553258,284.4196472,267.1334839,-0.1017609313,-14.53727531,0,0,0.9979711771,1.252799034,-0.005055980757,0.003726867493,0,1,0
chernobyl_modern_pwr,,78,0.001348823309,0.004979226738,284.3555908,267.1264343,-0.1017593443,-14.53704834,0,0,0.9979683161,1.252803206,-0.00505606411,0.00371942576,0,1,0
chernobyl_modern_pwr,,78.09999847,0.001343633514,0.004966986366,284.2917786,267.1194153,-0.1017577574,-14.53682232,0,0,0.9979654551,1.25280726,-0.005056145135,0.003712032456,0,1,0
chernobyl_modern_pwr,,78.19999695,0.001338483416,0.004954830278,284.2281494,267.1124268,-0.1017561853,-14.53659725,0,0,0.997962594,1.252811432,-0.005056228489,0.003704686882,0,1,0
chernobyl_modern_pwr,,78.29999542,0.001333371853,0.004942758009,284.1647644,267.1054688,-0.1017546132,-14.53637314,0,0,0.997959733,1.252815604,-0.005056311842,0.003697388805,0,1,0
chernobyl_modern_pwr,,78.40000153,0.001328299055,0.004930770025,284.1015625,267.0985107,-0.1017530411,-14.53614807,0,0,0.997956872,1.252819657,-0.005056392867,0.003690138459,0,1,0
chernobyl_modern_pwr,,78.5,0.001323264209,0.004918863997,284.0386047,267.0915833,-0.101751484,-14.53592587,0,0,0.997954011,1.25282383,-0.005056476686,0.003682935145,0,1,0
chernobyl_modern_pwr,,78.59999847,0.001318266266,0.004907038994,283.9758301,267.0846863,-0.1017499268,-14.53570366,0,0,0.9979511499,1.252827883,-0.005056557711,0.003675778396,0,1,0
chernobyl_modern_pwr,,78.69999695,0.001313305227,0.004895295482,283.913269,267.0778198,-0.1017483771,-14.53548241,0,0,0.9979482889,1.252832055,-0.005056641065,0.003668668214,0,1,0
chernobyl_modern_pwr,,78.79999542,0.001308380277,0.004883631133,283.8509216,267.0709534,-0.1017468274,-14.5352602,0,0,0.9979454279,1.252836108,-0.00505672209,0.003661603667,0,1,0
chernobyl_modern_pwr,,78.90000153,0.001303491532,0.004872046411,283.7888184,267.0641174,-0.1017452925,-14.53504181,0,0,0.9979425669,1.252840281,-0.005056805443,0.00365458522,0,1,0
chernobyl_modern_pwr,,79,0.001298637479,0.004860539455,283.7268677,267.057312,-0.1017437577,-14.53482246,0,0,0.9979397058,1.252844334,-0.005056886468,0.003647611942,0,1,0
chernobyl_modern_pwr,,79.09999847,0.00129381835,0.00484911073,283.6651611,267.0505371,-0.1017422304,-14.53460407,0,0,0.9979368448,1.252848506,-0.005056969821,0.003640684299,0,1,0
chernobyl_modern_pwr,,79.19999695,0.00128903368,0.004837758373,283.6036682,267.0437622,-0.101740703,-14.53438568,0,0,0.9979339838,1.252852559,-0.005057050847,0.003633800894,0,1,0
chernobyl_modern_pwr,,79.29999542,0.001284282655,0.004826482851,283.5423584,267.0370178,-0.1017391905,-14.5341692,0,0,0.9979311228,1.252856731,-0.005057134666,0.003626962658,0,1,0
chernobyl_modern_pwr,,79.40000153,0.001279564691,0.004815281369,283.4812622,267.030304,-0.1017376781,-14.53395367,0,0,0.9979282618,1.252860785,-0.005057215691,0.003620168194,0,1,0
chernobyl_modern_pwr,,79.5,0.001274880022,0.004804155789,283.4203796,267.0236206,-0.101736173,-14.53373814,0,0,0.9979254007,1.252864957,-0.005057299044,0.003613417968,0,1,0
chernobyl_modern_pwr,,79.59999847,0.001270227367,0.004793103319,283.3597107,267.0169373,-0.101734668,-14.53352356,0,0,0.9979225397,1.252869129,-0.005057382397,0.003606711049,0,1,0
chernobyl_modern_pwr,,79.69999695,0.001265607192,0.004782124422,283.2992249,267.0102844,-0.1017331704,-14.53330994,0,0,0.9979196787,1.252873182,-0.005057463422,0.003600047436,0,1,0
chernobyl_modern_pwr,,79.79999542,0.001261018217,0.004771218169,283.2389526,267.0036621,-0.1017316878,-14.53309822,0,0,0.9979168177,1.252877355,-0.005057546776,0.003593427129,0,1,0
chernobyl_modern_pwr,,79.90000153,0.001256460324,0.004760383628,283.178894,266.9970398,-0.1017301977,-14.5328846,0,0,0.9979139566,1.252881408,-0.005057628267,0.003586849663,0,1,0
chernobyl_modern_pwr,,80,0.001251933398,0.004749620333,283.1190186,266.9904785,-0.101728715,-14.53267288,0,0,0.9979110956,1.25288558,-0.00505771162,0.00358031434,0,1,0
chernobyl_modern_pwr,,80.09999847,0.00124743674,0.004738927353,283.0593567,266.9839172,-0.1017272398,-14.53246212,0,0,0.9979082346,1.252889633,-0.005057792645,0.003573821392,0,1,0
chernobyl_modern_pwr,,80.19999695,0.001242970116,0.004728304222,282.9999084,266.977356,-0.101725772,-14.53225231,0,0,0.9979053736,1.252893806,-0.005057875998,0.00356737012,0,1,0
chernobyl_modern_pwr,,80.29999542,0.001238533063,0.004717750475,282.9406433,266.9708557,-0.1017243117,-14.53204441,0,0,0.9979025126,1.252897859,-0.005057957023,0.003560960758,0,1,0
chernobyl_modern_pwr,,80.40000153,0.001234124764,0.004707264714,282.8815613,266.9643555,-0.1017228514,-14.53183556,0,0,0.9978996515,1.252902031,-0.005058040377,0.003554592375,0,1,0
chernobyl_modern_pwr,,80.5,0.001229745802,0.004696847871,282.8227234,266.9578857,-0.1017213911,-14.5316267,0,0,0.9978967905,1.252906084,-0.005058121402,0.003548265435,0,1,0
chernobyl_modern_pwr,,80.59999847,0.001225394662,0.004686498083,282.7640381,266.951416,-0.1017199457,-14.53142071,0,0,0.9978939295,1.252910256,-0.005058205221,0.00354197924,0,1,0
chernobyl_modern_pwr,,80.69999695,0.001221071929,0.004676214419,282.7055969,266.9449768,-0.1017185003,-14.53121376,0,0,0.9978910685,1.252914429,-0.005058288574,0.003535733093,0,1,0
chernobyl_modern_pwr,,80.79999542,0.001216777018,0.004665997345,282.6473083,266.9385681,-0.1017170623,-14.53100872,0,0,0.9978882074,1.252918482,-0.005058369599,0.00352952769,0,1,0
chernobyl_modern_pwr,,80.90000153,0.001212509465,0.004655845463,282.5892334,266.9321899,-0.1017156318,-14.53080368,0,0,0.9978853464,1.252922654,-0.005058452953,0.003523361869,0,1,0
chernobyl_modern_pwr,,81,0.001208268688,0.004645758774,282.5313721,266.9258118,-0.1017142013,-14.53059959,0,0,0.9978824854,1.252926707,-0.005058533978,0.003517235629,0,1,0
chernobyl_modern_pwr,,81.09999847,0.001204054453,0.004635736346,282.4736938,266.9194641,-0.1017127782,-14.53039646,0,0,0.9978796244,1.25293088,-0.005058617331,0.003511149203,0,1,0
chernobyl_modern_pwr,,81.19999695,0.001199866761,0.004625776783,282.4161987,266.913147,-0.1017113626,-14.53019428,0,0,0.9978767633,1.252934933,-0.005058698356,0.003505101427,0,1,0
chernobyl_modern_pwr,,81.29999542,0.001195705379,0.004615881946,282.3589172,266.9068298,-0.101709947,-14.5299921,0,0,0.9978739023,1.252939105,-0.005058782175,0.003499093,0,1,0
chernobyl_modern_pwr,,81.40000153,0.001191569259,0.004606048577,282.3018188,266.9005737,-0.1017085388,-14.52979088,0,0,0.9978710413,1.252943158,-0.0050588632,0.003493122989,0,1,0
chernobyl_modern_pwr,,81.5,0.001187458751,0.004596277606,282.2449341,266.8942871,-0.1017071381,-14.52959061,0,0,0.9978681803,1.25294733,-0.005058946554,0.003487191163,0,1,0
chernobyl_modern_pwr,,81.59999847,0.001183373155,0.004586568102,282.1882019,266.8880615,-0.1017057374,-14.52939034,0,0,0.9978653193,1.252951384,-0.005059027579,0.003481297754,0,1,0
chernobyl_modern_pwr,,81.69999695,0.001179312239,0.0045769196,282.1316833,266.8818359,-0.1017043442,-14.52919197,0,0,0.9978624582,1.252955556,-0.005059110932,0.003475442063,0,1,0
chernobyl_modern_pwr,,81.79999542,0.001175275771,0.004567331169,282.0753784,266.8756409,-0.1017029583,-14.52899361,0,0,0.9978595972,1.252959609,-0.005059191957,0.003469623625,0,1,0
chernobyl_modern_pwr,,81.90000153,0.001171263866,0.004557803273,282.0192261,266.8694763,-0.1017015725,-14.52879524,0,0,0.9978567362,1.252963781,-0.00505927531,0.003463842906,0,1,0
chernobyl_modern_pwr,,82,0.00116727571,0.004548334517,281.9632874,266.8633118,-0.1017002016,-14.52859974,0,0,0.9978538752,1.252967954,-0.00505935913,0.003458098974,0,1,0
chernobyl_modern_pwr,,82.09999847,0.001163311186,0.004538924899,281.9075317,266.8571777,-0.1016988233,-14.52840328,0,0,0.9978510141,1.252972007,-0.005059440155,0.003452392062,0,1,0
chernobyl_modern_pwr,,82.19999695,0.001159369946,0.004529573023,281.8519592,266.8510437,-0.1016974598,-14.52820778,0,0,0.9978481531,1.252976179,-0.005059523508,0.003446721705,0,1,0
chernobyl_modern_pwr,,82.29999542,0.001155451755,0.004520279355,281.7965698,266.8449707,-0.1016960889,-14.52801228,0,0,0.9978452921,1.252980232,-0.005059604533,0.003441087436,0,1,0
chernobyl_modern_pwr,,82.40000153,0.001151556615,0.004511043429,281.741394,266.8388977,-0.1016947329,-14.52781868,0,0,0.9978424311,1.252984405,-0.005059687886,0.003435489489,0,1,0
chernobyl_modern_pwr,,82.5,0.001147683477,0.004501863383,281.6863708,266.8328247,-0.1016933843,-14.52762604,0,0,0.99783957,1.252988458,-0.005059768911,0.003429926932,0,1,0
chernobyl_modern_pwr,,82.59999847,0.00114383304,0.004492740612,281.6315613,266.8267822,-0.1016920358,-14.5274334,0,0,0.997836709,1.25299263,-0.005059852265,0.003424400464,0,1,0
chernobyl_modern_pwr,,82.69999695,0.001140004839,0.004483673722,281.5769348,266.8207703,-0.1016906947,-14.52724171,0,0,0.997833848,1.252996683,-0.005059933756,0.003418909153,0,1,0
chernobyl_modern_pwr,,82.79999542,0.001136197825,0.004474661313,281.5224915,266.8147888,-0.1016893536,-14.52705002,0,0,0.997830987,1.253000855,-0.005060017109,0.003413452767,0,1,0
chernobyl_modern_pwr,,82.90000153,0.001132412581,0.004465704784,281.4682007,266.8088074,-0.1016880125,-14.52685833,0,0,0.997828126,1.253004909,-0.005060098134,0.003408031538,0,1,0
chernobyl_modern_pwr,,83,0.001128648524,0.004456802271,281.4141235,266.8028564,-0.1016866863,-14.52666855,0,0,0.9978252649,1.253009081,-0.005060181487,0.003402644768,0,1,0
chernobyl_modern_pwr,,83.09999847,0.001124905772,0.004447954707,281.3602295,266.796936,-0.1016853601,-14.52647972,0,0,0.9978224039,1.253013134,-0.005060262512,0.003397292458,0,1,0
chernobyl_modern_pwr,,83.19999695,0.001121183741,0.004439160228,281.3065186,266.7910156,-0.1016840488,-14.52629185,0,0,0.9978195429,1.253017306,-0.005060345866,0.003391974373,0,1,0
chernobyl_modern_pwr,,83.29999542,0.001117482199,0.004430418368,281.2529907,266.7851257,-0.1016827375,-14.52610493,0,0,0.9978166819,1.253021479,-0.005060429685,0.003386689816,0,1,0
chernobyl_modern_pwr,,83.40000153,0.001113800914,0.004421729594,281.199646,266.7792358,-0.1016814187,-14.5259161,0,0,0.9978138208,1.253025532,-0.00506051071,0.003381439485,0,1,0
chernobyl_modern_pwr,,83.5,0.001110140001,0.004413092975,281.1464844,266.773407,-0.1016801149,-14.52573013,0,0,0.9978110194,1.253029704,-0.005060594063,0.003376222216,0,1,0
chernobyl_modern_pwr,,83.59999847,0.001106498763,0.004404508509,281.0934753,266.7675781,-0.101678811,-14.52554417,0,0,0.9978081584,1.253033757,-0.005060675088,0.003371038474,0,1,0
chernobyl_modern_pwr,,83.69999695,0.001102877548,0.004395975266,281.0406799,266.7617493,-0.1016775221,-14.52536011,0,0,0.9978052974,1.25303793,-0.005060758442,0.003365887562,0,1,0
chernobyl_modern_pwr,,83.79999542,0.001099275425,0.004387493245,280.9880371,266.7559509,-0.1016762257,-14.52517509,0,0,0.9978024364,1.253041983,-0.005060839467,0.003360769711,0,1,0
chernobyl_modern_pwr,,83.90000153,0.00109569286,0.004379061051,280.9355774,266.7501831,-0.1016749367,-14.52499008,0,0,0.9977995753,1.253046155,-0.00506092282,0.003355683992,0,1,0
chernobyl_modern_pwr,,84,0.001092129387,0.004370679613,280.8833008,266.7444153,-0.1016736552,-14.52480698,0,0,0.9977967143,1.253050208,-0.005061003845,0.003350630868,0,1,0
chernobyl_modern_pwr,,84.09999847,0.001088584773,0.004362348467,280.8312073,266.738678,-0.1016723812,-14.52462578,0,0,0.9977938533,1.25305438,-0.005061087664,0.003345610108,0,1,0
chernobyl_modern_pwr,,84.19999695,0.001085058553,0.004354065284,280.7792969,266.7329712,-0.1016711071,-14.52444363,0,0,0.9977909923,1.253058434,-0.005061168689,0.00334062078,0,1,0
chernobyl_modern_pwr,,84.29999542,0.001081551076,0.004345831927,280.7275696,266.7272644,-0.1016698405,-14.52426243,0,0,0.9977881312,1.253062606,-0.005061252043,0.003335663117,0,1,0
chernobyl_modern_pwr,,84.40000153,0.001078061876,0.004337646998,280.6759949,266.7215881,-0.1016685739,-14.52408123,0,0,0.9977852702,1.253066659,-0.005061333068,0.003330737352,0,1,0
chernobyl_modern_pwr,,84.5,0.001074590953,0.004329510033,280.6246033,266.7159424,-0.1016673148,-14.52390194,0,0,0.9977824092,1.253070831,-0.005061416421,0.003325842321,0,1,0
chernobyl_modern_pwr,,84.59999847,0.001071137609,0.004321421497,280.5733643,266.7102966,-0.1016660631,-14.52372265,0,0,0.9977795482,1.253075004,-0.005061499774,0.003320978722,0,1,0
chernobyl_modern_pwr,,84.69999695,0.00106770196,0.004313379526,280.5223389,266.7046814,-0.1016648114,-14.52354431,0,0,0.9977766871,1.253079057,-0.0050615808,0.003316146089,0,1,0
chernobyl_modern_pwr,,84.79999542,0.001064284239,0.004305385519,280.4714661,266.6990662,-0.1016635671,-14.52336597,0,0,0.9977738261,1.253083229,-0.005061664619,0.003311343957,0,1,0
chernobyl_modern_pwr,,84.90000153,0.001060883631,0.004297437146,280.4207764,266.693512,-0.1016623229,-14.52318859,0,0,0.9977709651,1.253087282,-0.005061745644,0.00330657186,0,1,0
chernobyl_modern_pwr,,85,0.001057500369,0.004289535806,280.3702393,266.6879272,-0.1016610935,-14.52301311,0,0,0.9977681041,1.253091455,-0.005061828997,0.003301830497,0,1,0
chernobyl_modern_pwr,,85.09999847,0.001054133987,0.0042816801,280.3198853,266.6824036,-0.1016598567,-14.52283669,0,0,0.9977652431,1.253095508,-0.005061910022,0.003297118703,0,1,0
chernobyl_modern_pwr,,85.19999695,0.001050784602,0.004273870029,280.2697144,266.6768494,-0.1016586274,-14.52266026,0,0,0.997762382,1.25309968,-0.005061993375,0.003292437177,0,1,0
chernobyl_modern_pwr,,85.29999542,0.001047451864,0.004266104661,280.219696,266.6713562,-0.1016574055,-14.52248573,0,0,0.997759521,1.253103733,-0.0050620744,0.003287784755,0,1,0
chernobyl_modern_pwr,,85.40000153,0.001044135541,0.004258384928,280.1698608,266.665863,-0.1016561836,-14.52231121,0,0,0.99775666,1.253107905,-0.00506215822,0.003283162136,0,1,0
chernobyl_modern_pwr,,85.5,0.001040835981,0.004250708967,280.1201782,266.6604004,-0.1016549766,-14.5221386,0,0,0.997753799,1.253111959,-0.005062239245,0.003278568387,0,1,0
chernobyl_modern_pwr,,85.59999847,0.001037552021,0.00424307771,280.0706787,266.6549377,-0.1016537696,-14.52196693,0,0,0.9977509379,1.253116131,-0.005062322598,0.003274003975,0,1,0
chernobyl_modern_pwr,,85.69999695,0.001034284593,0.00423548976,280.0213318,266.6495056,-0.1016525552,-14.52179337,0,0,0.9977480769,1.253120184,-0.005062403623,0.003269467968,0,1,0
chernobyl_modern_pwr,,85.79999542,0.001031032996,0.004227945581,279.972168,266.644104,-0.1016513556,-14.5216217,0,0,0.9977452159,1.253124356,-0.005062486976,0.003264960833,0,1,0
chernobyl_modern_pwr,,85.90000153,0.001027797116,0.004220444709,279.9231567,266.6387024,-0.1016501635,-14.52145195,0,0,0.9977423549,1.253128529,-0.00506257033,0.003260482103,0,1,0
chernobyl_modern_pwr,,86,0.001024576719,0.004212986212,279.8743286,266.6333313,-0.1016489714,-14.52128124,0,0,0.9977394938,1.253132582,-0.005062651355,0.003256031545,0,1,0
chernobyl_modern_pwr,,86.09999847,0.001021371922,0.004205570556,279.8256531,266.6279602,-0.1016477793,-14.52111053,0,0,0.9977366328,1.253136754,-0.005062735174,0.00325160916,0,1,0
chernobyl_modern_pwr,,86.19999695,0.001018182142,0.00419819681,279.7771606,266.6226196,-0.1016465947,-14.52094173,0,0,0.9977337718,1.253140807,-0.005062816199,0.003247214481,0,1,0
chernobyl_modern_pwr,,86.29999542,0.001015007845,0.004190864973,279.7288208,266.6173096,-0.101645425,-14.52077484,0,0,0.9977309108,1.253144979,-0.005062899552,0.00324284751,0,1,0
chernobyl_modern_pwr,,86.40000153,0.001011848566,0.00418357458,279.6806641,266.6119995,-0.1016442403,-14.52060509,0,0,0.9977280498,1.253149033,-0.005062980577,0.003238508012,0,1,0
chernobyl_modern_pwr,,86.5,0.001008703723,0.004176325165,279.6326294,266.60672,-0.1016430706,-14.52043819,0,0,0.9977251887,1.253153205,-0.005063063931,0.003234195756,0,1,0
chernobyl_modern_pwr,,86.59999847,0.001005574246,0.004169116728,279.5848083,266.6014404,-0.1016419083,-14.52027225,0,0,0.9977223277,1.253157258,-0.005063144956,0.003229910508,0,1,0
chernobyl_modern_pwr,,86.69999695,0.001002458972,0.004161948804,279.5371094,266.5961914,-0.101640746,-14.52010632,0,0,0.9977194667,1.25316143,-0.005063228309,0.003225652035,0,1,0
chernobyl_modern_pwr,,86.79999542,0.0009993582498,0.004154821392,279.4895935,266.5909424,-0.1016395837,-14.51994038,0,0,0.9977166057,1.253165483,-0.005063309334,0.003221420571,0,1,0
chernobyl_modern_pwr,,86.90000153,0.0009962723125,0.004147734027,279.4422302,266.5857239,-0.1016384363,-14.51977634,0,0,0.9977137446,1.253169656,-0.005063393153,0.00321721565,0,1,0
chernobyl_modern_pwr,,87,0.0009932001121,0.004140685778,279.3950195,266.5805359,-0.1016372815,-14.51961136,0,0,0.9977108836,1.253173709,-0.005063474178,0.003213037038,0,1,0
chernobyl_modern_pwr,,87.09999847,0.0009901422309,0.00413367711,279.3479919,266.5753479,-0.1016361341,-14.51944733,0,0,0.9977080226,1.253177881,-0.005063557532,0.003208884504,0,1,0
chernobyl_modern_pwr,,87.19999695,0.0009870983195,0.004126708023,279.3011169,266.5701904,-0.1016349941,-14.51928425,0,0,0.9977051616,1.253182054,-0.005063640885,0.003204758046,0,1,0
chernobyl_modern_pwr,,87.29999542,0.0009840679122,0.004119776655,279.2543945,266.565033,-0.1016338617,-14.51912308,0,0,0.9977023005,1.253186107,-0.00506372191,0.0032006572,0,1,0
chernobyl_modern_pwr,,87.40000153,0.0009810514748,0.004112884402,279.2078552,266.559906,-0.1016327292,-14.51896095,0,0,0.9976994395,1.253190279,-0.005063805263,0.003196582431,0,1,0
chernobyl_modern_pwr,,87.5,0.000978048658,0.004106030334,279.161438,266.5548096,-0.1016315967,-14.51879883,0,0,0.9976965785,1.253194332,-0.005063886754,0.003192532808,0,1,0
chernobyl_modern_pwr,,87.59999847,0.0009750594618,0.004099213984,279.1152039,266.5497131,-0.1016304716,-14.51863861,0,0,0.9976937175,1.253198504,-0.005063970108,0.003188508563,0,1,0
chernobyl_modern_pwr,,87.69999695,0.0009720834787,0.004092435353,279.0691223,266.5446472,-0.1016293541,-14.51847839,0,0,0.9976908565,1.253202558,-0.005064051133,0.003184509464,0,1,0
chernobyl_modern_pwr,,87.79999542,0.0009691206506,0.004085693974,279.0231934,266.5395813,-0.1016282365,-14.51831913,0,0,0.9976879954,1.25320673,-0.005064134486,0.003180535277,0,1,0
chernobyl_modern_pwr,,87.90000153,0.0009661712102,0.004078989848,278.977417,266.5345459,-0.1016271189,-14.51815987,0,0,0.9976851344,1.253210783,-0.005064215511,0.003176586004,0,1,0
chernobyl_modern_pwr,,88,0.0009632348083,0.00407232251,278.9317932,266.5295105,-0.1016260162,-14.51800156,0,0,0.9976822734,1.253214955,-0.005064298864,0.003172661411,0,1,0
chernobyl_modern_pwr,,88.09999847,0.0009603109211,0.004065691493,278.8863525,266.5245056,-0.1016249061,-14.51784325,0,0,0.9976794124,1.253219008,-0.00506437989,0.003168761265,0,1,0
chernobyl_modern_pwr,,88.19999695,0.0009574001888,0.004059096798,278.8410339,266.5195007,-0.1016238108,-14.51768684,0,0,0.9976765513,1.253223181,-0.005064463709,0.0031648851,0,1,0
chernobyl_modern_pwr,,88.29999542,0.0009545023204,0.004052538425,278.7958984,266.5145264,-0.1016227156,-14.51753044,0,0,0.9976736903,1.253227234,-0.005064544734,0.00316103315,0,1,0
chernobyl_modern_pwr,,88.40000153,0.0009516166756,0.004046015441,278.750885,266.5095825,-0.1016216204,-14.51737404,0,0,0.9976708293,1.253231406,-0.005064628087,0.003157205414,0,1,0
chernobyl_modern_pwr,,88.5,0.0009487437783,0.004039527848,278.7060547,266.5046387,-0.1016205326,-14.51721859,0,0,0.9976679683,1.253235579,-0.00506471144,0.003153401194,0,1,0
chernobyl_modern_pwr,,88.59999847,0.0009458832792,0.004033075646,278.661377,266.4997253,-0.1016194522,-14.51706409,0,0,0.9976651073,1.253239632,-0.005064792465,0.003149620723,0,1,0
chernobyl_modern_pwr,,88.69999695,0.0009430348873,0.004026658367,278.6168213,266.494812,-0.1016183719,-14.5169096,0,0,0.9976622462,1.253243804,-0.005064875819,0.003145863768,0,1,0
chernobyl_modern_pwr,,88.79999542,0.0009401988937,0.004020276014,278.5724487,266.4899292,-0.1016172916,-14.5167551,0,0,0.9976593852,1.253247857,-0.005064956844,0.003142130096,0,1,0
chernobyl_modern_pwr,,88.90000153,0.0009373747744,0.004013927653,278.5281982,266.4850464,-0.1016162187,-14.51660252,0,0,0.9976565242,1.253252029,-0.005065040663,0.003138419474,0,1,0
chernobyl_modern_pwr,,89,0.0009345629951,0.004007614218,278.4841309,266.4801941,-0.1016151533,-14.51644993,0,0,0.9976536632,1.253256083,-0.005065121688,0.003134732135,0,1,0
chernobyl_modern_pwr,,89.09999847,0.0009317627992,0.004001333844,278.4401855,266.4753418,-0.1016140878,-14.51629734,0,0,0.9976508021,1.253260255,-0.005065205041,0.00313106738,0,1,0
chernobyl_modern_pwr,,89.19999695,0.0009289745358,0.003995087929,278.3963928,266.47052,-0.1016130298,-14.51614666,0,0,0.9976479411,1.253264308,-0.005065286066,0.003127425443,0,1,0
chernobyl_modern_pwr,,89.29999542,0.0009261983214,0.003988875076,278.3527832,266.4657288,-0.1016119719,-14.51599598,0,0,0.9976450801,1.25326848,-0.00506536942,0.003123805858,0,1,0
chernobyl_modern_pwr,,89.40000153,0.0009234331665,0.003982695285,278.3092957,266.4609375,-0.1016109139,-14.51584435,0,0,0.9976422191,1.253272533,-0.005065450445,0.003120208858,0,1,0
chernobyl_modern_pwr,,89.5,0.0009206799441,0.003976549488,278.2659607,266.4561462,-0.1016098708,-14.51569557,0,0,0.997639358,1.253276706,-0.005065533798,0.003116634209,0,1,0
chernobyl_modern_pwr,,89.59999847,0.0009179378976,0.003970435355,278.2227478,266.4513855,-0.1016088277,-14.5155468,0,0,0.997636497,1.253280759,-0.005065615289,0.003113081213,0,1,0
chernobyl_modern_pwr,,89.69999695,0.0009152074344,0.003964354284,278.179718,266.4466553,-0.1016077846,-14.51539707,0,0,0.997633636,1.253284931,-0.005065698642,0.003109550569,0,1,0
chernobyl_modern_pwr,,89.79999542,0.0009124880889,0.003958305344,278.1368408,266.441925,-0.1016067415,-14.5152483,0,0,0.997630775,1.253288984,-0.005065779667,0.003106041346,0,1,0
chernobyl_modern_pwr,,89.90000153,0.0009097800939,0.003952288534,278.0940857,266.4372253,-0.1016057134,-14.51510143,0,0,0.997627914,1.253293157,-0.005065863021,0.003102553776,0,1,0
chernobyl_modern_pwr,,90,0.000907083042,0.00394630339,278.0514832,266.4325256,-0.1016046852,-14.51495457,0,0,0.9976250529,1.253297329,-0.005065946374,0.003099087859,0,1,0
chernobyl_modern_pwr,,90.09999847,0.0009043970495,0.00394034991,278.0090332,266.4278564,-0.101603657,-14.5148077,0,0,0.9976221919,1.253301382,-0.005066027399,0.003095643129,0,1,0
chernobyl_modern_pwr,,90.19999695,0.0009017219418,0.003934428096,277.9667053,266.4231873,-0.1016026363,-14.51466179,0,0,0.9976193309,1.253305554,-0.005066110753,0.00309221982,0,1,0
chernobyl_modern_pwr,,90.29999542,0.0008990579518,0.003928537481,277.92453,266.4185486,-0.1016016155,-14.51451588,0,0,0.9976164699,1.253309608,-0.005066192243,0.003088817466,0,1,0
chernobyl_modern_pwr,,90.40000153,0.0008964044391,0.003922677599,277.8825073,266.4139099,-0.1016006023,-14.51437092,0,0,0.9976136088,1.25331378,-0.005066275597,0.003085435834,0,1,0
chernobyl_modern_pwr,,90.5,0.0008937617531,0.003916848451,277.8406372,266.4093018,-0.101599589,-14.51422691,0,0,0.9976107478,1.253317833,-0.005066356622,0.003082075156,0,1,0
chernobyl_modern_pwr,,90.59999847,0.0008911296609,0.003911050037,277.7988892,266.4046936,-0.1015985832,-14.51408291,0,0,0.9976078868,1.253322005,-0.005066439975,0.003078734968,0,1,0
chernobyl_modern_pwr,,90.69999695,0.0008885082207,0.00390528189,277.7572937,266.400116,-0.1015975773,-14.5139389,0,0,0.9976050258,1.253326058,-0.005066521,0.003075415269,0,1,0
chernobyl_modern_pwr,,90.79999542,0.0008858969668,0.003899543779,277.7158508,266.3955383,-0.101596579,-14.51379681,0,0,0.9976021647,1.253330231,-0.005066604353,0.003072116058,0,1,0
chernobyl_modern_pwr,,90.8999939,0.0008832961903,0.003893835703,277.67453,266.3909912,-0.1015955806,-14.51365376,0,0,0.9975993037,1.253334284,-0.005066685379,0.003068837104,0,1,0
chernobyl_modern_pwr,,91,0.0008807059494,0.003888157196,277.6333618,266.3864441,-0.1015945971,-14.51351357,0,0,0.9975964427,1.253338456,-0.005066769198,0.003065577941,0,1,0
chernobyl_modern_pwr,,91.09999847,0.0008781257202,0.003882508492,277.5923462,266.3819275,-0.1015935987,-14.51337051,0,0,0.9975935817,1.253342509,-0.005066850223,0.003062339034,0,1,0
chernobyl_modern_pwr,,91.19999695,0.0008755555609,0.003876888426,277.5514526,266.3774414,-0.1015926152,-14.51323032,0,0,0.9975907207,1.253346682,-0.005066933576,0.003059119452,0,1,0
chernobyl_modern_pwr,,91.29999542,0.000872995879,0.003871297929,277.5107117,266.3729553,-0.1015916392,-14.51309109,0,0,0.9975878596,1.253350735,-0.005067014601,0.003055919893,0,1,0
chernobyl_modern_pwr,,91.3999939,0.000870445976,0.003865736537,277.4700928,266.3684692,-0.1015906632,-14.51295185,0,0,0.9975849986,1.253354907,-0.005067097954,0.003052739892,0,1,0
chernobyl_modern_pwr,,91.5,0.000867906143,0.003860203782,277.4296265,266.3640137,-0.1015896872,-14.51281166,0,0,0.9975821376,1.253359079,-0.005067181308,0.003049579449,0,1,0
chernobyl_modern_pwr,,91.59999847,0.0008653759724,0.003854698967,277.3892822,266.3595581,-0.1015887186,-14.51267338,0,0,0.9975792766,1.253363132,-0.005067262333,0.003046437865,0,1,0
chernobyl_modern_pwr,,91.69999695,0.0008628558135,0.00384922279,277.3490906,266.3551331,-0.10158775,-14.5125351,0,0,0.9975764155,1.253367305,-0.005067346152,0.003043315373,0,1,0
chernobyl_modern_pwr,,91.79999542,0.0008603454917,0.003843775019,277.309021,266.350708,-0.1015867889,-14.51239777,0,0,0.9975735545,1.253371358,-0.005067427177,0.003040212207,0,1,0
chernobyl_modern_pwr,,91.8999939,0.0008578445995,0.003838354489,277.269104,266.3463135,-0.1015858278,-14.51226044,0,0,0.9975706935,1.25337553,-0.00506751053,0.003037127666,0,1,0
chernobyl_modern_pwr,,92,0.0008553534863,0.003832962364,277.2293396,266.3419495,-0.1015848666,-14.51212311,0,0,0.9975678325,1.253379583,-0.005067591555,0.003034062218,0,1,0
chernobyl_modern_pwr,,92.09999847,0.0008528718026,0.003827597247,277.1896667,266.3375549,-0.1015839204,-14.51198864,0,0,0.9975649714,1.253383756,-0.005067674909,0.00303101493,0,1,0
chernobyl_modern_pwr,,92.19999695,0.0008503996651,0.003822259605,277.150177,266.3332214,-0.1015829667,-14.51185226,0,0,0.9975621104,1.253387809,-0.005067755934,0.003027986269,0,1,0
chernobyl_modern_pwr,,92.29999542,0.0008479368407,0.003816949204,277.1107788,266.3288574,-0.1015820205,-14.51171684,0,0,0.9975592494,1.253391981,-0.005067839287,0.003024976235,0,1,0
chernobyl_modern_pwr,,92.3999939,0.000845483446,0.003811665811,277.0715332,266.3245544,-0.1015810817,-14.51158237,0,0,0.9975563884,1.253396034,-0.005067920778,0.003021984128,0,1,0
chernobyl_modern_pwr,,92.5,0.0008430395392,0.003806409193,277.0324402,266.3202515,-0.101580143,-14.51144886,0,0,0.9975535274,1.253400207,-0.005068004131,0.003019010182,0,1,0
chernobyl_modern_pwr,,92.59999847,0.0008406047709,0.003801179118,276.9934692,266.3159485,-0.1015792042,-14.51131439,0,0,0.9975506663,1.25340426,-0.005068085156,0.003016054165,0,1,0
chernobyl_modern_pwr,,92.69999695,0.0008381790249,0.003795975586,276.9546204,266.311676,-0.1015782803,-14.51118279,0,0,0.9975478053,1.253408432,-0.00506816851,0.003013116308,0,1,0
chernobyl_modern_pwr,,92.79999542,0.0008357627667,0.003790798597,276.9158936,266.3074036,-0.101577349,-14.51104927,0,0,0.9975449443,1.253412485,-0.005068249535,0.003010196146,0,1,0
chernobyl_modern_pwr,,92.8999939,0.0008333551814,0.003785646986,276.8773193,266.3031311,-0.1015764177,-14.51091671,0,0,0.9975420833,1.253416657,-0.005068332888,0.003007293213,0,1,0
chernobyl_modern_pwr,,93,0.0008309566765,0.003780521685,276.8388977,266.2989197,-0.1015755087,-14.51078606,0,0,0.9975392222,1.25342083,-0.005068416707,0.003004408209,0,1,0
chernobyl_modern_pwr,,93.09999847,0.0008285670774,0.003775421996,276.8005676,266.2946777,-0.1015745848,-14.51065445,0,0,0.9975363612,1.253424883,-0.005068497732,0.003001540434,0,1,0
chernobyl_modern_pwr,,93.19999695,0.0008261866169,0.003770348383,276.7623901,266.2904663,-0.1015736759,-14.51052475,0,0,0.9975335002,1.253429055,-0.005068581086,0.002998690121,0,1,0
chernobyl_modern_pwr,,93.29999542,0.0008238148876,0.003765299683,276.7243347,266.2862854,-0.1015727594,-14.5103941,0,0,0.9975306392,1.253433108,-0.005068662111,0.002995856572,0,1,0
chernobyl_modern_pwr,,93.3999939,0.0008214518894,0.003760276362,276.6864014,266.2821045,-0.1015718505,-14.51026344,0,0,0.9975277781,1.253437281,-0.005068745464,0.002993040252,0,1,0
chernobyl_modern_pwr,,93.5,0.0008190974477,0.003755277954,276.6486206,266.2779236,-0.101570949,-14.5101347,0,0,0.9975249171,1.253441334,-0.005068826489,0.00299024093,0,1,0
chernobyl_modern_pwr,,93.59999847,0.0008167520282,0.003750304691,276.6109619,266.2737732,-0.1015700474,-14.51000595,0,0,0.9975220561,1.253445506,-0.005068909843,0.002987458371,0,1,0
chernobyl_modern_pwr,,93.69999695,0.0008144148742,0.003745356109,276.5734253,266.2696533,-0.1015691459,-14.5098772,0,0,0.9975191951,1.253449559,-0.005068990868,0.002984692575,0,1,0
chernobyl_modern_pwr,,93.79999542,0.0008120863349,0.003740431741,276.5360107,266.2655334,-0.1015682518,-14.50974941,0,0,0.9975163341,1.253453732,-0.005069074687,0.002981943078,0,1,0
chernobyl_modern_pwr,,93.8999939,0.0008097664104,0.003735532053,276.4987488,266.2614136,-0.1015673652,-14.50962353,0,0,0.997513473,1.253457785,-0.005069155712,0.002979210345,0,1,0
chernobyl_modern_pwr,,94,0.0008074549842,0.003730656812,276.4615784,266.2573242,-0.1015664786,-14.50949669,0,0,0.997510612,1.253461957,-0.005069239065,0.00297649391,0,1,0
chernobyl_modern_pwr,,94.09999847,0.0008051517652,0.00372580532,276.4245605,266.2532349,-0.101565592,-14.50936985,0,0,0.997507751,1.25346601,-0.00506932009,0.00297379354,0,1,0
chernobyl_modern_pwr,,94.19999695,0.000802857161,0.003720978042,276.3876648,266.249176,-0.1015647128,-14.50924397,0,0,0.99750489,1.253470182,-0.005069403443,0.002971109468,0,1,0
chernobyl_modern_pwr,,94.29999542,0.0008005705895,0.003716174513,276.3508911,266.2451172,-0.1015638337,-14.50911903,0,0,0.9975020289,1.253474236,-0.005069484469,0.002968441462,0,1,0
chernobyl_modern_pwr,,94.3999939,0.0007982922252,0.003711394267,276.31427,266.2410889,-0.1015629619,-14.5089941,0,0,0.9974991679,1.253478408,-0.005069567822,0.002965789288,0,1,0
chernobyl_modern_pwr,,94.5,0.0007960223593,0.00370663777,276.2777405,266.2370605,-0.1015620902,-14.50886917,0,0,0.9974963069,1.253482461,-0.005069649313,0.002963152947,0,1,0
chernobyl_modern_pwr,,94.59999847,0.0007937606424,0.003701904789,276.241333,266.2330627,-0.1015612185,-14.50874519,0,0,0.9974934459,1.253486633,-0.005069732666,0.002960532205,0,1,0
chernobyl_modern_pwr,,94.69999695,0.0007915067254,0.003697194392,276.2050781,266.2290649,-0.1015603617,-14.50862312,0,0,0.9974905849,1.253490806,-0.005069816019,0.002957927063,0,1,0
chernobyl_modern_pwr,,94.79999542,0.0007892610738,0.003692507278,276.1689453,266.2250671,-0.1015594974,-14.50849915,0,0,0.9974877238,1.253494859,-0.005069897044,0.002955337521,0,1,0
chernobyl_modern_pwr,,94.8999939,0.0007870233967,0.003687843215,276.1329041,266.2210999,-0.1015586406,-14.50837708,0,0,0.9974848628,1.253499031,-0.005069980398,0.002952763345,0,1,0
chernobyl_modern_pwr,,95,0.0007847937522,0.003683201969,276.0970154,266.2171326,-0.1015577838,-14.50825405,0,0,0.9974820018,1.253503084,-0.005070061423,0.002950204536,0,1,0
chernobyl_modern_pwr,,95.09999847,0.0007825719658,0.003678582842,276.0612488,266.2131958,-0.1015569344,-14.50813293,0,0,0.9974791408,1.253507257,-0.005070145242,0.002947660629,0,1,0
chernobyl_modern_pwr,,95.19999695,0.0007803580957,0.003673986532,276.0255737,266.209259,-0.1015560851,-14.50801182,0,0,0.9974762797,1.25351131,-0.005070226267,0.002945132088,0,1,0
chernobyl_modern_pwr,,95.29999542,0.0007781519089,0.003669412341,275.9900513,266.2053528,-0.1015552431,-14.50789165,0,0,0.9974734187,1.253515482,-0.00507030962,0.002942618448,0,1,0
chernobyl_modern_pwr,,95.3999939,0.0007759535802,0.003664860036,275.9546509,266.2014465,-0.1015543938,-14.50777054,0,0,0.9974705577,1.253519535,-0.005070390645,0.002940119477,0,1,0
chernobyl_modern_pwr,,95.5,0.0007737629348,0.003660330083,275.9193726,266.1975708,-0.1015535593,-14.50765133,0,0,0.9974676967,1.253523707,-0.005070473999,0.002937635407,0,1,0
chernobyl_modern_pwr,,95.59999847,0.0007715800311,0.003655821783,275.8841858,266.1936951,-0.1015527248,-14.50753212,0,0,0.9974648356,1.253527761,-0.005070555024,0.002935166005,0,1,0
chernobyl_modern_pwr,,95.69999695,0.0007694049273,0.00365133537,275.8491516,266.1898193,-0.1015518904,-14.50741291,0,0,0.9974619746,1.253531933,-0.005070638377,0.002932711039,0,1,0
chernobyl_modern_pwr,,95.79999542,0.000767237274,0.003646870377,275.814209,266.1859741,-0.1015510634,-14.50729465,0,0,0.9974591136,1.253535986,-0.005070719402,0.002930270741,0,1,0
chernobyl_modern_pwr,,95.8999939,0.0007650770713,0.003642426804,275.7794189,266.1821289,-0.1015502363,-14.5071764,0,0,0.9974562526,1.253540158,-0.005070803221,0.002927844878,0,1,0
chernobyl_modern_pwr,,96,0.0007629246684,0.003638004651,275.7447205,266.1783142,-0.1015494093,-14.50705814,0,0,0.9974533916,1.253544211,-0.005070884246,0.002925432986,0,1,0
chernobyl_modern_pwr,,96.09999847,0.0007607797161,0.003633603919,275.710144,266.1744995,-0.1015485898,-14.50694084,0,0,0.9974505305,1.253548384,-0.0050709676,0.002923035529,0,1,0
chernobyl_modern_pwr,,96.19999695,0.0007586420397,0.003629223444,275.6757202,266.1707153,-0.1015477777,-14.50682449,0,0,0.9974476695,1.253552437,-0.005071048625,0.002920651808,0,1,0
chernobyl_modern_pwr,,96.29999542,0.0007565118722,0.003624864621,275.6413879,266.1669312,-0.1015469581,-14.50670815,0,0,0.9974448681,1.253556609,-0.005071131978,0.002918282524,0,1,0
chernobyl_modern_pwr,,96.3999939,0.0007543889224,0.003620526055,275.6071472,266.163147,-0.1015461534,-14.50659275,0,0,0.9974420071,1.253560781,-0.005071215332,0.002915926743,0,1,0
chernobyl_modern_pwr,,96.5,0.0007522734813,0.003616208443,275.5730591,266.1593933,-0.1015453413,-14.50647736,0,0,0.997439146,1.253564835,-0.005071296357,0.002913584933,0,1,0
chernobyl_modern_pwr,,96.59999847,0.0007501652581,0.003611911088,275.539093,266.1556396,-0.1015445441,-14.50636292,0,0,0.997436285,1.253569007,-0.005071380176,0.002911256626,0,1,0
chernobyl_modern_pwr,,96.69999695,0.0007480640779,0.003607634222,275.5052185,266.1519165,-0.1015437394,-14.50624847,0,0,0.997433424,1.25357306,-0.005071461201,0.00290894229,0,1,0
chernobyl_modern_pwr,,96.79999542,0.0007459701155,0.003603377379,275.4714661,266.1481934,-0.1015429348,-14.50613308,0,0,0.997430563,1.253577232,-0.005071544554,0.002906641224,0,1,0
chernobyl_modern_pwr,,96.8999939,0.0007438836619,0.003599141026,275.4378357,266.1444702,-0.101542145,-14.50602055,0,0,0.997427702,1.253581285,-0.005071625579,0.002904353663,0,1,0
chernobyl_modern_pwr,,97,0.0007418043097,0.003594924696,275.4043274,266.1407776,-0.1015413478,-14.50590611,0,0,0.9974248409,1.253585458,-0.005071708933,0.002902079374,0,1,0
chernobyl_modern_pwr,,97.09999847,0.0007397317095,0.003590727691,275.3709106,266.1371155,-0.1015405655,-14.50579453,0,0,0.9974219799,1.253589511,-0.005071789958,0.002899818355,0,1,0
chernobyl_modern_pwr,,97.19999695,0.0007376664435,0.003586551175,275.3376465,266.1334229,-0.1015397757,-14.50568199,0,0,0.9974191189,1.253593683,-0.005071873777,0.002897570608,0,1,0
chernobyl_modern_pwr,,97.29999542,0.0007356079877,0.003582393518,275.3044739,266.1297913,-0.101538986,-14.5055685,0,0,0.9974162579,1.253597736,-0.005071954802,0.002895335667,0,1,0
chernobyl_modern_pwr,,97.3999939,0.0007335565169,0.003578255884,275.2713928,266.1261292,-0.1015382111,-14.50545788,0,0,0.9974133968,1.253601909,-0.005072038155,0.002893113997,0,1,0
chernobyl_modern_pwr,,97.5,0.0007315122057,0.003574137343,275.2384644,266.1224976,-0.1015374288,-14.5053463,0,0,0.9974105358,1.253605962,-0.00507211918,0.0028909049,0,1,0
chernobyl_modern_pwr,,97.59999847,0.0007294746465,0.003570038127,275.2056274,266.1188965,-0.1015366614,-14.50523663,0,0,0.9974076748,1.253610134,-0.005072202533,0.002888708841,0,1,0
chernobyl_modern_pwr,,97.69999695,0.0007274438394,0.003565958235,275.1729126,266.1152649,-0.1015358865,-14.505126,0,0,0.9974048138,1.253614187,-0.005072283559,0.002886525588,0,1,0
chernobyl_modern_pwr,,97.79999542,0.0007254199591,0.00356189697,275.1402893,266.1116943,-0.1015351117,-14.50501537,0,0,0.9974019527,1.25361836,-0.005072366912,0.002884354675,0,1,0
chernobyl_modern_pwr,,97.8999939,0.0007234029472,0.003557854798,275.1077881,266.1080933,-0.1015343517,-14.50490665,0,0,0.9973990917,1.253622413,-0.005072447937,0.002882196335,0,1,0
chernobyl_modern_pwr,,98,0.0007213928038,0.003553831484,275.0754089,266.1045227,-0.1015335917,-14.50479794,0,0,0.9973962307,1.253626585,-0.005072531756,0.002880050568,0,1,0
chernobyl_modern_pwr,,98.09999847,0.0007193892379,0.003549826797,275.0431213,266.1009827,-0.1015328243,-14.50468922,0,0,0.9973933697,1.253630638,-0.005072612781,0.002877917141,0,1,0
chernobyl_modern_pwr,,98.19999695,0.0007173924823,0.003545840736,275.0109863,266.0974121,-0.1015320718,-14.50458145,0,0,0.9973905087,1.25363481,-0.005072696134,0.002875796054,0,1,0
chernobyl_modern_pwr,,98.29999542,0.0007154023042,0.003541872837,274.9789124,266.0939026,-0.1015313193,-14.50447369,0,0,0.9973876476,1.253638983,-0.005072779488,0.002873687074,0,1,0
chernobyl_modern_pwr,,98.3999939,0.0007134189364,0.003537923563,274.9469604,266.0903625,-0.1015305668,-14.50436592,0,0,0.9973847866,1.253643036,-0.005072860513,0.002871590201,0,1,0
chernobyl_modern_pwr,,98.5,0.0007114417967,0.003533991985,274.9151306,266.086853,-0.1015298143,-14.50425911,0,0,0.9973819256,1.253647208,-0.005072943866,0.002869505435,0,1,0
chernobyl_modern_pwr,,98.59999847,0.0007094715256,0.003530079266,274.8834229,266.083374,-0.1015290692,-14.5041523,0,0,0.9973790646,1.253651261,-0.005073024891,0.002867432777,0,1,0
chernobyl_modern_pwr,,98.69999695,0.000707507832,0.003526184009,274.8518066,266.079895,-0.1015283316,-14.50404739,0,0,0.9973762035,1.253655434,-0.00507310871,0.00286537176,0,1,0
chernobyl_modern_pwr,,98.79999542,0.0007055503665,0.003522306681,274.820282,266.076416,-0.1015275866,-14.50394058,0,0,0.9973733425,1.253659487,-0.005073189735,0.002863322617,0,1,0
chernobyl_modern_pwr,,98.8999939,0.000703599595,0.00351844728,274.7888794,266.072937,-0.101526849,-14.50383472,0,0,0.9973704815,1.253663659,-0.005073273089,0.002861285117,0,1,0
chernobyl_modern_pwr,,99,0.0007016551099,0.003514604876,274.7575989,266.0694885,-0.1015261114,-14.50372982,0,0,0.9973676205,1.253667712,-0.005073354114,0.002859259024,0,1,0
chernobyl_modern_pwr,,99.09999847,0.0006997172022,0.003510780865,274.7264099,266.0660706,-0.1015253812,-14.50362587,0,0,0.9973647594,1.253671885,-0.005073437467,0.002857245039,0,1,0
chernobyl_modern_pwr,,99.19999695,0.0006977856392,0.003506974084,274.695343,266.0626221,-0.1015246511,-14.50352097,0,0,0.9973618984,1.253675938,-0.005073518492,0.00285524223,0,1,0
chernobyl_modern_pwr,,99.29999542,0.0006958603044,0.003503184533,274.6643677,266.0592041,-0.1015239283,-14.50341797,0,0,0.9973590374,1.25368011,-0.005073602311,0.002853251062,0,1,0
chernobyl_modern_pwr,,99.3999939,0.0006939413142,0.003499411978,274.6335144,266.0558167,-0.1015232056,-14.50331497,0,0,0.9973561764,1.253684163,-0.005073683336,0.002851270838,0,1,0
chernobyl_modern_pwr,,99.5,0.0006920285523,0.003495656652,274.6027527,266.0524292,-0.1015224904,-14.50321293,0,0,0.9973533154,1.253688335,-0.00507376669,0.002849302022,0,1,0
chernobyl_modern_pwr,,99.59999847,0.000690122135,0.003491918556,274.5720825,266.0490417,-0.1015217677,-14.50310898,0,0,0.9973504543,1.253692389,-0.005073847715,0.002847344615,0,1,0
chernobyl_modern_pwr,,99.69999695,0.0006882220041,0.003488197224,274.5415344,266.0456848,-0.1015210524,-14.50300694,0,0,0.9973475933,1.253696561,-0.005073931068,0.002845397918,0,1,0
chernobyl_modern_pwr,,99.79999542,0.0006863280432,0.003484492656,274.5111084,266.0423279,-0.1015203446,-14.50290585,0,0,0.9973447323,1.253700614,-0.005074012093,0.002843462396,0,1,0
chernobyl_modern_pwr,,99.8999939,0.0006844403106,0.003480805084,274.4807739,266.0389709,-0.1015196294,-14.5028038,0,0,0.9973418713,1.253704786,-0.005074095447,0.002841537818,0,1,0
chernobyl_modern_pwr,,100,0.0006825585733,0.003477133811,274.450531,266.0356445,-0.1015189216,-14.50270271,0,0,0.9973390102,1.253708839,-0.005074176472,0.002839624183,0,1,0
chernobyl_modern_pwr,,100.0999985,0.0006806831807,0.003473479301,274.4204102,266.0323181,-0.1015182212,-14.50260258,0,0,0.9973361492,1.253713012,-0.005074260291,0.002837721258,0,1,0
chernobyl_modern_pwr,,100.1999969,0.0006788136088,0.003469841089,274.3903809,266.0290222,-0.1015175134,-14.50250149,0,0,0.9973332882,1.253717065,-0.005074341316,0.002835829044,0,1,0
chernobyl_modern_pwr,,100.2999954,0.0006769501488,0.003466218943,274.3604431,266.0256958,-0.101516813,-14.50240135,0,0,0.9973304272,1.253721237,-0.005074424669,0.002833947539,0,1,0
chernobyl_modern_pwr,,100.3999939,0.0006750929169,0.003462613327,274.3306274,266.0224304,-0.1015161276,-14.50230312,0,0,0.9973275661,1.25372541,-0.005074508023,0.002832076512,0,1,0
chernobyl_modern_pwr,,100.5,0.0006732413894,0.003459023777,274.3009033,266.0191345,-0.1015154272,-14.50220299,0,0,0.9973247051,1.253729463,-0.005074589048,0.002830216195,0,1,0
chernobyl_modern_pwr,,100.5999985,0.000671396032,0.00345545006,274.2713013,266.0158691,-0.1015147418,-14.50210571,0,0,0.9973218441,1.253733635,-0.005074672401,0.002828366123,0,1,0
chernobyl_modern_pwr,,100.6999969,0.0006695566117,0.00345189264,274.2417908,266.0126343,-0.1015140489,-14.50200653,0,0,0.9973189831,1.253737688,-0.005074753426,0.002826526761,0,1,0
chernobyl_modern_pwr,,100.7999954,0.0006677230704,0.003448350821,274.2123718,266.0093689,-0.1015133709,-14.50190926,0,0,0.9973161221,1.25374186,-0.005074837245,0.002824697411,0,1,0
chernobyl_modern_pwr,,100.8999939,0.0006658954662,0.003444824368,274.1830444,266.0061646,-0.1015126854,-14.50181198,0,0,0.997313261,1.253745914,-0.00507491827,0.002822878072,0,1,0
chernobyl_modern_pwr,,101,0.0006640735664,0.00344131398,274.1538391,266.0029297,-0.101512,-14.50171375,0,0,0.9973104,1.253750086,-0.005075001623,0.002821069211,0,1,0
chernobyl_modern_pwr,,101.0999985,0.0006622576038,0.003437818959,274.1247253,265.9997253,-0.101511322,-14.50161743,0,0,0.997307539,1.253754139,-0.005075082649,0.002819270361,0,1,0
chernobyl_modern_pwr,,101.1999969,0.0006604475784,0.003434339538,274.0957031,265.996521,-0.1015106514,-14.50152111,0,0,0.997304678,1.253758311,-0.005075166002,0.002817481523,0,1,0
chernobyl_modern_pwr,,101.2999954,0.0006586431991,0.003430875251,274.066803,265.9933472,-0.1015099734,-14.50142479,0,0,0.9973018169,1.253762364,-0.005075247027,0.002815702464,0,1,0
chernobyl_modern_pwr,,101.3999939,0.000656844757,0.003427426796,274.0379944,265.9901428,-0.1015093103,-14.50132942,0,0,0.9972989559,1.253766537,-0.005075330846,0.002813933883,0,1,0
chernobyl_modern_pwr,,101.5,0.0006550517865,0.00342399301,274.0092773,265.9869995,-0.1015086398,-14.50123405,0,0,0.9972960949,1.25377059,-0.005075411871,0.002812174615,0,1,0
chernobyl_modern_pwr,,101.5999985,0.0006532645784,0.003420574125,273.9806519,265.9838257,-0.1015079767,-14.50113869,0,0,0.9972932339,1.253774762,-0.005075495224,0.002810425125,0,1,0
chernobyl_modern_pwr,,101.6999969,0.0006514833076,0.003417170839,273.9521484,265.9806824,-0.1015073135,-14.50104427,0,0,0.9972903728,1.253778815,-0.00507557625,0.002808685414,0,1,0
chernobyl_modern_pwr,,101.7999954,0.0006497073919,0.003413781989,273.9237061,265.9775696,-0.1015066504,-14.50094986,0,0,0.9972875118,1.253782988,-0.005075659603,0.00280695525,0,1,0
chernobyl_modern_pwr,,101.8999939,0.0006479372969,0.003410408041,273.8953857,265.9744263,-0.1015059948,-14.5008564,0,0,0.9972846508,1.253787041,-0.005075740628,0.002805234632,0,1,0
chernobyl_modern_pwr,,102,0.0006461728481,0.003407048993,273.867157,265.9713135,-0.1015053391,-14.50076199,0,0,0.9972817898,1.253791213,-0.005075823981,0.002803523559,0,1,0
chernobyl_modern_pwr,,102.0999985,0.0006444137543,0.003403704613,273.8390503,265.9682312,-0.1015046909,-14.50066948,0,0,0.9972789288,1.253795266,-0.005075905006,0.002801822033,0,1,0
chernobyl_modern_pwr,,102.1999969,0.0006426605396,0.00340037467,273.8110046,265.9651184,-0.1015040427,-14.50057697,0,0,0.9972760677,1.253799438,-0.005075988825,0.00280012982,0,1,0
chernobyl_modern_pwr,,102.2999954,0.0006409127964,0.003397059627,273.7830811,265.9620361,-0.1015033945,-14.50048447,0,0,0.9972732067,1.253803492,-0.00507606985,0.00279844692,0,1,0
chernobyl_modern_pwr,,102.3999939,0.0006391704082,0.003393758088,273.755249,265.9589844,-0.1015027463,-14.50039196,0,0,0.9972703457,1.253807664,-0.005076153204,0.002796772867,0,1,0
chernobyl_modern_pwr,,102.5,0.0006374336081,0.003390471451,273.727478,265.9559326,-0.1015021056,-14.50030041,0,0,0.9972674847,1.253811717,-0.005076234229,0.002795108594,0,1,0
chernobyl_modern_pwr,,102.5999985,0.0006357023376,0.003387199249,273.6998596,265.9528809,-0.1015014648,-14.50020885,0,0,0.9972646236,1.253815889,-0.005076317582,0.002793453168,0,1,0
chernobyl_modern_pwr,,102.6999969,0.0006339764805,0.003383940551,273.6723022,265.9498291,-0.1015008315,-14.50011826,0,0,0.9972617626,1.253819942,-0.005076398607,0.00279180659,0,1,0
chernobyl_modern_pwr,,102.7999954,0.0006322559202,0.003380696289,273.6448364,265.9468079,-0.1015001982,-14.50002766,0,0,0.9972589016,1.253824115,-0.005076481961,0.002790169325,0,1,0
chernobyl_modern_pwr,,102.8999939,0.0006305409479,0.00337746623,273.6174622,265.9437866,-0.1014995649,-14.49993706,0,0,0.9972560406,1.253828287,-0.00507656578,0.002788540907,0,1,0
chernobyl_modern_pwr,,103,0.0006288312143,0.003374249674,273.59021,265.9407959,-0.1014989391,-14.49984837,0,0,0.9972531796,1.25383234,-0.005076646805,0.002786921337,0,1,0
chernobyl_modern_pwr,,103.0999985,0.000627126894,0.003371046856,273.5630188,265.9377747,-0.1014983058,-14.49975777,0,0,0.9972503185,1.253836513,-0.005076730158,0.002785310382,0,1,0
chernobyl_modern_pwr,,103.1999969,0.0006254279288,0.003367858008,273.5359497,265.9348145,-0.1014976799,-14.49966812,0,0,0.9972474575,1.253840566,-0.005076811183,0.002783708274,0,1,0
chernobyl_modern_pwr,,103.2999954,0.0006237343187,0.003364682896,273.5089417,265.9318237,-0.1014970616,-14.49957943,0,0,0.9972445965,1.253844738,-0.005076894537,0.002782115014,0,1,0
chernobyl_modern_pwr,,103.3999939,0.0006220457726,0.003361521056,273.4820557,265.9288635,-0.1014964432,-14.49949169,0,0,0.9972417355,1.253848791,-0.005076975562,0.002780530369,0,1,0
chernobyl_modern_pwr,,103.5,0.0006203626981,0.003358372953,273.4552307,265.9259033,-0.1014958248,-14.499403,0,0,0.9972388744,1.253852963,-0.005077059381,0.002778954105,0,1,0
chernobyl_modern_pwr,,103.5999985,0.0006186848623,0.003355238121,273.4285278,265.9229431,-0.1014952064,-14.49931431,0,0,0.9972360134,1.253857017,-0.005077140406,0.002777386457,0,1,0
chernobyl_modern_pwr,,103.6999969,0.0006170122651,0.003352116793,273.4019165,265.9200134,-0.1014945954,-14.49922752,0,0,0.9972331524,1.253861189,-0.005077223759,0.002775827423,0,1,0
chernobyl_modern_pwr,,103.7999954,0.0006153449067,0.003349008504,273.3753662,265.9170837,-0.1014939845,-14.49913979,0,0,0.9972302914,1.253865242,-0.005077304784,0.002774276305,0,1,0
chernobyl_modern_pwr,,103.8999939,0.0006136826123,0.003345913719,273.348938,265.9141846,-0.101493381,-14.49905396,0,0,0.9972274303,1.253869414,-0.005077388138,0.002772734035,0,1,0
chernobyl_modern_pwr,,104,0.0006120256148,0.003342831973,273.3226013,265.9112854,-0.1014927775,-14.49896812,0,0,0.9972245693,1.253873467,-0.005077469163,0.002771200147,0,1,0
chernobyl_modern_pwr,,104.0999985,0.0006103736814,0.003339763265,273.2963257,265.9083862,-0.1014921665,-14.49888039,0,0,0.9972217083,1.25387764,-0.005077552516,0.002769674174,0,1,0
chernobyl_modern_pwr,,104.1999969,0.0006087268121,0.003336707363,273.2701721,265.9054871,-0.1014915705,-14.49879551,0,0,0.9972188473,1.253881693,-0.005077633541,0.002768156584,0,1,0
chernobyl_modern_pwr,,104.2999954,0.000607085065,0.003333664499,273.2440796,265.9026184,-0.1014909744,-14.49871063,0,0,0.9972159863,1.253885865,-0.00507771736,0.00276664691,0,1,0
chernobyl_modern_pwr,,104.3999939,0.000605448382,0.003330633976,273.2181091,265.8997498,-0.1014903709,-14.49862385,0,0,0.9972131252,1.253889918,-0.005077798385,0.002765145153,0,1,0
chernobyl_modern_pwr,,104.5,0.0006038169377,0.003327616723,273.1921997,265.8969116,-0.1014897823,-14.49853992,0,0,0.9972102642,1.253894091,-0.005077881739,0.002763651777,0,1,0
chernobyl_modern_pwr,,104.5999985,0.0006021902664,0.003324611811,273.1664124,265.894043,-0.1014891863,-14.49845505,0,0,0.9972074032,1.253898144,-0.005077962764,0.002762166085,0,1,0
chernobyl_modern_pwr,,104.6999969,0.000600568892,0.003321619937,273.140686,265.8912048,-0.1014885977,-14.49837112,0,0,0.9972045422,1.253902316,-0.005078046117,0.002760688541,0,1,0
chernobyl_modern_pwr,,104.7999954,0.0005989522906,0.003318640171,273.1150513,265.8883972,-0.1014880091,-14.49828625,0,0,0.9972016811,1.253906369,-0.005078127142,0.002759218682,0,1,0
chernobyl_modern_pwr,,104.8999939,0.0005973408697,0.00331567321,273.0895081,265.8855591,-0.1014874279,-14.49820328,0,0,0.9971988201,1.253910542,-0.005078210495,0.002757756738,0,1,0
chernobyl_modern_pwr,,105,0.0005957342219,0.003312718589,273.0640564,265.8827515,-0.1014868468,-14.49812031,0,0,0.9971959591,1.253914595,-0.005078291986,0.002756302711,0,1,0
chernobyl_modern_pwr,,105.0999985,0.0005941326963,0.003309775842,273.0386658,265.8799744,-0.1014862657,-14.49803734,0,0,0.9971930981,1.253918767,-0.00507837534,0.002754855901,0,1,0
chernobyl_modern_pwr,,105.1999969,0.0005925358855,0.003306845669,273.0133972,265.8771667,-0.1014856845,-14.49795437,0,0,0.997190237,1.25392282,-0.005078456365,0.002753417008,0,1,0
chernobyl_modern_pwr,,105.2999954,0.0005909440806,0.003303927369,272.9881897,265.8743896,-0.1014851108,-14.49787235,0,0,0.997187376,1.253926992,-0.005078539718,0.002751985565,0,1,0
chernobyl_modern_pwr,,105.3999939,0.0005893571652,0.003301021643,272.9631042,265.8716431,-0.1014845371,-14.49779034,0,0,0.997184515,1.253931046,-0.005078620743,0.002750562038,0,1,0
chernobyl_modern_pwr,,105.5,0.0005877751973,0.003298127558,272.9380798,265.868866,-0.1014839709,-14.49770927,0,0,0.9971817136,1.253935218,-0.005078704096,0.002749145497,0,1,0
chernobyl_modern_pwr,,105.5999985,0.0005861979444,0.00329524558,272.913147,265.8661194,-0.1014834046,-14.49762917,0,0,0.9971788526,1.253939271,-0.005078785121,0.002747736638,0,1,0
chernobyl_modern_pwr,,105.6999969,0.0005846255808,0.003292375477,272.8882751,265.8633728,-0.1014828384,-14.4975481,0,0,0.9971759915,1.253943443,-0.00507886894,0.002746335231,0,1,0
chernobyl_modern_pwr,,105.7999954,0.0005830579903,0.003289517248,272.8635254,265.8606567,-0.1014822721,-14.49746704,0,0,0.9971731305,1.253947496,-0.005078949966,0.002744941041,0,1,0
chernobyl_modern_pwr,,105.8999939,0.0005814950564,0.003286670661,272.8388367,265.8579407,-0.1014817059,-14.49738598,0,0,0.9971702695,1.253951669,-0.005079033319,0.002743554302,0,1,0
chernobyl_modern_pwr,,106,0.0005799371284,0.003283835948,272.8142395,265.8552246,-0.1014811471,-14.49730587,0,0,0.9971674085,1.253955722,-0.005079114344,0.002742174547,0,1,0
chernobyl_modern_pwr,,106.0999985,0.0005783839733,0.003281012876,272.7897339,265.8525085,-0.1014805883,-14.49722672,0,0,0.9971645474,1.253959894,-0.005079197697,0.002740802243,0,1,0
chernobyl_modern_pwr,,106.1999969,0.0005768353585,0.003278201213,272.7653198,265.849823,-0.101480037,-14.49714756,0,0,0.9971616864,1.253964067,-0.005079281051,0.002739436924,0,1,0
chernobyl_modern_pwr,,106.2999954,0.0005752915167,0.003275401192,272.7409668,265.8471375,-0.1014794856,-14.49706936,0,0,0.9971588254,1.25396812,-0.005079362076,0.002738078823,0,1,0
chernobyl_modern_pwr,,106.3999939,0.000573752448,0.003272612579,272.7167053,265.8444519,-0.1014789343,-14.4969902,0,0,0.9971559644,1.253972292,-0.005079445895,0.002736727707,0,1,0
chernobyl_modern_pwr,,106.5,0.0005722180358,0.00326983491,272.6925354,265.8417969,-0.1014783829,-14.49691105,0,0,0.9971531034,1.253976345,-0.00507952692,0.002735383343,0,1,0
chernobyl_modern_pwr,,106.5999985,0.0005706882221,0.003267069347,272.668457,265.8391418,-0.1014778391,-14.4968338,0,0,0.9971502423,1.253980517,-0.005079610273,0.002734046429,0,1,0
chernobyl_modern_pwr,,106.6999969,0.0005691631814,0.003264314495,272.6444397,265.8364868,-0.1014772952,-14.4967556,0,0,0.9971473813,1.253984571,-0.005079691298,0.002732716035,0,1,0
chernobyl_modern_pwr,,106.7999954,0.0005676426226,0.003261570819,272.6205139,265.8338623,-0.1014767513,-14.49667835,0,0,0.9971445203,1.253988743,-0.005079774652,0.002731392626,0,1,0
chernobyl_modern_pwr,,106.8999939,0.0005661267787,0.003258838318,272.5966492,265.8312378,-0.1014762074,-14.49660015,0,0,0.9971416593,1.253992796,-0.005079855677,0.002730075968,0,1,0
chernobyl_modern_pwr,,107,0.0005646155332,0.003256117227,272.5729065,265.8286133,-0.1014756709,-14.49652386,0,0,0.9971387982,1.253996968,-0.00507993903,0.002728766296,0,1,0
chernobyl_modern_pwr,,107.0999985,0.0005631087115,0.003253406612,272.5492249,265.8259888,-0.1014751345,-14.49644756,0,0,0.9971359372,1.254001021,-0.005080020521,0.002727463143,0,1,0
chernobyl_modern_pwr,,107.1999969,0.0005616065464,0.003250706941,272.5256348,265.8233948,-0.1014746055,-14.49637222,0,0,0.9971330762,1.254005194,-0.005080103874,0.002726166509,0,1,0
chernobyl_modern_pwr,,107.2999954,0.0005601090379,0.003248018445,272.5021057,265.8208008,-0.1014740691,-14.49629498,0,0,0.9971302152,1.254009247,-0.005080184899,0.002724876627,0,1,0
chernobyl_modern_pwr,,107.3999939,0.0005586159532,0.003245341126,272.4786682,265.8182068,-0.1014735401,-14.49621964,0,0,0.9971273541,1.254013419,-0.005080268253,0.00272359373,0,1,0
chernobyl_modern_pwr,,107.5,0.0005571274087,0.003242673818,272.4553223,265.8156433,-0.1014730185,-14.49614525,0,0,0.9971244931,1.254017472,-0.005080349278,0.002722316887,0,1,0
chernobyl_modern_pwr,,107.5999985,0.000555643288,0.003240017453,272.4320374,265.8130798,-0.1014724895,-14.49606991,0,0,0.9971216321,1.254021645,-0.005080432631,0.002721046563,0,1,0
chernobyl_modern_pwr,,107.6999969,0.0005541636492,0.003237371799,272.408844,265.8105164,-0.101471968,-14.49599457,0,0,0.9971187711,1.254025698,-0.005080513656,0.002719782991,0,1,0
chernobyl_modern_pwr,,107.7999954,0.0005526886671,0.003234736621,272.3857117,265.8079529,-0.1014714465,-14.49592018,0,0,0.9971159101,1.25402987,-0.005080597475,0.002718525473,0,1,0
chernobyl_modern_pwr,,107.8999939,0.0005512178177,0.003232112154,272.3627014,265.8054199,-0.1014709249,-14.49584579,0,0,0.997113049,1.254033923,-0.0050806785,0.002717274707,0,1,0
chernobyl_modern_pwr,,108,0.0005497516831,0.003229497932,272.3397217,265.802887,-0.1014704108,-14.49577236,0,0,0.997110188,1.254038095,-0.005080761854,0.002716029994,0,1,0
chernobyl_modern_pwr,,108.0999985,0.0005482896813,0.00322689442,272.316864,265.800354,-0.1014698967,-14.49569893,0,0,0.997107327,1.254042149,-0.005080842879,0.002714791801,0,1,0
chernobyl_modern_pwr,,108.1999969,0.0005468322197,0.003224300919,272.2940369,265.7978516,-0.1014693826,-14.4956255,0,0,0.997104466,1.254046321,-0.005080926232,0.002713559661,0,1,0
chernobyl_modern_pwr,,108.2999954,0.0005453792401,0.003221717663,272.2713318,265.7953491,-0.1014688686,-14.49555206,0,0,0.9971016049,1.254050374,-0.005081007257,0.002712333575,0,1,0
chernobyl_modern_pwr,,108.3999939,0.0005439303932,0.003219144884,272.2486877,265.7928467,-0.1014683619,-14.49547958,0,0,0.9970987439,1.254054546,-0.00508109061,0.002711114008,0,1,0
chernobyl_modern_pwr,,108.5,0.0005424860865,0.003216582583,272.2261353,265.7903748,-0.1014678553,-14.4954071,0,0,0.9970958829,1.254058599,-0.005081172101,0.002709900495,0,1,0
chernobyl_modern_pwr,,108.5999985,0.0005410460872,0.003214030061,272.2036438,265.7878723,-0.1014673486,-14.49533463,0,0,0.9970930219,1.254062772,-0.005081255455,0.002708693035,0,1,0
chernobyl_modern_pwr,,108.6999969,0.0005396102788,0.003211487317,272.1812134,265.7854004,-0.1014668494,-14.49526405,0,0,0.9970901608,1.254066825,-0.00508133648,0.002707491396,0,1,0
chernobyl_modern_pwr,,108.7999954,0.000538178836,0.003208954819,272.158905,265.782959,-0.1014663428,-14.49519157,0,0,0.9970872998,1.254070997,-0.005081419833,0.002706295811,0,1,0
chernobyl_modern_pwr,,108.8999939,0.0005367517588,0.003206432331,272.1366272,265.7804871,-0.1014658511,-14.495121,0,0,0.9970844388,1.25407505,-0.005081500858,0.002705106279,0,1,0
chernobyl_modern_pwr,,109,0.0005353289307,0.003203920089,272.1144409,265.7780457,-0.1014653519,-14.49504948,0,0,0.9970815778,1.254079223,-0.005081584211,0.002703922801,0,1,0
chernobyl_modern_pwr,,109.0999985,0.0005339103518,0.003201417392,272.0923462,265.7756042,-0.1014648527,-14.4949789,0,0,0.9970787168,1.254083276,-0.005081665237,0.002702745143,0,1,0
chernobyl_modern_pwr,,109.1999969,0.0005324957892,0.003198924009,272.0703125,265.7731934,-0.101464361,-14.49490833,0,0,0.9970758557,1.254087448,-0.005081749056,0.002701573074,0,1,0
chernobyl_modern_pwr,,109.2999954,0.0005310855922,0.003196440637,272.0483704,265.770752,-0.1014638692,-14.49483776,0,0,0.9970729947,1.254091501,-0.005081830081,0.002700406825,0,1,0
chernobyl_modern_pwr,,109.3999939,0.000529679819,0.003193967277,272.0264893,265.7683411,-0.1014633849,-14.4947691,0,0,0.9970701337,1.254095674,-0.005081913434,0.002699246397,0,1,0
chernobyl_modern_pwr,,109.5,0.0005282780621,0.003191503463,272.0046997,265.7659302,-0.1014629006,-14.49469948,0,0,0.9970672727,1.254099727,-0.005081994459,0.00269809179,0,1,0
chernobyl_modern_pwr,,109.5999985,0.000526880438,0.003189049195,271.9829712,265.7635498,-0.1014624164,-14.49463081,0,0,0.9970644116,1.254103899,-0.005082077812,0.002696943004,0,1,0
chernobyl_modern_pwr,,109.6999969,0.0005254870048,0.003186604241,271.9613037,265.7611694,-0.1014619321,-14.4945612,0,0,0.9970615506,1.254107952,-0.005082158837,0.00269579934,0,1,0
chernobyl_modern_pwr,,109.7999954,0.0005240977043,0.003184169065,271.9397278,265.7587891,-0.1014614478,-14.49449253,0,0,0.9970586896,1.254112124,-0.005082242191,0.002694661729,0,1,0
chernobyl_modern_pwr,,109.8999939,0.0005227127112,0.003181743203,271.9182434,265.7564087,-0.1014609709,-14.49442387,0,0,0.9970558286,1.254116178,-0.005082323216,0.002693529474,0,1,0
chernobyl_modern_pwr,,110,0.0005213315599,0.003179326421,271.8968201,265.7540588,-0.1014604941,-14.49435616,0,0,0.9970529675,1.25412035,-0.005082407035,0.002692402806,0,1,0
chernobyl_modern_pwr,,110.0999985,0.0005199546576,0.003176919417,271.8754578,265.7516785,-0.1014600173,-14.49428749,0,0,0.9970501065,1.254124403,-0.00508248806,0.002691281727,0,1,0
chernobyl_modern_pwr,,110.1999969,0.0005185818882,0.003174521727,271.854187,265.7493286,-0.1014595479,-14.49422073,0,0,0.9970472455,1.254128575,-0.005082571413,0.002690166235,0,1,0
chernobyl_modern_pwr,,110.2999954,0.000517213135,0.003172132652,271.8329773,265.7470093,-0.101459071,-14.49415302,0,0,0.9970443845,1.254132628,-0.005082652438,0.002689055633,0,1,0
chernobyl_modern_pwr,,110.3999939,0.0005158485146,0.003169753356,271.8118286,265.7446594,-0.1014586091,-14.49408627,0,0,0.9970415235,1.254136801,-0.005082735792,0.002687950851,0,1,0
chernobyl_modern_pwr,,110.5,0.0005144879688,0.003167382907,271.7907715,265.7423401,-0.1014581323,-14.49401855,0,0,0.9970386624,1.254140854,-0.005082816817,0.002686851192,0,1,0
chernobyl_modern_pwr,,110.5999985,0.0005131313228,0.003165021539,271.7697754,265.7400513,-0.1014576703,-14.49395275,0,0,0.9970358014,1.254145026,-0.005082900636,0.002685756888,0,1,0
chernobyl_modern_pwr,,110.6999969,0.0005117786932,0.003162669251,271.7488708,265.7377319,-0.1014572084,-14.49388599,0,0,0.9970329404,1.254149079,-0.005082981661,0.002684667939,0,1,0
chernobyl_modern_pwr,,110.7999954,0.0005104301963,0.003160326276,271.7279968,265.7354431,-0.1014567465,-14.49382019,0,0,0.9970300794,1.254153252,-0.005083065014,0.002683584346,0,1,0
chernobyl_modern_pwr,,110.8999939,0.0005090856575,0.003157991916,271.7072449,265.7331543,-0.1014562845,-14.49375439,0,0,0.9970272183,1.254157305,-0.005083146039,0.002682505874,0,1,0
chernobyl_modern_pwr,,111,0.0005077449605,0.003155666403,271.6865234,265.7308655,-0.10145583,-14.49368954,0,0,0.9970243573,1.254161477,-0.005083229393,0.002681432525,0,1,0
chernobyl_modern_pwr,,111.0999985,0.0005064084544,0.003153349739,271.6658936,265.7285767,-0.1014553681,-14.49362373,0,0,0.9970214963,1.25416553,-0.005083310418,0.002680364298,0,1,0
chernobyl_modern_pwr,,111.1999969,0.0005050757318,0.003151041688,271.6453552,265.7263184,-0.1014549136,-14.49355888,0,0,0.9970186353,1.254169703,-0.005083393771,0.00267930096,0,1,0
chernobyl_modern_pwr,,111.2999954,0.0005037470255,0.003148742719,271.6248474,265.7240601,-0.1014544666,-14.49349499,0,0,0.9970157743,1.254173756,-0.005083474796,0.002678242978,0,1,0
chernobyl_modern_pwr,,111.3999939,0.0005024221609,0.003146452364,271.6044312,265.7218018,-0.1014540121,-14.49343014,0,0,0.9970129132,1.254177928,-0.005083558615,0.002677190118,0,1,0
chernobyl_modern_pwr,,111.5,0.0005011013127,0.003144170856,271.5840759,265.7195435,-0.1014535651,-14.49336624,0,0,0.9970100522,1.254181981,-0.00508363964,0.002676142147,0,1,0
chernobyl_modern_pwr,,111.5999985,0.0004997843062,0.003141897265,271.5638123,265.7173157,-0.101453118,-14.49330235,0,0,0.9970071912,1.254186153,-0.005083722994,0.002675098833,0,1,0
chernobyl_modern_pwr,,111.6999969,0.0004984710831,0.003139632754,271.5436096,265.7150879,-0.101452671,-14.49323845,0,0,0.9970043302,1.254190207,-0.005083804019,0.002674060874,0,1,0
chernobyl_modern_pwr,,111.7999954,0.000497162051,0.003137376858,271.523468,265.7128601,-0.1014522314,-14.49317551,0,0,0.9970014691,1.254194379,-0.005083887372,0.002673027571,0,1,0
chernobyl_modern_pwr,,111.8999939,0.0004958566278,0.003135129577,271.5033875,265.7106628,-0.1014517844,-14.49311161,0,0,0.9969986677,1.254198432,-0.005083968397,0.002671999391,0,1,0
chernobyl_modern_pwr,,112,0.0004945549881,0.003132890211,271.4833984,265.7084656,-0.1014513448,-14.49304867,0,0,0.9969958067,1.254202604,-0.005084051751,0.002670975868,0,1,0
chernobyl_modern_pwr,,112.0999985,0.0004932573065,0.003130659461,271.4634399,265.7062378,-0.1014509052,-14.49298573,0,0,0.9969929457,1.254206657,-0.005084133241,0.002669957001,0,1,0
chernobyl_modern_pwr,,112.1999969,0.0004919634084,0.00312843686,271.4436035,265.704071,-0.1014504731,-14.49292469,0,0,0.9969900846,1.25421083,-0.005084216595,0.002668943023,0,1,0
chernobyl_modern_pwr,,112.2999954,0.0004906734102,0.003126222873,271.4237976,265.7018738,-0.1014500409,-14.4928627,0,0,0.9969872236,1.254214883,-0.00508429762,0.002667933935,0,1,0
chernobyl_modern_pwr,,112.3999939,0.0004893870791,0.003124016803,271.4040527,265.699707,-0.1014496014,-14.49279976,0,0,0.9969843626,1.254219055,-0.005084380973,0.002666929271,0,1,0
chernobyl_modern_pwr,,112.5,0.0004881045024,0.003121819114,271.3843994,265.6975403,-0.1014491767,-14.49273872,0,0,0.9969815016,1.254223228,-0.005084464327,0.002665929496,0,1,0
chernobyl_modern_pwr,,112.5999985,0.0004868257674,0.003119629575,271.3648071,265.6953735,-0.1014487445,-14.49267769,0,0,0.9969786406,1.254227281,-0.005084545352,0.002664934378,0,1,0
chernobyl_modern_pwr,,112.6999969,0.0004855508159,0.003117448417,271.3452759,265.6932068,-0.1014483199,-14.49261665,0,0,0.9969757795,1.254231453,-0.005084629171,0.002663943917,0,1,0
chernobyl_modern_pwr,,112.7999954,0.0004842794733,0.003115274943,271.3258362,265.6910706,-0.1014478952,-14.49255562,0,0,0.9969729185,1.254235506,-0.005084710196,0.002662957879,0,1,0
chernobyl_modern_pwr,,112.8999939,0.0004830120888,0.003113109618,271.306427,265.6889343,-0.1014474705,-14.49249554,0,0,0.9969700575,1.254239678,-0.005084793549,0.002661976265,0,1,0
chernobyl_modern_pwr,,113,0.0004817481968,0.003110952443,271.2871094,265.6867981,-0.1014470458,-14.4924345,0,0,0.9969671965,1.254243731,-0.005084874574,0.00266099954,0,1,0
chernobyl_modern_pwr,,113.0999985,0.0004804881173,0.003108803183,271.2678528,265.6846924,-0.1014466286,-14.49237537,0,0,0.9969643354,1.254247904,-0.005084957927,0.002660027239,0,1,0
chernobyl_modern_pwr,,113.1999969,0.0004792317341,0.003106661607,271.2486572,265.6825562,-0.1014462113,-14.49231529,0,0,0.9969614744,1.254251957,-0.005085038953,0.00265905913,0,1,0
chernobyl_modern_pwr,,113.2999954,0.0004779790761,0.003104527947,271.2295532,265.6804504,-0.1014457941,-14.49225616,0,0,0.9969586134,1.254256129,-0.005085122306,0.002658095444,0,1,0
chernobyl_modern_pwr,,113.3999939,0.0004767298524,0.003102402203,271.2104797,265.6783447,-0.1014453769,-14.49219608,0,0,0.9969557524,1.254260182,-0.005085203331,0.002657136414,0,1,0
chernobyl_modern_pwr,,113.5,0.0004754845286,0.003100284375,271.1914978,265.6762695,-0.1014449596,-14.49213696,0,0,0.9969528913,1.254264355,-0.00508528715,0.002656181809,0,1,0
chernobyl_modern_pwr,,113.5999985,0.0004742428428,0.003098174231,271.1725769,265.6741638,-0.1014445499,-14.49207783,0,0,0.9969500303,1.254268408,-0.005085368175,0.002655231394,0,1,0
chernobyl_modern_pwr,,113.6999969,0.0004730046494,0.003096071538,271.153717,265.6720886,-0.1014441401,-14.49201965,0,0,0.9969471693,1.25427258,-0.005085451528,0.00265428517,0,1,0
chernobyl_modern_pwr,,113.7999954,0.0004717701522,0.003093976527,271.1349182,265.6700134,-0.1014437303,-14.49196148,0,0,0.9969443083,1.254276633,-0.005085532553,0.002653343137,0,1,0
chernobyl_modern_pwr,,113.8999939,0.0004705392057,0.003091889434,271.1161804,265.6679382,-0.101443328,-14.49190331,0,0,0.9969414473,1.254280806,-0.005085615907,0.002652405761,0,1,0
chernobyl_modern_pwr,,114,0.0004693120136,0.003089810023,271.0975037,265.6658936,-0.1014429182,-14.49184513,0,0,0.9969385862,1.254284859,-0.005085696932,0.002651472576,0,1,0
chernobyl_modern_pwr,,114.0999985,0.0004680882266,0.00308773783,271.0788879,265.6638489,-0.1014425159,-14.49178791,0,0,0.9969357252,1.254289031,-0.005085780285,0.002650543349,0,1,0
chernobyl_modern_pwr,,114.1999969,0.0004668680194,0.003085673088,271.0603638,265.6618042,-0.1014421135,-14.49172974,0,0,0.9969328642,1.254293084,-0.005085861776,0.002649618313,0,1,0
chernobyl_modern_pwr,,114.2999954,0.0004656514793,0.003083616029,271.0418701,265.6597595,-0.1014417112,-14.49167252,0,0,0.9969300032,1.254297256,-0.005085945129,0.002648697468,0,1,0
chernobyl_modern_pwr,,114.3999939,0.0004644384317,0.003081566188,271.023468,265.6577148,-0.1014413163,-14.49161625,0,0,0.9969271421,1.25430131,-0.005086026154,0.002647780813,0,1,0
chernobyl_modern_pwr,,114.5,0.0004632289638,0.003079524264,271.005127,265.6557007,-0.1014409214,-14.49155998,0,0,0.9969242811,1.254305482,-0.005086109508,0.00264686835,0,1,0
chernobyl_modern_pwr,,114.5999985,0.0004620228719,0.003077488858,270.9868164,265.6536865,-0.1014405191,-14.49150181,0,0,0.9969214201,1.254309535,-0.005086190533,0.002645959612,0,1,0
chernobyl_modern_pwr,,114.6999969,0.0004608204181,0.003075461602,270.9685974,265.6516724,-0.1014401317,-14.4914465,0,0,0.9969185591,1.254313707,-0.005086273886,0.002645055298,0,1,0
chernobyl_modern_pwr,,114.7999954,0.0004596214276,0.003073441098,270.9504395,265.6496887,-0.1014397368,-14.49139023,0,0,0.9969156981,1.25431776,-0.005086354911,0.002644154709,0,1,0
chernobyl_modern_pwr,,114.8999939,0.0004584260168,0.003071428277,270.9323425,265.6476746,-0.1014393494,-14.49133492,0,0,0.996912837,1.254321933,-0.00508643873,0.002643258311,0,1,0
chernobyl_modern_pwr,,115,0.0004572339822,0.003069422208,270.9143066,265.6456909,-0.1014389545,-14.49127865,0,0,0.996909976,1.254325986,-0.005086519755,0.002642365638,0,1,0
chernobyl_modern_pwr,,115.0999985,0.0004560454108,0.003067423357,270.8963318,265.6437073,-0.1014385745,-14.49122429,0,0,0.996907115,1.254330158,-0.005086603109,0.002641476924,0,1,0
chernobyl_modern_pwr,,115.1999969,0.0004548603611,0.003065431956,270.878418,265.6417236,-0.1014381871,-14.49116898,0,0,0.996904254,1.254334211,-0.005086684134,0.0026405924,0,1,0
chernobyl_modern_pwr,,115.2999954,0.0004536786582,0.003063447308,270.8605652,265.6397705,-0.1014378071,-14.49111462,0,0,0.9969013929,1.254338384,-0.005086767487,0.002639711369,0,1,0
chernobyl_modern_pwr,,115.3999939,0.0004525004479,0.003061469877,270.8427734,265.6377869,-0.1014374197,-14.4910593,0,0,0.9968985319,1.254342437,-0.005086848512,0.002638834529,0,1,0
chernobyl_modern_pwr,,115.5,0.0004513256717,0.003059499664,270.8250427,265.6358337,-0.1014370397,-14.49100494,0,0,0.9968956709,1.25434649,-0.005086929537,0.002637961414,0,1,0
chernobyl_modern_pwr,,115.5999985,0.000450154359,0.003057536203,270.8074036,265.6338806,-0.1014366597,-14.49095058,0,0,0.9968928099,1.254350662,-0.005087013356,0.002637092024,0,1,0
chernobyl_modern_pwr,,115.6999969,0.0004489863932,0.003055579728,270.7897949,265.631958,-0.1014362872,-14.49089813,0,0,0.9968899488,1.254354715,-0.005087094381,0.00263622636,0,1,0
chernobyl_modern_pwr,,115.7999954,0.0004478218034,0.003053630004,270.7722473,265.6300049,-0.1014359072,-14.49084377,0,0,0.9968870878,1.254358888,-0.005087177735,0.002635364421,0,1,0
chernobyl_modern_pwr,,115.8999939,0.0004466606479,0.003051687265,270.7547607,265.6280823,-0.1014355347,-14.49079037,0,0,0.9968842268,1.254362941,-0.00508725876,0.002634506207,0,1,0
chernobyl_modern_pwr,,116,0.0004455027229,0.003049751511,270.7373352,265.6261597,-0.1014351621,-14.49073696,0,0,0.9968813658,1.254367113,-0.005087342113,0.002633651951,0,1,0
chernobyl_modern_pwr,,116.0999985,0.0004443481739,0.003047822509,270.7199707,265.6242676,-0.1014347896,-14.49068356,0,0,0.9968785048,1.254371166,-0.005087423138,0.002632801188,0,1,0
chernobyl_modern_pwr,,116.1999969,0.0004431970883,0.003045900259,270.7026672,265.622345,-0.1014344245,-14.49063206,0,0,0.9968756437,1.254375339,-0.005087506492,0.00263195415,0,1,0
chernobyl_modern_pwr,,116.2999954,0.0004420492915,0.003043984529,270.6854248,265.6204529,-0.101434052,-14.49057865,0,0,0.9968727827,1.254379392,-0.005087587517,0.002631110605,0,1,0
chernobyl_modern_pwr,,116.3999939,0.0004409048124,0.003042076249,270.6682129,265.6185608,-0.1014336869,-14.4905262,0,0,0.9968699217,1.254383564,-0.005087671336,0.002630271018,0,1,0
chernobyl_modern_pwr,,116.5,0.000439763593,0.003040173557,270.6510925,265.6166687,-0.1014333218,-14.49047375,0,0,0.9968670607,1.254387617,-0.005087752361,0.002629434457,0,1,0
chernobyl_modern_pwr,,116.5999985,0.0004386258661,0.003038278315,270.6340332,265.6147766,-0.1014329568,-14.49042225,0,0,0.9968641996,1.254391789,-0.005087835714,0.002628601622,0,1,0
chernobyl_modern_pwr,,116.6999969,0.0004374911659,0.00303638936,270.6170349,265.6128845,-0.1014325917,-14.4903698,0,0,0.9968613386,1.254395843,-0.005087916739,0.002627772512,0,1,0
chernobyl_modern_pwr,,116.7999954,0.0004363599583,0.003034507157,270.6000671,265.6110229,-0.101432234,-14.4903183,0,0,0.9968584776,1.254400015,-0.005088000093,0.002626946894,0,1,0
chernobyl_modern_pwr,,116.8999939,0.0004352318356,0.003032631241,270.5831909,265.6091614,-0.1014318764,-14.49026775,0,0,0.9968556166,1.254404068,-0.005088081118,0.002626124769,0,1,0
chernobyl_modern_pwr,,117,0.0004341071472,0.003030762309,270.5663452,265.6072998,-0.1014315188,-14.49021626,0,0,0.9968528152,1.25440824,-0.005088164471,0.002625306137,0,1,0
chernobyl_modern_pwr,,117.0999985,0.0004329855437,0.003028899198,270.5495605,265.6054688,-0.1014311612,-14.49016571,0,0,0.9968499541,1.254412293,-0.005088245962,0.002624490764,0,1,0
chernobyl_modern_pwr,,117.1999969,0.0004318673746,0.00302704284,270.5328369,265.6036072,-0.101430811,-14.49011517,0,0,0.9968470931,1.254416466,-0.005088329315,0.002623678651,0,1,0
chernobyl_modern_pwr,,117.2999954,0.0004307522613,0.003025192767,270.5161743,265.6017761,-0.1014304608,-14.49006557,0,0,0.9968442321,1.254420519,-0.00508841034,0.002622870263,0,1,0
chernobyl_modern_pwr,,117.3999939,0.0004296404368,0.003023349214,270.4995728,265.5999451,-0.1014301106,-14.49001503,0,0,0.9968413711,1.254424691,-0.005088493694,0.002622065134,0,1,0
chernobyl_modern_pwr,,117.5,0.0004285317846,0.003021512181,270.4830322,265.598114,-0.1014297605,-14.48996544,0,0,0.99683851,1.254428744,-0.005088574719,0.002621263498,0,1,0
chernobyl_modern_pwr,,117.5999985,0.0004274263629,0.0030196812,270.4665527,265.5963135,-0.1014294103,-14.48991489,0,0,0.996835649,1.254432917,-0.005088658072,0.002620464889,0,1,0
chernobyl_modern_pwr,,117.6999969,0.0004263240262,0.003017856507,270.4501038,265.5944824,-0.1014290601,-14.4898653,0,0,0.996832788,1.25443697,-0.005088739097,0.002619669773,0,1,0
chernobyl_modern_pwr,,117.7999954,0.0004252250947,0.003016038332,270.4337463,265.5926819,-0.1014287174,-14.48981667,0,0,0.996829927,1.254441142,-0.005088822916,0.002618878148,0,1,0
chernobyl_modern_pwr,,117.8999939,0.0004241291899,0.003014225978,270.4174194,265.5908813,-0.1014283746,-14.48976707,0,0,0.9968270659,1.254445195,-0.005088903941,0.002618089318,0,1,0
chernobyl_modern_pwr,,118,0.0004230363993,0.003012420144,270.4011536,265.5890808,-0.1014280319,-14.48971844,0,0,0.9968242049,1.254449368,-0.005088987295,0.002617304213,0,1,0
chernobyl_modern_pwr,,118.0999985,0.0004219468101,0.00301062013,270.3849487,265.5873108,-0.1014276892,-14.4896698,0,0,0.9968213439,1.254453421,-0.00508906832,0.002616521902,0,1,0
chernobyl_modern_pwr,,118.1999969,0.000420860335,0.003008826636,270.3688049,265.5855103,-0.1014273539,-14.48962116,0,0,0.9968184829,1.254457593,-0.005089151673,0.002615743084,0,1,0
chernobyl_modern_pwr,,118.2999954,0.0004197770904,0.003007039428,270.3526917,265.5837402,-0.1014270112,-14.48957253,0,0,0.9968156219,1.254461646,-0.005089232698,0.002614967525,0,1,0
chernobyl_modern_pwr,,118.3999939,0.0004186968144,0.003005257342,270.3366699,265.5819702,-0.1014266759,-14.48952484,0,0,0.9968127608,1.254465818,-0.005089316051,0.002614194527,0,1,0
chernobyl_modern_pwr,,118.5,0.000417619769,0.003003482241,270.3206787,265.5802002,-0.1014263481,-14.48947811,0,0,0.9968098998,1.254469872,-0.005089397542,0.002613425255,0,1,0
chernobyl_modern_pwr,,118.5999985,0.0004165457212,0.003001712728,270.3047485,265.5784607,-0.1014260054,-14.48942852,0,0,0.9968070388,1.254474044,-0.005089480896,0.002612659009,0,1,0
chernobyl_modern_pwr,,118.6999969,0.0004154748167,0.002999949036,270.2888489,265.5766907,-0.1014256775,-14.48938179,0,0,0.9968041778,1.254478097,-0.005089561921,0.002611895557,0,1,0
chernobyl_modern_pwr,,118.7999954,0.0004144069098,0.00299819163,270.2730408,265.5749512,-0.1014253497,-14.48933506,0,0,0.9968013167,1.254482269,-0.005089645274,0.002611135598,0,1,0
chernobyl_modern_pwr,,118.8999939,0.0004133422335,0.002996440046,270.2572632,265.5732117,-0.1014250144,-14.48928738,0,0,0.9967984557,1.254486322,-0.005089726299,0.002610378433,0,1,0
chernobyl_modern_pwr,,119,0.0004122804094,0.002994694281,270.2415771,265.5715027,-0.1014246941,-14.4892416,0,0,0.9967955947,1.254490495,-0.005089809652,0.002609624295,0,1,0
chernobyl_modern_pwr,,119.0999985,0.0004112218157,0.002992954338,270.2258911,265.5697632,-0.1014243588,-14.48919392,0,0,0.9967927337,1.254494548,-0.005089890677,0.002608873183,0,1,0
chernobyl_modern_pwr,,119.1999969,0.0004101662198,0.002991220448,270.2102966,265.5680542,-0.1014240384,-14.48914814,0,0,0.9967898726,1.25449872,-0.005089974497,0.002608125098,0,1,0
chernobyl_modern_pwr,,119.2999954,0.0004091136507,0.002989492146,270.1947632,265.5663147,-0.1014237106,-14.48910141,0,0,0.9967870116,1.254502773,-0.005090055522,0.00260738004,0,1,0
chernobyl_modern_pwr,,119.3999939,0.0004080639919,0.002987769432,270.1792603,265.5646057,-0.1014233977,-14.48905659,0,0,0.9967841506,1.254506946,-0.005090138875,0.002606637776,0,1,0
chernobyl_modern_pwr,,119.5,0.0004070174182,0.002986053005,270.1638184,265.5629272,-0.1014230698,-14.48900986,0,0,0.9967812896,1.254510999,-0.0050902199,0.002605898771,0,1,0
chernobyl_modern_pwr,,119.5999985,0.0004059739294,0.002984342165,270.148407,265.5612183,-0.1014227495,-14.48896408,0,0,0.9967784286,1.254515171,-0.005090303253,0.002605162561,0,1,0
chernobyl_modern_pwr,,119.6999969,0.0004049332056,0.002982636448,270.1330872,265.5595093,-0.1014224291,-14.4889183,0,0,0.9967755675,1.254519224,-0.005090384278,0.002604428912,0,1,0
chernobyl_modern_pwr,,119.7999954,0.0004038956831,0.002980937017,270.1177979,265.5578308,-0.1014221162,-14.48887348,0,0,0.9967727065,1.254523396,-0.005090467632,0.002603698522,0,1,0
chernobyl_modern_pwr,,119.8999939,0.0004028611002,0.002979242941,270.1025696,265.5561523,-0.1014218032,-14.48882866,0,0,0.9967698455,1.25452745,-0.005090548657,0.002602970693,0,1,0
chernobyl_modern_pwr,,120,0.0004018294567,0.002977554919,270.0873718,265.5544739,-0.1014214903,-14.48878384,0,0,0.9967669845,1.254531622,-0.005090632476,0.002602246124,0,1,0
