.100000,1.000000,543.000000,0.000000,0.000000,293.000000,1.000000,1.000000,0.000000,1.000000,0.750000,0.750000,1.000000,0.0001009.500000,1.000000,543.000000,0.000000,0.000000,293.000000,1.000000,1.000000,0.000000,1.000860,0.750000,0.750000,1.000000,0.000100000,0.000001113,0.066000,0.000000,0.000000,0.000000,0.000000,0.000000,0.750000,0.000000
9.599999,1.000000,543.000000,0.000000,0.000000,293.000000,1.000000,1.000000,0.000000,1.000850,0.750000,0.750000,1.000000,0.000100000,0.000001113,0.066000,0.000000,0.000000,0.000000,0.000000,0.000000,0.750000,0.000000
0.100000,1.000000,543.000000,0.000000,0.000000,293.000000,1.000000,1.000000,0.000000,1.000000,0.750000,0.750000,1.000000,0.000100000,0.000001114,0.066000,0.000000,0.000000,0.000000,0.000000,0.000000,0.750000,0.000000
0.200000,1.000000,543.000000,0.000000,0.000000,293.000000,1.000000,1.000000,0.000000,1.000855,0.750000,0.750000,1.000000,0.000100000,0.000001113,0.066000,0.000000,0.000000,0.000000,0.000000,0.000000,0.750000,0.000000
0.300000,1.000000,543.000000,0.000000,0.000000,293.000000,1.000000,1.000000,0.000000,1.000863,0.750000,0.750000,1.000000,0.000100000,0.000001113,0.066000,0.000000,0.000000,0.000000,0.000000,0.000000,0.750000,0.000000
0.400000,1.000000,543.000000,0.000000,0.000000,293.000000,1.000000,1.000000,0.000000,1.000855,0.750000,0.750000,1.000000,0.000100000,0.000001113,0.066000,0.000000,0.000000,0.000000,0.000000,0.000000,0.750000,0.000000
0.500000,1.000000,543.000000,0.000000,0.000000,293.000000,1.000000,1.000000,0.000000,1.000856,0.750000,0.750000,1.000000,0.000100000,0.000001113,0.066000,0.000000,0.000000,0.000000,0.000000,0.000000,0.750000,0.000000
0.600000,1.000000,543.000000,0.000000,0.000000,293.000000,1.000000,1.000000,0.000000,1.000856,0.750000,0.750000,1.000000,0.000100000,0.000001113,0.066000,0.000000,0.000000,0.000000,0.000000,0.000000,0.750000,0.000000
0.700000,1.000000,543.000000,0.000000,0.000000,293.000000,1.000000,1.000000,0.000000,1.000856,0.750000,0.750000,1.000000,0.000100000,0.000001113,0.066000,0.000000,0.000000,0.000000,0.000000,0.000000,0.750000,0.000000
0.800000,1.000000,543.000000,0.000000,0.000000,293.000000,1.000000,1.000000,0.000000,1.000856,0.750000,0.750000,1.000000,0.000100000,0.000001113,0.066000,0.000000,0.000000,0.000000,0.000000,0.000000,0.750000,0.000000
0.900000,1.000000,543.000000,0.000000,0.000000,293.000000,1.000000,1.000000,0.000000,1.000857,0.750000,0.750000,1.000000,0.000100000,0.000001113,0.066000,0.000000,0.000000,0.000000,0.000000,0.000000,0.750000,0.000000
1.000000,1.000000,543.000000,0.000000,0.000000,293.000000,1.000000,1.000000,0.000000,1.000856,0.750000,0.750000,1.000000,0.000100000,0.000001113,0.066000,0.000000,0.000000,0.000000,0.000000,0.000000,0.750000,0.000000
1.100000,1.000000,543.000000,0.000000,0.000000,293.000000,1.000000,1.000000,0.000000,1.000863,0.750000,0.750000,1.000000,0.000100000,0.000001113,0.066000,0.000000,0.000000,0.000000,0.000000,0.000000,0.750000,0.000000
1.200000,1.000000,543.000000,0.000000,0.000000,293.000000,1.000000,1.000000,0.000000,1.000855,0.750000,0.750000,1.000000,0.000100000,0.000001113,0.066000,0.000000,0.000000,0.000000,0.000000,0.000000,0.750000,0.000000
1.300000,1.000000,543.000000,0.000000,0.000000,293.000000,1.000000,1.000000,0.000000,1.000856,0.750000,0.750000,1.000000,0.000100000,0.000001113,0.066000,0.000000,0.000000,0.000000,0.000000,0.000000,0.750000,0.000000
1.400000,1.000000,543.000000,0.000000,0.000000,293.000000,1.000000,1.000000,0.000000,1.000857,0.750000,0.750000,1.000000,0.000100000,0.000001113,0.066000,0.000000,0.000000,0.000000,0.000000,0.000000,0.750000,0.000000
1.500000,1.000000,543.000000,0.000000,0.000000,293.000000,1.000000,1.000000,0.000000,1.000856,0.750000,0.750000,1.000000,0.000100000,0.000001113,0.066000,0.000000,0.000000,0.000000,0.000000,0.000000,0.750000,0.000000
1.600000,1.000000,543.000000,0.000000,0.000000,293.000000,1.000000,1.000000,0.000000,1.000855,0.750000,0.750000,1.000000,0.000100000,0.000001113,0.066000,0.000000,0.000000,0.000000,0.000000,0.000000,0.750000,0.000000
1.700000,1.000000,543.000000,0.000000,0.000000,293.000000,1.000000,1.000000,0.000000,1.000857,0.750000,0.750000,1.000000,0.000100000,0.000001113,0.066000,0.000000,0.000000,0.000000,0.000000,0.000000,0.750000,0.000000
1.800000,1.000000,543.000000,0.000000,0.000000,293.000000,1.000000,1.000000,0.000000,1.000856,0.750000,0.750000,1.000000,0.000100000,0.000001113,0.066000,0.000000,0.000000,0.000000,0.000000,0.000000,0.750000,0.000000
1.900000,1.000000,543.000000,0.000000,0.000000,293.000000,1.000000,1.000000,0.000000,1.000863,0.750000,0.750000,1.000000,0.000100000,0.000001113,0.066000,0.000000,0.000000,0.000000,0.000000,0.000000,0.750000,0.000000
2.000000,1.000000,543.000000,0.000000,0.000000,293.000000,1.000000,1.000000,0.000000,1.000856,0.750000,0.750000,1.000000,0.000100000,0.000001113,0.066000,0.000000,0.000000,0.000000,0.000000,0.000000,0.750000,0.000000
2.100000,1.000000,543.000000,0.000000,0.000000,293.000000,1.000000,1.000000,0.000000,1.000854,0.750000,0.750000,1.000000,0.000100000,0.000001113,0.066000,0.000000,0.000000,0.000000,0.000000,0.000000,0.750000,0.000000
2.200000,1.000000,543.000000,0.000000,0.000000,293.000000,1.000000,1.000000,0.000000,1.000858,0.750000,0.750000,1.000000,0.000100000,0.000001113,0.066000,0.000000,0.000000,0.000000,0.000000,0.000000,0.750000,0.000000
2.300000,1.000000,543.000000,0.000000,0.000000,293.000000,1.000000,1.000000,0.000000,1.000855,0.750000,0.750000,1.000000,0.000100000,0.000001113,0.066000,0.000000,0.000000,0.000000,0.000000,0.000000,0.750000,0.000000
2.400000,1.000000,543.000000,0.000000,0.000000,293.000000,1.000000,1.000000,0.000000,1.000854,0.750000,0.750000,1.000000,0.000100000,0.000001113,0.066000,0.000000,0.000000,0.000000,0.000000,0.000000,0.750000,0.000000
2.500000,1.000000,543.000000,0.000000,0.000000,293.000000,1.000000,1.000000,0.000000,1.000858,0.750000,0.750000,1.000000,0.000100000,0.000001113,0.066000,0.000000,0.000000,0.000000,0.000000,0.000000,0.750000,0.000000
2.600000,1.000000,543.000000,0.000000,0.000000,293.000000,1.000000,1.000000,0.000000,1.000854,0.750000,0.750000,1.000000,0.000100000,0.000001113,0.066000,0.000000,0.000000,0.000000,0.000000,0.000000,0.750000,0.000000
2.700000,1.000000,543.000000,0.000000,0.000000,293.000000,1.000000,1.000000,0.000000,1.000864,0.750000,0.750000,1.000000,0.000100000,0.000001113,0.066000,0.000000,0.000000,0.000000,0.000000,0.000000,0.750000,0.000000
2.800000,1.000000,543.000000,0.000000,0.000000,293.000000,1.000000,1.000000,0.000000,1.000855,0.750000,0.750000,1.000000,0.000100000,0.000001113,0.066000,0.000000,0.000000,0.000000,0.000000,0.000000,0.750000,0.000000
2.900000,1.000000,543.000000,0.000000,0.000000,293.000000,1.000000,1.000000,0.000000,1.000855,0.750000,0.750000,1.000000,0.000100000,0.000001113,0.066000,0.000000,0.000000,0.000000,0.000000,0.000000,0.750000,0.000000
3.000000,1.000000,543.000000,0.000000,0.000000,293.000000,1.000000,1.000000,0.000000,1.000858,0.750000,0.750000,1.000000,0.000100000,0.000001113,0.066000,0.000000,0.000000,0.000000,0.000000,0.000000,0.750000,0.000000
3.100000,1.000000,543.000000,0.000000,0.000000,293.000000,1.000000,1.000000,0.000000,1.000855,0.750000,0.750000,1.000000,0.000100000,0.000001113,0.066000,0.000000,0.000000,0.000000,0.000000,0.000000,0.750000,0.000000
3.200000,1.000000,543.000000,0.000000,0.000000,293.000000,1.000000,1.000000,0.000000,1.000854,0.750000,0.750000,1.000000,0.000100000,0.000001113,0.066000,0.000000,0.000000,0.000000,0.000000,0.000000,0.750000,0.000000
3.300000,1.000000,543.000000,0.000000,0.000000,293.000000,1.000000,1.000000,0.000000,1.000859,0.750000,0.750000,1.000000,0.000100000,0.000001113,0.066000,0.000000,0.000000,0.000000,0.000000,0.000000,0.750000,0.000000
3.400000,1.000000,543.000000,0.000000,0.000000,293.000000,1.000000,1.000000,0.000000,1.000854,0.750000,0.750000,1.000000,0.000100000,0.000001113,0.066000,0.000000,0.000000,0.000000,0.000000,0.000000,0.750000,0.000000
3.500000,1.000000,543.000000,0.000000,0.000000,293.000000,1.000000,1.000000,0.000000,1.000865,0.750000,0.750000,1.000000,0.000100000,0.000001113,0.066000,0.000000,0.000000,0.000000,0.000000,0.000000,0.750000,0.000000
3.600000,1.000000,543.000000,0.000000,0.000000,293.000000,1.000000,1.000000,0.000000,1.000855,0.750000,0.750000,1.000000,0.000100000,0.000001113,0.066000,0.000000,0.000000,0.000000,0.000000,0.000000,0.750000,0.000000
3.700000,1.000000,543.000000,0.000000,0.000000,293.000000,1.000000,1.000000,0.000000,1.000854,0.750000,0.750000,1.000000,0.000100000,0.000001113,0.066000,0.000000,0.000000,0.000000,0.000000,0.000000,0.750000,0.000000
3.800000,1.000000,543.000000,0.000000,0.000000,293.000000,1.000000,1.000000,0.000000,1.000859,0.750000,0.750000,1.000000,0.000100000,0.000001113,0.066000,0.000000,0.000000,0.000000,0.000000,0.000000,0.750000,0.000000
3.900000,1.000000,543.000000,0.000000,0.000000,293.000000,1.000000,1.000000,0.000000,1.000855,0.750000,0.750000,1.000000,0.000100000,0.000001113,0.066000,0.000000,0.000000,0.000000,0.000000,0.000000,0.750000,0.000000
4.000000,1.000000,543.000000,0.000000,0.000000,293.000000,1.000000,1.000000,0.000000,1.000857,0.750000,0.750000,1.000000,0.000100000,0.000001113,0.066000,0.000000,0.000000,0.000000,0.000000,0.000000,0.750000,0.000000
4.100000,1.000000,543.000000,0.000000,0.000000,293.000000,1.000000,1.000000,0.000000,1.000855,0.750000,0.750000,1.000000,0.000100000,0.000001113,0.066000,0.000000,0.000000,0.000000,0.000000,0.000000,0.750000,0.000000
4.200000,1.000000,543.000000,0.000000,0.000000,293.000000,1.000000,1.000000,0.000000,1.000855,0.750000,0.750000,1.000000,0.000100000,0.000001113,0.066000,0.000000,0.000000,0.000000,0.000000,0.000000,0.750000,0.000000
4.300000,1.000000,543.000000,0.000000,0.000000,293.000000,1.000000,1.000000,0.000000,1.000862,0.750000,0.750000,1.000000,0.000100000,0.000001113,0.066000,0.000000,0.000000,0.000000,0.000000,0.000000,0.750000,0.000000
4.400000,1.000000,543.000000,0.000000,0.000000,293.000000,1.000000,1.000000,0.000000,1.000859,0.750000,0.750000,1.000000,0.000100000,0.000001113,0.066000,0.000000,0.000000,0.000000,0.000000,0.000000,0.750000,0.000000
4.500000,1.000000,543.000000,0.000000,0.000000,293.000000,1.000000,1.000000,0.000000,1.000855,0.750000,0.750000,1.000000,0.000100000,0.000001113,0.066000,0.000000,0.000000,0.000000,0.000000,0.000000,0.750000,0.000000
4.600000,1.000000,543.000000,0.000000,0.000000,293.000000,1.000000,1.000000,0.000000,1.000855,0.750000,0.750000,1.000000,0.000100000,0.000001113,0.066000,0.000000,0.000000,0.000000,0.000000,0.000000,0.750000,0.000000
4.700000,1.000000,543.000000,0.000000,0.000000,293.000000,1.000000,1.000000,0.000000,1.000855,0.750000,0.750000,1.000000,0.000100000,0.000001113,0.066000,0.000000,0.000000,0.000000,0.000000,0.000000,0.750000,0.000000
4.800000,1.000000,543.000000,0.000000,0.000000,293.000000,1.000000,1.000000,0.000000,1.000855,0.750000,0.750000,1.000000,0.000100000,0.000001113,0.066000,0.000000,0.000000,0.000000,0.000000,0.000000,0.750000,0.000000
4.900000,1.000000,543.000000,0.000000,0.000000,293.000000,1.000000,1.000000,0.000000,1.000860,0.750000,0.750000,1.000000,0.000100000,0.000001113,0.066000,0.000000,0.000000,0.000000,0.000000,0.000000,0.750000,0.000000
5.000000,1.000000,543.000000,0.000000,0.000000,293.000000,1.000000,1.000000,0.000000,1.000854,0.750000,0.750000,1.000000,0.000100000,0.000001113,0.066000,0.000000,0.000000,0.000000,0.000000,0.000000,0.750000,0.000000
5.100000,1.000000,543.000000,0.000000,0.000000,293.000000,1.000000,1.000000,0.000000,1.000862,0.750000,0.750000,1.000000,0.000100000,0.000001113,0.066000,0.000000,0.000000,0.000000,0.000000,0.000000,0.750000,0.000000
5.200000,1.000000,543.000000,0.000000,0.000000,293.000000,1.000000,1.000000,0.000000,1.000854,0.750000,0.750000,1.000000,0.000100000,0.000001113,0.066000,0.000000,0.000000,0.000000,0.000000,0.000000,0.750000,0.000000
5.300000,1.000000,543.000000,0.000000,0.000000,293.000000,1.000000,1.000000,0.000000,1.000855,0.750000,0.750000,1.000000,0.000100000,0.000001113,0.066000,0.000000,0.000000,0.000000,0.000000,0.000000,0.750000,0.000000
5.400000,1.000000,543.000000,0.000000,0.000000,293.000000,1.000000,1.000000,0.000000,1.000861,0.750000,0.750000,1.000000,0.000100000,0.000001113,0.066000,0.000000,0.000000,0.000000,0.000000,0.000000,0.750000,0.000000
5.500000,1.000000,543.000000,0.000000,0.000000,293.000000,1.000000,1.000000,0.000000,1.000854,0.750000,0.750000,1.000000,0.000100000,0.000001113,0.066000,0.000000,0.000000,0.000000,0.000000,0.000000,0.750000,0.000000
5.600000,1.000000,543.000000,0.000000,0.000000,293.000000,1.000000,1.000000,0.000000,1.000856,0.750000,0.750000,1.000000,0.000100000,0.000001113,0.066000,0.000000,0.000000,0.000000,0.000000,0.000000,0.750000,0.000000
5.700000,1.000000,543.000000,0.000000,0.000000,293.000000,1.000000,1.000000,0.000000,1.000856,0.750000,0.750000,1.000000,0.000100000,0.000001113,0.066000,0.000000,0.000000,0.000000,0.000000,0.000000,0.750000,0.000000
5.800000,1.000000,543.000000,0.000000,0.000000,293.000000,1.000000,1.000000,0.000000,1.000854,0.750000,0.750000,1.000000,0.000100000,0.000001113,0.066000,0.000000,0.000000,0.000000,0.000000,0.000000,0.750000,0.000000
5.900000,1.000000,543.000000,0.000000,0.000000,293.000000,1.000000,1.000000,0.000000,1.000863,0.750000,0.750000,1.000000,0.000100000,0.000001113,0.066000,0.000000,0.000000,0.000000,0.000000,0.000000,0.750000,0.000000
6.000000,1.000000,543.000000,0.000000,0.000000,293.000000,1.000000,1.000000,0.000000,1.000860,0.750000,0.750000,1.000000,0.000100000,0.000001113,0.066000,0.000000,0.000000,0.000000,0.000000,0.000000,0.750000,0.000000
6.100000,1.000000,543.000000,0.000000,0.000000,293.000000,1.000000,1.000000,0.000000,1.000855,0.750000,0.750000,1.000000,0.000100000,0.000001113,0.066000,0.000000,0.000000,0.000000,0.000000,0.000000,0.750000,0.000000
6.200000,1.000000,543.000000,0.000000,0.000000,293.000000,1.000000,1.000000,0.000000,1.000855,0.750000,0.750000,1.000000,0.000100000,0.000001113,0.066000,0.000000,0.000000,0.000000,0.000000,0.000000,0.750000,0.000000
6.300000,1.000000,543.000000,0.000000,0.000000,293.000000,1.000000,1.000000,0.000000,1.000855,0.750000,0.750000,1.000000,0.000100000,0.000001113,0.066000,0.000000,0.000000,0.000000,0.000000,0.000000,0.750000,0.000000
6.400000,1.000000,543.000000,0.000000,0.000000,293.000000,1.000000,1.000000,0.000000,1.000855,0.750000,0.750000,1.000000,0.000100000,0.000001113,0.066000,0.000000,0.000000,0.000000,0.000000,0.000000,0.750000,0.000000
6.500000,1.000000,543.000000,0.000000,0.000000,293.000000,1.000000,1.000000,0.000000,1.000861,0.750000,0.750000,1.000000,0.000100000,0.000001113,0.066000,0.000000,0.000000,0.000000,0.000000,0.000000,0.750000,0.000000
6.600000,1.000000,543.000000,0.000000,0.000000,293.000000,1.000000,1.000000,0.000000,1.000854,0.750000,0.750000,1.000000,0.000100000,0.000001113,0.066000,0.000000,0.000000,0.000000,0.000000,0.000000,0.750000,0.000000
6.700000,1.000000,543.000000,0.000000,0.000000,293.000000,1.000000,1.000000,0.000000,1.000863,0.750000,0.750000,1.000000,0.000100000,0.000001113,0.066000,0.000000,0.000000,0.000000,0.000000,0.000000,0.750000,0.000000
6.800000,1.000000,543.000000,0.000000,0.000000,293.000000,1.000000,1.000000,0.000000,1.000855,0.750000,0.750000,1.000000,0.000100000,0.000001113,0.066000,0.000000,0.000000,0.000000,0.000000,0.000000,0.750000,0.000000
6.900000,1.000000,543.000000,0.000000,0.000000,293.000000,1.000000,1.000000,0.000000,1.000855,0.750000,0.750000,1.000000,0.000100000,0.000001113,0.066000,0.000000,0.000000,0.000000,0.000000,0.000000,0.750000,0.000000
7.000000,1.000000,543.000000,0.000000,0.000000,293.000000,1.000000,1.000000,0.000000,1.000860,0.750000,0.750000,1.000000,0.000100000,0.000001113,0.066000,0.000000,0.000000,0.000000,0.000000,0.000000,0.750000,0.000000
7.100000,1.000000,543.000000,0.000000,0.000000,293.000000,1.000000,1.000000,0.000000,1.000855,0.750000,0.750000,1.000000,0.000100000,0.000001113,0.066000,0.000000,0.000000,0.000000,0.000000,0.000000,0.750000,0.000000
7.200000,1.000000,543.000000,0.000000,0.000000,293.000000,1.000000,1.000000,0.000000,1.000854,0.750000,0.750000,1.000000,0.000100000,0.000001113,0.066000,0.000000,0.000000,0.000000,0.000000,0.000000,0.750000,0.000000
7.300000,1.000000,543.000000,0.000000,0.000000,293.000000,1.000000,1.000000,0.000000,1.000855,0.750000,0.750000,1.000000,0.000100000,0.000001113,0.066000,0.000000,0.000000,0.000000,0.000000,0.000000,0.750000,0.000000
7.400000,1.000000,543.000000,0.000000,0.000000,293.000000,1.000000,1.000000,0.000000,1.000855,0.750000,0.750000,1.000000,0.000100000,0.000001113,0.066000,0.000000,0.000000,0.000000,0.000000,0.000000,0.750000,0.000000
7.500000,1.000000,543.000000,0.000000,0.000000,293.000000,1.000000,1.000000,0.000000,1.000867,0.750000,0.750000,1.000000,0.000100000,0.000001113,0.066000,0.000000,0.000000,0.000000,0.000000,0.000000,0.750000,0.000000
7.600000,1.000000,543.000000,0.000000,0.000000,293.000000,1.000000,1.000000,0.000000,1.000855,0.750000,0.750000,1.000000,0.000100000,0.000001113,0.066000,0.000000,0.000000,0.000000,0.000000,0.000000,0.750000,0.000000
7.700000,1.000000,543.000000,0.000000,0.000000,293.000000,1.000000,1.000000,0.000000,1.000855,0.750000,0.750000,1.000000,0.000100000,0.000001113,0.066000,0.000000,0.000000,0.000000,0.000000,0.000000,0.750000,0.000000
7.800000,1.000000,543.000000,0.000000,0.000000,293.000000,1.000000,1.000000,0.000000,1.000856,0.750000,0.750000,1.000000,0.000100000,0.000001113,0.066000,0.000000,0.000000,0.000000,0.000000,0.000000,0.750000,0.000000
7.900000,1.000000,543.000000,0.000000,0.000000,293.000000,1.000000,1.000000,0.000000,1.000854,0.750000,0.750000,1.000000,0.000100000,0.000001113,0.066000,0.000000,0.000000,0.000000,0.000000,0.000000,0.750000,0.000000
8.000000,1.000000,543.000000,0.000000,0.000000,293.000000,1.000000,1.000000,0.000000,1.000860,0.750000,0.750000,1.000000,0.000100000,0.000001113,0.066000,0.000000,0.000000,0.000000,0.000000,0.000000,0.750000,0.000000
8.099999,1.000000,543.000000,0.000000,0.000000,293.000000,1.000000,1.000000,0.000000,1.000851,0.750000,0.750000,1.000000,0.000100000,0.000001113,0.066000,0.000000,0.000000,0.000000,0.000000,0.000000,0.750000,0.000000
8.200000,1.000000,543.000000,0.000000,0.000000,293.000000,1.000000,1.000000,0.000000,1.000860,0.750000,0.750000,1.000000,0.000100000,0.000001113,0.066000,0.000000,0.000000,0.000000,0.000000,0.000000,0.750000,0.000000
8.300000,1.000000,543.000000,0.000000,0.000000,293.000000,1.000000,1.000000,0.000000,1.000866,0.750000,0.750000,1.000000,0.000100000,0.000001113,0.066000,0.000000,0.000000,0.000000,0.000000,0.000000,0.750000,0.000000
8.400000,1.000000,543.000000,0.000000,0.000000,293.000000,1.000000,1.000000,0.000000,1.000850,0.750000,0.750000,1.000000,0.000100000,0.000001113,0.066000,0.000000,0.000000,0.000000,0.000000,0.000000,0.750000,0.000000
8.500000,1.000000,543.000000,0.000000,0.000000,293.000000,1.000000,1.000000,0.000000,1.000859,0.750000,0.750000,1.000000,0.000100000,0.000001113,0.066000,0.000000,0.000000,0.000000,0.000000,0.000000,0.750000,0.000000
8.599999,1.000000,543.000000,0.000000,0.000000,293.000000,1.000000,1.000000,0.000000,1.000851,0.750000,0.750000,1.000000,0.000100000,0.000001113,0.066000,0.000000,0.000000,0.000000,0.000000,0.000000,0.750000,0.000000
8.700000,1.000000,543.000000,0.000000,0.000000,293.000000,1.000000,1.000000,0.000000,1.000859,0.750000,0.750000,1.000000,0.000100000,0.000001113,0.066000,0.000000,0.000000,0.000000,0.000000,0.000000,0.750000,0.000000
8.800000,1.000000,543.000000,0.000000,0.000000,293.000000,1.000000,1.000000,0.000000,1.000860,0.750000,0.750000,1.000000,0.000100000,0.000001113,0.066000,0.000000,0.000000,0.000000,0.000000,0.000000,0.750000,0.000000
8.900000,1.000000,543.000000,0.000000,0.000000,293.000000,1.000000,1.000000,0.000000,1.000850,0.750000,0.750000,1.000000,0.000100000,0.000001113,0.066000,0.000000,0.000000,0.000000,0.000000,0.000000,0.750000,0.000000
9.000000,1.000000,543.000000,0.000000,0.000000,293.000000,1.000000,1.000000,0.000000,1.000859,0.750000,0.750000,1.000000,0.000100000,0.000001113,0.066000,0.000000,0.000000,0.000000,0.000000,0.000000,0.750000,0.000000
9.099999,1.000000,543.000000,0.000000,0.000000,293.000000,1.000000,1.000000,0.000000,1.000858,0.750000,0.750000,1.000000,0.000100000,0.000001113,0.066000,0.000000,0.000000,0.000000,0.000000,0.000000,0.750000,0.000000
9.200000,1.000000,543.000000,0.000000,0.000000,293.000000,1.000000,1.000000,0.000000,1.000859,0.750000,0.750000,1.000000,0.000100000,0.000001113,0.066000,0.000000,0.000000,0.000000,0.000000,0.000000,0.750000,0.000000
9.300000,1.000000,543.000000,0.000000,0.000000,293.000000,1.000000,1.000000,0.000000,1.000860,0.750000,0.750000,1.000000,0.000100000,0.000001113,0.066000,0.000000,0.000000,0.000000,0.000000,0.000000,0.750000,0.000000
9.400000,1.000000,543.000000,0.000000,0.000000,293.000000,1.000000,1.000000,0.000000,1.000850,0.750000,0.750000,1.000000,0.000100000,0.000001113,0.066000,0.000000,0.000000,0.000000,0.000000,0.000000,0.750000,0.000000
9.500000,1.000000,543.000000,0.000000,0.000000,293.000000,1.000000,1.000000,0.000000,1.000860,0.750000,0.750000,1.000000,0.000100000,0.000001113,0.066000,0.000000,0.000000,0.000000,0.000000,0.000000,0.750000,0.000000
9.599999,1.000000,543.000000,0.000000,0.000000,293.000000,1.000000,1.000000,0.000000,1.000850,0.750000,0.750000,1.000000,0.000100000,0.000001113,0.066000,0.000000,0.000000,0.000000,0.000000,0.000000,0.750000,0.000000
9.700000,1.000000,543.000000,0.000000,0.000000,293.000000,1.000000,1.000000,0.000000,1.000860,0.750000,0.750000,1.000000,0.000100000,0.000001113,0.066000,0.000000,0.000000,0.000000,0.000000,0.000000,0.750000,0.000000
9.800000,1.000000,543.000000,0.000000,0.000000,293.000000,1.000000,1.000000,0.000000,1.000860,0.750000,0.750000,1.000000,0.000100000,0.000001113,0.066000,0.000000,0.000000,0.000000,0.000000,0.000000,0.750000,0.000000
9.900000,1.000000,543.000000,0.000000,0.000000,293.000000,1.000000,1.000000,0.000000,1.000857,0.750000,0.750000,1.000000,0.000100000,0.000001113,0.066000,0.000000,0.000000,0.000000,0.000000,0.000000,0.750000,0.000000
10.000000,1.000000,543.000000,0.000000,0.000000,293.000000,1.000000,1.000000,0.000000,1.000860,0.750000,0.750000,1.000000,0.000100000,0.000001113,0.066000,0.000000,0.000000,0.000000,0.000000,0.000000,0.750000,0.000000
10.099999,1.000000,543.000000,0.000000,0.000000,293.000000,1.000000,1.000000,0.000000,1.000852,0.750000,0.750000,1.000000,0.000100000,0.000001113,0.066000,0.000000,0.000000,0.000000,0.000000,0.000000,0.750000,0.000000
10.200000,1.000000,543.000000,0.000000,0.000000,293.000000,1.000000,1.000000,0.000000,1.000860,0.750000,0.750000,1.000000,0.000100000,0.000001113,0.066000,0.000000,0.000000,0.000000,0.000000,0.000000,0.750000,0.000000
10.300000,1.000000,543.000000,0.000000,0.000000,293.000000,1.000000,1.000000,0.000000,1.000860,0.750000,0.750000,1.000000,0.000100000,0.000001113,0.066000,0.000000,0.000000,0.000000,0.000000,0.000000,0.750000,0.000000
10.400000,1.000000,543.000000,0.000000,0.000000,293.000000,1.000000,1.000000,0.000000,1.000849,0.750000,0.750000,1.000000,0.000100000,0.000001113,0.066000,0.000000,0.000000,0.000000,0.000000,0.000000,0.750000,0.000000
10.500000,1.000000,543.000000,0.000000,0.000000,293.000000,1.000000,1.000000,0.000000,1.000861,0.750000,0.750000,1.000000,0.000100000,0.000001113,0.066000,0.000000,0.000000,0.000000,0.000000,0.000000,0.750000,0.000000
10.599999,1.000000,543.000000,0.000000,0.000000,293.000000,1.000000,1.000000,0.000000,1.000850,0.750000,0.750000,1.000000,0.000100000,0.000001113,0.066000,0.000000,0.000000,0.000000,0.000000,0.000000,0.750000,0.000000
10.700000,1.000000,543.000000,0.000000,0.000000,293.000000,1.000000,1.000000,0.000000,1.000857,0.750000,0.750000,1.000000,0.000100000,0.000001113,0.066000,0.000000,0.000000,0.000000,0.000000,0.000000,0.750000,0.000000
10.800000,1.000000,543.000000,0.000000,0.000000,293.000000,1.000000,1.000000,0.000000,1.000859,0.750000,0.750000,1.000000,0.000100000,0.000001113,0.066000,0.000000,0.000000,0.000000,0.000000,0.000000,0.750000,0.000000
10.900000,1.000000,543.000000,0.000000,0.000000,293.000000,1.000000,1.000000,0.000000,1.000851,0.750000,0.750000,1.000000,0.000100000,0.000001113,0.066000,0.000000,0.000000,0.000000,0.000000,0.000000,0.750000,0.000000
11.000000,1.000000,543.000000,0.000000,0.000000,293.000000,1.000000,1.000000,0.000000,1.000859,0.750000,0.750000,1.000000,0.000100000,0.000001113,0.066000,0.000000,0.000000,0.000000,0.000000,0.000000,0.750000,0.000000
11.099999,1.000000,543.000000,0.000000,0.000000,293.000000,1.000000,1.000000,0.000000,1.000850,0.750000,0.750000,1.000000,0.000100000,0.000001113,0.066000,0.000000,0.000000,0.000000,0.000000,0.000000,0.750000,0.000000
11.200000,1.000000,543.000000,0.000000,0.000000,293.000000,1.000000,1.000000,0.000000,1.000859,0.750000,0.750000,1.000000,0.000100000,0.000001113,0.066000,0.000000,0.000000,0.000000,0.000000,0.000000,0.750000,0.000000
11.300000,1.000000,543.000000,0.000000,0.000000,293.000000,1.000000,1.000000,0.000000,1.000860,0.750000,0.750000,1.000000,0.000100000,0.000001113,0.066000,0.000000,0.000000,0.000000,0.000000,0.000000,0.750000,0.000000
11.400000,1.000000,543.000000,0.000000,0.000000,293.000000,1.000000,1.000000,0.000000,1.000851,0.750000,0.750000,1.000000,0.000100000,0.000001113,0.066000,0.000000,0.000000,0.000000,0.000000,0.000000,0.750000,0.000000
11.500000,1.000000,543.000000,0.000000,0.000000,293.000000,1.000000,1.000000,0.000000,1.000859,0.750000,0.750000,1.000000,0.000100000,0.000001113,0.066000,0.000000,0.000000,0.000000,0.000000,0.000000,0.750000,0.000000
11.599999,1.000000,543.000000,0.000000,0.000000,293.000000,1.000000,1.000000,0.000000,1.000848,0.750000,0.750000,1.000000,0.000100000,0.000001113,0.066000,0.000000,0.000000,0.000000,0.000000,0.000000,0.750000,0.000000
11.700000,1.000000,543.000000,0.000000,0.000000,293.000000,1.000000,1.000000,0.000000,1.000859,0.750000,0.750000,1.000000,0.000100000,0.000001113,0.066000,0.000000,0.000000,0.000000,0.000000,0.000000,0.750000,0.000000
11.799999,1.000000,543.000000,0.000000,0.000000,293.000000,1.000000,1.000000,0.000000,1.000850,0.750000,0.750000,1.000000,0.000100000,0.000001113,0.066000,0.000000,0.000000,0.000000,0.000000,0.000000,0.750000,0.000000
11.900000,1.000000,543.000000,0.000000,0.000000,293.000000,1.000000,1.000000,0.000000,1.000860,0.750000,0.750000,1.000000,0.000100000,0.000001113,0.066000,0.000000,0.000000,0.000000,0.000000,0.000000,0.750000,0.000000
12.000000,1.000000,543.000000,0.000000,0.000000,293.000000,1.000000,1.000000,0.000000,1.000860,0.750000,0.750000,1.000000,0.000100000,0.000001113,0.066000,0.000000,0.000000,0.000000,0.000000,0.000000,0.750000,0.000000
12.099999,1.000000,543.000000,0.000000,0.000000,293.000000,1.000000,1.000000,0.000000,1.000850,0.750000,0.750000,1.000000,0.000100000,0.000001113,0.066000,0.000000,0.000000,0.000000,0.000000,0.000000,0.750000,0.000000
12.200000,1.000000,543.000000,0.000000,0.000000,293.000000,1.000000,1.000000,0.000000,1.000859,0.750000,0.750000,1.000000,0.000100000,0.000001113,0.066000,0.000000,0.000000,0.000000,0.000000,0.000000,0.750000,0.000000
12.299999,1.000000,543.000000,0.000000,0.000000,293.000000,1.000000,1.000000,0.000000,1.000851,0.750000,0.750000,1.000000,0.000100000,0.000001113,0.066000,0.000000,0.000000,0.000000,0.000000,0.000000,0.750000,0.000000
12.400000,1.000000,543.000000,0.000000,0.000000,293.000000,1.000000,1.000000,0.000000,1.000860,0.750000,0.750000,1.000000,0.000100000,0.000001113,0.066000,0.000000,0.000000,0.000000,0.000000,0.000000,0.750000,0.000000
12.500000,1.000000,543.000000,0.000000,0.000000,293.000000,1.000000,1.000000,0.000000,1.000867,0.750000,0.750000,1.000000,0.000100000,0.000001113,0.066000,0.000000,0.000000,0.000000,0.000000,0.000000,0.750000,0.000000
12.599999,1.000000,543.000000,0.000000,0.000000,293.000000,1.000000,1.000000,0.000000,1.000850,0.750000,0.750000,1.000000,0.000100000,0.000001113,0.066000,0.000000,0.000000,0.000000,0.000000,0.000000,0.750000,0.000000
12.700000,1.000000,543.000000,0.000000,0.000000,293.000000,1.000000,1.000000,0.000000,1.000860,0.750000,0.750000,1.000000,0.000100000,0.000001113,0.066000,0.000000,0.000000,0.000000,0.000000,0.000000,0.750000,0.000000
12.799999,1.000000,543.000000,0.000000,0.000000,293.000000,1.000000,1.000000,0.000000,1.000850,0.750000,0.750000,1.000000,0.000100000,0.000001113,0.066000,0.000000,0.000000,0.000000,0.000000,0.000000,0.750000,0.000000
12.900000,1.000000,543.000000,0.000000,0.000000,293.000000,1.000000,1.000000,0.000000,1.000860,0.750000,0.750000,1.000000,0.000100000,0.000001113,0.066000,0.000000,0.000000,0.000000,0.000000,0.000000,0.750000,0.000000
13.000000,1.000000,543.000000,0.000000,0.000000,293.000000,1.000000,1.000000,0.000000,1.000859,0.750000,0.750000,1.000000,0.000100000,0.000001113,0.066000,0.000000,0.000000,0.000000,0.000000,0.000000,0.750000,0.000000
13.099999,1.000000,543.000000,0.000000,0.000000,293.000000,1.000000,1.000000,0.000000,1.000851,0.750000,0.750000,1.000000,0.000100000,0.000001113,0.066000,0.000000,0.000000,0.000000,0.000000,0.000000,0.750000,0.000000
13.200000,1.000000,543.000000,0.000000,0.000000,293.000000,1.000000,1.000000,0.000000,1.000859,0.750000,0.750000,1.000000,0.000100000,0.000001113,0.066000,0.000000,0.000000,0.000000,0.000000,0.000000,0.750000,0.000000
13.299999,1.000000,543.000000,0.000000,0.000000,293.000000,1.000000,1.000000,0.000000,1.000848,0.750000,0.750000,1.000000,0.000100000,0.000001113,0.066000,0.000000,0.000000,0.000000,0.000000,0.000000,0.750000,0.000000
13.400000,1.000000,543.000000,0.000000,0.000000,293.000000,1.000000,1.000000,0.000000,1.000860,0.750000,0.750000,1.000000,0.000100000,0.000001113,0.066000,0.000000,0.000000,0.000000,0.000000,0.000000,0.750000,0.000000
13.500000,1.000000,543.000000,0.000000,0.000000,293.000000,1.000000,1.000000,0.000000,1.000860,0.750000,0.750000,1.000000,0.000100000,0.000001113,0.066000,0.000000,0.000000,0.000000,0.000000,0.000000,0.750000,0.000000
13.599999,1.000000,543.000000,0.000000,0.000000,293.000000,1.000000,1.000000,0.000000,1.000850,0.750000,0.750000,1.000000,0.000100000,0.000001113,0.066000,0.000000,0.000000,0.000000,0.000000,0.000000,0.750000,0.000000
13.700000,1.000000,543.000000,0.000000,0.000000,293.000000,1.000000,1.000000,0.000000,1.000859,0.750000,0.750000,1.000000,0.000100000,0.000001113,0.066000,0.000000,0.000000,0.000000,0.000000,0.000000,0.750000,0.000000
13.799999,1.000000,543.000000,0.000000,0.000000,293.000000,1.000000,1.000000,0.000000,1.000850,0.750000,0.750000,1.000000,0.000100000,0.000001113,0.066000,0.000000,0.000000,0.000000,0.000000,0.000000,0.750000,0.000000
13.900000,1.000000,543.000000,0.000000,0.000000,293.000000,1.000000,1.000000,0.000000,1.000860,0.750000,0.750000,1.000000,0.000100000,0.000001113,0.066000,0.000000,0.000000,0.000000,0.000000,0.000000,0.750000,0.000000
14.000000,1.000000,543.000000,0.000000,0.000000,293.000000,1.000000,1.000000,0.000000,1.000859,0.750000,0.750000,1.000000,0.000100000,0.000001113,0.066000,0.000000,0.000000,0.000000,0.000000,0.000000,0.750000,0.000000
14.099999,1.000000,543.000000,0.000000,0.000000,293.000000,1.000000,1.000000,0.000000,1.000850,0.750000,0.750000,1.000000,0.000100000,0.000001113,0.066000,0.000000,0.000000,0.000000,0.000000,0.000000,0.750000,0.000000
14.200000,1.000000,543.000000,0.000000,0.000000,293.000000,1.000000,1.000000,0.000000,1.000858,0.750000,0.750000,1.000000,0.000100000,0.000001113,0.066000,0.000000,0.000000,0.000000,0.000000,0.000000,0.750000,0.000000
14.299999,1.000000,543.000000,0.000000,0.000000,293.000000,1.000000,1.000000,0.000000,1.000850,0.750000,0.750000,1.000000,0.000100000,0.000001113,0.066000,0.000000,0.000000,0.000000,0.000000,0.000000,0.750000,0.000000
14.400000,1.000000,543.000000,0.000000,0.000000,293.000000,1.000000,1.000000,0.000000,1.000859,0.750000,0.750000,1.000000,0.000100000,0.000001113,0.066000,0.000000,0.000000,0.000000,0.000000,0.000000,0.750000,0.000000
14.500000,1.000000,543.000000,0.000000,0.000000,293.000000,1.000000,1.000000,0.000000,1.000860,0.750000,0.750000,1.000000,0.000100000,0.000001113,0.066000,0.000000,0.000000,0.000000,0.000000,0.000000,0.750000,0.000000
14.599999,1.000000,543.000000,0.000000,0.000000,293.000000,1.000000,1.000000,0.000000,1.000850,0.750000,0.750000,1.000000,0.000100000,0.000001113,0.066000,0.000000,0.000000,0.000000,0.000000,0.000000,0.750000,0.000000
14.700000,1.000000,543.000000,0.000000,0.000000,293.000000,1.000000,1.000000,0.000000,1.000860,0.750000,0.750000,1.000000,0.000100000,0.000001113,0.066000,0.000000,0.000000,0.000000,0.000000,0.000000,0.750000,0.000000
14.799999,1.000000,543.000000,0.000000,0.000000,293.000000,1.000000,1.000000,0.000000,1.000850,0.750000,0.750000,1.000000,0.000100000,0.000001113,0.066000,0.000000,0.000000,0.000000,0.000000,0.000000,0.750000,0.000000
14.900000,1.000000,543.000000,0.000000,0.000000,293.000000,1.000000,1.000000,0.000000,1.000860,0.750000,0.750000,1.000000,0.000100000,0.000001113,0.066000,0.000000,0.000000,0.000000,0.000000,0.000000,0.750000,0.000000
15.000000,1.000000,543.000000,0.000000,0.000000,293.000000,1.000000,1.000000,0.000000,1.000860,0.750000,0.750000,1.000000,0.000100000,0.000001113,0.066000,0.000000,0.000000,0.000000,0.000000,0.000000,0.750000,0.000000
15.099999,1.000000,543.000000,0.000000,0.000000,293.000000,1.000000,1.000000,0.000000,1.000847,0.750000,0.750000,1.000000,0.000100000,0.000001113,0.066000,0.000000,0.000000,0.000000,0.000000,0.000000,0.750000,0.000000
15.200000,1.000000,543.000000,0.000000,0.000000,293.000000,1.000000,1.000000,0.000000,1.000859,0.750000,0.750000,1.000000,0.000100000,0.000001113,0.066000,0.000000,0.000000,0.000000,0.000000,0.000000,0.750000,0.000000
15.299999,1.000000,543.000000,0.000000,0.000000,293.000000,1.000000,1.000000,0.000000,1.000851,0.750000,0.750000,1.000000,0.000100000,0.000001113,0.066000,0.000000,0.000000,0.000000,0.000000,0.000000,0.750000,0.000000
15.400000,1.000000,543.000000,0.000000,0.000000,293.000000,1.000000,1.000000,0.000000,1.000859,0.750000,0.750000,1.000000,0.000100000,0.000001113,0.066000,0.000000,0.000000,0.000000,0.000000,0.000000,0.750000,0.000000
15.500000,1.000000,543.000000,0.000000,0.000000,293.000000,1.000000,1.000000,0.000000,1.000860,0.750000,0.750000,1.000000,0.000100000,0.000001113,0.066000,0.000000,0.000000,0.000000,0.000000,0.000000,0.750000,0.000000
15.599999,1.000000,543.000000,0.000000,0.000000,293.000000,1.000000,1.000000,0.000000,1.000849,0.750000,0.750000,1.000000,0.000100000,0.000001113,0.066000,0.000000,0.000000,0.000000,0.000000,0.000000,0.750000,0.000000
15.700000,1.000000,543.000000,0.000000,0.000000,293.000000,1.000000,1.000000,0.000000,1.000860,0.750000,0.750000,1.000000,0.000100000,0.000001113,0.066000,0.000000,0.000000,0.000000,0.000000,0.000000,0.750000,0.000000
15.799999,1.000000,543.000000,0.000000,0.000000,293.000000,1.000000,1.000000,0.000000,1.000850,0.750000,0.750000,1.000000,0.000100000,0.000001113,0.066000,0.000000,0.000000,0.000000,0.000000,0.000000,0.750000,0.000000
15.900000,1.000000,543.000000,0.000000,0.000000,293.000000,1.000000,1.000000,0.000000,1.000860,0.750000,0.750000,1.000000,0.000100000,0.000001113,0.066000,0.000000,0.000000,0.000000,0.000000,0.000000,0.750000,0.000000
16.000000,1.000000,543.000000,0.000000,0.000000,293.000000,1.000000,1.000000,0.000000,1.000857,0.750000,0.750000,1.000000,0.000100000,0.000001113,0.066000,0.000000,0.000000,0.000000,0.000000,0.000000,0.750000,0.000000
16.100000,1.000000,543.000000,0.000000,0.000000,293.000000,1.000000,1.000000,0.000000,1.000859,0.750000,0.750000,1.000000,0.000100000,0.000001113,0.066000,0.000000,0.000000,0.000000,0.000000,0.000000,0.750000,0.000000
16.199999,1.000000,543.000000,0.000000,0.000000,293.000000,1.000000,1.000000,0.000000,1.000841,0.750000,0.750000,1.000000,0.000100000,0.000001113,0.066000,0.000000,0.000000,0.000000,0.000000,0.000000,0.750000,0.000000
16.299999,1.000000,543.000000,0.000000,0.000000,293.000000,1.000000,1.000000,0.000000,1.000859,0.750000,0.750000,1.000000,0.000100000,0.000001113,0.066000,0.000000,0.000000,0.000000,0.000000,0.000000,0.750000,0.000000
16.400000,1.000000,543.000000,0.000000,0.000000,293.000000,1.000000,1.000000,0.000000,1.000860,0.750000,0.750000,1.000000,0.000100000,0.000001113,0.066000,0.000000,0.000000,0.000000,0.000000,0.000000,0.750000,0.000000
16.500000,1.000000,543.000000,0.000000,0.000000,293.000000,1.000000,1.000000,0.000000,1.000860,0.750000,0.750000,1.000000,0.000100000,0.000001113,0.066000,0.000000,0.000000,0.000000,0.000000,0.000000,0.750000,0.000000
16.600000,1.000000,543.000000,0.000000,0.000000,293.000000,1.000000,1.000000,0.000000,1.000859,0.750000,0.750000,1.000000,0.000100000,0.000001113,0.066000,0.000000,0.000000,0.000000,0.000000,0.000000,0.750000,0.000000
16.699999,1.000000,543.000000,0.000000,0.000000,293.000000,1.000000,1.000000,0.000000,1.000841,0.750000,0.750000,1.000000,0.000100000,0.000001113,0.066000,0.000000,0.000000,0.000000,0.000000,0.000000,0.750000,0.000000
16.799999,1.000000,543.000000,0.000000,0.000000,293.000000,1.000000,1.000000,0.000000,1.000859,0.750000,0.750000,1.000000,0.000100000,0.000001113,0.066000,0.000000,0.000000,0.000000,0.000000,0.000000,0.750000,0.000000
16.900000,1.000000,543.000000,0.000000,0.000000,293.000000,1.000000,1.000000,0.000000,1.000857,0.750000,0.750000,1.000000,0.000100000,0.000001113,0.066000,0.000000,0.000000,0.000000,0.000000,0.000000,0.750000,0.000000
17.000000,1.000000,543.000000,0.000000,0.000000,293.000000,1.000000,1.000000,0.000000,1.000860,0.750000,0.750000,1.000000,0.000100000,0.000001113,0.066000,0.000000,0.000000,0.000000,0.000000,0.000000,0.750000,0.000000
17.100000,1.000000,543.000000,0.000000,0.000000,293.000000,1.000000,1.000000,0.000000,1.000859,0.750000,0.750000,1.000000,0.000100000,0.000001113,0.066000,0.000000,0.000000,0.000000,0.000000,0.000000,0.750000,0.000000
17.199999,1.000000,543.000000,0.000000,0.000000,293.000000,1.000000,1.000000,0.000000,1.000840,0.750000,0.750000,1.000000,0.000100000,0.000001113,0.066000,0.000000,0.000000,0.000000,0.000000,0.000000,0.750000,0.000000
17.299999,1.000000,543.000000,0.000000,0.000000,293.000000,1.000000,1.000000,0.000000,1.000861,0.750000,0.750000,1.000000,0.000100000,0.000001113,0.066000,0.000000,0.000000,0.000000,0.000000,0.000000,0.750000,0.000000
17.400000,1.000000,543.000000,0.000000,0.000000,293.000000,1.000000,1.000000,0.000000,1.000859,0.750000,0.750000,1.000000,0.000100000,0.000001113,0.066000,0.000000,0.000000,0.000000,0.000000,0.000000,0.750000,0.000000
17.500000,1.000000,543.000000,0.000000,0.000000,293.000000,1.000000,1.000000,0.000000,1.000860,0.750000,0.750000,1.000000,0.000100000,0.000001113,0.066000,0.000000,0.000000,0.000000,0.000000,0.000000,0.750000,0.000000
17.600000,1.000000,543.000000,0.000000,0.000000,293.000000,1.000000,1.000000,0.000000,1.000860,0.750000,0.750000,1.000000,0.000100000,0.000001113,0.066000,0.000000,0.000000,0.000000,0.000000,0.000000,0.750000,0.000000
17.699999,1.000000,543.000000,0.000000,0.000000,293.000000,1.000000,1.000000,0.000000,1.000841,0.750000,0.750000,1.000000,0.000100000,0.000001113,0.066000,0.000000,0.000000,0.000000,0.000000,0.000000,0.750000,0.000000
17.799999,1.000000,543.000000,0.000000,0.000000,293.000000,1.000000,1.000000,0.000000,1.000866,0.750000,0.750000,1.000000,0.000100000,0.000001113,0.066000,0.000000,0.000000,0.000000,0.000000,0.000000,0.750000,0.000000
17.900000,1.000000,543.000000,0.000000,0.000000,293.000000,1.000000,1.000000,0.000000,1.000860,0.750000,0.750000,1.000000,0.000100000,0.000001113,0.066000,0.000000,0.000000,0.000000,0.000000,0.000000,0.750000,0.000000
18.000000,1.000000,543.000000,0.000000,0.000000,293.000000,1.000000,1.000000,0.000000,1.000859,0.750000,0.750000,1.000000,0.000100000,0.000001113,0.066000,0.000000,0.000000,0.000000,0.000000,0.000000,0.750000,0.000000
18.100000,1.000000,543.000000,0.000000,0.000000,293.000000,1.000000,1.000000,0.000000,1.000861,0.750000,0.750000,1.000000,0.000100000,0.000001113,0.066000,0.000000,0.000000,0.000000,0.000000,0.000000,0.750000,0.000000
18.199999,1.000000,543.000000,0.000000,0.000000,293.000000,1.000000,1.000000,0.000000,1.000840,0.750000,0.750000,1.000000,0.000100000,0.000001113,0.066000,0.000000,0.000000,0.000000,0.000000,0.000000,0.750000,0.000000
18.299999,1.000000,543.000000,0.000000,0.000000,293.000000,1.000000,1.000000,0.000000,1.000860,0.750000,0.750000,1.000000,0.000100000,0.000001113,0.066000,0.000000,0.000000,0.000000,0.000000,0.000000,0.750000,0.000000
18.400000,1.000000,543.000000,0.000000,0.000000,293.000000,1.000000,1.000000,0.000000,1.000860,0.750000,0.750000,1.000000,0.000100000,0.000001113,0.066000,0.000000,0.000000,0.000000,0.000000,0.000000,0.750000,0.000000
18.500000,1.000000,543.000000,0.000000,0.000000,293.000000,1.000000,1.000000,0.000000,1.000860,0.750000,0.750000,1.000000,0.000100000,0.000001113,0.066000,0.000000,0.000000,0.000000,0.000000,0.000000,0.750000,0.000000
18.600000,1.000000,543.000000,0.000000,0.000000,293.000000,1.000000,1.000000,0.000000,1.000857,0.750000,0.750000,1.000000,0.000100000,0.000001113,0.066000,0.000000,0.000000,0.000000,0.000000,0.000000,0.750000,0.000000
18.699999,1.000000,543.000000,0.000000,0.000000,293.000000,1.000000,1.000000,0.000000,1.000840,0.750000,0.750000,1.000000,0.000100000,0.000001113,0.066000,0.000000,0.000000,0.000000,0.000000,0.000000,0.750000,0.000000
18.799999,1.000000,543.000000,0.000000,0.000000,293.000000,1.000000,1.000000,0.000000,1.000860,0.750000,0.750000,1.000000,0.000100000,0.000001113,0.066000,0.000000,0.000000,0.000000,0.000000,0.000000,0.750000,0.000000
18.900000,1.000000,543.000000,0.000000,0.000000,293.000000,1.000000,1.000000,0.000000,1.000859,0.750000,0.750000,1.000000,0.000100000,0.000001113,0.066000,0.000000,0.000000,0.000000,0.000000,0.000000,0.750000,0.000000
19.000000,1.000000,543.000000,0.000000,0.000000,293.000000,1.000000,1.000000,0.000000,1.000861,0.750000,0.750000,1.000000,0.000100000,0.000001113,0.066000,0.000000,0.000000,0.000000,0.000000,0.000000,0.750000,0.000000
19.100000,1.000000,543.000000,0.000000,0.000000,293.000000,1.000000,1.000000,0.000000,1.000860,0.750000,0.750000,1.000000,0.000100000,0.000001113,0.066000,0.000000,0.000000,0.000000,0.000000,0.000000,0.750000,0.000000
19.199999,1.000000,543.000000,0.000000,0.000000,293.000000,1.000000,1.000000,0.000000,1.000840,0.750000,0.750000,1.000000,0.000100000,0.000001113,0.066000,0.000000,0.000000,0.000000,0.000000,0.000000,0.750000,0.000000
19.299999,1.000000,543.000000,0.000000,0.000000,293.000000,1.000000,1.000000,0.000000,1.000860,0.750000,0.750000,1.000000,0.000100000,0.000001113,0.066000,0.000000,0.000000,0.000000,0.000000,0.000000,0.750000,0.000000
19.400000,1.000000,543.000000,0.000000,0.000000,293.000000,1.000000,1.000000,0.000000,1.000859,0.750000,0.750000,1.000000,0.000100000,0.000001113,0.066000,0.000000,0.000000,0.000000,0.000000,0.000000,0.750000,0.000000
19.500000,1.000000,543.000000,0.000000,0.000000,293.000000,1.000000,1.000000,0.000000,1.000857,0.750000,0.750000,1.000000,0.000100000,0.000001113,0.066000,0.000000,0.000000,0.000000,0.000000,0.000000,0.750000,0.000000
19.600000,1.000000,543.000000,0.000000,0.000000,293.000000,1.000000,1.000000,0.000000,1.000860,0.750000,0.750000,1.000000,0.000100000,0.000001113,0.066000,0.000000,0.000000,0.000000,0.000000,0.000000,0.750000,0.000000
19.699999,1.000000,543.000000,0.000000,0.000000,293.000000,1.000000,1.000000,0.000000,1.000840,0.750000,0.750000,1.000000,0.000100000,0.000001113,0.066000,0.000000,0.000000,0.000000,0.000000,0.000000,0.750000,0.000000
19.799999,1.000000,543.000000,0.000000,0.000000,293.000000,1.000000,1.000000,0.000000,1.000860,0.750000,0.750000,1.000000,0.000100000,0.000001113,0.066000,0.000000,0.000000,0.000000,0.000000,0.000000,0.750000,0.000000
19.900000,1.000000,543.000000,0.000000,0.000000,293.000000,1.000000,1.000000,0.000000,1.000860,0.750000,0.750000,1.000000,0.000100000,0.000001113,0.066000,0.000000,0.000000,0.000000,0.000000,0.000000,0.750000,0.000000
20.000000,1.000000,543.000000,0.000000,0.000000,293.000000,1.000000,1.000000,0.000000,1.000860,0.750000,0.750000,1.000000,0.000100000,0.000001113,0.066000,0.000000,0.000000,0.000000,0.000000,0.000000,0.750000,0.000000
20.100000,0.996197,542.998291,-0.000027,-0.003854,293.000000,1.000000,1.000000,0.000000,1.000861,0.748987,0.700000,1.000000,0.000100000,0.000001113,0.066000,0.000000,-0.003860,0.000006,0.000000,0.000000,0.749998,0.000000
20.199999,0.992174,542.992859,-0.000054,-0.007695,292.999970,1.000000,1.000000,0.000000,1.000844,0.747973,0.700000,1.000000,0.000100000,0.000001113,0.065999,0.000000,-0.007720,0.000026,0.000000,0.000000,0.749993,0.000000
20.299999,0.988057,542.983704,-0.000081,-0.011522,292.999939,1.000000,1.000000,-0.000000,1.000859,0.746960,0.700000,1.000000,0.000100000,0.000001113,0.065997,0.000000,-0.011580,0.000058,0.000000,-0.000000,0.749985,0.000000
20.400000,0.983859,542.970703,-0.000107,-0.015336,292.999847,1.000000,1.000000,-0.000000,1.000860,0.745947,0.700000,1.000000,0.000100000,0.000001113,0.065994,0.000000,-0.015441,0.000105,0.000000,-0.000000,0.749973,0.000000
20.500000,0.979592,542.953735,-0.000134,-0.019136,292.999725,1.000000,1.000000,-0.000000,1.000859,0.744934,0.700000,1.000000,0.000100000,0.000001113,0.065991,0.000000,-0.019301,0.000165,0.000000,-0.000001,0.749957,0.000000
20.600000,0.975261,542.932922,-0.000160,-0.022921,292.999512,1.000000,1.000000,-0.000000,1.000860,0.743920,0.700000,1.000000,0.000100000,0.000001113,0.065987,0.000000,-0.023161,0.000240,0.000001,-0.000001,0.749937,0.000000
20.699999,0.970877,542.908020,-0.000187,-0.026693,292.999207,1.000000,1.000000,-0.000000,1.000841,0.742907,0.700000,1.000000,0.000100000,0.000001113,0.065983,0.000000,-0.027021,0.000328,0.000001,-0.000001,0.749914,0.000000
20.799999,0.966445,542.879150,-0.000213,-0.030449,292.998810,1.000000,1.000001,-0.000000,1.000860,0.741894,0.700000,1.000000,0.000100000,0.000001113,0.065977,0.000000,-0.030881,0.000432,0.000002,-0.000002,0.749887,0.000000
20.900000,0.961970,542.846252,-0.000239,-0.034192,292.998322,1.000000,1.000001,-0.000000,1.000859,0.740880,0.700000,1.000000,0.000100000,0.000001113,0.065971,0.000000,-0.034741,0.000549,0.000002,-0.000002,0.749856,0.000000
21.000000,0.957457,542.809265,-0.000265,-0.037919,292.997711,0.999999,1.000001,-0.000000,1.000859,0.739867,0.700000,1.000000,0.000100000,0.000001113,0.065964,0.000000,-0.038601,0.000681,0.000003,-0.000003,0.749821,0.000000
21.100000,0.952912,542.768250,-0.000291,-0.041633,292.996979,0.999999,1.000001,-0.000000,1.000860,0.738854,0.700000,1.000000,0.000100000,0.000001113,0.065956,0.000000,-0.042461,0.000828,0.000004,-0.000003,0.749782,0.000000
21.199999,0.948337,542.723084,-0.000317,-0.045331,292.996094,0.999999,1.000001,-0.000000,1.000841,0.737841,0.700000,1.000000,0.000100000,0.000001113,0.065948,0.000000,-0.046321,0.000989,0.000006,-0.000004,0.749740,0.000000
21.299999,0.943735,542.673828,-0.000343,-0.049014,292.995087,0.999999,1.000002,-0.000000,1.000857,0.736827,0.700000,1.000000,0.000100000,0.000001113,0.065939,0.000000,-0.050182,0.001165,0.000007,-0.000005,0.749694,0.000000
21.400000,0.939112,542.620422,-0.000369,-0.052683,292.993897,0.999999,1.000002,-0.000000,1.000860,0.735814,0.700000,1.000000,0.000100000,0.000001113,0.065929,0.000000,-0.054042,0.001356,0.000009,-0.000005,0.749643,0.000000
21.500000,0.934469,542.562927,-0.000394,-0.056336,292.992523,0.999999,1.000002,-0.000000,1.000859,0.734801,0.700000,1.000000,0.000100000,0.000001113,0.065918,0.000000,-0.057902,0.001561,0.000011,-0.000006,0.749589,0.000000
21.600000,0.929808,542.501282,-0.000420,-0.059975,292.990967,0.999998,1.000003,-0.000000,1.000859,0.733788,0.700000,1.000000,0.000100000,0.000001113,0.065906,0.000000,-0.061762,0.001781,0.000013,-0.000007,0.749531,0.000000
21.699999,0.925133,542.435547,-0.000445,-0.063599,292.989258,0.999998,1.000003,-0.000000,1.000841,0.732774,0.700000,1.000000,0.000100000,0.000001113,0.065894,0.000000,-0.065622,0.002016,0.000015,-0.000008,0.749469,0.000000
21.799999,0.920445,542.365662,-0.000470,-0.067208,292.987305,0.999998,1.000003,-0.000000,1.000860,0.731761,0.700000,1.000000,0.000100000,0.000001113,0.065881,0.000000,-0.069482,0.002265,0.000018,-0.000009,0.749403,0.000000
21.900000,0.915747,542.291687,-0.000496,-0.070802,292.985168,0.999998,1.000004,-0.000000,1.000859,0.730748,0.700000,1.000000,0.000100000,0.000001113,0.065867,0.000000,-0.073342,0.002530,0.000021,-0.000010,0.749333,0.000000
22.000000,0.911041,542.213562,-0.000521,-0.074381,292.982819,0.999998,1.000004,-0.000000,1.000861,0.729734,0.700000,1.000000,0.000100000,0.000001113,0.065853,0.000000,-0.077202,0.002809,0.000025,-0.000012,0.749259,0.000000
22.100000,0.906328,542.131348,-0.000546,-0.077944,292.980255,0.999997,1.000004,-0.000000,1.000859,0.728721,0.700000,1.000000,0.000100000,0.000001113,0.065838,0.000000,-0.081062,0.003102,0.000028,-0.000013,0.749182,0.000000
22.199999,0.901611,542.045044,-0.000570,-0.081494,292.977448,0.999997,1.000005,-0.000000,1.000837,0.727708,0.700000,1.000000,0.000100000,0.000001113,0.065822,0.000000,-0.084923,0.003411,0.000032,-0.000014,0.749100,0.000000
22.299999,0.896890,541.954651,-0.000595,-0.085028,292.974396,0.999997,1.000005,-0.000000,1.000861,0.726695,0.700000,1.000000,0.000100000,0.000001113,0.065805,0.000000,-0.088783,0.003733,0.000037,-0.000015,0.749014,0.000000
22.400000,0.892168,541.860230,-0.000620,-0.088547,292.971100,0.999996,1.000006,-0.000000,1.000859,0.725681,0.700000,1.000000,0.000100000,0.000001113,0.065787,0.000000,-0.092643,0.004071,0.000041,-0.000017,0.748925,0.000000
22.500000,0.887445,541.761719,-0.000644,-0.092052,292.967560,0.999996,1.000006,-0.000000,1.000859,0.724668,0.700000,1.000000,0.000100000,0.000001113,0.065769,0.000000,-0.096503,0.004422,0.000046,-0.000018,0.748832,0.000000
22.600000,0.882723,541.659180,-0.000669,-0.095542,292.963776,0.999996,1.000007,-0.000000,1.000860,0.723655,0.700000,1.000000,0.000100000,0.000001113,0.065750,0.000000,-0.100363,0.004789,0.000052,-0.000020,0.748735,0.000000
22.699999,0.878003,541.552612,-0.000693,-0.099018,292.959717,0.999995,1.000008,-0.000000,1.000840,0.722641,0.700000,1.000000,0.000100000,0.000001113,0.065731,0.000000,-0.104223,0.005169,0.000058,-0.000021,0.748634,0.000000
22.799999,0.873286,541.442017,-0.000717,-0.102478,292.955383,0.999995,1.000008,-0.000000,1.000860,0.721628,0.700000,1.000000,0.000100000,0.000001113,0.065711,0.000000,-0.108083,0.005564,0.000064,-0.000023,0.748529,0.000000
22.900000,0.868575,541.327393,-0.000741,-0.105924,292.950806,0.999995,1.000009,-0.000000,1.000860,0.720615,0.700000,1.000000,0.000100000,0.000001113,0.065690,0.000000,-0.111943,0.005974,0.000070,-0.000025,0.748420,0.000000
23.000000,0.863867,541.208862,-0.000765,-0.109356,292.945923,0.999994,1.000009,-0.000000,1.000860,0.719602,0.700000,1.000000,0.000100000,0.000001113,0.065668,0.000000,-0.115803,0.006397,0.000077,-0.000027,0.748307,0.000000
23.099998,0.859167,541.086365,-0.000789,-0.112773,292.940765,0.999994,1.000010,-0.000000,1.000838,0.718588,0.700000,1.000000,0.000100000,0.000001113,0.065646,0.000000,-0.119664,0.006834,0.000085,-0.000028,0.748191,0.000000
23.199999,0.854474,540.959900,-0.000813,-0.116176,292.935303,0.999994,1.000011,-0.000000,1.000859,0.717575,0.700000,1.000000,0.000100000,0.000001113,0.065622,0.000000,-0.123524,0.007286,0.000092,-0.000030,0.748071,0.000000
23.299999,0.849789,540.829590,-0.000837,-0.119564,292.929565,0.999993,1.000011,-0.000000,1.000860,0.716562,0.700000,1.000000,0.000100000,0.000001113,0.065599,0.000000,-0.127384,0.007751,0.000101,-0.000032,0.747947,0.000000
23.400000,0.845112,540.695313,-0.000861,-0.122938,292.923553,0.999993,1.000012,-0.000000,1.000860,0.715548,0.700000,1.000000,0.000100000,0.000001113,0.065574,0.000000,-0.131244,0.008231,0.000109,-0.000034,0.747820,0.000000
23.500000,0.840446,540.557251,-0.000884,-0.126298,292.917206,0.999992,1.000013,-0.000000,1.000860,0.714535,0.700000,1.000000,0.000100000,0.000001113,0.065549,0.000000,-0.135104,0.008724,0.000118,-0.000036,0.747688,0.000000
23.599999,0.835790,540.415283,-0.000908,-0.129644,292.910584,0.999992,1.000013,-0.000000,1.000840,0.713522,0.700000,1.000000,0.000100000,0.000001113,0.065524,0.000000,-0.138964,0.009231,0.000128,-0.000038,0.747553,0.000000
23.699999,0.831145,540.269531,-0.000931,-0.132976,292.903626,0.999991,1.000014,-0.000000,1.000860,0.712509,0.700000,1.000000,0.000100000,0.000001113,0.065497,0.000000,-0.142824,0.009752,0.000138,-0.000041,0.747415,0.000000
23.799999,0.826512,540.119934,-0.000954,-0.136293,292.896393,0.999991,1.000015,-0.000000,1.000860,0.711495,0.700000,1.000000,0.000100000,0.000001113,0.065470,0.000000,-0.146684,0.010286,0.000148,-0.000043,0.747272,0.000000
23.900000,0.821891,539.966614,-0.000977,-0.139597,292.888824,0.999990,1.000016,-0.000000,1.000859,0.710482,0.700000,1.000000,0.000100000,0.000001113,0.065442,0.000000,-0.150544,0.010834,0.000159,-0.000045,0.747126,0.000000
24.000000,0.817284,539.809509,-0.001000,-0.142888,292.880951,0.999990,1.000017,-0.000000,1.000857,0.709469,0.700000,1.000000,0.000100000,0.000001113,0.065414,0.000000,-0.154404,0.011395,0.000170,-0.000048,0.746977,0.000000
24.099998,0.812690,539.648682,-0.001023,-0.146164,292.872742,0.999989,1.000018,-0.000000,1.000841,0.708456,0.700000,1.000000,0.000100000,0.000001113,0.065385,0.000000,-0.158265,0.011969,0.000182,-0.000050,0.746824,0.000000
24.199999,0.808109,539.484192,-0.001046,-0.149427,292.864258,0.999989,1.000018,-0.000000,1.000860,0.707442,0.700000,1.000000,0.000100000,0.000001113,0.065356,0.000000,-0.162125,0.012556,0.000194,-0.000053,0.746667,0.000000
24.299999,0.803544,539.315979,-0.001069,-0.152677,292.855408,0.999988,1.000019,-0.000000,1.000860,0.706429,0.700000,1.000000,0.000100000,0.000001113,0.065325,0.000000,-0.165985,0.013157,0.000207,-0.000056,0.746507,0.000000
24.400000,0.798994,539.144165,-0.001091,-0.155912,292.846252,0.999988,1.000020,-0.000000,1.000859,0.705416,0.700000,1.000000,0.000100000,0.000001113,0.065295,0.000000,-0.169845,0.013771,0.000220,-0.000058,0.746343,0.000000
24.500000,0.794460,538.968750,-0.001114,-0.159135,292.836792,0.999987,1.000021,-0.000000,1.000860,0.704402,0.700000,1.000000,0.000100000,0.000001113,0.065263,0.000000,-0.173705,0.014397,0.000233,-0.000061,0.746175,0.000000
24.599999,0.789941,538.789734,-0.001136,-0.162345,292.826965,0.999986,1.000022,-0.000000,1.000840,0.703389,0.700000,1.000000,0.000100000,0.000001113,0.065231,0.000000,-0.177565,0.015037,0.000247,-0.000063,0.746005,0.000000
24.699999,0.785439,538.607117,-0.001159,-0.165541,292.816834,0.999986,1.000023,-0.000000,1.000860,0.702376,0.700000,1.000000,0.000100000,0.000001113,0.065199,0.000000,-0.181425,0.015689,0.000262,-0.000066,0.745830,0.000000
24.799999,0.780954,538.421021,-0.001181,-0.168724,292.806366,0.999985,1.000024,-0.000000,1.000860,0.701363,0.700000,1.000000,0.000100000,0.000001113,0.065166,0.000000,-0.185285,0.016353,0.000277,-0.000069,0.745653,0.000000
24.900000,0.776486,538.231384,-0.001203,-0.171895,292.795593,0.999984,1.000025,-0.000001,1.000856,0.700349,0.700000,1.000000,0.000100000,0.000001113,0.065132,0.000000,-0.189145,0.017031,0.000292,-0.000072,0.745472,0.000000
25.000000,0.773656,538.038757,-0.001208,-0.172525,292.784454,0.999984,1.000026,-0.000001,1.000860,0.700000,0.700000,1.000000,0.000100000,0.000001113,0.065098,0.000000,-0.190476,0.017719,0.000308,-0.000075,0.745288,0.000000
25.099998,0.771836,537.844910,-0.001203,-0.171819,292.773010,0.999983,1.000027,-0.000001,1.000841,0.700000,0.700000,1.000000,0.000100000,0.000001113,0.065063,0.000000,-0.190476,0.018411,0.000324,-0.000078,0.745102,0.000000
25.199999,0.770084,537.650085,-0.001198,-0.171110,292.761261,0.999983,1.000028,-0.000001,1.000860,0.700000,0.700000,1.000000,0.000100000,0.000001113,0.065029,0.000000,-0.190476,0.019107,0.000341,-0.000081,0.744916,0.000000
25.299999,0.768391,537.454407,-0.001193,-0.170397,292.749176,0.999982,1.000030,-0.000001,1.000859,0.700000,0.700000,1.000000,0.000100000,0.000001113,0.064995,0.000000,-0.190476,0.019806,0.000358,-0.000084,0.744729,0.000000
25.400000,0.766753,537.257813,-0.001188,-0.169680,292.736816,0.999981,1.000031,-0.000001,1.000860,0.700000,0.700000,1.000000,0.000100000,0.000001113,0.064960,0.000000,-0.190476,0.020508,0.000376,-0.000088,0.744541,0.000000
25.500000,0.765164,537.060425,-0.001183,-0.168960,292.724152,0.999981,1.000032,-0.000001,1.000860,0.700000,0.700000,1.000000,0.000100000,0.000001113,0.064925,0.000000,-0.190476,0.021213,0.000394,-0.000091,0.744352,0.000000
25.599999,0.763621,536.862305,-0.001178,-0.168237,292.711212,0.999980,1.000033,-0.000001,1.000841,0.700000,0.700000,1.000000,0.000100000,0.000001113,0.064891,0.000000,-0.190476,0.021920,0.000413,-0.000094,0.744162,0.000000
25.699999,0.762121,536.663452,-0.001173,-0.167511,292.697998,0.999979,1.000034,-0.000001,1.000859,0.700000,0.700000,1.000000,0.000100000,0.000001113,0.064856,0.000000,-0.190476,0.022631,0.000431,-0.000097,0.743972,0.000000
25.799999,0.760662,536.463989,-0.001167,-0.166783,292.684509,0.999979,1.000035,-0.000001,1.000856,0.700000,0.700000,1.000000,0.000100000,0.000001113,0.064821,0.000000,-0.190476,0.023343,0.000451,-0.000100,0.743780,0.000000
25.900000,0.759239,536.263794,-0.001162,-0.166051,292.670776,0.999978,1.000036,-0.000001,1.000860,0.700000,0.700000,1.000000,0.000100000,0.000001113,0.064787,0.000000,-0.190476,0.024058,0.000470,-0.000103,0.743588,0.000000
26.000000,0.757853,536.063049,-0.001157,-0.165318,292.656769,0.999977,1.000037,-0.000001,1.000860,0.700000,0.700000,1.000000,0.000100000,0.000001113,0.064752,0.000000,-0.190476,0.024775,0.000490,-0.000107,0.743396,0.000000
26.099998,0.756501,535.861755,-0.001152,-0.164582,292.642548,0.999976,1.000038,-0.000001,1.000841,0.700000,0.700000,1.000000,0.000100000,0.000001113,0.064717,0.000000,-0.190476,0.025494,0.000511,-0.000110,0.743203,0.000000
26.199999,0.755182,535.659912,-0.001147,-0.163843,292.628052,0.999976,1.000040,-0.000001,1.000860,0.700000,0.700000,1.000000,0.000100000,0.000001113,0.064682,0.000000,-0.190476,0.026215,0.000531,-0.000113,0.743009,0.000000
26.299999,0.753893,535.457520,-0.001142,-0.163103,292.613373,0.999975,1.000041,-0.000001,1.000860,0.700000,0.700000,1.000000,0.000100000,0.000001113,0.064647,0.000000,-0.190476,0.026937,0.000552,-0.000116,0.742814,0.000000
26.400000,0.752635,535.254700,-0.001137,-0.162360,292.598450,0.999974,1.000042,-0.000001,1.000859,0.700000,0.700000,1.000000,0.000100000,0.000001113,0.064613,0.000000,-0.190476,0.027662,0.000574,-0.000120,0.742620,0.000000
26.500000,0.751406,535.051453,-0.001131,-0.161616,292.583283,0.999974,1.000043,-0.000001,1.000861,0.700000,0.700000,1.000000,0.000100000,0.000001113,0.064578,0.000000,-0.190476,0.028388,0.000595,-0.000123,0.742424,0.000000
26.599999,0.750204,534.847778,-0.001126,-0.160870,292.567963,0.999973,1.000044,-0.000001,1.000840,0.700000,0.700000,1.000000,0.000100000,0.000001113,0.064543,0.000000,-0.190476,0.029115,0.000617,-0.000126,0.742228,0.000000
26.699999,0.749030,534.643677,-0.001121,-0.160122,292.552399,0.999972,1.000045,-0.000001,1.000856,0.700000,0.700000,1.000000,0.000100000,0.000001113,0.064508,0.000000,-0.190476,0.029844,0.000639,-0.000129,0.742032,0.000000
26.799999,0.747881,534.439270,-0.001116,-0.159373,292.536652,0.999971,1.000046,-0.000001,1.000861,0.700000,0.700000,1.000000,0.000100000,0.000001113,0.064474,0.000000,-0.190476,0.030574,0.000662,-0.000133,0.741835,0.000000
26.900000,0.746758,534.234436,-0.001110,-0.158622,292.520721,0.999971,1.000048,-0.000001,1.000860,0.700000,0.700000,1.000000,0.000100000,0.000001113,0.064439,0.000000,-0.190476,0.031306,0.000685,-0.000136,0.741638,0.000000
27.000000,0.745659,534.029358,-0.001105,-0.157870,292.504608,0.999970,1.000049,-0.000001,1.000859,0.700000,0.700000,1.000000,0.000100000,0.000001113,0.064404,0.000000,-0.190476,0.032038,0.000708,-0.000140,0.741441,0.000000
27.099998,0.744584,533.823975,-0.001100,-0.157117,292.488312,0.999969,1.000050,-0.000001,1.000841,0.700000,0.700000,1.000000,0.000100000,0.000001113,0.064370,0.000000,-0.190476,0.032772,0.000731,-0.000143,0.741243,0.000000
27.199999,0.743532,533.618286,-0.001095,-0.156362,292.471832,0.999969,1.000051,-0.000001,1.000860,0.700000,0.700000,1.000000,0.000100000,0.000001113,0.064335,0.000000,-0.190476,0.033506,0.000755,-0.000146,0.741045,0.000000
27.299999,0.742503,533.412415,-0.001089,-0.155606,292.455200,0.999968,1.000052,-0.000001,1.000859,0.700000,0.700000,1.000000,0.000100000,0.000001113,0.064301,0.000000,-0.190476,0.034241,0.000778,-0.000150,0.740847,0.000000
27.400000,0.741497,533.206238,-0.001084,-0.154850,292.438416,0.999967,1.000054,-0.000001,1.000860,0.700000,0.700000,1.000000,0.000100000,0.000001113,0.064266,0.000000,-0.190476,0.034978,0.000802,-0.000153,0.740648,0.000000
27.500000,0.740512,532.999878,-0.001079,-0.154092,292.421448,0.999966,1.000055,-0.000001,1.000860,0.700000,0.700000,1.000000,0.000100000,0.000001113,0.064232,0.000000,-0.190476,0.035715,0.000827,-0.000157,0.740449,0.000000
27.599999,0.739548,532.793396,-0.001073,-0.153333,292.404358,0.999966,1.000056,-0.000001,1.000837,0.700000,0.700000,1.000000,0.000100000,0.000001113,0.064198,0.000000,-0.190476,0.036452,0.000851,-0.000160,0.740250,0.000000
27.699999,0.738605,532.586670,-0.001068,-0.152574,292.387115,0.999965,1.000057,-0.000001,1.000860,0.700000,0.700000,1.000000,0.000100000,0.000001113,0.064163,0.000000,-0.190476,0.037190,0.000876,-0.000163,0.740051,0.000000
27.799999,0.737683,532.379822,-0.001063,-0.151814,292.369751,0.999964,1.000059,-0.000001,1.000859,0.700000,0.700000,1.000000,0.000100000,0.000001113,0.064129,0.000000,-0.190476,0.037929,0.000900,-0.000167,0.739851,0.000000
27.900000,0.736780,532.172852,-0.001057,-0.151053,292.352234,0.999963,1.000060,-0.000001,1.000860,0.700000,0.700000,1.000000,0.000100000,0.000001113,0.064095,0.000000,-0.190476,0.038668,0.000925,-0.000171,0.739651,0.000000
28.000000,0.735897,531.965759,-0.001052,-0.150292,292.334564,0.999963,1.000061,-0.000001,1.000860,0.700000,0.700000,1.000000,0.000100000,0.000001113,0.064061,0.000000,-0.190476,0.039408,0.000951,-0.000174,0.739451,0.000000
28.099998,0.735033,531.758545,-0.001047,-0.149530,292.316803,0.999962,1.000062,-0.000001,1.000840,0.700000,0.700000,1.000000,0.000100000,0.000001113,0.064027,0.000000,-0.190476,0.040148,0.000976,-0.000178,0.739252,0.000000
28.199999,0.734188,531.551331,-0.001041,-0.148768,292.298920,0.999961,1.000063,-0.000001,1.000860,0.700000,0.700000,1.000000,0.000100000,0.000001113,0.063993,0.000000,-0.190476,0.040888,0.001002,-0.000181,0.739052,0.000000
28.299999,0.733362,531.343994,-0.001036,-0.148005,292.280914,0.999960,1.000065,-0.000001,1.000860,0.700000,0.700000,1.000000,0.000100000,0.000001113,0.063959,0.000000,-0.190476,0.041629,0.001027,-0.000185,0.738851,0.000000
28.400000,0.732553,531.136658,-0.001031,-0.147242,292.262787,0.999960,1.000066,-0.000001,1.000859,0.700000,0.700000,1.000000,0.000100000,0.000001113,0.063925,0.000000,-0.190476,0.042369,0.001053,-0.000188,0.738651,0.000000
28.500000,0.731763,530.929260,-0.001025,-0.146479,292.244537,0.999959,1.000067,-0.000001,1.000856,0.700000,0.700000,1.000000,0.000100000,0.000001113,0.063891,0.000000,-0.190476,0.043110,0.001079,-0.000192,0.738451,0.000000
28.599999,0.730990,530.721924,-0.001020,-0.145716,292.226227,0.999958,1.000068,-0.000001,1.000841,0.700000,0.700000,1.000000,0.000100000,0.000001113,0.063858,0.000000,-0.190476,0.043850,0.001105,-0.000196,0.738250,0.000000
28.699999,0.730235,530.514526,-0.001015,-0.144952,292.207794,0.999957,1.000070,-0.000001,1.000859,0.700000,0.700000,1.000000,0.000100000,0.000001113,0.063824,0.000000,-0.190476,0.044591,0.001132,-0.000199,0.738050,0.000000
28.799999,0.729496,530.307190,-0.001009,-0.144189,292.189270,0.999956,1.000071,-0.000001,1.000860,0.700000,0.700000,1.000000,0.000100000,0.000001113,0.063791,0.000000,-0.190476,0.045331,0.001158,-0.000203,0.737850,0.000000
28.900000,0.728775,530.099854,-0.001004,-0.143426,292.170654,0.999956,1.000072,-0.000001,1.000860,0.700000,0.700000,1.000000,0.000100000,0.000001113,0.063757,0.000000,-0.190476,0.046072,0.001185,-0.000206,0.737649,0.000000
29.000000,0.728070,529.892578,-0.000999,-0.142662,292.151947,0.999955,1.000073,-0.000001,1.000859,0.700000,0.700000,1.000000,0.000100000,0.000001113,0.063724,0.000000,-0.190476,0.046812,0.001212,-0.000210,0.737449,0.000000
29.099998,0.727381,529.685425,-0.000993,-0.141899,292.133148,0.999954,1.000075,-0.000001,1.000841,0.700000,0.700000,1.000000,0.000100000,0.000001113,0.063691,0.000000,-0.190476,0.047552,0.001238,-0.000214,0.737249,0.000000
29.199999,0.726708,529.478333,-0.000988,-0.141137,292.114288,0.999953,1.000076,-0.000002,1.000860,0.700000,0.700000,1.000000,0.000100000,0.000001113,0.063658,0.000000,-0.190476,0.048292,0.001265,-0.000217,0.737048,0.000000
29.299999,0.726051,529.271301,-0.000983,-0.140373,292.095337,0.999953,1.000077,-0.000002,1.000860,0.700000,0.700000,1.000000,0.000100000,0.000001113,0.063625,0.000000,-0.190476,0.049031,0.001292,-0.000221,0.736848,0.000000
29.400000,0.725410,529.064453,-0.000977,-0.139611,292.076294,0.999952,1.000079,-0.000002,1.000857,0.700000,0.700000,1.000000,0.000100000,0.000001113,0.063592,0.000000,-0.190476,0.049770,0.001320,-0.000224,0.736648,0.000000
29.500000,0.724784,528.857666,-0.000972,-0.138849,292.057220,0.999951,1.000080,-0.000002,1.000860,0.700000,0.700000,1.000000,0.000100000,0.000001113,0.063559,0.000000,-0.190476,0.050508,0.001347,-0.000228,0.736448,0.000000
29.599999,0.724173,528.651062,-0.000967,-0.138088,292.038055,0.999950,1.000081,-0.000002,1.000840,0.700000,0.700000,1.000000,0.000100000,0.000001113,0.063527,0.000000,-0.190476,0.051246,0.001374,-0.000232,0.736248,0.000000
29.699999,0.723577,528.444580,-0.000961,-0.137326,292.018829,0.999949,1.000082,-0.000002,1.000859,0.700000,0.700000,1.000000,0.000100000,0.000001113,0.063494,0.000000,-0.190476,0.051984,0.001402,-0.000235,0.736048,0.000000
29.799999,0.722996,528.238281,-0.000956,-0.136566,291.999542,0.999949,1.000084,-0.000002,1.000860,0.700000,0.700000,1.000000,0.000100000,0.000001113,0.063462,0.000000,-0.190476,0.052720,0.001429,-0.000239,0.735848,0.000000
29.900000,0.722430,528.032166,-0.000951,-0.135806,291.980194,0.999948,1.000085,-0.000002,1.000860,0.700000,0.700000,1.000000,0.000100000,0.000001113,0.063430,0.000000,-0.190476,0.053457,0.001457,-0.000243,0.735649,0.000000
30.000000,0.721877,527.826233,-0.000945,-0.135046,291.960815,0.999947,1.000086,-0.000002,1.000859,0.700000,0.700000,1.000000,0.000100000,0.000001113,0.063397,0.000000,-0.190476,0.054192,0.001485,-0.000247,0.735450,0.000000
30.099998,0.721339,527.620483,-0.000940,-0.134287,291.941345,0.999946,1.000088,-0.000002,1.000842,0.700000,0.700000,1.000000,0.000100000,0.000001113,0.063365,0.000000,-0.190476,0.054927,0.001512,-0.000250,0.735250,0.000000
30.199999,0.720814,527.414978,-0.000935,-0.133529,291.921845,0.999945,1.000089,-0.000002,1.000860,0.700000,0.700000,1.000000,0.000100000,0.000001113,0.063333,0.000000,-0.190476,0.055661,0.001540,-0.000254,0.735051,0.000000
30.299999,0.720303,527.209717,-0.000929,-0.132772,291.902313,0.999945,1.000090,-0.000002,1.000856,0.700000,0.700000,1.000000,0.000100000,0.000001113,0.063301,0.000000,-0.190476,0.056394,0.001568,-0.000258,0.734853,0.000000
30.400000,0.719806,527.004639,-0.000924,-0.132015,291.882721,0.999944,1.000092,-0.000002,1.000860,0.700000,0.700000,1.000000,0.000100000,0.000001113,0.063270,0.000000,-0.190476,0.057126,0.001596,-0.000262,0.734654,0.000000
30.500000,0.719322,526.799866,-0.000919,-0.131260,291.863098,0.999943,1.000093,-0.000002,1.000860,0.700000,0.700000,1.000000,0.000100000,0.000001113,0.063238,0.000000,-0.190476,0.057858,0.001624,-0.000265,0.734456,0.000000
30.599999,0.718851,526.595337,-0.000914,-0.130505,291.843414,0.999942,1.000094,-0.000002,1.000840,0.700000,0.700000,1.000000,0.000100000,0.000001113,0.063207,0.000000,-0.190476,0.058588,0.001652,-0.000269,0.734258,0.000000
30.699999,0.718393,526.391052,-0.000908,-0.129751,291.823731,0.999941,1.000095,-0.000002,1.000860,0.700000,0.700000,1.000000,0.000100000,0.000001113,0.063175,0.000000,-0.190476,0.059318,0.001680,-0.000273,0.734060,0.000000
30.799999,0.717948,526.187073,-0.000903,-0.128998,291.803986,0.999941,1.000097,-0.000002,1.000859,0.700000,0.700000,1.000000,0.000100000,0.000001113,0.063144,0.000000,-0.190476,0.060046,0.001709,-0.000277,0.733862,0.000000
30.900000,0.717516,525.983398,-0.000898,-0.128246,291.784210,0.999940,1.000098,-0.000002,1.000860,0.700000,0.700000,1.000000,0.000100000,0.000001113,0.063113,0.000000,-0.190476,0.060774,0.001737,-0.000280,0.733665,0.000000
31.000000,0.717096,525.780029,-0.000892,-0.127495,291.764404,0.999939,1.000099,-0.000002,1.000860,0.700000,0.700000,1.000000,0.000100000,0.000001113,0.063082,0.000000,-0.190476,0.061500,0.001765,-0.000284,0.733467,0.000000
31.099998,0.716689,525.576965,-0.000887,-0.126745,291.744598,0.999938,1.000101,-0.000002,1.000840,0.700000,0.700000,1.000000,0.000100000,0.000001113,0.063051,0.000000,-0.190476,0.062225,0.001793,-0.000288,0.733271,0.000000
31.199999,0.716293,525.374268,-0.000882,-0.125997,291.724762,0.999937,1.000102,-0.000002,1.000856,0.700000,0.700000,1.000000,0.000100000,0.000001113,0.063020,0.000000,-0.190476,0.062949,0.001822,-0.000292,0.733074,0.000000
31.299999,0.715910,525.171875,-0.000877,-0.125249,291.704895,0.999936,1.000103,-0.000002,1.000861,0.700000,0.700000,1.000000,0.000100000,0.000001113,0.062990,0.000000,-0.190476,0.063672,0.001850,-0.000295,0.732878,0.000000
31.400000,0.715538,524.969849,-0.000872,-0.124503,291.684998,0.999936,1.000105,-0.000002,1.000859,0.700000,0.700000,1.000000,0.000100000,0.000001113,0.062960,0.000000,-0.190476,0.064393,0.001879,-0.000299,0.732682,0.000000
31.500000,0.715178,524.768127,-0.000866,-0.123758,291.665100,0.999935,1.000106,-0.000002,1.000861,0.700000,0.700000,1.000000,0.000100000,0.000001113,0.062929,0.000000,-0.190476,0.065114,0.001907,-0.000303,0.732487,0.000000
31.599999,0.714830,524.566834,-0.000861,-0.123015,291.645172,0.999934,1.000107,-0.000002,1.000840,0.700000,0.700000,1.000000,0.000100000,0.000001113,0.062899,0.000000,-0.190476,0.065833,0.001935,-0.000307,0.732291,0.000000
31.699999,0.714492,524.365845,-0.000856,-0.122272,291.625244,0.999933,1.000109,-0.000002,1.000859,0.700000,0.700000,1.000000,0.000100000,0.000001113,0.062869,0.000000,-0.190476,0.066551,0.001964,-0.000311,0.732096,0.000000
31.799999,0.714166,524.165283,-0.000851,-0.121531,291.605286,0.999932,1.000110,-0.000002,1.000861,0.700000,0.700000,1.000000,0.000100000,0.000001113,0.062839,0.000000,-0.190476,0.067267,0.001992,-0.000314,0.731902,0.000000
31.900000,0.713851,523.965149,-0.000846,-0.120792,291.585327,0.999932,1.000111,-0.000002,1.000859,0.700000,0.700000,1.000000,0.000100000,0.000001113,0.062809,0.000000,-0.190476,0.067982,0.002021,-0.000318,0.731708,0.000000
32.000000,0.713548,523.765381,-0.000840,-0.120054,291.565369,0.999931,1.000113,-0.000002,1.000860,0.700000,0.700000,1.000000,0.000100000,0.000001113,0.062780,0.000000,-0.190476,0.068695,0.002049,-0.000322,0.731514,0.000000
32.099998,0.713254,523.565979,-0.000835,-0.119317,291.545410,0.999930,1.000114,-0.000002,1.000837,0.700000,0.700000,1.000000,0.000100000,0.000001113,0.062750,0.000000,-0.190476,0.069407,0.002078,-0.000326,0.731321,0.000000
32.200001,0.712972,523.367065,-0.000830,-0.118582,291.525452,0.999929,1.000115,-0.000002,1.000879,0.700000,0.700000,1.000000,0.000100000,0.000001113,0.062721,0.000000,-0.190476,0.070118,0.002106,-0.000330,0.731128,0.000000
32.299999,0.712699,523.168518,-0.000825,-0.117848,291.505463,0.999928,1.000117,-0.000002,1.000840,0.700000,0.700000,1.000000,0.000100000,0.000001113,0.062692,0.000000,-0.190476,0.070827,0.002135,-0.000333,0.730935,0.000000
32.399998,0.712438,522.970459,-0.000820,-0.117116,291.485504,0.999927,1.000118,-0.000002,1.000841,0.700000,0.700000,1.000000,0.000100000,0.000001113,0.062663,0.000000,-0.190476,0.071534,0.002164,-0.000337,0.730743,0.000000
32.500000,0.712186,522.772827,-0.000815,-0.116385,291.465546,0.999927,1.000119,-0.000002,1.000879,0.700000,0.700000,1.000000,0.000100000,0.000001113,0.062634,0.000000,-0.190476,0.072240,0.002192,-0.000341,0.730551,0.000000
32.599999,0.711945,522.575623,-0.000810,-0.115656,291.445557,0.999926,1.000121,-0.000002,1.000841,0.700000,0.700000,1.000000,0.000100000,0.000001113,0.062605,0.000000,-0.190476,0.072944,0.002221,-0.000345,0.730360,0.000000
32.700001,0.711713,522.378906,-0.000805,-0.114929,291.425598,0.999925,1.000122,-0.000002,1.000878,0.700000,0.700000,1.000000,0.000100000,0.000001113,0.062577,0.000000,-0.190476,0.073647,0.002249,-0.000349,0.730169,0.000000
32.799999,0.711492,522.182617,-0.000799,-0.114203,291.405640,0.999924,1.000123,-0.000002,1.000841,0.700000,0.700000,1.000000,0.000100000,0.000001113,0.062548,0.000000,-0.190476,0.074348,0.002278,-0.000353,0.729978,0.000000
32.899998,0.711280,521.986816,-0.000794,-0.113479,291.385712,0.999923,1.000125,-0.000002,1.000840,0.700000,0.700000,1.000000,0.000100000,0.000001113,0.062520,0.000000,-0.190476,0.075047,0.002306,-0.000356,0.729788,0.000000
33.000000,0.711077,521.791565,-0.000789,-0.112758,291.365753,0.999922,1.000126,-0.000003,1.000876,0.700000,0.700000,1.000000,0.000100000,0.000001113,0.062492,0.000000,-0.190476,0.075744,0.002335,-0.000360,0.729599,0.000000
33.099998,0.710884,521.596741,-0.000784,-0.112037,291.345825,0.999922,1.000127,-0.000003,1.000841,0.700000,0.700000,1.000000,0.000100000,0.000001113,0.062464,0.000000,-0.190476,0.076440,0.002363,-0.000364,0.729410,0.000000
33.200001,0.710700,521.402405,-0.000779,-0.111318,291.325928,0.999921,1.000129,-0.000003,1.000879,0.700000,0.700000,1.000000,0.000100000,0.000001113,0.062436,0.000000,-0.190476,0.077134,0.002392,-0.000368,0.729221,0.000000
33.299999,0.710526,521.208557,-0.000774,-0.110602,291.306030,0.999920,1.000130,-0.000003,1.000840,0.700000,0.700000,1.000000,0.000100000,0.000001113,0.062408,0.000000,-0.190476,0.077827,0.002420,-0.000372,0.729033,0.000000
33.399998,0.710361,521.015259,-0.000769,-0.109887,291.286133,0.999919,1.000131,-0.000003,1.000841,0.700000,0.700000,1.000000,0.000100000,0.000001113,0.062381,0.000000,-0.190476,0.078517,0.002448,-0.000376,0.728845,0.000000
33.500000,0.710204,520.822449,-0.000764,-0.109173,291.266266,0.999918,1.000133,-0.000003,1.000878,0.700000,0.700000,1.000000,0.000100000,0.000001113,0.062353,0.000000,-0.190476,0.079206,0.002477,-0.000379,0.728658,0.000000
33.599999,0.710057,520.630188,-0.000759,-0.108462,291.246429,0.999917,1.000134,-0.000003,1.000840,0.700000,0.700000,1.000000,0.000100000,0.000001113,0.062326,0.000000,-0.190476,0.079892,0.002505,-0.000384,0.728471,0.000000
33.700001,0.709918,520.438416,-0.000754,-0.107753,291.226593,0.999917,1.000136,-0.000003,1.000879,0.700000,0.700000,1.000000,0.000100000,0.000001113,0.062299,0.000000,-0.190476,0.080577,0.002533,-0.000387,0.728285,0.000000
33.799999,0.709788,520.247192,-0.000749,-0.107045,291.206787,0.999916,1.000137,-0.000003,1.000841,0.700000,0.700000,1.000000,0.000100000,0.000001113,0.062272,0.000000,-0.190476,0.081260,0.002562,-0.000391,0.728099,0.000000
33.899998,0.709666,520.056519,-0.000744,-0.106340,291.187012,0.999915,1.000138,-0.000003,1.000838,0.700000,0.700000,1.000000,0.000100000,0.000001113,0.062245,0.000000,-0.190476,0.081941,0.002590,-0.000395,0.727914,0.000000
34.000000,0.709553,519.866394,-0.000739,-0.105637,291.167267,0.999914,1.000140,-0.000003,1.000879,0.700000,0.700000,1.000000,0.000100000,0.000001113,0.062219,0.000000,-0.190476,0.082620,0.002618,-0.000399,0.727730,0.000000
34.099998,0.709448,519.676819,-0.000735,-0.104935,291.147522,0.999913,1.000141,-0.000003,1.000840,0.700000,0.700000,1.000000,0.000100000,0.000001113,0.062192,0.000000,-0.190476,0.083297,0.002646,-0.000403,0.727546,0.000000
34.200001,0.709351,519.487793,-0.000730,-0.104236,291.127808,0.999912,1.000142,-0.000003,1.000879,0.700000,0.700000,1.000000,0.000100000,0.000001113,0.062166,0.000000,-0.190476,0.083972,0.002675,-0.000407,0.727362,0.000000
34.299999,0.709263,519.299316,-0.000725,-0.103539,291.108124,0.999912,1.000144,-0.000003,1.000841,0.700000,0.700000,1.000000,0.000100000,0.000001113,0.062140,0.000000,-0.190476,0.084645,0.002703,-0.000410,0.727179,0.000000
34.399998,0.709182,519.111450,-0.000720,-0.102844,291.088470,0.999911,1.000145,-0.000003,1.000840,0.700000,0.700000,1.000000,0.000100000,0.000001113,0.062114,0.000000,-0.190476,0.085316,0.002731,-0.000415,0.726997,0.000000
34.500000,0.709109,518.924133,-0.000715,-0.102150,291.068848,0.999910,1.000146,-0.000003,1.000880,0.700000,0.700000,1.000000,0.000100000,0.000001113,0.062088,0.000000,-0.190476,0.085985,0.002759,-0.000418,0.726814,0.000000
34.599999,0.709044,518.737366,-0.000710,-0.101459,291.049255,0.999909,1.000148,-0.000003,1.000840,0.700000,0.700000,1.000000,0.000100000,0.000001113,0.062062,0.000000,-0.190476,0.086652,0.002787,-0.000422,0.726633,0.000000
34.700001,0.708987,518.551209,-0.000705,-0.100770,291.029694,0.999908,1.000149,-0.000003,1.000879,0.700000,0.700000,1.000000,0.000100000,0.000001113,0.062037,0.000000,-0.190476,0.087317,0.002815,-0.000426,0.726452,0.000000
34.799999,0.708937,518.365662,-0.000701,-0.100084,291.010162,0.999907,1.000150,-0.000003,1.000838,0.700000,0.700000,1.000000,0.000100000,0.000001113,0.062011,0.000000,-0.190476,0.087980,0.002843,-0.000430,0.726272,0.000000
34.899998,0.708894,518.180725,-0.000696,-0.099399,290.990662,0.999907,1.000152,-0.000003,1.000840,0.700000,0.700000,1.000000,0.000100000,0.000001113,0.061986,0.000000,-0.190476,0.088640,0.002870,-0.000434,0.726092,0.000000
35.000000,0.708860,517.996338,-0.000691,-0.098717,290.971191,0.999906,1.000153,-0.000003,1.000880,0.700000,0.700000,1.000000,0.000100000,0.000001113,0.061961,0.000000,-0.190476,0.089299,0.002898,-0.000438,0.725913,0.000000
35.099998,0.708832,517.812561,-0.000686,-0.098036,290.951782,0.999905,1.000154,-0.000003,1.000840,0.700000,0.700000,1.000000,0.000100000,0.000001113,0.061936,0.000000,-0.190476,0.089955,0.002926,-0.000441,0.725735,0.000000
35.200001,0.708811,517.629395,-0.000682,-0.097359,290.932404,0.999904,1.000156,-0.000003,1.000879,0.700000,0.700000,1.000000,0.000100000,0.000001113,0.061912,0.000000,-0.190476,0.090609,0.002954,-0.000446,0.725557,0.000000
35.299999,0.708798,517.446899,-0.000677,-0.096683,290.913055,0.999903,1.000157,-0.000003,1.000840,0.700000,0.700000,1.000000,0.000100000,0.000001113,0.061887,0.000000,-0.190476,0.091261,0.002981,-0.000449,0.725379,0.000000
35.399998,0.708791,517.264954,-0.000672,-0.096009,290.893738,0.999902,1.000159,-0.000003,1.000841,0.700000,0.700000,1.000000,0.000100000,0.000001113,0.061863,0.000000,-0.190476,0.091911,0.003009,-0.000453,0.725202,0.000000
35.500000,0.708792,517.083679,-0.000667,-0.095339,290.874451,0.999902,1.000160,-0.000003,1.000878,0.700000,0.700000,1.000000,0.000100000,0.000001113,0.061838,0.000000,-0.190476,0.092558,0.003036,-0.000457,0.725026,0.000000
35.599999,0.708799,516.902954,-0.000663,-0.094669,290.855225,0.999901,1.000161,-0.000003,1.000841,0.700000,0.700000,1.000000,0.000100000,0.000001113,0.061814,0.000000,-0.190476,0.093204,0.003064,-0.000461,0.724851,0.000000
35.700001,0.708813,516.722961,-0.000658,-0.094003,290.836029,0.999900,1.000163,-0.000003,1.000875,0.700000,0.700000,1.000000,0.000100000,0.000001113,0.061790,0.000000,-0.190476,0.093847,0.003091,-0.000465,0.724676,0.000000
35.799999,0.708834,516.543518,-0.000653,-0.093339,290.816895,0.999899,1.000164,-0.000003,1.000841,0.700000,0.700000,1.000000,0.000100000,0.000001113,0.061767,0.000000,-0.190476,0.094487,0.003119,-0.000469,0.724501,0.000000
35.899998,0.708861,516.364746,-0.000649,-0.092677,290.797791,0.999898,1.000165,-0.000003,1.000841,0.700000,0.700000,1.000000,0.000100000,0.000001113,0.061743,0.000000,-0.190476,0.095126,0.003146,-0.000472,0.724328,0.000000
36.000000,0.708895,516.186646,-0.000644,-0.092017,290.778717,0.999897,1.000167,-0.000003,1.000879,0.700000,0.700000,1.000000,0.000100000,0.000001113,0.061719,0.000000,-0.190476,0.095762,0.003173,-0.000476,0.724155,0.000000
36.099998,0.708934,516.009155,-0.000640,-0.091360,290.759705,0.999897,1.000168,-0.000003,1.000841,0.700000,0.700000,1.000000,0.000100000,0.000001113,0.061696,0.000000,-0.190476,0.096396,0.003200,-0.000480,0.723982,0.000000
36.200001,0.708981,515.832336,-0.000635,-0.090706,290.740753,0.999896,1.000170,-0.000003,1.000879,0.700000,0.700000,1.000000,0.000100000,0.000001113,0.061673,0.000000,-0.190476,0.097027,0.003227,-0.000484,0.723810,0.000000
36.299999,0.709033,515.656128,-0.000630,-0.090053,290.721832,0.999895,1.000171,-0.000003,1.000840,0.700000,0.700000,1.000000,0.000100000,0.000001113,0.061650,0.000000,-0.190476,0.097657,0.003255,-0.000488,0.723639,0.000000
36.399998,0.709092,515.480591,-0.000626,-0.089403,290.702942,0.999894,1.000172,-0.000003,1.000841,0.700000,0.700000,1.000000,0.000100000,0.000001113,0.061627,0.000000,-0.190476,0.098284,0.003282,-0.000492,0.723468,0.000000
36.500000,0.709157,515.305725,-0.000621,-0.088756,290.684113,0.999893,1.000174,-0.000003,1.000879,0.700000,0.700000,1.000000,0.000100000,0.000001113,0.061605,0.000000,-0.190476,0.098908,0.003308,-0.000496,0.723298,0.000000
36.599999,0.709227,515.131531,-0.000617,-0.088110,290.665344,0.999892,1.000175,-0.000003,1.000837,0.700000,0.700000,1.000000,0.000100000,0.000001113,0.061582,0.000000,-0.190476,0.099530,0.003335,-0.000500,0.723129,0.000000
36.700001,0.709304,514.958008,-0.000612,-0.087468,290.646606,0.999892,1.000176,-0.000004,1.000880,0.700000,0.700000,1.000000,0.000100000,0.000001113,0.061560,0.000000,-0.190476,0.100150,0.003362,-0.000503,0.722960,0.000000
36.799999,0.709386,514.785156,-0.000608,-0.086828,290.627930,0.999891,1.000178,-0.000004,1.000841,0.700000,0.700000,1.000000,0.000100000,0.000001113,0.061537,0.000000,-0.190476,0.100767,0.003389,-0.000507,0.722792,0.000000
36.899998,0.709474,514.612976,-0.000603,-0.086190,290.609314,0.999890,1.000179,-0.000004,1.000840,0.700000,0.700000,1.000000,0.000100000,0.000001113,0.061515,0.000000,-0.190476,0.101382,0.003415,-0.000511,0.722625,0.000000
37.000000,0.709568,514.441467,-0.000599,-0.085555,290.590729,0.999889,1.000180,-0.000004,1.000879,0.700000,0.700000,1.000000,0.000100000,0.000001113,0.061494,0.000000,-0.190476,0.101995,0.003442,-0.000515,0.722458,0.000000
37.099998,0.709667,514.270630,-0.000594,-0.084922,290.572205,0.999888,1.000182,-0.000004,1.000841,0.700000,0.700000,1.000000,0.000100000,0.000001113,0.061472,0.000000,-0.190476,0.102605,0.003468,-0.000519,0.722292,0.000000
37.200001,0.709772,514.100464,-0.000590,-0.084292,290.553741,0.999887,1.000183,-0.000004,1.000878,0.700000,0.700000,1.000000,0.000100000,0.000001113,0.061450,0.000000,-0.190476,0.103213,0.003495,-0.000523,0.722127,0.000000
37.299999,0.709882,513.930969,-0.000586,-0.083664,290.535309,0.999887,1.000184,-0.000004,1.000841,0.700000,0.700000,1.000000,0.000100000,0.000001113,0.061429,0.000000,-0.190476,0.103818,0.003521,-0.000527,0.721962,0.000000
37.399998,0.709998,513.762207,-0.000581,-0.083039,290.516937,0.999886,1.000186,-0.000004,1.000841,0.700000,0.700000,1.000000,0.000100000,0.000001113,0.061408,0.000000,-0.190476,0.104421,0.003547,-0.000531,0.721798,0.000000
37.500000,0.710118,513.594116,-0.000577,-0.082416,290.498627,0.999885,1.000187,-0.000004,1.000875,0.700000,0.700000,1.000000,0.000100000,0.000001113,0.061387,0.000000,-0.190476,0.105021,0.003573,-0.000534,0.721634,0.000000
37.599999,0.710244,513.426697,-0.000573,-0.081796,290.480377,0.999884,1.000188,-0.000004,1.000841,0.700000,0.700000,1.000000,0.000100000,0.000001113,0.061366,0.000000,-0.190476,0.105619,0.003599,-0.000538,0.721472,0.000000
37.700001,0.710375,513.260010,-0.000568,-0.081179,290.462189,0.999883,1.000190,-0.000004,1.000879,0.700000,0.700000,1.000000,0.000100000,0.000001113,0.061345,0.000000,-0.190476,0.106214,0.003625,-0.000542,0.721309,0.000000
37.799999,0.710511,513.093994,-0.000564,-0.080564,290.444031,0.999882,1.000191,-0.000004,1.000841,0.700000,0.700000,1.000000,0.000100000,0.000001113,0.061324,0.000000,-0.190476,0.106807,0.003651,-0.000546,0.721148,0.000000
37.899998,0.710652,512.928711,-0.000560,-0.079952,290.425934,0.999882,1.000193,-0.000004,1.000841,0.700000,0.700000,1.000000,0.000100000,0.000001113,0.061304,0.000000,-0.190476,0.107397,0.003677,-0.000550,0.720987,0.000000
38.000000,0.710798,512.764099,-0.000555,-0.079342,290.407928,0.999881,1.000194,-0.000004,1.000878,0.700000,0.700000,1.000000,0.000100000,0.000001113,0.061284,0.000000,-0.190476,0.107985,0.003703,-0.000554,0.720827,0.000000
38.099998,0.710949,512.600159,-0.000551,-0.078734,290.389954,0.999880,1.000195,-0.000004,1.000840,0.700000,0.700000,1.000000,0.000100000,0.000001113,0.061263,0.000000,-0.190476,0.108571,0.003729,-0.000558,0.720668,0.000000
38.200001,0.711105,512.437012,-0.000547,-0.078130,290.372040,0.999879,1.000196,-0.000004,1.000880,0.700000,0.700000,1.000000,0.000100000,0.000001113,0.061243,0.000000,-0.190476,0.109154,0.003754,-0.000561,0.720509,0.000000
38.299999,0.711265,512.274475,-0.000543,-0.077528,290.354187,0.999878,1.000198,-0.000004,1.000840,0.700000,0.700000,1.000000,0.000100000,0.000001113,0.061224,0.000000,-0.190476,0.109734,0.003780,-0.000565,0.720351,0.000000
38.399998,0.711430,512.112732,-0.000538,-0.076929,290.336365,0.999877,1.000199,-0.000004,1.000837,0.700000,0.700000,1.000000,0.000100000,0.000001113,0.061204,0.000000,-0.190476,0.110312,0.003805,-0.000569,0.720194,0.000000
38.500000,0.711600,511.951630,-0.000534,-0.076332,290.318634,0.999877,1.000201,-0.000004,1.000879,0.700000,0.700000,1.000000,0.000100000,0.000001113,0.061185,0.000000,-0.190476,0.110887,0.003831,-0.000573,0.720037,0.000000
38.599999,0.711774,511.791290,-0.000530,-0.075738,290.300964,0.999876,1.000202,-0.000004,1.000840,0.700000,0.700000,1.000000,0.000100000,0.000001113,0.061165,0.000000,-0.190476,0.111460,0.003856,-0.000577,0.719881,0.000000
38.700001,0.711952,511.631622,-0.000526,-0.075146,290.283356,0.999875,1.000203,-0.000004,1.000879,0.700000,0.700000,1.000000,0.000100000,0.000001113,0.061146,0.000000,-0.190476,0.112030,0.003881,-0.000581,0.719726,0.000000
38.799999,0.712135,511.472717,-0.000522,-0.074557,290.265808,0.999874,1.000205,-0.000004,1.000841,0.700000,0.700000,1.000000,0.000100000,0.000001113,0.061127,0.000000,-0.190476,0.112597,0.003906,-0.000584,0.719571,0.000000
38.899998,0.712322,511.314514,-0.000518,-0.073971,290.248322,0.999873,1.000206,-0.000004,1.000841,0.700000,0.700000,1.000000,0.000100000,0.000001113,0.061108,0.000000,-0.190476,0.113162,0.003931,-0.000588,0.719417,0.000000
39.000000,0.712514,511.157013,-0.000514,-0.073388,290.230865,0.999873,1.000207,-0.000004,1.000878,0.700000,0.700000,1.000000,0.000100000,0.000001113,0.061089,0.000000,-0.190476,0.113725,0.003956,-0.000592,0.719264,0.000000
39.099998,0.712709,511.000244,-0.000510,-0.072807,290.213501,0.999872,1.000209,-0.000004,1.000841,0.700000,0.700000,1.000000,0.000100000,0.000001113,0.061071,0.000000,-0.190476,0.114285,0.003981,-0.000596,0.719112,0.000000
39.200001,0.712909,510.844208,-0.000506,-0.072228,290.196198,0.999871,1.000210,-0.000004,1.000879,0.700000,0.700000,1.000000,0.000100000,0.000001113,0.061052,0.000000,-0.190476,0.114842,0.004005,-0.000600,0.718960,0.000000
39.299999,0.713113,510.688873,-0.000502,-0.071653,290.178955,0.999870,1.000211,-0.000004,1.000837,0.700000,0.700000,1.000000,0.000100000,0.000001113,0.061034,0.000000,-0.190476,0.115397,0.004030,-0.000604,0.718809,0.000000
39.399998,0.713321,510.534271,-0.000498,-0.071080,290.161804,0.999869,1.000213,-0.000004,1.000841,0.700000,0.700000,1.000000,0.000100000,0.000001113,0.061016,0.000000,-0.190476,0.115949,0.004055,-0.000607,0.718658,0.000000
39.500000,0.713533,510.380402,-0.000494,-0.070510,290.144684,0.999868,1.000214,-0.000004,1.000879,0.700000,0.700000,1.000000,0.000100000,0.000001113,0.060998,0.000000,-0.190476,0.116499,0.004079,-0.000611,0.718509,0.000000
39.599999,0.713748,510.227264,-0.000490,-0.069942,290.127625,0.999868,1.000215,-0.000004,1.000841,0.700000,0.700000,1.000000,0.000100000,0.000001113,0.060980,0.000000,-0.190476,0.117045,0.004103,-0.000615,0.718360,0.000000
39.700001,0.713968,510.074860,-0.000486,-0.069378,290.110657,0.999867,1.000217,-0.000004,1.000879,0.700000,0.700000,1.000000,0.000100000,0.000001113,0.060963,0.000000,-0.190476,0.117590,0.004128,-0.000619,0.718212,0.000000
39.799999,0.714191,509.923157,-0.000482,-0.068815,290.093719,0.999866,1.000218,-0.000004,1.000840,0.700000,0.700000,1.000000,0.000100000,0.000001113,0.060945,0.000000,-0.190476,0.118132,0.004152,-0.000623,0.718064,0.000000
39.899998,0.714418,509.772217,-0.000478,-0.068256,290.076874,0.999865,1.000219,-0.000004,1.000841,0.700000,0.700000,1.000000,0.000100000,0.000001113,0.060928,0.000000,-0.190476,0.118671,0.004176,-0.000626,0.717917,0.000000
40.000000,0.714649,509.621979,-0.000474,-0.067700,290.060089,0.999864,1.000221,-0.000004,1.000879,0.700000,0.700000,1.000000,0.000100000,0.000001113,0.060911,0.000000,-0.190476,0.119207,0.004200,-0.000630,0.717771,0.000000
40.099998,0.714883,509.472504,-0.000470,-0.067146,290.043365,0.999863,1.000222,-0.000004,1.000841,0.700000,0.700000,1.000000,0.000100000,0.000001113,0.060893,0.000000,-0.190476,0.119741,0.004224,-0.000634,0.717626,0.000000
40.200001,0.715121,509.323730,-0.000466,-0.066594,290.026703,0.999863,1.000223,-0.000004,1.000875,0.700000,0.700000,1.000000,0.000100000,0.000001113,0.060877,0.000000,-0.190476,0.120272,0.004248,-0.000638,0.717481,0.000000
40.299999,0.715362,509.175720,-0.000462,-0.066046,290.010101,0.999862,1.000225,-0.000004,1.000841,0.700000,0.700000,1.000000,0.000100000,0.000001113,0.060860,0.000000,-0.190476,0.120801,0.004271,-0.000642,0.717337,0.000000
40.399998,0.715607,509.028442,-0.000458,-0.065500,289.993591,0.999861,1.000226,-0.000005,1.000840,0.700000,0.700000,1.000000,0.000100000,0.000001113,0.060843,0.000000,-0.190476,0.121327,0.004295,-0.000645,0.717194,0.000000
40.500000,0.715855,508.881866,-0.000455,-0.064957,289.977142,0.999860,1.000227,-0.000005,1.000879,0.700000,0.700000,1.000000,0.000100000,0.000001113,0.060827,0.000000,-0.190476,0.121850,0.004318,-0.000649,0.717051,0.000000
40.599999,0.716106,508.736053,-0.000451,-0.064416,289.960754,0.999859,1.000229,-0.000005,1.000842,0.700000,0.700000,1.000000,0.000100000,0.000001113,0.060811,0.000000,-0.190476,0.122371,0.004342,-0.000653,0.716909,0.000000
40.700001,0.716361,508.590973,-0.000447,-0.063878,289.944428,0.999859,1.000230,-0.000005,1.000879,0.700000,0.700000,1.000000,0.000100000,0.000001113,0.060794,0.000000,-0.190476,0.122889,0.004365,-0.000657,0.716768,0.000000
40.799999,0.716619,508.446625,-0.000443,-0.063343,289.928162,0.999858,1.000231,-0.000005,1.000840,0.700000,0.700000,1.000000,0.000100000,0.000001113,0.060778,0.000000,-0.190476,0.123405,0.004388,-0.000660,0.716628,0.000000
40.899998,0.716880,508.303040,-0.000440,-0.062812,289.911987,0.999857,1.000233,-0.000005,1.000841,0.700000,0.700000,1.000000,0.000100000,0.000001113,0.060763,0.000000,-0.190476,0.123918,0.004411,-0.000665,0.716488,0.000000
41.000000,0.717143,508.160156,-0.000436,-0.062282,289.895874,0.999856,1.000234,-0.000005,1.000879,0.700000,0.700000,1.000000,0.000100000,0.000001113,0.060747,0.000000,-0.190476,0.124428,0.004434,-0.000668,0.716349,0.000000
41.099998,0.717411,508.018036,-0.000432,-0.061755,289.879822,0.999855,1.000235,-0.000005,1.000838,0.700000,0.700000,1.000000,0.000100000,0.000001113,0.060731,0.000000,-0.190476,0.124936,0.004457,-0.000672,0.716211,0.000000
41.200001,0.717681,507.876648,-0.000429,-0.061231,289.863861,0.999855,1.000237,-0.000005,1.000878,0.700000,0.700000,1.000000,0.000100000,0.000001113,0.060716,0.000000,-0.190476,0.125441,0.004480,-0.000676,0.716073,0.000000
41.299999,0.717954,507.735992,-0.000425,-0.060710,289.847931,0.999854,1.000238,-0.000005,1.000841,0.700000,0.700000,1.000000,0.000100000,0.000001113,0.060701,0.000000,-0.190476,0.125943,0.004503,-0.000679,0.715936,0.000000
41.399998,0.718230,507.596069,-0.000421,-0.060191,289.832092,0.999853,1.000239,-0.000005,1.000841,0.700000,0.700000,1.000000,0.000100000,0.000001113,0.060685,0.000000,-0.190476,0.126443,0.004526,-0.000683,0.715800,0.000000
41.500000,0.718509,507.456879,-0.000418,-0.059675,289.816345,0.999852,1.000240,-0.000005,1.000879,0.700000,0.700000,1.000000,0.000100000,0.000001113,0.060670,0.000000,-0.190476,0.126940,0.004548,-0.000687,0.715665,0.000000
41.599999,0.718791,507.318451,-0.000414,-0.059162,289.800629,0.999851,1.000242,-0.000005,1.000841,0.700000,0.700000,1.000000,0.000100000,0.000001113,0.060656,0.000000,-0.190476,0.127434,0.004571,-0.000691,0.715530,0.000000
41.700001,0.719075,507.180756,-0.000411,-0.058652,289.785004,0.999850,1.000243,-0.000005,1.000878,0.700000,0.700000,1.000000,0.000100000,0.000001113,0.060641,0.000000,-0.190476,0.127926,0.004593,-0.000694,0.715396,0.000000
41.799999,0.719362,507.043793,-0.000407,-0.058144,289.769440,0.999850,1.000244,-0.000005,1.000841,0.700000,0.700000,1.000000,0.000100000,0.000001113,0.060626,0.000000,-0.190476,0.128415,0.004615,-0.000698,0.715263,0.000000
41.899998,0.719652,506.907593,-0.000403,-0.057640,289.753937,0.999849,1.000246,-0.000005,1.000841,0.700000,0.700000,1.000000,0.000100000,0.000001113,0.060612,0.000000,-0.190476,0.128901,0.004637,-0.000702,0.715130,0.000000
42.000000,0.719944,506.772095,-0.000400,-0.057137,289.738525,0.999848,1.000247,-0.000005,1.000875,0.700000,0.700000,1.000000,0.000100000,0.000001113,0.060598,0.000000,-0.190476,0.129385,0.004659,-0.000706,0.714999,0.000000
42.099998,0.720239,506.637360,-0.000396,-0.056638,289.723175,0.999847,1.000248,-0.000005,1.000842,0.700000,0.700000,1.000000,0.000100000,0.000001113,0.060584,0.000000,-0.190476,0.129867,0.004681,-0.000709,0.714867,0.000000
42.200001,0.720537,506.503357,-0.000393,-0.056141,289.707916,0.999846,1.000250,-0.000005,1.000879,0.700000,0.700000,1.000000,0.000100000,0.000001113,0.060570,0.000000,-0.190476,0.130345,0.004703,-0.000713,0.714737,0.000000
42.299999,0.720837,506.370087,-0.000390,-0.055647,289.692688,0.999846,1.000251,-0.000005,1.000840,0.700000,0.700000,1.000000,0.000100000,0.000001113,0.060556,0.000000,-0.190476,0.130821,0.004725,-0.000717,0.714607,0.000000
42.399998,0.721140,506.237579,-0.000386,-0.055156,289.677551,0.999845,1.000252,-0.000005,1.000841,0.700000,0.700000,1.000000,0.000100000,0.000001113,0.060542,0.000000,-0.190476,0.131294,0.004746,-0.000720,0.714478,0.000000
42.500000,0.721444,506.105774,-0.000383,-0.054667,289.662506,0.999844,1.000253,-0.000005,1.000879,0.700000,0.700000,1.000000,0.000100000,0.000001113,0.060529,0.000000,-0.190476,0.131765,0.004768,-0.000724,0.714350,0.000000
42.599999,0.721751,505.974731,-0.000379,-0.054182,289.647491,0.999843,1.000255,-0.000005,1.000840,0.700000,0.700000,1.000000,0.000100000,0.000001113,0.060515,0.000000,-0.190476,0.132233,0.004789,-0.000728,0.714223,0.000000
42.700001,0.722061,505.844421,-0.000376,-0.053699,289.632568,0.999842,1.000256,-0.000005,1.000880,0.700000,0.700000,1.000000,0.000100000,0.000001113,0.060502,0.000000,-0.190476,0.132698,0.004811,-0.000732,0.714096,0.000000
42.799999,0.722372,505.714844,-0.000373,-0.053219,289.617737,0.999842,1.000257,-0.000005,1.000840,0.700000,0.700000,1.000000,0.000100000,0.000001113,0.060489,0.000000,-0.190476,0.133161,0.004832,-0.000735,0.713970,0.000000
42.899998,0.722685,505.586029,-0.000369,-0.052741,289.602936,0.999841,1.000259,-0.000005,1.000837,0.700000,0.700000,1.000000,0.000100000,0.000001113,0.060476,0.000000,-0.190476,0.133621,0.004853,-0.000739,0.713845,0.000000
43.000000,0.723002,505.457916,-0.000366,-0.052266,289.588226,0.999840,1.000260,-0.000005,1.000879,0.700000,0.700000,1.000000,0.000100000,0.000001113,0.060463,0.000000,-0.190476,0.134079,0.004874,-0.000743,0.713720,0.000000
43.099998,0.723320,505.330536,-0.000363,-0.051794,289.573608,0.999839,1.000261,-0.000005,1.000841,0.700000,0.700000,1.000000,0.000100000,0.000001113,0.060450,0.000000,-0.190476,0.134534,0.004895,-0.000746,0.713596,0.000000
43.200001,0.723640,505.203918,-0.000359,-0.051325,289.559021,0.999839,1.000262,-0.000005,1.000878,0.700000,0.700000,1.000000,0.000100000,0.000001113,0.060438,0.000000,-0.190476,0.134986,0.004916,-0.000750,0.713473,0.000000
43.299999,0.723962,505.078033,-0.000356,-0.050858,289.544525,0.999838,1.000264,-0.000005,1.000840,0.700000,0.700000,1.000000,0.000100000,0.000001113,0.060425,0.000000,-0.190476,0.135436,0.004936,-0.000754,0.713350,0.000000
43.399998,0.724286,504.952850,-0.000353,-0.050394,289.530121,0.999837,1.000265,-0.000005,1.000841,0.700000,0.700000,1.000000,0.000100000,0.000001113,0.060413,0.000000,-0.190476,0.135883,0.004957,-0.000757,0.713228,0.000000
43.500000,0.724612,504.828430,-0.000350,-0.049933,289.515778,0.999836,1.000266,-0.000005,1.000878,0.700000,0.700000,1.000000,0.000100000,0.000001113,0.060401,0.000000,-0.190476,0.136327,0.004977,-0.000761,0.713107,0.000000
43.599999,0.724940,504.704712,-0.000346,-0.049474,289.501495,0.999835,1.000268,-0.000005,1.000842,0.700000,0.700000,1.000000,0.000100000,0.000001113,0.060389,0.000000,-0.190476,0.136769,0.004998,-0.000765,0.712987,0.000000
43.700001,0.725270,504.581757,-0.000343,-0.049018,289.487274,0.999835,1.000269,-0.000005,1.000878,0.700000,0.700000,1.000000,0.000100000,0.000001113,0.060377,0.000000,-0.190476,0.137208,0.005018,-0.000768,0.712867,0.000000
43.799999,0.725601,504.459534,-0.000340,-0.048565,289.473145,0.999834,1.000270,-0.000005,1.000837,0.700000,0.700000,1.000000,0.000100000,0.000001113,0.060365,0.000000,-0.190476,0.137645,0.005038,-0.000772,0.712748,0.000000
43.899998,0.725935,504.338013,-0.000337,-0.048115,289.459106,0.999833,1.000271,-0.000005,1.000841,0.700000,0.700000,1.000000,0.000100000,0.000001113,0.060353,0.000000,-0.190476,0.138079,0.005058,-0.000776,0.712630,0.000000
44.000000,0.726270,504.217255,-0.000334,-0.047667,289.445099,0.999832,1.000273,-0.000005,1.000879,0.700000,0.700000,1.000000,0.000100000,0.000001113,0.060342,0.000000,-0.190476,0.138510,0.005078,-0.000779,0.712513,0.000000
44.099998,0.726606,504.097198,-0.000331,-0.047222,289.431183,0.999831,1.000274,-0.000005,1.000841,0.700000,0.700000,1.000000,0.000100000,0.000001113,0.060330,0.000000,-0.190476,0.138939,0.005098,-0.000783,0.712396,0.000000
44.200001,0.726945,503.977875,-0.000327,-0.046780,289.417358,0.999831,1.000275,-0.000006,1.000879,0.700000,0.700000,1.000000,0.000100000,0.000001113,0.060319,0.000000,-0.190476,0.139365,0.005118,-0.000786,0.712280,0.000000
44.299999,0.727285,503.859283,-0.000324,-0.046340,289.403595,0.999830,1.000277,-0.000006,1.000840,0.700000,0.700000,1.000000,0.000100000,0.000001113,0.060308,0.000000,-0.190476,0.139788,0.005138,-0.000790,0.712164,0.000000
44.399998,0.727627,503.741394,-0.000321,-0.045904,289.389893,0.999829,1.000278,-0.000006,1.000841,0.700000,0.700000,1.000000,0.000100000,0.000001113,0.060297,0.000000,-0.190476,0.140209,0.005157,-0.000794,0.712050,0.000000
44.500000,0.727970,503.624268,-0.000318,-0.045469,289.376251,0.999828,1.000279,-0.000006,1.000879,0.700000,0.700000,1.000000,0.000100000,0.000001113,0.060286,0.000000,-0.190476,0.140628,0.005177,-0.000797,0.711936,0.000000
44.599999,0.728315,503.507843,-0.000315,-0.045038,289.362701,0.999827,1.000280,-0.000006,1.000841,0.700000,0.700000,1.000000,0.000100000,0.000001113,0.060275,0.000000,-0.190476,0.141043,0.005196,-0.000801,0.711822,0.000000
44.700001,0.728660,503.392151,-0.000312,-0.044609,289.349213,0.999827,1.000282,-0.000006,1.000876,0.700000,0.700000,1.000000,0.000100000,0.000001113,0.060265,0.000000,-0.190476,0.141457,0.005215,-0.000805,0.711710,0.000000
44.799999,0.729008,503.277161,-0.000309,-0.044183,289.335815,0.999826,1.000283,-0.000006,1.000841,0.700000,0.700000,1.000000,0.000100000,0.000001113,0.060254,0.000000,-0.190476,0.141867,0.005235,-0.000808,0.711598,0.000000
44.899998,0.729357,503.162903,-0.000306,-0.043759,289.322479,0.999825,1.000284,-0.000006,1.000840,0.700000,0.700000,1.000000,0.000100000,0.000001113,0.060244,0.000000,-0.190476,0.142275,0.005254,-0.000812,0.711487,0.000000
45.000000,0.729707,503.049347,-0.000303,-0.043338,289.309235,0.999824,1.000285,-0.000006,1.000879,0.700000,0.700000,1.000000,0.000100000,0.000001113,0.060233,0.000000,-0.190476,0.142681,0.005273,-0.000815,0.711376,0.000000
45.099998,0.730059,502.936523,-0.000300,-0.042920,289.296021,0.999824,1.000287,-0.000006,1.000842,0.700000,0.700000,1.000000,0.000100000,0.000001113,0.060223,0.000000,-0.190476,0.143084,0.005291,-0.000819,0.711267,0.000000
45.200001,0.730411,502.824432,-0.000298,-0.042505,289.282928,0.999823,1.000288,-0.000006,1.000878,0.700000,0.700000,1.000000,0.000100000,0.000001113,0.060213,0.000000,-0.190476,0.143484,0.005310,-0.000823,0.711157,0.000000
45.299999,0.730766,502.713043,-0.000295,-0.042092,289.269867,0.999822,1.000289,-0.000006,1.000841,0.700000,0.700000,1.000000,0.000100000,0.000001113,0.060203,0.000000,-0.190476,0.143882,0.005329,-0.000826,0.711049,0.000000
45.399998,0.731121,502.602356,-0.000292,-0.041681,289.256897,0.999821,1.000290,-0.000006,1.000841,0.700000,0.700000,1.000000,0.000100000,0.000001113,0.060194,0.000000,-0.190476,0.144277,0.005347,-0.000830,0.710941,0.000000
45.500000,0.731477,502.492401,-0.000289,-0.041274,289.243988,0.999821,1.000292,-0.000006,1.000879,0.700000,0.700000,1.000000,0.000100000,0.000001113,0.060184,0.000000,-0.190476,0.144670,0.005366,-0.000833,0.710834,0.000000
45.599999,0.731835,502.383148,-0.000286,-0.040869,289.231171,0.999820,1.000293,-0.000006,1.000837,0.700000,0.700000,1.000000,0.000100000,0.000001113,0.060175,0.000000,-0.190476,0.145060,0.005384,-0.000837,0.710728,0.000000
45.699997,0.732194,502.274597,-0.000283,-0.040467,289.218414,0.999819,1.000294,-0.000006,1.000842,0.700000,0.700000,1.000000,0.000100000,0.000001113,0.060165,0.000000,-0.190476,0.145448,0.005402,-0.000841,0.710623,0.000000
45.799999,0.732554,502.166748,-0.000280,-0.040067,289.205719,0.999818,1.000295,-0.000006,1.000879,0.700000,0.700000,1.000000,0.000100000,0.000001113,0.060156,0.000000,-0.190476,0.145833,0.005420,-0.000844,0.710518,0.000000
45.899998,0.732914,502.059631,-0.000278,-0.039670,289.193115,0.999817,1.000297,-0.000006,1.000840,0.700000,0.700000,1.000000,0.000100000,0.000001113,0.060147,0.000000,-0.190476,0.146216,0.005438,-0.000848,0.710413,0.000000
46.000000,0.733276,501.953186,-0.000275,-0.039275,289.180573,0.999817,1.000298,-0.000006,1.000880,0.700000,0.700000,1.000000,0.000100000,0.000001113,0.060138,0.000000,-0.190476,0.146596,0.005456,-0.000851,0.710310,0.000000
46.099998,0.733639,501.847473,-0.000272,-0.038884,289.168121,0.999816,1.000299,-0.000006,1.000840,0.700000,0.700000,1.000000,0.000100000,0.000001113,0.060129,0.000000,-0.190476,0.146973,0.005474,-0.000855,0.710207,0.000000
46.199997,0.734002,501.742462,-0.000269,-0.038494,289.155731,0.999815,1.000300,-0.000006,1.000841,0.700000,0.700000,1.000000,0.000100000,0.000001113,0.060120,0.000000,-0.190476,0.147348,0.005492,-0.000858,0.710105,0.000000
46.299999,0.734367,501.638123,-0.000267,-0.038108,289.143402,0.999814,1.000302,-0.000006,1.000879,0.700000,0.700000,1.000000,0.000100000,0.000001113,0.060111,0.000000,-0.190476,0.147721,0.005509,-0.000862,0.710003,0.000000
46.399998,0.734733,501.534515,-0.000264,-0.037724,289.131165,0.999814,1.000303,-0.000006,1.000841,0.700000,0.700000,1.000000,0.000100000,0.000001113,0.060103,0.000000,-0.190476,0.148091,0.005527,-0.000865,0.709902,0.000000
46.500000,0.735099,501.431580,-0.000261,-0.037342,289.118988,0.999813,1.000304,-0.000006,1.000876,0.700000,0.700000,1.000000,0.000100000,0.000001113,0.060094,0.000000,-0.190476,0.148459,0.005544,-0.000869,0.709802,0.000000
46.599999,0.735466,501.329346,-0.000259,-0.036963,289.106873,0.999812,1.000305,-0.000006,1.000840,0.700000,0.700000,1.000000,0.000100000,0.000001113,0.060086,0.000000,-0.190476,0.148824,0.005562,-0.000873,0.709703,0.000000
46.699997,0.735833,501.227814,-0.000256,-0.036587,289.094849,0.999811,1.000307,-0.000006,1.000841,0.700000,0.700000,1.000000,0.000100000,0.000001113,0.060078,0.000000,-0.190476,0.149186,0.005579,-0.000876,0.709604,0.000000
46.799999,0.736202,501.126984,-0.000253,-0.036213,289.082886,0.999811,1.000308,-0.000006,1.000878,0.700000,0.700000,1.000000,0.000100000,0.000001113,0.060070,0.000000,-0.190476,0.149546,0.005596,-0.000879,0.709506,0.000000
46.899998,0.736571,501.026825,-0.000251,-0.035842,289.070984,0.999810,1.000309,-0.000006,1.000841,0.700000,0.700000,1.000000,0.000100000,0.000001113,0.060062,0.000000,-0.190476,0.149904,0.005613,-0.000883,0.709409,0.000000
47.000000,0.736941,500.927368,-0.000248,-0.035474,289.059174,0.999809,1.000310,-0.000006,1.000879,0.700000,0.700000,1.000000,0.000100000,0.000001113,0.060054,0.000000,-0.190476,0.150259,0.005630,-0.000887,0.709312,0.000000
47.099998,0.737312,500.828583,-0.000246,-0.035107,289.047424,0.999808,1.000311,-0.000006,1.000841,0.700000,0.700000,1.000000,0.000100000,0.000001113,0.060046,0.000000,-0.190476,0.150612,0.005647,-0.000890,0.709216,0.000000
47.199997,0.737683,500.730499,-0.000243,-0.034744,289.035736,0.999808,1.000313,-0.000006,1.000841,0.700000,0.700000,1.000000,0.000100000,0.000001113,0.060038,0.000000,-0.190476,0.150963,0.005663,-0.000893,0.709120,0.000000
47.299999,0.738055,500.633118,-0.000241,-0.034383,289.024139,0.999807,1.000314,-0.000006,1.000879,0.700000,0.700000,1.000000,0.000100000,0.000001113,0.060031,0.000000,-0.190476,0.151310,0.005680,-0.000897,0.709025,0.000000
47.399998,0.738427,500.536377,-0.000238,-0.034025,289.012604,0.999806,1.000315,-0.000006,1.000837,0.700000,0.700000,1.000000,0.000100000,0.000001113,0.060023,0.000000,-0.190476,0.151656,0.005696,-0.000901,0.708931,0.000000
47.500000,0.738799,500.440338,-0.000236,-0.033669,289.001129,0.999805,1.000316,-0.000006,1.000879,0.700000,0.700000,1.000000,0.000100000,0.000001113,0.060016,0.000000,-0.190476,0.151999,0.005713,-0.000904,0.708838,0.000000
47.599999,0.739173,500.344971,-0.000233,-0.033315,288.989746,0.999805,1.000318,-0.000006,1.000840,0.700000,0.700000,1.000000,0.000100000,0.000001113,0.060009,0.000000,-0.190476,0.152339,0.005729,-0.000907,0.708745,0.000000
47.699997,0.739547,500.250275,-0.000231,-0.032964,288.978424,0.999804,1.000319,-0.000006,1.000840,0.700000,0.700000,1.000000,0.000100000,0.000001113,0.060002,0.000000,-0.190476,0.152678,0.005745,-0.000911,0.708653,0.000000
47.799999,0.739921,500.156281,-0.000228,-0.032616,288.967194,0.999803,1.000320,-0.000006,1.000879,0.700000,0.700000,1.000000,0.000100000,0.000001113,0.059995,0.000000,-0.190476,0.153013,0.005761,-0.000914,0.708562,0.000000
47.899998,0.740296,500.062927,-0.000226,-0.032270,288.955994,0.999802,1.000321,-0.000006,1.000841,0.700000,0.700000,1.000000,0.000100000,0.000001113,0.059988,0.000000,-0.190476,0.153347,0.005777,-0.000918,0.708471,0.000000
48.000000,0.740670,499.970245,-0.000223,-0.031927,288.944885,0.999802,1.000322,-0.000006,1.000878,0.700000,0.700000,1.000000,0.000100000,0.000001113,0.059981,0.000000,-0.190476,0.153678,0.005793,-0.000921,0.708381,0.000000
48.099998,0.741046,499.878265,-0.000221,-0.031586,288.933868,0.999801,1.000324,-0.000006,1.000841,0.700000,0.700000,1.000000,0.000100000,0.000001113,0.059975,0.000000,-0.190476,0.154006,0.005809,-0.000925,0.708291,0.000000
48.199997,0.741421,499.786926,-0.000219,-0.031247,288.922882,0.999800,1.000325,-0.000006,1.000840,0.700000,0.700000,1.000000,0.000100000,0.000001113,0.059968,0.000000,-0.190476,0.154332,0.005824,-0.000928,0.708202,0.000000
48.299999,0.741797,499.696259,-0.000216,-0.030912,288.911987,0.999799,1.000326,-0.000007,1.000876,0.700000,0.700000,1.000000,0.000100000,0.000001113,0.059961,0.000000,-0.190476,0.154656,0.005840,-0.000932,0.708114,0.000000
48.399998,0.742173,499.606232,-0.000214,-0.030578,288.901154,0.999799,1.000327,-0.000007,1.000840,0.700000,0.700000,1.000000,0.000100000,0.000001113,0.059955,0.000000,-0.190476,0.154978,0.005855,-0.000935,0.708027,0.000000
48.500000,0.742550,499.516907,-0.000212,-0.030247,288.890411,0.999798,1.000328,-0.000007,1.000879,0.700000,0.700000,1.000000,0.000100000,0.000001113,0.059949,0.000000,-0.190476,0.155297,0.005871,-0.000938,0.707940,0.000000
48.599999,0.742926,499.428223,-0.000209,-0.029918,288.879730,0.999797,1.000330,-0.000007,1.000840,0.700000,0.700000,1.000000,0.000100000,0.000001113,0.059943,0.000000,-0.190476,0.155613,0.005886,-0.000942,0.707854,0.000000
48.699997,0.743303,499.340179,-0.000207,-0.029592,288.869110,0.999796,1.000331,-0.000007,1.000841,0.700000,0.700000,1.000000,0.000100000,0.000001113,0.059937,0.000000,-0.190476,0.155928,0.005901,-0.000945,0.707768,0.000000
48.799999,0.743680,499.252808,-0.000205,-0.029268,288.858551,0.999796,1.000332,-0.000007,1.000879,0.700000,0.700000,1.000000,0.000100000,0.000001113,0.059931,0.000000,-0.190476,0.156240,0.005916,-0.000949,0.707683,0.000000
48.899998,0.744057,499.166077,-0.000203,-0.028947,288.848084,0.999795,1.000333,-0.000007,1.000841,0.700000,0.700000,1.000000,0.000100000,0.000001113,0.059925,0.000000,-0.190476,0.156550,0.005931,-0.000952,0.707599,0.000000
49.000000,0.744434,499.080017,-0.000200,-0.028628,288.837647,0.999794,1.000334,-0.000007,1.000879,0.700000,0.700000,1.000000,0.000100000,0.000001113,0.059919,0.000000,-0.190476,0.156857,0.005946,-0.000955,0.707515,0.000000
49.099998,0.744812,498.994568,-0.000198,-0.028312,288.827332,0.999794,1.000336,-0.000007,1.000841,0.700000,0.700000,1.000000,0.000100000,0.000001113,0.059913,0.000000,-0.190476,0.157162,0.005961,-0.000959,0.707432,0.000000
49.199997,0.745189,498.909790,-0.000196,-0.027998,288.817047,0.999793,1.000337,-0.000007,1.000837,0.700000,0.700000,1.000000,0.000100000,0.000001113,0.059908,0.000000,-0.190476,0.157465,0.005976,-0.000962,0.707349,0.000000
49.299999,0.745566,498.825653,-0.000194,-0.027686,288.806854,0.999792,1.000338,-0.000007,1.000879,0.700000,0.700000,1.000000,0.000100000,0.000001113,0.059902,0.000000,-0.190476,0.157766,0.005990,-0.000966,0.707268,0.000000
49.399998,0.745944,498.742157,-0.000192,-0.027377,288.796692,0.999791,1.000339,-0.000007,1.000841,0.700000,0.700000,1.000000,0.000100000,0.000001113,0.059897,0.000000,-0.190476,0.158064,0.006005,-0.000969,0.707186,0.000000
49.500000,0.746321,498.659302,-0.000189,-0.027070,288.786652,0.999791,1.000340,-0.000007,1.000879,0.700000,0.700000,1.000000,0.000100000,0.000001113,0.059892,0.000000,-0.190476,0.158360,0.006019,-0.000972,0.707106,0.000000
49.599999,0.746698,498.577087,-0.000187,-0.026765,288.776642,0.999790,1.000342,-0.000007,1.000841,0.700000,0.700000,1.000000,0.000100000,0.000001113,0.059887,0.000000,-0.190476,0.158653,0.006033,-0.000976,0.707026,0.000000
49.699997,0.747075,498.495514,-0.000185,-0.026463,288.766724,0.999789,1.000343,-0.000007,1.000840,0.700000,0.700000,1.000000,0.000100000,0.000001113,0.059881,0.000000,-0.190476,0.158945,0.006048,-0.000979,0.706947,0.000000
49.799999,0.747452,498.414551,-0.000183,-0.026163,288.756836,0.999788,1.000344,-0.000007,1.000878,0.700000,0.700000,1.000000,0.000100000,0.000001113,0.059876,0.000000,-0.190476,0.159234,0.006062,-0.000983,0.706868,0.000000
49.899998,0.747829,498.334229,-0.000181,-0.025866,288.747070,0.999788,1.000345,-0.000007,1.000841,0.700000,0.700000,1.000000,0.000100000,0.000001113,0.059872,0.000000,-0.190476,0.159521,0.006076,-0.000986,0.706790,0.000000
50.000000,0.748207,498.254547,-0.000179,-0.025571,288.737335,0.999787,1.000346,-0.000007,1.000879,0.700000,0.700000,1.000000,0.000100000,0.000001113,0.059867,0.000000,-0.190476,0.159805,0.006090,-0.000989,0.706712,0.000000
50.099998,0.748583,498.175476,-0.000177,-0.025278,288.727661,0.999786,1.000347,-0.000007,1.000837,0.700000,0.700000,1.000000,0.000100000,0.000001113,0.059862,0.000000,-0.190476,0.160088,0.006103,-0.000993,0.706635,0.000000
50.199997,0.748960,498.097046,-0.000175,-0.024987,288.718079,0.999786,1.000349,-0.000007,1.000841,0.700000,0.700000,1.000000,0.000100000,0.000001113,0.059857,0.000000,-0.190476,0.160368,0.006117,-0.000996,0.706559,0.000000
50.299999,0.749336,498.019226,-0.000173,-0.024699,288.708557,0.999785,1.000350,-0.000007,1.000879,0.700000,0.700000,1.000000,0.000100000,0.000001113,0.059853,0.000000,-0.190476,0.160646,0.006131,-0.000999,0.706484,0.000000
50.399998,0.749712,497.942017,-0.000171,-0.024413,288.699097,0.999784,1.000351,-0.000007,1.000840,0.700000,0.700000,1.000000,0.000100000,0.000001113,0.059848,0.000000,-0.190476,0.160921,0.006144,-0.001003,0.706409,0.000000
50.500000,0.750088,497.865418,-0.000169,-0.024129,288.689697,0.999783,1.000352,-0.000007,1.000879,0.700000,0.700000,1.000000,0.000100000,0.000001113,0.059844,0.000000,-0.190476,0.161195,0.006158,-0.001006,0.706334,0.000000
50.599999,0.750463,497.789459,-0.000167,-0.023848,288.680389,0.999783,1.000353,-0.000007,1.000840,0.700000,0.700000,1.000000,0.000100000,0.000001113,0.059840,0.000000,-0.190476,0.161466,0.006171,-0.001009,0.706260,0.000000
50.699997,0.750838,497.714081,-0.000165,-0.023569,288.671112,0.999782,1.000354,-0.000007,1.000841,0.700000,0.700000,1.000000,0.000100000,0.000001113,0.059836,0.000000,-0.190476,0.161735,0.006184,-0.001013,0.706187,0.000000
50.799999,0.751213,497.639343,-0.000163,-0.023292,288.661926,0.999781,1.000355,-0.000007,1.000880,0.700000,0.700000,1.000000,0.000100000,0.000001113,0.059832,0.000000,-0.190476,0.162002,0.006197,-0.001016,0.706114,0.000000
50.899998,0.751588,497.565186,-0.000161,-0.023018,288.652802,0.999781,1.000357,-0.000007,1.000841,0.700000,0.700000,1.000000,0.000100000,0.000001113,0.059828,0.000000,-0.190476,0.162267,0.006210,-0.001019,0.706042,0.000000
51.000000,0.751962,497.491669,-0.000159,-0.022746,288.643738,0.999780,1.000358,-0.000007,1.000876,0.700000,0.700000,1.000000,0.000100000,0.000001113,0.059824,0.000000,-0.190476,0.162530,0.006223,-0.001022,0.705971,0.000000
51.099998,0.752336,497.418732,-0.000157,-0.022476,288.634735,0.999779,1.000359,-0.000007,1.000841,0.700000,0.700000,1.000000,0.000100000,0.000001113,0.059820,0.000000,-0.190476,0.162790,0.006236,-0.001026,0.705900,0.000000
51.199997,0.752709,497.346405,-0.000155,-0.022208,288.625824,0.999778,1.000360,-0.000007,1.000840,0.700000,0.700000,1.000000,0.000100000,0.000001113,0.059816,0.000000,-0.190476,0.163049,0.006249,-0.001029,0.705830,0.000000
51.299999,0.753083,497.274658,-0.000154,-0.021942,288.616943,0.999778,1.000361,-0.000007,1.000878,0.700000,0.700000,1.000000,0.000100000,0.000001113,0.059813,0.000000,-0.190476,0.163305,0.006262,-0.001032,0.705760,0.000000
51.399998,0.753455,497.203522,-0.000152,-0.021679,288.608154,0.999777,1.000362,-0.000007,1.000841,0.700000,0.700000,1.000000,0.000100000,0.000001113,0.059809,0.000000,-0.190476,0.163559,0.006274,-0.001035,0.705691,0.000000
51.500000,0.753827,497.132965,-0.000150,-0.021418,288.599426,0.999776,1.000364,-0.000007,1.000879,0.700000,0.700000,1.000000,0.000100000,0.000001113,0.059805,0.000000,-0.190476,0.163811,0.006287,-0.001039,0.705622,0.000000
51.599999,0.754199,497.062988,-0.000148,-0.021159,288.590759,0.999776,1.000365,-0.000007,1.000841,0.700000,0.700000,1.000000,0.000100000,0.000001113,0.059802,0.000000,-0.190476,0.164061,0.006299,-0.001042,0.705554,0.000000
51.699997,0.754570,496.993622,-0.000146,-0.020902,288.582153,0.999775,1.000366,-0.000007,1.000840,0.700000,0.700000,1.000000,0.000100000,0.000001113,0.059799,0.000000,-0.190476,0.164308,0.006311,-0.001045,0.705487,0.000000
51.799999,0.754941,496.924835,-0.000145,-0.020647,288.573608,0.999774,1.000367,-0.000007,1.000880,0.700000,0.700000,1.000000,0.000100000,0.000001113,0.059796,0.000000,-0.190476,0.164554,0.006323,-0.001049,0.705420,0.000000
51.899998,0.755310,496.856628,-0.000143,-0.020395,288.565125,0.999773,1.000368,-0.000007,1.000837,0.700000,0.700000,1.000000,0.000100000,0.000001113,0.059792,0.000000,-0.190476,0.164798,0.006336,-0.001052,0.705354,0.000000
52.000000,0.755680,496.789001,-0.000141,-0.020145,288.556702,0.999773,1.000369,-0.000007,1.000878,0.700000,0.700000,1.000000,0.000100000,0.000001113,0.059789,0.000000,-0.190476,0.165039,0.006348,-0.001055,0.705288,0.000000
52.099998,0.756049,496.721954,-0.000139,-0.019896,288.548370,0.999772,1.000370,-0.000007,1.000841,0.700000,0.700000,1.000000,0.000100000,0.000001113,0.059786,0.000000,-0.190476,0.165279,0.006359,-0.001058,0.705223,0.000000
52.199997,0.756417,496.655487,-0.000138,-0.019650,288.540070,0.999771,1.000372,-0.000007,1.000840,0.700000,0.700000,1.000000,0.000100000,0.000001113,0.059783,0.000000,-0.190476,0.165516,0.006371,-0.001062,0.705158,0.000000
52.299999,0.756785,496.589600,-0.000136,-0.019407,288.531860,0.999771,1.000373,-0.000007,1.000880,0.700000,0.700000,1.000000,0.000100000,0.000001113,0.059781,0.000000,-0.190476,0.165751,0.006383,-0.001065,0.705094,0.000000
52.399998,0.757152,496.524261,-0.000134,-0.019165,288.523682,0.999770,1.000374,-0.000007,1.000840,0.700000,0.700000,1.000000,0.000100000,0.000001113,0.059778,0.000000,-0.190476,0.165985,0.006395,-0.001068,0.705031,0.000000
52.500000,0.757519,496.459503,-0.000132,-0.018925,288.515594,0.999769,1.000375,-0.000007,1.000878,0.700000,0.700000,1.000000,0.000100000,0.000001113,0.059775,0.000000,-0.190476,0.166216,0.006406,-0.001071,0.704968,0.000000
52.599999,0.757884,496.395294,-0.000131,-0.018688,288.507568,0.999769,1.000376,-0.000008,1.000842,0.700000,0.700000,1.000000,0.000100000,0.000001113,0.059772,0.000000,-0.190476,0.166445,0.006418,-0.001075,0.704905,0.000000
52.699997,0.758249,496.331665,-0.000129,-0.018452,288.499573,0.999768,1.000377,-0.000008,1.000840,0.700000,0.700000,1.000000,0.000100000,0.000001113,0.059770,0.000000,-0.190476,0.166673,0.006429,-0.001078,0.704844,0.000000
52.799999,0.758614,496.268585,-0.000128,-0.018219,288.491669,0.999767,1.000378,-0.000008,1.000876,0.700000,0.700000,1.000000,0.000100000,0.000001113,0.059767,0.000000,-0.190476,0.166898,0.006440,-0.001081,0.704782,0.000000
52.899998,0.758977,496.206055,-0.000126,-0.017987,288.483826,0.999766,1.000379,-0.000008,1.000841,0.700000,0.700000,1.000000,0.000100000,0.000001113,0.059765,0.000000,-0.190476,0.167121,0.006452,-0.001084,0.704722,0.000000
53.000000,0.759340,496.144104,-0.000124,-0.017758,288.476044,0.999766,1.000381,-0.000008,1.000878,0.700000,0.700000,1.000000,0.000100000,0.000001113,0.059763,0.000000,-0.190476,0.167342,0.006463,-0.001088,0.704662,0.000000
53.099998,0.759702,496.082703,-0.000123,-0.017531,288.468292,0.999765,1.000382,-0.000008,1.000841,0.700000,0.700000,1.000000,0.000100000,0.000001113,0.059761,0.000000,-0.190476,0.167562,0.006474,-0.001091,0.704602,0.000000
53.199997,0.760064,496.021820,-0.000121,-0.017306,288.460632,0.999764,1.000383,-0.000008,1.000841,0.700000,0.700000,1.000000,0.000100000,0.000001113,0.059758,0.000000,-0.190476,0.167779,0.006485,-0.001094,0.704543,0.000000
53.299999,0.760425,495.961517,-0.000120,-0.017083,288.453033,0.999764,1.000384,-0.000008,1.000879,0.700000,0.700000,1.000000,0.000100000,0.000001113,0.059756,0.000000,-0.190476,0.167995,0.006496,-0.001097,0.704484,0.000000
53.399998,0.760784,495.901733,-0.000118,-0.016862,288.445496,0.999763,1.000385,-0.000008,1.000841,0.700000,0.700000,1.000000,0.000100000,0.000001113,0.059754,0.000000,-0.190476,0.168208,0.006506,-0.001100,0.704426,0.000000
53.500000,0.761143,495.842529,-0.000116,-0.016643,288.438019,0.999762,1.000386,-0.000008,1.000879,0.700000,0.700000,1.000000,0.000100000,0.000001113,0.059752,0.000000,-0.190476,0.168420,0.006517,-0.001103,0.704369,0.000000
53.599999,0.761502,495.783814,-0.000115,-0.016426,288.430573,0.999762,1.000387,-0.000008,1.000841,0.700000,0.700000,1.000000,0.000100000,0.000001113,0.059750,0.000000,-0.190476,0.168629,0.006528,-0.001107,0.704312,0.000000
53.699997,0.761859,495.725678,-0.000113,-0.016211,288.423218,0.999761,1.000388,-0.000008,1.000838,0.700000,0.700000,1.000000,0.000100000,0.000001113,0.059749,0.000000,-0.190476,0.168837,0.006538,-0.001110,0.704255,0.000000
53.799999,0.762215,495.668060,-0.000112,-0.015998,288.415924,0.999760,1.000389,-0.000008,1.000878,0.700000,0.700000,1.000000,0.000100000,0.000001113,0.059747,0.000000,-0.190476,0.169043,0.006549,-0.001113,0.704199,0.000000
53.899998,0.762571,495.610962,-0.000111,-0.015787,288.408661,0.999760,1.000391,-0.000008,1.000841,0.700000,0.700000,1.000000,0.000100000,0.000001113,0.059745,0.000000,-0.190476,0.169247,0.006559,-0.001116,0.704144,0.000000
54.000000,0.762926,495.554413,-0.000109,-0.015578,288.401489,0.999759,1.000392,-0.000008,1.000879,0.700000,0.700000,1.000000,0.000100000,0.000001113,0.059744,0.000000,-0.190476,0.169449,0.006569,-0.001119,0.704089,0.000000
54.099998,0.763279,495.498383,-0.000108,-0.015370,288.394348,0.999758,1.000393,-0.000008,1.000841,0.700000,0.700000,1.000000,0.000100000,0.000001113,0.059742,0.000000,-0.190476,0.169649,0.006580,-0.001122,0.704035,0.000000
54.199997,0.763632,495.442871,-0.000106,-0.015165,288.387299,0.999758,1.000394,-0.000008,1.000840,0.700000,0.700000,1.000000,0.000100000,0.000001113,0.059741,0.000000,-0.190476,0.169847,0.006590,-0.001125,0.703981,0.000000
54.299999,0.763984,495.387878,-0.000105,-0.014962,288.380280,0.999757,1.000395,-0.000008,1.000880,0.700000,0.700000,1.000000,0.000100000,0.000001113,0.059739,0.000000,-0.190476,0.170043,0.006600,-0.001128,0.703927,0.000000
54.399998,0.764335,495.333405,-0.000103,-0.014761,288.373322,0.999756,1.000396,-0.000008,1.000841,0.700000,0.700000,1.000000,0.000100000,0.000001113,0.059738,0.000000,-0.190476,0.170238,0.006610,-0.001132,0.703875,0.000000
54.500000,0.764685,495.279449,-0.000102,-0.014561,288.366425,0.999756,1.000397,-0.000008,1.000879,0.700000,0.700000,1.000000,0.000100000,0.000001113,0.059736,0.000000,-0.190476,0.170431,0.006619,-0.001135,0.703822,0.000000
54.599999,0.765034,495.225983,-0.000101,-0.014364,288.359589,0.999755,1.000398,-0.000008,1.000837,0.700000,0.700000,1.000000,0.000100000,0.000001113,0.059735,0.000000,-0.190476,0.170621,0.006629,-0.001138,0.703770,0.000000
54.699997,0.765382,495.173065,-0.000099,-0.014168,288.352814,0.999754,1.000399,-0.000008,1.000841,0.700000,0.700000,1.000000,0.000100000,0.000001113,0.059734,0.000000,-0.190476,0.170810,0.006639,-0.001141,0.703719,0.000000
54.799999,0.765729,495.120636,-0.000098,-0.013974,288.346100,0.999754,1.000400,-0.000008,1.000878,0.700000,0.700000,1.000000,0.000100000,0.000001113,0.059733,0.000000,-0.190476,0.170998,0.006648,-0.001144,0.703668,0.000000
54.899998,0.766076,495.068695,-0.000096,-0.013782,288.339447,0.999753,1.000401,-0.000008,1.000841,0.700000,0.700000,1.000000,0.000100000,0.000001113,0.059732,0.000000,-0.190476,0.171183,0.006658,-0.001147,0.703618,0.000000
55.000000,0.766421,495.017273,-0.000095,-0.013592,288.332825,0.999752,1.000403,-0.000008,1.000878,0.700000,0.700000,1.000000,0.000100000,0.000001113,0.059731,0.000000,-0.190476,0.171367,0.006667,-0.001151,0.703568,0.000000
55.099998,0.766764,494.966370,-0.000094,-0.013404,288.326294,0.999751,1.000404,-0.000008,1.000841,0.700000,0.700000,1.000000,0.000100000,0.000001113,0.059730,0.000000,-0.190476,0.171549,0.006677,-0.001154,0.703519,0.000000
55.199997,0.767107,494.915924,-0.000093,-0.013218,288.319794,0.999751,1.000405,-0.000008,1.000841,0.700000,0.700000,1.000000,0.000100000,0.000001113,0.059729,0.000000,-0.190476,0.171729,0.006686,-0.001157,0.703470,0.000000
55.299999,0.767449,494.865997,-0.000091,-0.013034,288.313355,0.999750,1.000406,-0.000008,1.000879,0.700000,0.700000,1.000000,0.000100000,0.000001113,0.059728,0.000000,-0.190476,0.171907,0.006695,-0.001160,0.703421,0.000000
55.399998,0.767790,494.816559,-0.000090,-0.012851,288.306976,0.999750,1.000407,-0.000008,1.000841,0.700000,0.700000,1.000000,0.000100000,0.000001113,0.059728,0.000000,-0.190476,0.172084,0.006704,-0.001163,0.703373,0.000000
55.500000,0.768130,494.767609,-0.000089,-0.012670,288.300659,0.999749,1.000408,-0.000008,1.000875,0.700000,0.700000,1.000000,0.000100000,0.000001113,0.059727,0.000000,-0.190476,0.172259,0.006713,-0.001166,0.703326,0.000000
55.599999,0.768468,494.719147,-0.000087,-0.012491,288.294373,0.999748,1.000409,-0.000008,1.000841,0.700000,0.700000,1.000000,0.000100000,0.000001113,0.059726,0.000000,-0.190476,0.172432,0.006722,-0.001169,0.703279,0.000000
55.699997,0.768806,494.671173,-0.000086,-0.012314,288.288178,0.999747,1.000410,-0.000008,1.000841,0.700000,0.700000,1.000000,0.000100000,0.000001113,0.059726,0.000000,-0.190476,0.172603,0.006731,-0.001172,0.703232,0.000000
55.799999,0.769142,494.623657,-0.000085,-0.012139,288.282013,0.999747,1.000411,-0.000008,1.000878,0.700000,0.700000,1.000000,0.000100000,0.000001113,0.059725,0.000000,-0.190476,0.172773,0.006740,-0.001175,0.703186,0.000000
55.899998,0.769477,494.576630,-0.000084,-0.011965,288.275909,0.999746,1.000412,-0.000008,1.000841,0.700000,0.700000,1.000000,0.000100000,0.000001113,0.059725,0.000000,-0.190476,0.172941,0.006749,-0.001178,0.703141,0.000000
56.000000,0.769812,494.530090,-0.000083,-0.011793,288.269836,0.999746,1.000413,-0.000008,1.000878,0.700000,0.700000,1.000000,0.000100000,0.000001113,0.059725,0.000000,-0.190476,0.173107,0.006757,-0.001181,0.703096,0.000000
56.099998,0.770145,494.484009,-0.000081,-0.011623,288.263855,0.999745,1.000414,-0.000008,1.000841,0.700000,0.700000,1.000000,0.000100000,0.000001113,0.059724,0.000000,-0.190476,0.173271,0.006766,-0.001184,0.703051,0.000000
56.199997,0.770476,494.438385,-0.000080,-0.011455,288.257904,0.999744,1.000416,-0.000008,1.000841,0.700000,0.700000,1.000000,0.000100000,0.000001113,0.059724,0.000000,-0.190476,0.173434,0.006774,-0.001187,0.703007,0.000000
56.299999,0.770807,494.393250,-0.000079,-0.011288,288.252014,0.999744,1.000417,-0.000008,1.000879,0.700000,0.700000,1.000000,0.000100000,0.000001113,0.059724,0.000000,-0.190476,0.173596,0.006783,-0.001190,0.702963,0.000000
56.399998,0.771137,494.348572,-0.000078,-0.011123,288.246185,0.999743,1.000418,-0.000008,1.000837,0.700000,0.700000,1.000000,0.000100000,0.000001113,0.059724,0.000000,-0.190476,0.173755,0.006791,-0.001193,0.702920,0.000000
56.500000,0.771465,494.304352,-0.000077,-0.010960,288.240387,0.999742,1.000419,-0.000008,1.000880,0.700000,0.700000,1.000000,0.000100000,0.000001113,0.059723,0.000000,-0.190476,0.173913,0.006799,-0.001197,0.702877,0.000000
56.599999,0.771792,494.260620,-0.000076,-0.010799,288.234650,0.999742,1.000420,-0.000008,1.000840,0.700000,0.700000,1.000000,0.000100000,0.000001113,0.059723,0.000000,-0.190476,0.174069,0.006808,-0.001200,0.702835,0.000000
56.699997,0.772118,494.217316,-0.000074,-0.010639,288.228973,0.999741,1.000421,-0.000008,1.000841,0.700000,0.700000,1.000000,0.000100000,0.000001113,0.059723,0.000000,-0.190476,0.174224,0.006816,-0.001203,0.702793,0.000000
56.799999,0.772442,494.174469,-0.000073,-0.010481,288.223358,0.999740,1.000422,-0.000008,1.000879,0.700000,0.700000,1.000000,0.000100000,0.000001113,0.059723,0.000000,-0.190476,0.174377,0.006824,-0.001205,0.702751,0.000000
56.899998,0.772766,494.132050,-0.000072,-0.010325,288.217773,0.999740,1.000423,-0.000008,1.000840,0.700000,0.700000,1.000000,0.000100000,0.000001113,0.059723,0.000000,-0.190476,0.174528,0.006832,-0.001208,0.702710,0.000000
57.000000,0.773088,494.090118,-0.000071,-0.010170,288.212250,0.999739,1.000424,-0.000008,1.000878,0.700000,0.700000,1.000000,0.000100000,0.000001113,0.059724,0.000000,-0.190476,0.174678,0.006840,-0.001212,0.702670,0.000000
57.099998,0.773409,494.048615,-0.000070,-0.010017,288.206787,0.999738,1.000425,-0.000009,1.000842,0.700000,0.700000,1.000000,0.000100000,0.000001113,0.059724,0.000000,-0.190476,0.174826,0.006847,-0.001215,0.702629,0.000000
57.199997,0.773729,494.007538,-0.000069,-0.009866,288.201355,0.999738,1.000426,-0.000009,1.000840,0.700000,0.700000,1.000000,0.000100000,0.000001113,0.059724,0.000000,-0.190476,0.174973,0.006855,-0.001218,0.702590,0.000000
57.299999,0.774047,493.966919,-0.000068,-0.009716,288.195984,0.999737,1.000427,-0.000009,1.000876,0.700000,0.700000,1.000000,0.000100000,0.000001113,0.059724,0.000000,-0.190476,0.175118,0.006863,-0.001221,0.702550,0.000000
57.399998,0.774364,493.926758,-0.000067,-0.009568,288.190674,0.999736,1.000428,-0.000009,1.000841,0.700000,0.700000,1.000000,0.000100000,0.000001113,0.059725,0.000000,-0.190476,0.175262,0.006870,-0.001223,0.702511,0.000000
57.500000,0.774680,493.886993,-0.000066,-0.009421,288.185394,0.999736,1.000429,-0.000009,1.000878,0.700000,0.700000,1.000000,0.000100000,0.000001113,0.059725,0.000000,-0.190476,0.175404,0.006878,-0.001226,0.702473,0.000000
57.599999,0.774994,493.847687,-0.000065,-0.009276,288.180176,0.999735,1.000430,-0.000009,1.000840,0.700000,0.700000,1.000000,0.000100000,0.000001113,0.059725,0.000000,-0.190476,0.175544,0.006885,-0.001230,0.702435,0.000000
57.699997,0.775308,493.808807,-0.000064,-0.009133,288.175018,0.999734,1.000431,-0.000009,1.000841,0.700000,0.700000,1.000000,0.000100000,0.000001113,0.059726,0.000000,-0.190476,0.175683,0.006893,-0.001233,0.702397,0.000000
57.799999,0.775619,493.770325,-0.000063,-0.008991,288.169891,0.999734,1.000432,-0.000009,1.000879,0.700000,0.700000,1.000000,0.000100000,0.000001113,0.059726,0.000000,-0.190476,0.175820,0.006900,-0.001236,0.702360,0.000000
57.899998,0.775930,493.732300,-0.000062,-0.008851,288.164825,0.999733,1.000433,-0.000009,1.000840,0.700000,0.700000,1.000000,0.000100000,0.000001113,0.059727,0.000000,-0.190476,0.175956,0.006907,-0.001238,0.702323,0.000000
58.000000,0.776239,493.694672,-0.000061,-0.008713,288.159790,0.999733,1.000435,-0.000009,1.000879,0.700000,0.700000,1.000000,0.000100000,0.000001113,0.059728,0.000000,-0.190476,0.176090,0.006915,-0.001241,0.702287,0.000000
58.099998,0.776548,493.657501,-0.000060,-0.008576,288.154846,0.999732,1.000436,-0.000009,1.000841,0.700000,0.700000,1.000000,0.000100000,0.000001113,0.059728,0.000000,-0.190476,0.176223,0.006922,-0.001245,0.702251,0.000000
58.199997,0.776854,493.620697,-0.000059,-0.008440,288.149902,0.999731,1.000437,-0.000009,1.000837,0.700000,0.700000,1.000000,0.000100000,0.000001113,0.059729,0.000000,-0.190476,0.176355,0.006929,-0.001247,0.702216,0.000000
58.299999,0.777159,493.584351,-0.000058,-0.008306,288.145020,0.999731,1.000438,-0.000009,1.000878,0.700000,0.700000,1.000000,0.000100000,0.000001113,0.059730,0.000000,-0.190476,0.176484,0.006936,-0.001250,0.702180,0.000000
58.399998,0.777463,493.548370,-0.000057,-0.008174,288.140198,0.999730,1.000439,-0.000009,1.000841,0.700000,0.700000,1.000000,0.000100000,0.000001113,0.059730,0.000000,-0.190476,0.176613,0.006943,-0.001253,0.702146,0.000000
58.500000,0.777766,493.512848,-0.000056,-0.008043,288.135437,0.999729,1.000440,-0.000009,1.000878,0.700000,0.700000,1.000000,0.000100000,0.000001113,0.059731,0.000000,-0.190476,0.176740,0.006949,-0.001256,0.702111,0.000000
58.599999,0.778067,493.477692,-0.000055,-0.007914,288.130707,0.999729,1.000441,-0.000009,1.000841,0.700000,0.700000,1.000000,0.000100000,0.000001113,0.059732,0.000000,-0.190476,0.176865,0.006956,-0.001259,0.702077,0.000000
58.699997,0.778367,493.442963,-0.000055,-0.007786,288.126007,0.999728,1.000442,-0.000009,1.000841,0.700000,0.700000,1.000000,0.000100000,0.000001113,0.059733,0.000000,-0.190476,0.176989,0.006963,-0.001262,0.702044,0.000000
58.799999,0.778665,493.408600,-0.000054,-0.007660,288.121368,0.999727,1.000443,-0.000009,1.000878,0.700000,0.700000,1.000000,0.000100000,0.000001113,0.059734,0.000000,-0.190476,0.177112,0.006969,-0.001265,0.702011,0.000000
58.899998,0.778963,493.374664,-0.000053,-0.007535,288.116791,0.999727,1.000444,-0.000009,1.000841,0.700000,0.700000,1.000000,0.000100000,0.000001113,0.059735,0.000000,-0.190476,0.177233,0.006976,-0.001268,0.701978,0.000000
59.000000,0.779258,493.341126,-0.000052,-0.007412,288.112244,0.999726,1.000445,-0.000009,1.000878,0.700000,0.700000,1.000000,0.000100000,0.000001113,0.059736,0.000000,-0.190476,0.177353,0.006983,-0.001271,0.701946,0.000000
59.099998,0.779553,493.307953,-0.000051,-0.007289,288.107727,0.999725,1.000446,-0.000009,1.000838,0.700000,0.700000,1.000000,0.000100000,0.000001113,0.059737,0.000000,-0.190476,0.177472,0.006989,-0.001274,0.701914,0.000000
59.199997,0.779846,493.275177,-0.000050,-0.007169,288.103271,0.999725,1.000447,-0.000009,1.000841,0.700000,0.700000,1.000000,0.000100000,0.000001113,0.059738,0.000000,-0.190476,0.177589,0.006995,-0.001277,0.701882,0.000000
59.299999,0.780137,493.242798,-0.000049,-0.007050,288.098877,0.999724,1.000448,-0.000009,1.000878,0.700000,0.700000,1.000000,0.000100000,0.000001113,0.059739,0.000000,-0.190476,0.177704,0.007002,-0.001280,0.701851,0.000000
59.399998,0.780428,493.210815,-0.000049,-0.006933,288.094513,0.999724,1.000449,-0.000009,1.000841,0.700000,0.700000,1.000000,0.000100000,0.000001113,0.059740,0.000000,-0.190476,0.177819,0.007008,-0.001283,0.701820,0.000000
59.500000,0.780716,493.179199,-0.000048,-0.006817,288.090210,0.999723,1.000450,-0.000009,1.000879,0.700000,0.700000,1.000000,0.000100000,0.000001113,0.059742,0.000000,-0.190476,0.177931,0.007014,-0.001286,0.701789,0.000000
59.599999,0.781004,493.147949,-0.000047,-0.006702,288.085938,0.999722,1.000451,-0.000009,1.000841,0.700000,0.700000,1.000000,0.000100000,0.000001113,0.059743,0.000000,-0.190476,0.178043,0.007020,-0.001288,0.701759,0.000000
59.699997,0.781290,493.117096,-0.000046,-0.006588,288.081696,0.999722,1.000452,-0.000009,1.000841,0.700000,0.700000,1.000000,0.000100000,0.000001113,0.059744,0.000000,-0.190476,0.178153,0.007026,-0.001292,0.701729,0.000000
59.799999,0.781574,493.086609,-0.000045,-0.006476,288.077515,0.999721,1.000453,-0.000009,1.000878,0.700000,0.700000,1.000000,0.000100000,0.000001113,0.059746,0.000000,-0.190476,0.178262,0.007032,-0.001294,0.701700,0.000000
59.899998,0.781857,493.056488,-0.000045,-0.006366,288.073364,0.999720,1.000454,-0.000009,1.000840,0.700000,0.700000,1.000000,0.000100000,0.000001113,0.059747,0.000000,-0.190476,0.178370,0.007038,-0.001297,0.701671,0.000000
60.000000,0.782139,493.026733,-0.000044,-0.006256,288.069275,0.999720,1.000455,-0.000009,1.000876,0.700000,0.700000,1.000000,0.000100000,0.000001113,0.059748,0.000000,-0.190476,0.178476,0.007044,-0.001300,0.701642,0.000000
60.099998,0.782419,492.997345,-0.000043,-0.006149,288.065247,0.999719,1.000456,-0.000009,1.000841,0.700000,0.700000,1.000000,0.000100000,0.000001113,0.059750,0.000000,-0.190476,0.178581,0.007050,-0.001303,0.701614,0.000000
60.199997,0.782698,492.968323,-0.000042,-0.006042,288.061218,0.999719,1.000457,-0.000009,1.000840,0.700000,0.700000,1.000000,0.000100000,0.000001113,0.059751,0.000000,-0.190476,0.178685,0.007055,-0.001306,0.701586,0.000000
60.299999,0.782975,492.939667,-0.000042,-0.005937,288.057251,0.999718,1.000458,-0.000009,1.000879,0.700000,0.700000,1.000000,0.000100000,0.000001113,0.059753,0.000000,-0.190476,0.178787,0.007061,-0.001309,0.701558,0.000000
60.399998,0.783251,492.911377,-0.000041,-0.005833,288.053345,0.999717,1.000459,-0.000009,1.000841,0.700000,0.700000,1.000000,0.000100000,0.000001113,0.059754,0.000000,-0.190476,0.178888,0.007067,-0.001312,0.701531,0.000000
60.500000,0.783526,492.883423,-0.000040,-0.005731,288.049469,0.999717,1.000460,-0.000009,1.000879,0.700000,0.700000,1.000000,0.000100000,0.000001113,0.059756,0.000000,-0.190476,0.178988,0.007072,-0.001314,0.701504,0.000000
60.599999,0.783799,492.855835,-0.000039,-0.005630,288.045624,0.999716,1.000461,-0.000009,1.000840,0.700000,0.700000,1.000000,0.000100000,0.000001113,0.059757,0.000000,-0.190476,0.179086,0.007078,-0.001317,0.701478,0.000000
60.699997,0.784070,492.828583,-0.000039,-0.005530,288.041809,0.999715,1.000462,-0.000009,1.000841,0.700000,0.700000,1.000000,0.000100000,0.000001113,0.059759,0.000000,-0.190476,0.179184,0.007083,-0.001320,0.701452,0.000000
60.799999,0.784340,492.801697,-0.000038,-0.005431,288.038055,0.999715,1.000463,-0.000009,1.000879,0.700000,0.700000,1.000000,0.000100000,0.000001113,0.059761,0.000000,-0.190476,0.179280,0.007088,-0.001323,0.701426,0.000000
60.899998,0.784609,492.775147,-0.000037,-0.005334,288.034363,0.999714,1.000464,-0.000009,1.000837,0.700000,0.700000,1.000000,0.000100000,0.000001113,0.059762,0.000000,-0.190476,0.179374,0.007094,-0.001326,0.701400,0.000000
61.000000,0.784876,492.748932,-0.000037,-0.005238,288.030670,0.999714,1.000465,-0.000009,1.000879,0.700000,0.700000,1.000000,0.000100000,0.000001113,0.059764,0.000000,-0.190476,0.179468,0.007099,-0.001329,0.701375,0.000000
61.099998,0.785141,492.723084,-0.000036,-0.005143,288.027039,0.999713,1.000466,-0.000009,1.000841,0.700000,0.700000,1.000000,0.000100000,0.000001113,0.059766,0.000000,-0.190476,0.179560,0.007104,-0.001332,0.701350,0.000000
61.199997,0.785406,492.697540,-0.000035,-0.005050,288.023468,0.999712,1.000467,-0.000009,1.000840,0.700000,0.700000,1.000000,0.000100000,0.000001113,0.059767,0.000000,-0.190476,0.179652,0.007109,-0.001334,0.701326,0.000000
61.299999,0.785669,492.672363,-0.000035,-0.004958,288.019897,0.999712,1.000468,-0.000009,1.000880,0.700000,0.700000,1.000000,0.000100000,0.000001113,0.059769,0.000000,-0.190476,0.179742,0.007114,-0.001338,0.701301,0.000000
61.399998,0.785930,492.647491,-0.000034,-0.004867,288.016388,0.999711,1.000469,-0.000009,1.000840,0.700000,0.700000,1.000000,0.000100000,0.000001113,0.059771,0.000000,-0.190476,0.179830,0.007119,-0.001340,0.701277,0.000000
61.500000,0.786190,492.622955,-0.000033,-0.004777,288.012939,0.999711,1.000470,-0.000009,1.000879,0.700000,0.700000,1.000000,0.000100000,0.000001113,0.059773,0.000000,-0.190476,0.179918,0.007124,-0.001343,0.701254,0.000000
61.599999,0.786448,492.598755,-0.000033,-0.004689,288.009491,0.999710,1.000471,-0.000009,1.000840,0.700000,0.700000,1.000000,0.000100000,0.000001113,0.059775,0.000000,-0.190476,0.180004,0.007129,-0.001346,0.701231,0.000000
61.699997,0.786705,492.574890,-0.000032,-0.004601,288.006104,0.999709,1.000472,-0.000009,1.000841,0.700000,0.700000,1.000000,0.000100000,0.000001113,0.059777,0.000000,-0.190476,0.180090,0.007134,-0.001349,0.701208,0.000000
61.799999,0.786960,492.551331,-0.000032,-0.004515,288.002747,0.999709,1.000473,-0.000009,1.000876,0.700000,0.700000,1.000000,0.000100000,0.000001113,0.059779,0.000000,-0.190476,0.180174,0.007139,-0.001351,0.701185,0.000000
61.899998,0.787214,492.528076,-0.000031,-0.004430,287.999451,0.999708,1.000474,-0.000009,1.000840,0.700000,0.700000,1.000000,0.000100000,0.000001113,0.059780,0.000000,-0.190476,0.180257,0.007144,-0.001355,0.701163,0.000000
62.000000,0.787466,492.505157,-0.000030,-0.004346,287.996155,0.999708,1.000475,-0.000010,1.000879,0.700000,0.700000,1.000000,0.000100000,0.000001113,0.059782,0.000000,-0.190476,0.180339,0.007148,-0.001357,0.701141,0.000000
62.099998,0.787717,492.482574,-0.000030,-0.004264,287.992920,0.999707,1.000476,-0.000010,1.000842,0.700000,0.700000,1.000000,0.000100000,0.000001113,0.059784,0.000000,-0.190476,0.180419,0.007153,-0.001360,0.701119,0.000000
62.199997,0.787967,492.460266,-0.000029,-0.004182,287.989746,0.999706,1.000477,-0.000010,1.000841,0.700000,0.700000,1.000000,0.000100000,0.000001113,0.059786,0.000000,-0.190476,0.180499,0.007158,-0.001363,0.701098,0.000000
62.299999,0.788215,492.438293,-0.000029,-0.004102,287.986572,0.999706,1.000478,-0.000010,1.000878,0.700000,0.700000,1.000000,0.000100000,0.000001113,0.059789,0.000000,-0.190476,0.180578,0.007162,-0.001366,0.701077,0.000000
62.399998,0.788461,492.416626,-0.000028,-0.004023,287.983460,0.999705,1.000479,-0.000010,1.000841,0.700000,0.700000,1.000000,0.000100000,0.000001113,0.059791,0.000000,-0.190476,0.180655,0.007166,-0.001369,0.701056,0.000000
62.500000,0.788706,492.395264,-0.000028,-0.003945,287.980377,0.999705,1.000480,-0.000010,1.000878,0.700000,0.700000,1.000000,0.000100000,0.000001113,0.059793,0.000000,-0.190476,0.180731,0.007171,-0.001371,0.701036,0.000000
62.599999,0.788950,492.374176,-0.000027,-0.003868,287.977325,0.999704,1.000481,-0.000010,1.000841,0.700000,0.700000,1.000000,0.000100000,0.000001113,0.059795,0.000000,-0.190476,0.180807,0.007175,-0.001374,0.701015,0.000000
62.699997,0.789192,492.353424,-0.000027,-0.003793,287.974304,0.999703,1.000482,-0.000010,1.000837,0.700000,0.700000,1.000000,0.000100000,0.000001113,0.059797,0.000000,-0.190476,0.180881,0.007180,-0.001377,0.700996,0.000000
62.799999,0.789432,492.332947,-0.000026,-0.003718,287.971314,0.999703,1.000483,-0.000010,1.000879,0.700000,0.700000,1.000000,0.000100000,0.000001113,0.059799,0.000000,-0.190476,0.180954,0.007184,-0.001380,0.700976,0.000000
62.899998,0.789671,492.312775,-0.000026,-0.003645,287.968384,0.999702,1.000484,-0.000010,1.000841,0.700000,0.700000,1.000000,0.000100000,0.000001113,0.059801,0.000000,-0.190476,0.181026,0.007188,-0.001382,0.700957,0.000000
63.000000,0.789908,492.292908,-0.000025,-0.003573,287.965485,0.999701,1.000485,-0.000010,1.000879,0.700000,0.700000,1.000000,0.000100000,0.000001113,0.059803,0.000000,-0.190476,0.181097,0.007192,-0.001385,0.700938,0.000000
63.099998,0.790144,492.273315,-0.000025,-0.003501,287.962616,0.999701,1.000486,-0.000010,1.000840,0.700000,0.700000,1.000000,0.000100000,0.000001113,0.059806,0.000000,-0.190476,0.181167,0.007196,-0.001388,0.700919,0.000000
63.199997,0.790379,492.254028,-0.000024,-0.003431,287.959778,0.999700,1.000487,-0.000010,1.000841,0.700000,0.700000,1.000000,0.000100000,0.000001113,0.059808,0.000000,-0.190476,0.181236,0.007200,-0.001391,0.700901,0.000000
63.299999,0.790612,492.235016,-0.000024,-0.003362,287.956970,0.999700,1.000488,-0.000010,1.000879,0.700000,0.700000,1.000000,0.000100000,0.000001113,0.059810,0.000000,-0.190476,0.181304,0.007204,-0.001394,0.700883,0.000000
63.399998,0.790843,492.216278,-0.000023,-0.003294,287.954224,0.999699,1.000489,-0.000010,1.000841,0.700000,0.700000,1.000000,0.000100000,0.000001113,0.059812,0.000000,-0.190476,0.181370,0.007208,-0.001396,0.700865,0.000000
63.500000,0.791073,492.197815,-0.000023,-0.003227,287.951477,0.999698,1.000490,-0.000010,1.000879,0.700000,0.700000,1.000000,0.000100000,0.000001113,0.059815,0.000000,-0.190476,0.181436,0.007212,-0.001399,0.700847,0.000000
63.599999,0.791302,492.179657,-0.000022,-0.003161,287.948792,0.999698,1.000491,-0.000010,1.000838,0.700000,0.700000,1.000000,0.000100000,0.000001113,0.059817,0.000000,-0.190476,0.181501,0.007216,-0.001402,0.700830,0.000000
63.699997,0.791528,492.161743,-0.000022,-0.003096,287.946137,0.999697,1.000492,-0.000010,1.000841,0.700000,0.700000,1.000000,0.000100000,0.000001113,0.059819,0.000000,-0.190476,0.181565,0.007220,-0.001405,0.700813,0.000000
63.799999,0.791754,492.144135,-0.000021,-0.003032,287.943512,0.999697,1.000493,-0.000010,1.000878,0.700000,0.700000,1.000000,0.000100000,0.000001113,0.059822,0.000000,-0.190476,0.181628,0.007224,-0.001407,0.700796,0.000000
63.899998,0.791979,492.126801,-0.000021,-0.002969,287.940918,0.999696,1.000494,-0.000010,1.000841,0.700000,0.700000,1.000000,0.000100000,0.000001113,0.059824,0.000000,-0.190476,0.181690,0.007227,-0.001410,0.700779,0.000000
64.000000,0.792201,492.109711,-0.000020,-0.002907,287.938355,0.999696,1.000495,-0.000010,1.000879,0.700000,0.700000,1.000000,0.000100000,0.000001113,0.059827,0.000000,-0.190476,0.181751,0.007231,-0.001413,0.700763,0.000000
64.099998,0.792422,492.092896,-0.000020,-0.002846,287.935822,0.999695,1.000496,-0.000010,1.000841,0.700000,0.700000,1.000000,0.000100000,0.000001113,0.059829,0.000000,-0.190476,0.181811,0.007235,-0.001416,0.700747,0.000000
64.199997,0.792641,492.076355,-0.000020,-0.002787,287.933350,0.999694,1.000497,-0.000010,1.000841,0.700000,0.700000,1.000000,0.000100000,0.000001113,0.059831,0.000000,-0.190476,0.181870,0.007238,-0.001419,0.700731,0.000000
64.299995,0.792860,492.060059,-0.000019,-0.002728,287.930878,0.999694,1.000497,-0.000010,1.000840,0.700000,0.700000,1.000000,0.000100000,0.000001113,0.059834,0.000000,-0.190476,0.181928,0.007242,-0.001421,0.700716,0.000000
64.400002,0.793076,492.044037,-0.000019,-0.002670,287.928467,0.999693,1.000498,-0.000010,1.000917,0.700000,0.700000,1.000000,0.000100000,0.000001113,0.059836,0.000000,-0.190476,0.181986,0.007245,-0.001424,0.700701,0.000000
64.500000,0.793291,492.028290,-0.000018,-0.002613,287.926056,0.999693,1.000499,-0.000010,1.000837,0.700000,0.700000,1.000000,0.000100000,0.000001113,0.059839,0.000000,-0.190476,0.182042,0.007248,-0.001427,0.700686,0.000000
64.599999,0.793505,492.012787,-0.000018,-0.002557,287.923706,0.999692,1.000500,-0.000010,1.000841,0.700000,0.700000,1.000000,0.000100000,0.000001113,0.059841,0.000000,-0.190476,0.182097,0.007252,-0.001429,0.700671,0.000000
64.699997,0.793717,491.997528,-0.000018,-0.002502,287.921356,0.999691,1.000501,-0.000010,1.000840,0.700000,0.700000,1.000000,0.000100000,0.000001113,0.059844,0.000000,-0.190476,0.182152,0.007255,-0.001432,0.700657,0.000000
64.799995,0.793928,491.982513,-0.000017,-0.002447,287.919067,0.999691,1.000502,-0.000010,1.000840,0.700000,0.700000,1.000000,0.000100000,0.000001113,0.059846,0.000000,-0.190476,0.182205,0.007258,-0.001435,0.700642,0.000000
64.900002,0.794137,491.967773,-0.000017,-0.002394,287.916809,0.999690,1.000503,-0.000010,1.000917,0.700000,0.700000,1.000000,0.000100000,0.000001113,0.059849,0.000000,-0.190476,0.182258,0.007262,-0.001438,0.700628,0.000000
65.000000,0.794345,491.953247,-0.000016,-0.002342,287.914551,0.999690,1.000504,-0.000010,1.000841,0.700000,0.700000,1.000000,0.000100000,0.000001113,0.059851,0.000000,-0.190476,0.182310,0.007265,-0.001440,0.700615,0.000000
65.099998,0.794551,491.938995,-0.000016,-0.002291,287.912354,0.999689,1.000505,-0.000010,1.000840,0.700000,0.700000,1.000000,0.000100000,0.000001113,0.059854,0.000000,-0.190476,0.182361,0.007268,-0.001443,0.700601,0.000000
65.199997,0.794756,491.924957,-0.000016,-0.002240,287.910187,0.999688,1.000506,-0.000010,1.000841,0.700000,0.700000,1.000000,0.000100000,0.000001113,0.059856,0.000000,-0.190476,0.182411,0.007271,-0.001446,0.700588,0.000000
65.299995,0.794959,491.911194,-0.000015,-0.002191,287.908020,0.999688,1.000507,-0.000010,1.000841,0.700000,0.700000,1.000000,0.000100000,0.000001113,0.059859,0.000000,-0.190476,0.182460,0.007274,-0.001449,0.700575,0.000000
65.400002,0.795161,491.897644,-0.000015,-0.002142,287.905914,0.999687,1.000508,-0.000010,1.000913,0.700000,0.700000,1.000000,0.000100000,0.000001113,0.059862,0.000000,-0.190476,0.182508,0.007277,-0.001451,0.700562,0.000000
65.500000,0.795361,491.884338,-0.000015,-0.002094,287.903839,0.999687,1.000509,-0.000010,1.000841,0.700000,0.700000,1.000000,0.000100000,0.000001113,0.059864,0.000000,-0.190476,0.182556,0.007280,-0.001454,0.700550,0.000000
65.599999,0.795560,491.871246,-0.000014,-0.002047,287.901764,0.999686,1.000510,-0.000010,1.000840,0.700000,0.700000,1.000000,0.000100000,0.000001113,0.059867,0.000000,-0.190476,0.182603,0.007283,-0.001457,0.700537,0.000000
65.699997,0.795758,491.858398,-0.000014,-0.002001,287.899750,0.999685,1.000511,-0.000010,1.000842,0.700000,0.700000,1.000000,0.000100000,0.000001113,0.059870,0.000000,-0.190476,0.182649,0.007286,-0.001459,0.700525,0.000000
65.799995,0.795954,491.845795,-0.000014,-0.001956,287.897736,0.999685,1.000512,-0.000010,1.000840,0.700000,0.700000,1.000000,0.000100000,0.000001113,0.059872,0.000000,-0.190476,0.182694,0.007289,-0.001462,0.700513,0.000000
65.900002,0.796148,491.833405,-0.000013,-0.001912,287.895783,0.999684,1.000513,-0.000010,1.000916,0.700000,0.700000,1.000000,0.000100000,0.000001113,0.059875,0.000000,-0.190476,0.182738,0.007292,-0.001465,0.700502,0.000000
66.000000,0.796341,491.821259,-0.000013,-0.001868,287.893829,0.999684,1.000514,-0.000010,1.000841,0.700000,0.700000,1.000000,0.000100000,0.000001113,0.059877,0.000000,-0.190476,0.182781,0.007295,-0.001468,0.700490,0.000000
66.099998,0.796532,491.809296,-0.000013,-0.001825,287.891907,0.999683,1.000515,-0.000010,1.000841,0.700000,0.700000,1.000000,0.000100000,0.000001113,0.059880,0.000000,-0.190476,0.182824,0.007297,-0.001470,0.700479,0.000000
66.199997,0.796723,491.797577,-0.000012,-0.001784,287.890045,0.999683,1.000516,-0.000010,1.000840,0.700000,0.700000,1.000000,0.000100000,0.000001113,0.059883,0.000000,-0.190476,0.182866,0.007300,-0.001473,0.700468,0.000000
66.299995,0.796912,491.786072,-0.000012,-0.001743,287.888184,0.999682,1.000517,-0.000010,1.000838,0.700000,0.700000,1.000000,0.000100000,0.000001113,0.059885,0.000000,-0.190476,0.182907,0.007303,-0.001476,0.700457,0.000000
66.400002,0.797099,491.774811,-0.000012,-0.001702,287.886353,0.999681,1.000517,-0.000010,1.000916,0.700000,0.700000,1.000000,0.000100000,0.000001113,0.059888,0.000000,-0.190476,0.182947,0.007305,-0.001478,0.700447,0.000000
66.500000,0.797285,491.763733,-0.000012,-0.001663,287.884552,0.999681,1.000518,-0.000010,1.000841,0.700000,0.700000,1.000000,0.000100000,0.000001113,0.059891,0.000000,-0.190476,0.182987,0.007308,-0.001481,0.700437,0.000000
66.599999,0.797469,491.752869,-0.000011,-0.001624,287.882782,0.999680,1.000519,-0.000010,1.000841,0.700000,0.700000,1.000000,0.000100000,0.000001113,0.059894,0.000000,-0.190476,0.183025,0.007310,-0.001484,0.700426,0.000000
66.699997,0.797652,491.742218,-0.000011,-0.001586,287.881012,0.999680,1.000520,-0.000010,1.000841,0.700000,0.700000,1.000000,0.000100000,0.000001113,0.059896,0.000000,-0.190476,0.183064,0.007313,-0.001486,0.700416,0.000000
66.799995,0.797833,491.731781,-0.000011,-0.001549,287.879303,0.999679,1.000521,-0.000010,1.000841,0.700000,0.700000,1.000000,0.000100000,0.000001113,0.059899,0.000000,-0.190476,0.183101,0.007315,-0.001489,0.700407,0.000000
66.900002,0.798013,491.721558,-0.000011,-0.001513,287.877594,0.999678,1.000522,-0.000010,1.000916,0.700000,0.700000,1.000000,0.000100000,0.000001113,0.059902,0.000000,-0.190476,0.183137,0.007318,-0.001492,0.700397,0.000000
67.000000,0.798192,491.711517,-0.000010,-0.001478,287.875946,0.999678,1.000523,-0.000010,1.000841,0.700000,0.700000,1.000000,0.000100000,0.000001113,0.059905,0.000000,-0.190476,0.183173,0.007320,-0.001495,0.700388,0.000000
67.099998,0.798370,491.701691,-0.000010,-0.001443,287.874298,0.999677,1.000524,-0.000010,1.000841,0.700000,0.700000,1.000000,0.000100000,0.000001113,0.059907,0.000000,-0.190476,0.183208,0.007322,-0.001497,0.700379,0.000000
67.199997,0.798546,491.692078,-0.000010,-0.001409,287.872681,0.999677,1.000525,-0.000010,1.000838,0.700000,0.700000,1.000000,0.000100000,0.000001113,0.059910,0.000000,-0.190476,0.183243,0.007325,-0.001500,0.700370,0.000000
67.299995,0.798720,491.682648,-0.000010,-0.001375,287.871094,0.999676,1.000526,-0.000011,1.000840,0.700000,0.700000,1.000000,0.000100000,0.000001113,0.059913,0.000000,-0.190476,0.183276,0.007327,-0.001502,0.700361,0.000000
67.400002,0.798892,491.673401,-0.000009,-0.001343,287.869507,0.999676,1.000527,-0.000011,1.000918,0.700000,0.700000,1.000000,0.000100000,0.000001113,0.059916,0.000000,-0.190476,0.183309,0.007329,-0.001505,0.700352,0.000000
67.500000,0.799064,491.664368,-0.000009,-0.001311,287.867981,0.999675,1.000528,-0.000011,1.000841,0.700000,0.700000,1.000000,0.000100000,0.000001113,0.059918,0.000000,-0.190476,0.183342,0.007331,-0.001508,0.700344,0.000000
67.599999,0.799235,491.655518,-0.000009,-0.001280,287.866455,0.999674,1.000529,-0.000011,1.000841,0.700000,0.700000,1.000000,0.000100000,0.000001113,0.059921,0.000000,-0.190476,0.183373,0.007334,-0.001511,0.700336,0.000000
67.699997,0.799403,491.646881,-0.000009,-0.001250,287.864960,0.999674,1.000530,-0.000011,1.000840,0.700000,0.700000,1.000000,0.000100000,0.000001113,0.059924,0.000000,-0.190476,0.183404,0.007336,-0.001513,0.700328,0.000000
67.799995,0.799570,491.638397,-0.000009,-0.001220,287.863495,0.999673,1.000530,-0.000011,1.000841,0.700000,0.700000,1.000000,0.000100000,0.000001113,0.059927,0.000000,-0.190476,0.183434,0.007338,-0.001516,0.700320,0.000000
67.900002,0.799737,491.630127,-0.000008,-0.001191,287.862061,0.999673,1.000531,-0.000011,1.000917,0.700000,0.700000,1.000000,0.000100000,0.000001113,0.059930,0.000000,-0.190476,0.183464,0.007340,-0.001518,0.700313,0.000000
68.000000,0.799901,491.622009,-0.000008,-0.001163,287.860657,0.999672,1.000532,-0.000011,1.000841,0.700000,0.700000,1.000000,0.000100000,0.000001113,0.059932,0.000000,-0.190476,0.183493,0.007342,-0.001521,0.700305,0.000000
68.099998,0.800064,491.614105,-0.000008,-0.001135,287.859253,0.999672,1.000533,-0.000011,1.000838,0.700000,0.700000,1.000000,0.000100000,0.000001113,0.059935,0.000000,-0.190476,0.183521,0.007344,-0.001524,0.700298,0.000000
68.199997,0.800226,491.606384,-0.000008,-0.001108,287.857880,0.999671,1.000534,-0.000011,1.000841,0.700000,0.700000,1.000000,0.000100000,0.000001113,0.059938,0.000000,-0.190476,0.183549,0.007346,-0.001526,0.700291,0.000000
68.299995,0.800387,491.598816,-0.000008,-0.001082,287.856537,0.999670,1.000535,-0.000011,1.000840,0.700000,0.700000,1.000000,0.000100000,0.000001113,0.059941,0.000000,-0.190476,0.183576,0.007348,-0.001529,0.700284,0.000000
68.400002,0.800545,491.591431,-0.000007,-0.001056,287.855225,0.999670,1.000536,-0.000011,1.000917,0.700000,0.700000,1.000000,0.000100000,0.000001113,0.059944,0.000000,-0.190476,0.183602,0.007350,-0.001532,0.700277,0.000000
68.500000,0.800703,491.584229,-0.000007,-0.001031,287.853912,0.999669,1.000537,-0.000011,1.000841,0.700000,0.700000,1.000000,0.000100000,0.000001113,0.059946,0.000000,-0.190476,0.183628,0.007352,-0.001534,0.700271,0.000000
68.599999,0.800860,491.577210,-0.000007,-0.001007,287.852631,0.999669,1.000538,-0.000011,1.000841,0.700000,0.700000,1.000000,0.000100000,0.000001113,0.059949,0.000000,-0.190476,0.183653,0.007353,-0.001537,0.700264,0.000000
68.699997,0.801015,491.570343,-0.000007,-0.000983,287.851379,0.999668,1.000539,-0.000011,1.000840,0.700000,0.700000,1.000000,0.000100000,0.000001113,0.059952,0.000000,-0.190476,0.183677,0.007355,-0.001540,0.700258,0.000000
68.799995,0.801168,491.563629,-0.000007,-0.000960,287.850128,0.999668,1.000540,-0.000011,1.000842,0.700000,0.700000,1.000000,0.000100000,0.000001113,0.059955,0.000000,-0.190476,0.183701,0.007357,-0.001542,0.700252,0.000000
68.900002,0.801321,491.557098,-0.000007,-0.000938,287.848938,0.999667,1.000541,-0.000011,1.000917,0.700000,0.700000,1.000000,0.000100000,0.000001113,0.059958,0.000000,-0.190476,0.183725,0.007359,-0.001545,0.700246,0.000000
69.000000,0.801470,491.550751,-0.000006,-0.000916,287.847748,0.999666,1.000542,-0.000011,1.000837,0.700000,0.700000,1.000000,0.000100000,0.000001113,0.059960,0.000000,-0.190476,0.183747,0.007360,-0.001547,0.700240,0.000000
69.099998,0.801621,491.544556,-0.000006,-0.000895,287.846558,0.999666,1.000543,-0.000011,1.000841,0.700000,0.700000,1.000000,0.000100000,0.000001113,0.059963,0.000000,-0.190476,0.183769,0.007362,-0.001550,0.700235,0.000000
69.199997,0.801770,491.538513,-0.000006,-0.000874,287.845428,0.999665,1.000543,-0.000011,1.000840,0.700000,0.700000,1.000000,0.000100000,0.000001113,0.059966,0.000000,-0.190476,0.183791,0.007364,-0.001553,0.700229,0.000000
69.299995,0.801916,491.532654,-0.000006,-0.000855,287.844299,0.999665,1.000544,-0.000011,1.000841,0.700000,0.700000,1.000000,0.000100000,0.000001113,0.059969,0.000000,-0.190476,0.183812,0.007365,-0.001556,0.700224,0.000000
69.400002,0.802061,491.526917,-0.000006,-0.000835,287.843201,0.999664,1.000545,-0.000011,1.000918,0.700000,0.700000,1.000000,0.000100000,0.000001113,0.059972,0.000000,-0.190476,0.183832,0.007367,-0.001558,0.700219,0.000000
69.500000,0.802206,491.521362,-0.000006,-0.000816,287.842102,0.999664,1.000546,-0.000011,1.000840,0.700000,0.700000,1.000000,0.000100000,0.000001113,0.059975,0.000000,-0.190476,0.183852,0.007368,-0.001561,0.700214,0.000000
69.599999,0.802349,491.515961,-0.000006,-0.000798,287.841064,0.999663,1.000547,-0.000011,1.000841,0.700000,0.700000,1.000000,0.000100000,0.000001113,0.059977,0.000000,-0.190476,0.183872,0.007370,-0.001563,0.700209,0.000000
69.699997,0.802490,491.510712,-0.000005,-0.000780,287.839996,0.999662,1.000548,-0.000011,1.000841,0.700000,0.700000,1.000000,0.000100000,0.000001113,0.059980,0.000000,-0.190476,0.183890,0.007371,-0.001566,0.700205,0.000000
69.799995,0.802630,491.505615,-0.000005,-0.000763,287.838989,0.999662,1.000549,-0.000011,1.000840,0.700000,0.700000,1.000000,0.000100000,0.000001113,0.059983,0.000000,-0.190476,0.183909,0.007373,-0.001568,0.700200,0.000000
69.900002,0.802770,491.500641,-0.000005,-0.000747,287.837982,0.999661,1.000550,-0.000011,1.000915,0.700000,0.700000,1.000000,0.000100000,0.000001113,0.059986,0.000000,-0.190476,0.183926,0.007374,-0.001571,0.700196,0.000000
70.000000,0.802908,491.495850,-0.000005,-0.000731,287.837006,0.999661,1.000551,-0.000011,1.000840,0.700000,0.700000,1.000000,0.000100000,0.000001113,0.059989,0.000000,-0.190476,0.183943,0.007376,-0.001574,0.700192,0.000000
70.099998,0.803043,491.491180,-0.000005,-0.000715,287.836029,0.999660,1.000552,-0.000011,1.000841,0.700000,0.700000,1.000000,0.000100000,0.000001113,0.059992,0.000000,-0.190476,0.183960,0.007377,-0.001576,0.700188,0.000000
70.199997,0.803180,491.486664,-0.000005,-0.000701,287.835114,0.999660,1.000553,-0.000011,1.000841,0.700000,0.700000,1.000000,0.000100000,0.000001113,0.059994,0.000000,-0.190476,0.183976,0.007378,-0.001579,0.700184,0.000000
70.299995,0.803313,491.482300,-0.000005,-0.000686,287.834168,0.999659,1.000553,-0.000011,1.000842,0.700000,0.700000,1.000000,0.000100000,0.000001113,0.059997,0.000000,-0.190476,0.183992,0.007380,-0.001581,0.700180,0.000000
70.400002,0.803446,491.478058,-0.000005,-0.000672,287.833283,0.999658,1.000554,-0.000011,1.000916,0.700000,0.700000,1.000000,0.000100000,0.000001113,0.060000,0.000000,-0.190476,0.184007,0.007381,-0.001584,0.700177,0.000000
70.500000,0.803577,491.473969,-0.000005,-0.000659,287.832397,0.999658,1.000555,-0.000011,1.000841,0.700000,0.700000,1.000000,0.000100000,0.000001113,0.060003,0.000000,-0.190476,0.184022,0.007382,-0.001587,0.700173,0.000000
70.599999,0.803707,491.470032,-0.000005,-0.000646,287.831512,0.999657,1.000556,-0.000011,1.000841,0.700000,0.700000,1.000000,0.000100000,0.000001113,0.060006,0.000000,-0.190476,0.184036,0.007384,-0.001589,0.700170,0.000000
70.699997,0.803835,491.466187,-0.000004,-0.000634,287.830658,0.999657,1.000557,-0.000011,1.000840,0.700000,0.700000,1.000000,0.000100000,0.000001113,0.060009,0.000000,-0.190476,0.184049,0.007385,-0.001592,0.700166,0.000000
70.799995,0.803964,491.462524,-0.000004,-0.000623,287.829834,0.999656,1.000558,-0.000011,1.000838,0.700000,0.700000,1.000000,0.000100000,0.000001113,0.060011,0.000000,-0.190476,0.184062,0.007386,-0.001595,0.700163,0.000000
70.900002,0.804090,491.458954,-0.000004,-0.000611,287.829041,0.999656,1.000559,-0.000011,1.000917,0.700000,0.700000,1.000000,0.000100000,0.000001113,0.060014,0.000000,-0.190476,0.184075,0.007387,-0.001597,0.700160,0.000000
71.000000,0.804214,491.455536,-0.000004,-0.000600,287.828247,0.999655,1.000560,-0.000011,1.000841,0.700000,0.700000,1.000000,0.000100000,0.000001113,0.060017,0.000000,-0.190476,0.184087,0.007388,-0.001600,0.700158,0.000000
71.099998,0.804338,491.452240,-0.000004,-0.000590,287.827454,0.999655,1.000561,-0.000011,1.000840,0.700000,0.700000,1.000000,0.000100000,0.000001113,0.060020,0.000000,-0.190476,0.184099,0.007389,-0.001603,0.700155,0.000000
71.199997,0.804461,491.449097,-0.000004,-0.000580,287.826691,0.999654,1.000562,-0.000011,1.000841,0.700000,0.700000,1.000000,0.000100000,0.000001113,0.060023,0.000000,-0.190476,0.184110,0.007390,-0.001605,0.700152,0.000000
71.299995,0.804583,491.446045,-0.000004,-0.000571,287.825958,0.999653,1.000563,-0.000011,1.000841,0.700000,0.700000,1.000000,0.000100000,0.000001113,0.060025,0.000000,-0.190476,0.184121,0.007391,-0.001608,0.700150,0.000000
71.400002,0.804701,491.443115,-0.000004,-0.000562,287.825226,0.999653,1.000564,-0.000011,1.000917,0.700000,0.700000,1.000000,0.000100000,0.000001113,0.060028,0.000000,-0.190476,0.184132,0.007393,-0.001610,0.700147,0.000000
71.500000,0.804821,491.440338,-0.000004,-0.000554,287.824524,0.999652,1.000564,-0.000011,1.000841,0.700000,0.700000,1.000000,0.000100000,0.000001113,0.060031,0.000000,-0.190476,0.184142,0.007394,-0.001613,0.700145,0.000000
71.599999,0.804938,491.437683,-0.000004,-0.000546,287.823853,0.999652,1.000565,-0.000011,1.000840,0.700000,0.700000,1.000000,0.000100000,0.000001113,0.060034,0.000000,-0.190476,0.184151,0.007394,-0.001615,0.700143,0.000000
71.699997,0.805054,491.435120,-0.000004,-0.000538,287.823151,0.999651,1.000566,-0.000011,1.000837,0.700000,0.700000,1.000000,0.000100000,0.000001113,0.060037,0.000000,-0.190476,0.184160,0.007395,-0.001618,0.700141,0.000000
71.799995,0.805169,491.432678,-0.000004,-0.000531,287.822510,0.999651,1.000567,-0.000011,1.000841,0.700000,0.700000,1.000000,0.000100000,0.000001113,0.060039,0.000000,-0.190476,0.184169,0.007396,-0.001621,0.700139,0.000000
71.900002,0.805283,491.430359,-0.000004,-0.000525,287.821869,0.999650,1.000568,-0.000011,1.000917,0.700000,0.700000,1.000000,0.000100000,0.000001113,0.060042,0.000000,-0.190476,0.184177,0.007397,-0.001623,0.700138,0.000000
72.000000,0.805397,491.428162,-0.000004,-0.000519,287.821228,0.999650,1.000569,-0.000011,1.000840,0.700000,0.700000,1.000000,0.000100000,0.000001113,0.060045,0.000000,-0.190476,0.184185,0.007398,-0.001626,0.700136,0.000000
72.099998,0.805509,491.426086,-0.000004,-0.000513,287.820648,0.999649,1.000570,-0.000011,1.000841,0.700000,0.700000,1.000000,0.000100000,0.000001113,0.060048,0.000000,-0.190476,0.184193,0.007399,-0.001628,0.700135,0.000000
72.199997,0.805618,491.424103,-0.000004,-0.000507,287.820038,0.999648,1.000571,-0.000011,1.000841,0.700000,0.700000,1.000000,0.000100000,0.000001113,0.060050,0.000000,-0.190476,0.184200,0.007400,-0.001631,0.700133,0.000000
72.299995,0.805729,491.422241,-0.000004,-0.000503,287.819458,0.999648,1.000572,-0.000011,1.000840,0.700000,0.700000,1.000000,0.000100000,0.000001113,0.060053,0.000000,-0.190476,0.184206,0.007401,-0.001634,0.700132,0.000000
72.400002,0.805836,491.420502,-0.000003,-0.000498,287.818909,0.999647,1.000573,-0.000011,1.000917,0.700000,0.700000,1.000000,0.000100000,0.000001113,0.060056,0.000000,-0.190476,0.184212,0.007402,-0.001636,0.700131,0.000000
72.500000,0.805942,491.418854,-0.000003,-0.000494,287.818359,0.999647,1.000574,-0.000011,1.000841,0.700000,0.700000,1.000000,0.000100000,0.000001113,0.060059,0.000000,-0.190476,0.184218,0.007402,-0.001639,0.700130,0.000000
72.599999,0.806048,491.417297,-0.000003,-0.000490,287.817810,0.999646,1.000574,-0.000011,1.000837,0.700000,0.700000,1.000000,0.000100000,0.000001113,0.060061,0.000000,-0.190476,0.184224,0.007403,-0.001641,0.700129,0.000000
72.699997,0.806153,491.415863,-0.000003,-0.000487,287.817291,0.999646,1.000575,-0.000012,1.000842,0.700000,0.700000,1.000000,0.000100000,0.000001113,0.060064,0.000000,-0.190476,0.184229,0.007404,-0.001644,0.700128,0.000000
72.799995,0.806257,491.414551,-0.000003,-0.000484,287.816803,0.999645,1.000576,-0.000012,1.000840,0.700000,0.700000,1.000000,0.000100000,0.000001113,0.060067,0.000000,-0.190476,0.184234,0.007405,-0.001646,0.700127,0.000000
72.900002,0.806360,491.413300,-0.000003,-0.000482,287.816315,0.999645,1.000577,-0.000012,1.000917,0.700000,0.700000,1.000000,0.000100000,0.000001113,0.060070,0.000000,-0.190476,0.184238,0.007405,-0.001649,0.700126,0.000000
73.000000,0.806462,491.412170,-0.000003,-0.000479,287.815857,0.999644,1.000578,-0.000012,1.000841,0.700000,0.700000,1.000000,0.000100000,0.000001113,0.060072,0.000000,-0.190476,0.184242,0.007406,-0.001651,0.700126,0.000000
73.099998,0.806560,491.411163,-0.000003,-0.000478,287.815369,0.999643,1.000579,-0.000012,1.000841,0.700000,0.700000,1.000000,0.000100000,0.000001113,0.060075,0.000000,-0.190476,0.184246,0.007407,-0.001654,0.700125,0.000000
73.199997,0.806661,491.410217,-0.000003,-0.000476,287.814941,0.999643,1.000580,-0.000012,1.000840,0.700000,0.700000,1.000000,0.000100000,0.000001113,0.060078,0.000000,-0.190476,0.184249,0.007407,-0.001656,0.700125,0.000000
73.299995,0.806758,491.409393,-0.000003,-0.000475,287.814514,0.999642,1.000581,-0.000012,1.000841,0.700000,0.700000,1.000000,0.000100000,0.000001113,0.060081,0.000000,-0.190476,0.184252,0.007408,-0.001659,0.700125,0.000000
73.400002,0.806854,491.408630,-0.000003,-0.000474,287.814087,0.999642,1.000582,-0.000012,1.000917,0.700000,0.700000,1.000000,0.000100000,0.000001113,0.060083,0.000000,-0.190476,0.184255,0.007408,-0.001661,0.700124,0.000000
73.500000,0.806950,491.407990,-0.000003,-0.000474,287.813690,0.999641,1.000582,-0.000012,1.000837,0.700000,0.700000,1.000000,0.000100000,0.000001113,0.060086,0.000000,-0.190476,0.184257,0.007409,-0.001664,0.700124,0.000000
73.599999,0.807044,491.407440,-0.000003,-0.000474,287.813293,0.999641,1.000583,-0.000012,1.000841,0.700000,0.700000,1.000000,0.000100000,0.000001113,0.060089,0.000000,-0.190476,0.184259,0.007410,-0.001667,0.700124,0.000000
73.699997,0.807138,491.406982,-0.000003,-0.000475,287.812927,0.999640,1.000584,-0.000012,1.000841,0.700000,0.700000,1.000000,0.000100000,0.000001113,0.060091,0.000000,-0.190476,0.184261,0.007410,-0.001669,0.700125,0.000000
73.799995,0.807231,491.406616,-0.000003,-0.000475,287.812561,0.999640,1.000585,-0.000012,1.000840,0.700000,0.700000,1.000000,0.000100000,0.000001113,0.060094,0.000000,-0.190476,0.184262,0.007411,-0.001672,0.700125,0.000000
73.900002,0.807323,491.406311,-0.000003,-0.000476,287.812195,0.999639,1.000586,-0.000012,1.000918,0.700000,0.700000,1.000000,0.000100000,0.000001113,0.060097,0.000000,-0.190476,0.184263,0.007411,-0.001674,0.700125,0.000000
74.000000,0.807411,491.406128,-0.000003,-0.000478,287.811859,0.999638,1.000587,-0.000012,1.000840,0.700000,0.700000,1.000000,0.000100000,0.000001113,0.060099,0.000000,-0.190476,0.184264,0.007412,-0.001677,0.700125,0.000000
74.099998,0.807502,491.406006,-0.000003,-0.000479,287.811523,0.999638,1.000588,-0.000012,1.000841,0.700000,0.700000,1.000000,0.000100000,0.000001113,0.060102,0.000000,-0.190476,0.184264,0.007412,-0.001679,0.700126,0.000000
74.199997,0.807589,491.405975,-0.000003,-0.000481,287.811218,0.999637,1.000589,-0.000012,1.000840,0.700000,0.700000,1.000000,0.000100000,0.000001113,0.060104,0.000000,-0.190476,0.184264,0.007413,-0.001682,0.700126,0.000000
74.299995,0.807677,491.406036,-0.000003,-0.000484,287.810913,0.999637,1.000590,-0.000012,1.000841,0.700000,0.700000,1.000000,0.000100000,0.000001113,0.060107,0.000000,-0.190476,0.184264,0.007413,-0.001685,0.700127,0.000000
74.400002,0.807763,491.406158,-0.000003,-0.000486,287.810638,0.999636,1.000590,-0.000012,1.000914,0.700000,0.700000,1.000000,0.000100000,0.000001113,0.060110,0.000000,-0.190476,0.184264,0.007413,-0.001687,0.700128,0.000000
74.500000,0.807848,491.406372,-0.000003,-0.000489,287.810364,0.999636,1.000591,-0.000012,1.000841,0.700000,0.700000,1.000000,0.000100000,0.000001113,0.060112,0.000000,-0.190476,0.184263,0.007414,-0.001690,0.700128,0.000000
74.599999,0.807931,491.406677,-0.000003,-0.000492,287.810089,0.999635,1.000592,-0.000012,1.000841,0.700000,0.700000,1.000000,0.000100000,0.000001113,0.060115,0.000000,-0.190476,0.184262,0.007414,-0.001692,0.700129,0.000000
74.699997,0.808014,491.407043,-0.000003,-0.000496,287.809845,0.999635,1.000593,-0.000012,1.000841,0.700000,0.700000,1.000000,0.000100000,0.000001113,0.060118,0.000000,-0.190476,0.184261,0.007415,-0.001695,0.700130,0.000000
74.799995,0.808096,491.407501,-0.000003,-0.000500,287.809601,0.999634,1.000594,-0.000012,1.000841,0.700000,0.700000,1.000000,0.000100000,0.000001113,0.060120,0.000000,-0.190476,0.184259,0.007415,-0.001697,0.700131,0.000000
74.900002,0.808178,491.408020,-0.000004,-0.000504,287.809357,0.999633,1.000595,-0.000012,1.000917,0.700000,0.700000,1.000000,0.000100000,0.000001113,0.060123,0.000000,-0.190476,0.184257,0.007415,-0.001700,0.700132,0.000000
75.000000,0.808256,491.408630,-0.000004,-0.000508,287.809143,0.999633,1.000596,-0.000012,1.000841,0.700000,0.700000,1.000000,0.000100000,0.000001113,0.060125,0.000000,-0.190476,0.184255,0.007416,-0.001702,0.700133,0.000000
75.099998,0.808335,491.409302,-0.000004,-0.000513,287.808929,0.999632,1.000597,-0.000012,1.000841,0.700000,0.700000,1.000000,0.000100000,0.000001113,0.060128,0.000000,-0.190476,0.184252,0.007416,-0.001705,0.700135,0.000000
75.199997,0.808412,491.410065,-0.000004,-0.000518,287.808746,0.999632,1.000598,-0.000012,1.000840,0.700000,0.700000,1.000000,0.000100000,0.000001113,0.060130,0.000000,-0.190476,0.184250,0.007416,-0.001707,0.700136,0.000000
75.299995,0.808490,491.410858,-0.000004,-0.000523,287.808563,0.999631,1.000599,-0.000012,1.000838,0.700000,0.700000,1.000000,0.000100000,0.000001113,0.060133,0.000000,-0.190476,0.184247,0.007416,-0.001710,0.700137,0.000000
75.400002,0.808565,491.411743,-0.000004,-0.000528,287.808380,0.999631,1.000599,-0.000012,1.000917,0.700000,0.700000,1.000000,0.000100000,0.000001113,0.060135,0.000000,-0.190476,0.184244,0.007417,-0.001713,0.700139,0.000000
75.500000,0.808641,491.412720,-0.000004,-0.000534,287.808197,0.999630,1.000600,-0.000012,1.000841,0.700000,0.700000,1.000000,0.000100000,0.000001113,0.060138,0.000000,-0.190476,0.184240,0.007417,-0.001715,0.700140,0.000000
75.599999,0.808714,491.413727,-0.000004,-0.000540,287.808044,0.999630,1.000601,-0.000012,1.000840,0.700000,0.700000,1.000000,0.000100000,0.000001113,0.060140,0.000000,-0.190476,0.184237,0.007417,-0.001718,0.700142,0.000000
75.699997,0.808787,491.414825,-0.000004,-0.000546,287.807892,0.999629,1.000602,-0.000012,1.000841,0.700000,0.700000,1.000000,0.000100000,0.000001113,0.060143,0.000000,-0.190476,0.184233,0.007417,-0.001720,0.700143,0.000000
75.799995,0.808858,491.415985,-0.000004,-0.000553,287.807770,0.999629,1.000603,-0.000012,1.000841,0.700000,0.700000,1.000000,0.000100000,0.000001113,0.060145,0.000000,-0.190476,0.184229,0.007417,-0.001723,0.700145,0.000000
75.900002,0.808929,491.417206,-0.000004,-0.000559,287.807648,0.999628,1.000604,-0.000012,1.000918,0.700000,0.700000,1.000000,0.000100000,0.000001113,0.060148,0.000000,-0.190476,0.184224,0.007418,-0.001725,0.700147,0.000000
76.000000,0.808999,491.418488,-0.000004,-0.000567,287.807526,0.999627,1.000605,-0.000012,1.000840,0.700000,0.700000,1.000000,0.000100000,0.000001113,0.060150,0.000000,-0.190476,0.184220,0.007418,-0.001728,0.700149,0.000000
76.099998,0.809069,491.419830,-0.000004,-0.000574,287.807434,0.999627,1.000606,-0.000012,1.000841,0.700000,0.700000,1.000000,0.000100000,0.000001113,0.060153,0.000000,-0.190476,0.184215,0.007418,-0.001730,0.700151,0.000000
76.199997,0.809137,491.421204,-0.000004,-0.000581,287.807312,0.999626,1.000606,-0.000012,1.000838,0.700000,0.700000,1.000000,0.000100000,0.000001113,0.060155,0.000000,-0.190476,0.184210,0.007418,-0.001733,0.700152,0.000000
76.299995,0.809205,491.422668,-0.000004,-0.000589,287.807251,0.999626,1.000607,-0.000012,1.000841,0.700000,0.700000,1.000000,0.000100000,0.000001113,0.060158,0.000000,-0.190476,0.184205,0.007418,-0.001735,0.700155,0.000000
76.400002,0.809269,491.424194,-0.000004,-0.000596,287.807159,0.999625,1.000608,-0.000012,1.000917,0.700000,0.700000,1.000000,0.000100000,0.000001113,0.060160,0.000000,-0.190476,0.184199,0.007418,-0.001738,0.700157,0.000000
76.500000,0.809336,491.425781,-0.000004,-0.000605,287.807098,0.999625,1.000609,-0.000012,1.000841,0.700000,0.700000,1.000000,0.000100000,0.000001113,0.060163,0.000000,-0.190476,0.184194,0.007418,-0.001740,0.700159,0.000000
76.599999,0.809401,491.427399,-0.000004,-0.000613,287.807037,0.999624,1.000610,-0.000012,1.000841,0.700000,0.700000,1.000000,0.000100000,0.000001113,0.060165,0.000000,-0.190476,0.184188,0.007419,-0.001743,0.700161,0.000000
76.699997,0.809463,491.429108,-0.000004,-0.000621,287.806976,0.999624,1.000611,-0.000012,1.000840,0.700000,0.700000,1.000000,0.000100000,0.000001113,0.060167,0.000000,-0.190476,0.184182,0.007419,-0.001745,0.700163,0.000000
76.799995,0.809527,491.430847,-0.000004,-0.000630,287.806946,0.999623,1.000612,-0.000012,1.000841,0.700000,0.700000,1.000000,0.000100000,0.000001113,0.060170,0.000000,-0.190476,0.184176,0.007419,-0.001748,0.700165,0.000000
76.900002,0.809588,491.432648,-0.000004,-0.000639,287.806915,0.999623,1.000613,-0.000012,1.000917,0.700000,0.700000,1.000000,0.000100000,0.000001113,0.060172,0.000000,-0.190476,0.184169,0.007419,-0.001750,0.700168,0.000000
77.000000,0.809648,491.434479,-0.000005,-0.000648,287.806885,0.999622,1.000614,-0.000012,1.000840,0.700000,0.700000,1.000000,0.000100000,0.000001113,0.060174,0.000000,-0.190476,0.184163,0.007419,-0.001753,0.700170,0.000000
77.099998,0.809708,491.436401,-0.000005,-0.000657,287.806854,0.999621,1.000614,-0.000012,1.000837,0.700000,0.700000,1.000000,0.000100000,0.000001113,0.060177,0.000000,-0.190476,0.184156,0.007419,-0.001755,0.700173,0.000000
77.199997,0.809768,491.438355,-0.000005,-0.000667,287.806854,0.999621,1.000615,-0.000012,1.000842,0.700000,0.700000,1.000000,0.000100000,0.000001113,0.060179,0.000000,-0.190476,0.184149,0.007419,-0.001758,0.700175,0.000000
77.299995,0.809826,491.440338,-0.000005,-0.000676,287.806854,0.999620,1.000616,-0.000012,1.000840,0.700000,0.700000,1.000000,0.000100000,0.000001113,0.060182,0.000000,-0.190476,0.184142,0.007419,-0.001761,0.700178,0.000000
77.400002,0.809883,491.442383,-0.000005,-0.000686,287.806854,0.999620,1.000617,-0.000012,1.000917,0.700000,0.700000,1.000000,0.000100000,0.000001113,0.060184,0.000000,-0.190476,0.184134,0.007419,-0.001763,0.700180,0.000000
77.500000,0.809939,491.444489,-0.000005,-0.000696,287.806885,0.999619,1.000618,-0.000012,1.000841,0.700000,0.700000,1.000000,0.000100000,0.000001113,0.060186,0.000000,-0.190476,0.184127,0.007419,-0.001766,0.700183,0.000000
77.599999,0.809995,491.446625,-0.000005,-0.000706,287.806885,0.999619,1.000619,-0.000012,1.000840,0.700000,0.700000,1.000000,0.000100000,0.000001113,0.060188,0.000000,-0.190476,0.184119,0.007419,-0.001768,0.700185,0.000000
77.699997,0.810049,491.448822,-0.000005,-0.000717,287.806915,0.999618,1.000620,-0.000012,1.000841,0.700000,0.700000,1.000000,0.000100000,0.000001113,0.060191,0.000000,-0.190476,0.184111,0.007419,-0.001770,0.700188,0.000000
77.799995,0.810104,491.451050,-0.000005,-0.000727,287.806976,0.999618,1.000621,-0.000012,1.000840,0.700000,0.700000,1.000000,0.000100000,0.000001113,0.060193,0.000000,-0.190476,0.184103,0.007419,-0.001773,0.700191,0.000000
77.900002,0.810157,491.453308,-0.000005,-0.000738,287.807007,0.999617,1.000621,-0.000012,1.000917,0.700000,0.700000,1.000000,0.000100000,0.000001113,0.060195,0.000000,-0.190476,0.184095,0.007419,-0.001776,0.700194,0.000000
78.000000,0.810210,491.455627,-0.000005,-0.000749,287.807068,0.999617,1.000622,-0.000012,1.000838,0.700000,0.700000,1.000000,0.000100000,0.000001113,0.060198,0.000000,-0.190476,0.184087,0.007418,-0.001778,0.700197,0.000000
78.099998,0.810259,491.457977,-0.000005,-0.000760,287.807129,0.999616,1.000623,-0.000012,1.000840,0.700000,0.700000,1.000000,0.000100000,0.000001113,0.060200,0.000000,-0.190476,0.184079,0.007418,-0.001781,0.700199,0.000000
78.199997,0.810310,491.460388,-0.000005,-0.000771,287.807190,0.999615,1.000624,-0.000012,1.000841,0.700000,0.700000,1.000000,0.000100000,0.000001113,0.060202,0.000000,-0.190476,0.184070,0.007418,-0.001783,0.700202,0.000000
78.299995,0.810361,491.462830,-0.000005,-0.000782,287.807251,0.999615,1.000625,-0.000013,1.000841,0.700000,0.700000,1.000000,0.000100000,0.000001113,0.060204,0.000000,-0.190476,0.184061,0.007418,-0.001786,0.700205,0.000000
78.400002,0.810408,491.465302,-0.000006,-0.000794,287.807343,0.999614,1.000626,-0.000013,1.000917,0.700000,0.700000,1.000000,0.000100000,0.000001113,0.060206,0.000000,-0.190476,0.184052,0.007418,-0.001788,0.700208,0.000000
78.500000,0.810457,491.467804,-0.000006,-0.000805,287.807434,0.999614,1.000627,-0.000013,1.000841,0.700000,0.700000,1.000000,0.000100000,0.000001113,0.060209,0.000000,-0.190476,0.184044,0.007418,-0.001791,0.700211,0.000000
78.599999,0.810506,491.470367,-0.000006,-0.000817,287.807526,0.999613,1.000628,-0.000013,1.000841,0.700000,0.700000,1.000000,0.000100000,0.000001113,0.060211,0.000000,-0.190476,0.184034,0.007418,-0.001793,0.700214,0.000000
78.699997,0.810551,491.472961,-0.000006,-0.000829,287.807617,0.999613,1.000628,-0.000013,1.000841,0.700000,0.700000,1.000000,0.000100000,0.000001113,0.060213,0.000000,-0.190476,0.184025,0.007418,-0.001796,0.700218,0.000000
78.799995,0.810598,491.475586,-0.000006,-0.000841,287.807739,0.999612,1.000629,-0.000013,1.000841,0.700000,0.700000,1.000000,0.000100000,0.000001113,0.060215,0.000000,-0.190476,0.184016,0.007418,-0.001798,0.700221,0.000000
78.900002,0.810642,491.478241,-0.000006,-0.000853,287.807831,0.999612,1.000630,-0.000013,1.000914,0.700000,0.700000,1.000000,0.000100000,0.000001113,0.060217,0.000000,-0.190476,0.184006,0.007417,-0.001801,0.700224,0.000000
79.000000,0.810685,491.480927,-0.000006,-0.000865,287.807953,0.999611,1.000631,-0.000013,1.000840,0.700000,0.700000,1.000000,0.000100000,0.000001113,0.060219,0.000000,-0.190476,0.183997,0.007417,-0.001803,0.700227,0.000000
79.099998,0.810730,491.483643,-0.000006,-0.000878,287.808075,0.999611,1.000632,-0.000013,1.000841,0.700000,0.700000,1.000000,0.000100000,0.000001113,0.060221,0.000000,-0.190476,0.183987,0.007417,-0.001806,0.700231,0.000000
79.199997,0.810772,491.486420,-0.000006,-0.000891,287.808228,0.999610,1.000633,-0.000013,1.000841,0.700000,0.700000,1.000000,0.000100000,0.000001113,0.060224,0.000000,-0.190476,0.183977,0.007417,-0.001808,0.700234,0.000000
79.299995,0.810813,491.489197,-0.000006,-0.000903,287.808350,0.999610,1.000634,-0.000013,1.000840,0.700000,0.700000,1.000000,0.000100000,0.000001113,0.060226,0.000000,-0.190476,0.183967,0.007417,-0.001811,0.700237,0.000000
79.400002,0.810856,491.492004,-0.000006,-0.000916,287.808502,0.999609,1.000635,-0.000013,1.000918,0.700000,0.700000,1.000000,0.000100000,0.000001113,0.060228,0.000000,-0.190476,0.183957,0.007416,-0.001813,0.700240,0.000000
79.500000,0.810896,491.494843,-0.000007,-0.000929,287.808655,0.999608,1.000636,-0.000013,1.000840,0.700000,0.700000,1.000000,0.000100000,0.000001113,0.060230,0.000000,-0.190476,0.183947,0.007416,-0.001816,0.700244,0.000000
79.599999,0.810935,491.497742,-0.000007,-0.000942,287.808807,0.999608,1.000636,-0.000013,1.000841,0.700000,0.700000,1.000000,0.000100000,0.000001113,0.060232,0.000000,-0.190476,0.183937,0.007416,-0.001818,0.700247,0.000000
79.699997,0.810974,491.500641,-0.000007,-0.000955,287.808960,0.999607,1.000637,-0.000013,1.000841,0.700000,0.700000,1.000000,0.000100000,0.000001113,0.060234,0.000000,-0.190476,0.183926,0.007416,-0.001821,0.700251,0.000000
79.799995,0.811012,491.503571,-0.000007,-0.000968,287.809113,0.999607,1.000638,-0.000013,1.000838,0.700000,0.700000,1.000000,0.000100000,0.000001113,0.060236,0.000000,-0.190476,0.183916,0.007416,-0.001823,0.700254,0.000000
79.900002,0.811049,491.506531,-0.000007,-0.000981,287.809296,0.999606,1.000639,-0.000013,1.000917,0.700000,0.700000,1.000000,0.000100000,0.000001113,0.060238,0.000000,-0.190476,0.183905,0.007415,-0.001826,0.700258,0.000000
80.000000,0.811087,491.509491,-0.000007,-0.000995,287.809448,0.999606,1.000640,-0.000013,1.000841,0.700000,0.700000,1.000000,0.000100000,0.000001113,0.060240,0.000000,-0.190476,0.183895,0.007415,-0.001828,0.700261,0.000000
80.099998,0.814229,491.513916,0.000020,0.002847,287.809631,0.999605,1.000641,-0.000013,1.000840,0.701013,0.750000,1.000000,0.000100000,0.000001113,0.060242,0.000000,-0.186616,0.183879,0.007415,-0.001831,0.700266,0.000000
80.199997,0.817602,491.521362,0.000047,0.006678,287.809845,0.999605,1.000642,-0.000013,1.000838,0.702027,0.750000,1.000000,0.000100000,0.000001113,0.060245,0.000000,-0.182756,0.183852,0.007415,-0.001833,0.700274,0.000000
80.299995,0.821109,491.532013,0.000073,0.010497,287.810059,0.999604,1.000642,-0.000013,1.000841,0.703040,0.750000,1.000000,0.000100000,0.000001113,0.060248,0.000000,-0.178896,0.183814,0.007414,-0.001835,0.700284,0.000000
80.400002,0.824744,491.545960,0.000100,0.014305,287.810333,0.999604,1.000643,-0.000013,1.000918,0.704053,0.750000,1.000000,0.000100000,0.000001113,0.060252,0.000000,-0.175036,0.183764,0.007414,-0.001838,0.700298,0.000000
80.500000,0.828501,491.563293,0.000127,0.018100,287.810638,0.999603,1.000644,-0.000013,1.000840,0.705066,0.750000,1.000000,0.000100000,0.000001113,0.060257,0.000000,-0.171176,0.183703,0.007413,-0.001840,0.700315,0.000000
80.599999,0.832377,491.584106,0.000153,0.021883,287.811035,0.999603,1.000645,-0.000013,1.000840,0.706080,0.750000,1.000000,0.000100000,0.000001113,0.060262,0.000000,-0.167316,0.183628,0.007413,-0.001842,0.700335,0.000000
80.699997,0.836368,491.608521,0.000180,0.025653,287.811462,0.999602,1.000646,-0.000013,1.000837,0.707093,0.750000,1.000000,0.000100000,0.000001113,0.060268,0.000000,-0.163455,0.183541,0.007412,-0.001845,0.700359,0.000000
80.799995,0.840473,491.636627,0.000206,0.029410,287.812012,0.999602,1.000646,-0.000013,1.000841,0.708106,0.750000,1.000000,0.000100000,0.000001113,0.060275,0.000000,-0.159595,0.183441,0.007411,-0.001847,0.700386,0.000000
80.900002,0.844689,491.668518,0.000232,0.033153,287.812653,0.999601,1.000647,-0.000013,1.000917,0.709120,0.750000,1.000000,0.000100000,0.000001113,0.060282,0.000000,-0.155735,0.183327,0.007410,-0.001849,0.700417,0.000000
81.000000,0.849015,491.704254,0.000258,0.036883,287.813385,0.999601,1.000648,-0.000013,1.000840,0.710133,0.750000,1.000000,0.000100000,0.000001113,0.060290,0.000000,-0.151875,0.183199,0.007409,-0.001851,0.700451,0.000000
81.099998,0.853451,491.743958,0.000284,0.040598,287.814240,0.999600,1.000648,-0.000013,1.000841,0.711146,0.750000,1.000000,0.000100000,0.000001113,0.060299,0.000000,-0.148015,0.183057,0.007408,-0.001853,0.700489,0.000000
81.199997,0.857995,491.787689,0.000310,0.044298,287.815247,0.999600,1.000649,-0.000013,1.000841,0.712159,0.750000,1.000000,0.000100000,0.000001113,0.060308,0.000000,-0.144155,0.182901,0.007407,-0.001855,0.700531,0.000000
81.299995,0.862648,491.835541,0.000336,0.047984,287.816376,0.999600,1.000650,-0.000013,1.000841,0.713173,0.750000,1.000000,0.000100000,0.000001113,0.060319,0.000000,-0.140295,0.182730,0.007405,-0.001857,0.700577,0.000000
81.400002,0.867409,491.887634,0.000362,0.051655,287.817658,0.999599,1.000650,-0.000013,1.000918,0.714186,0.750000,1.000000,0.000100000,0.000001113,0.060330,0.000000,-0.136435,0.182544,0.007403,-0.001858,0.700627,0.000000
81.500000,0.872276,491.944000,0.000387,0.055310,287.819092,0.999599,1.000651,-0.000013,1.000840,0.715199,0.750000,1.000000,0.000100000,0.000001113,0.060341,0.000000,-0.132575,0.182343,0.007401,-0.001860,0.700680,0.000000
81.599999,0.877253,492.004730,0.000413,0.058949,287.820709,0.999598,1.000652,-0.000013,1.000838,0.716212,0.750000,1.000000,0.000100000,0.000001113,0.060354,0.000000,-0.128714,0.182126,0.007399,-0.001862,0.700738,0.000000
81.699997,0.882336,492.069946,0.000438,0.062572,287.822540,0.999598,1.000652,-0.000013,1.000841,0.717226,0.750000,1.000000,0.000100000,0.000001113,0.060367,0.000000,-0.124854,0.181893,0.007396,-0.001863,0.700801,0.000000
81.799995,0.887529,492.139709,0.000463,0.066178,287.824524,0.999598,1.000653,-0.000013,1.000841,0.718239,0.750000,1.000000,0.000100000,0.000001113,0.060381,0.000000,-0.120994,0.181644,0.007394,-0.001865,0.700867,0.000000
81.900002,0.892829,492.214111,0.000488,0.069768,287.826721,0.999597,1.000653,-0.000013,1.000916,0.719252,0.750000,1.000000,0.000100000,0.000001113,0.060396,0.000000,-0.117134,0.181378,0.007390,-0.001866,0.700938,0.000000
82.000000,0.898238,492.293243,0.000513,0.073341,287.829132,0.999597,1.000654,-0.000013,1.000841,0.720266,0.750000,1.000000,0.000100000,0.000001113,0.060412,0.000000,-0.113274,0.181096,0.007387,-0.001867,0.701014,0.000000
82.099998,0.903757,492.377167,0.000538,0.076896,287.831787,0.999597,1.000654,-0.000013,1.000840,0.721279,0.750000,1.000000,0.000100000,0.000001113,0.060429,0.000000,-0.109414,0.180796,0.007383,-0.001869,0.701094,0.000000
82.199997,0.909385,492.465973,0.000563,0.080434,287.834656,0.999597,1.000655,-0.000013,1.000840,0.722292,0.750000,1.000000,0.000100000,0.000001113,0.060447,0.000000,-0.105554,0.180479,0.007379,-0.001870,0.701178,0.000000
82.299995,0.915124,492.559753,0.000588,0.083954,287.837799,0.999596,1.000655,-0.000013,1.000842,0.723305,0.750000,1.000000,0.000100000,0.000001113,0.060465,0.000000,-0.101694,0.180144,0.007375,-0.001871,0.701268,0.000000
82.400002,0.920975,492.658600,0.000612,0.087455,287.841187,0.999596,1.000655,-0.000013,1.000916,0.724319,0.750000,1.000000,0.000100000,0.000001113,0.060484,0.000000,-0.097834,0.179791,0.007370,-0.001872,0.701362,0.000000
82.500000,0.926936,492.762604,0.000637,0.090937,287.844818,0.999596,1.000656,-0.000013,1.000838,0.725332,0.750000,1.000000,0.000100000,0.000001113,0.060505,0.000000,-0.093973,0.179419,0.007365,-0.001873,0.701461,0.000000
82.599999,0.933012,492.871826,0.000661,0.094401,287.848755,0.999596,1.000656,-0.000013,1.000841,0.726345,0.750000,1.000000,0.000100000,0.000001113,0.060526,0.000000,-0.090113,0.179029,0.007359,-0.001874,0.701565,0.000000
82.699997,0.939199,492.986359,0.000685,0.097845,287.852966,0.999596,1.000656,-0.000013,1.000841,0.727359,0.750000,1.000000,0.000100000,0.000001113,0.060548,0.000000,-0.086253,0.178620,0.007353,-0.001875,0.701674,0.000000
82.799995,0.945503,493.106293,0.000709,0.101269,287.857452,0.999595,1.000657,-0.000013,1.000840,0.728372,0.750000,1.000000,0.000100000,0.000001113,0.060571,0.000000,-0.082393,0.178192,0.007346,-0.001876,0.701789,0.000000
82.900002,0.951920,493.231720,0.000733,0.104674,287.862274,0.999595,1.000657,-0.000013,1.000918,0.729385,0.750000,1.000000,0.000100000,0.000001113,0.060595,0.000000,-0.078533,0.177744,0.007340,-0.001877,0.701908,0.000000
83.000000,0.958453,493.362732,0.000756,0.108058,287.867401,0.999595,1.000657,-0.000013,1.000841,0.730398,0.750000,1.000000,0.000100000,0.000001113,0.060620,0.000000,-0.074673,0.177276,0.007332,-0.001877,0.702033,0.000000
83.099998,0.965104,493.499420,0.000780,0.111422,287.872864,0.999595,1.000657,-0.000013,1.000840,0.731412,0.750000,1.000000,0.000100000,0.000001113,0.060646,0.000000,-0.070813,0.176788,0.007324,-0.001878,0.702163,0.000000
83.199997,0.971871,493.641846,0.000803,0.114765,287.878632,0.999595,1.000657,-0.000013,1.000841,0.732425,0.750000,1.000000,0.000100000,0.000001113,0.060673,0.000000,-0.066953,0.176279,0.007316,-0.001878,0.702299,0.000000
83.299995,0.978758,493.790131,0.000827,0.118086,287.884766,0.999595,1.000657,-0.000013,1.000841,0.733438,0.750000,1.000000,0.000100000,0.000001113,0.060701,0.000000,-0.063093,0.175750,0.007307,-0.001878,0.702441,0.000000
83.400002,0.985764,493.944366,0.000850,0.121386,287.891266,0.999595,1.000657,-0.000013,1.000913,0.734452,0.750000,1.000000,0.000100000,0.000001113,0.060730,0.000000,-0.059232,0.175199,0.007298,-0.001878,0.702588,0.000000
83.500000,0.992891,494.104614,0.000873,0.124664,287.898102,0.999595,1.000658,-0.000013,1.000842,0.735465,0.750000,1.000000,0.000100000,0.000001113,0.060761,0.000000,-0.055372,0.174626,0.007288,-0.001879,0.702741,0.000000
83.599999,1.000139,494.270966,0.000895,0.127919,287.905335,0.999595,1.000658,-0.000013,1.000841,0.736478,0.750000,1.000000,0.000100000,0.000001113,0.060792,0.000000,-0.051512,0.174032,0.007278,-0.001879,0.702899,0.000000
83.699997,1.007509,494.443542,0.000918,0.131152,287.912933,0.999595,1.000658,-0.000013,1.000840,0.737491,0.750000,1.000000,0.000100000,0.000001113,0.060824,0.000000,-0.047652,0.173416,0.007267,-0.001879,0.703064,0.000000
83.799995,1.015003,494.622437,0.000941,0.134363,287.920960,0.999595,1.000657,-0.000013,1.000841,0.738505,0.750000,1.000000,0.000100000,0.000001113,0.060858,0.000000,-0.043792,0.172777,0.007256,-0.001878,0.703235,0.000000
83.900002,1.022621,494.807709,0.000963,0.137549,287.929352,0.999595,1.000657,-0.000013,1.000916,0.739518,0.750000,1.000000,0.000100000,0.000001113,0.060892,0.000000,-0.039932,0.172115,0.007244,-0.001878,0.703411,0.000000
84.000000,1.030364,494.999451,0.000985,0.140712,287.938171,0.999595,1.000657,-0.000013,1.000841,0.740531,0.750000,1.000000,0.000100000,0.000001113,0.060928,0.000000,-0.036072,0.171431,0.007231,-0.001878,0.703594,0.000000
84.099998,1.038233,495.197815,0.001007,0.143851,287.947388,0.999595,1.000657,-0.000013,1.000841,0.741544,0.750000,1.000000,0.000100000,0.000001113,0.060965,0.000000,-0.032212,0.170722,0.007218,-0.001877,0.703783,0.000000
84.199997,1.046229,495.402832,0.001029,0.146966,287.957062,0.999595,1.000657,-0.000013,1.000841,0.742558,0.750000,1.000000,0.000100000,0.000001113,0.061002,0.000000,-0.028352,0.169990,0.007204,-0.001877,0.703979,0.000000
84.299995,1.054353,495.614624,0.001050,0.150056,287.967194,0.999595,1.000657,-0.000013,1.000837,0.743571,0.750000,1.000000,0.000100000,0.000001113,0.061042,0.000000,-0.024491,0.169233,0.007190,-0.001876,0.704181,0.000000
84.400002,1.062605,495.833283,0.001072,0.153121,287.977753,0.999595,1.000656,-0.000013,1.000917,0.744584,0.750000,1.000000,0.000100000,0.000001113,0.061082,0.000000,-0.020631,0.168453,0.007175,-0.001875,0.704390,0.000000
84.500000,1.070987,496.058929,0.001093,0.156160,287.988770,0.999596,1.000656,-0.000013,1.000841,0.745598,0.750000,1.000000,0.000100000,0.000001113,0.061123,0.000000,-0.016771,0.167647,0.007159,-0.001874,0.704606,0.000000
84.599999,1.079499,496.291595,0.001114,0.159174,288.000244,0.999596,1.000656,-0.000013,1.000840,0.746611,0.750000,1.000000,0.000100000,0.000001113,0.061166,0.000000,-0.012911,0.166816,0.007143,-0.001873,0.704828,0.000000
84.699997,1.088143,496.531464,0.001135,0.162161,288.012207,0.999596,1.000655,-0.000013,1.000841,0.747624,0.750000,1.000000,0.000100000,0.000001113,0.061210,0.000000,-0.009051,0.165959,0.007125,-0.001872,0.705057,0.000000
84.799995,1.096919,496.778564,0.001156,0.165122,288.024689,0.999596,1.000655,-0.000013,1.000840,0.748637,0.750000,1.000000,0.000100000,0.000001113,0.061255,0.000000,-0.005191,0.165077,0.007108,-0.001871,0.705293,0.000000
84.900002,1.105828,497.032990,0.001176,0.168057,288.037628,0.999597,1.000654,-0.000013,1.000917,0.749651,0.750000,1.000000,0.000100000,0.000001113,0.061302,0.000000,-0.001331,0.164168,0.007089,-0.001870,0.705536,0.000000
85.000000,1.111616,497.293976,0.001179,0.168437,288.051086,0.999597,1.000654,-0.000013,1.000842,0.750000,0.750000,1.000000,0.000100000,0.000001113,0.061349,0.000000,0.000000,0.163236,0.007070,-0.001868,0.705785,0.000000
85.099998,1.115302,497.557861,0.001172,0.167477,288.065063,0.999597,1.000653,-0.000013,1.000839,0.750000,0.750000,1.000000,0.000100000,0.000001113,0.061397,0.000000,0.000000,0.162293,0.007050,-0.001866,0.706037,0.000000
85.199997,1.118834,497.824158,0.001166,0.166507,288.079529,0.999598,1.000653,-0.000013,1.000838,0.750000,0.750000,1.000000,0.000100000,0.000001113,0.061446,0.000000,0.000000,0.161342,0.007029,-0.001865,0.706292,0.000000
85.299995,1.122226,498.092712,0.001159,0.165528,288.094482,0.999598,1.000652,-0.000013,1.000841,0.750000,0.750000,1.000000,0.000100000,0.000001113,0.061494,0.000000,0.000000,0.160383,0.007008,-0.001863,0.706549,0.000000
85.400002,1.125491,498.363434,0.001152,0.164540,288.109894,0.999598,1.000652,-0.000013,1.000917,0.750000,0.750000,1.000000,0.000100000,0.000001113,0.061543,0.000000,0.000000,0.159416,0.006986,-0.001862,0.706808,0.000000
85.500000,1.128640,498.636169,0.001145,0.163545,288.125793,0.999599,1.000651,-0.000013,1.000841,0.750000,0.750000,1.000000,0.000100000,0.000001113,0.061592,0.000000,0.000000,0.158442,0.006963,-0.001860,0.707069,0.000000
85.599999,1.131680,498.910797,0.001138,0.162543,288.142151,0.999599,1.000650,-0.000013,1.000841,0.750000,0.750000,1.000000,0.000100000,0.000001113,0.061642,0.000000,0.000000,0.157461,0.006940,-0.001858,0.707332,0.000000
85.699997,1.134618,499.187225,0.001131,0.161534,288.158936,0.999599,1.000650,-0.000013,1.000841,0.750000,0.750000,1.000000,0.000100000,0.000001113,0.061691,0.000000,0.000000,0.156474,0.006916,-0.001856,0.707597,0.000000
85.799995,1.137460,499.465393,0.001124,0.160517,288.176147,0.999600,1.000649,-0.000013,1.000841,0.750000,0.750000,1.000000,0.000100000,0.000001113,0.061741,0.000000,0.000000,0.155481,0.006891,-0.001855,0.707864,0.000000
85.900002,1.140209,499.745148,0.001116,0.159495,288.193817,0.999600,1.000648,-0.000013,1.000918,0.750000,0.750000,1.000000,0.000100000,0.000001113,0.061791,0.000000,0.000000,0.154482,0.006866,-0.001853,0.708133,0.000000
86.000000,1.142873,500.026428,0.001109,0.158466,288.211853,0.999601,1.000648,-0.000013,1.000840,0.750000,0.750000,1.000000,0.000100000,0.000001113,0.061841,0.000000,0.000000,0.153477,0.006840,-0.001851,0.708403,0.000000
86.099998,1.145451,500.309174,0.001102,0.157432,288.230316,0.999601,1.000647,-0.000013,1.000837,0.750000,0.750000,1.000000,0.000100000,0.000001113,0.061891,0.000000,0.000000,0.152467,0.006814,-0.001849,0.708674,0.000000
86.199997,1.147949,500.593262,0.001095,0.156393,288.249176,0.999602,1.000646,-0.000013,1.000841,0.750000,0.750000,1.000000,0.000100000,0.000001113,0.061941,0.000000,0.000000,0.151453,0.006787,-0.001847,0.708947,0.000000
86.299995,1.150370,500.878662,0.001087,0.155348,288.268433,0.999602,1.000646,-0.000013,1.000841,0.750000,0.750000,1.000000,0.000100000,0.000001113,0.061991,0.000000,0.000000,0.150433,0.006759,-0.001845,0.709221,0.000000
86.400002,1.152716,501.165253,0.001080,0.154299,288.288025,0.999602,1.000645,-0.000013,1.000916,0.750000,0.750000,1.000000,0.000100000,0.000001113,0.062042,0.000000,0.000000,0.149410,0.006731,-0.001843,0.709497,0.000000
86.500000,1.154988,501.452972,0.001073,0.153244,288.308014,0.999603,1.000644,-0.000013,1.000841,0.750000,0.750000,1.000000,0.000100000,0.000001113,0.062092,0.000000,0.000000,0.148382,0.006703,-0.001841,0.709773,0.000000
86.599999,1.157190,501.741760,0.001065,0.152186,288.328339,0.999603,1.000643,-0.000013,1.000840,0.750000,0.750000,1.000000,0.000100000,0.000001113,0.062142,0.000000,0.000000,0.147351,0.006674,-0.001839,0.710051,0.000000
86.699997,1.159324,502.031555,0.001058,0.151124,288.348999,0.999604,1.000643,-0.000013,1.000841,0.750000,0.750000,1.000000,0.000100000,0.000001113,0.062193,0.000000,0.000000,0.146316,0.006644,-0.001837,0.710330,0.000000
86.799995,1.161390,502.322266,0.001050,0.150058,288.369995,0.999604,1.000642,-0.000013,1.000841,0.750000,0.750000,1.000000,0.000100000,0.000001113,0.062244,0.000000,0.000000,0.145278,0.006614,-0.001834,0.710610,0.000000
86.900002,1.163391,502.613892,0.001043,0.148988,288.391327,0.999605,1.000641,-0.000013,1.000917,0.750000,0.750000,1.000000,0.000100000,0.000001113,0.062294,0.000000,0.000000,0.144236,0.006584,-0.001832,0.710891,0.000000
87.000000,1.165328,502.906281,0.001035,0.147915,288.412964,0.999605,1.000641,-0.000013,1.000837,0.750000,0.750000,1.000000,0.000100000,0.000001113,0.062345,0.000000,0.000000,0.143192,0.006553,-0.001830,0.711172,0.000000
87.099998,1.167202,503.199432,0.001028,0.146839,288.434906,0.999606,1.000640,-0.000013,1.000841,0.750000,0.750000,1.000000,0.000100000,0.000001113,0.062395,0.000000,0.000000,0.142145,0.006522,-0.001828,0.711455,0.000000
87.199997,1.169016,503.493286,0.001020,0.145760,288.457153,0.999606,1.000639,-0.000013,1.000841,0.750000,0.750000,1.000000,0.000100000,0.000001113,0.062446,0.000000,0.000000,0.141095,0.006490,-0.001825,0.711738,0.000000
87.299995,1.170770,503.787750,0.001013,0.144678,288.479675,0.999607,1.000638,-0.000013,1.000840,0.750000,0.750000,1.000000,0.000100000,0.000001113,0.062497,0.000000,0.000000,0.140044,0.006458,-0.001823,0.712022,0.000000
87.400002,1.172465,504.082794,0.001005,0.143594,288.502502,0.999607,1.000637,-0.000013,1.000917,0.750000,0.750000,1.000000,0.000100000,0.000001113,0.062547,0.000000,0.000000,0.138990,0.006425,-0.001821,0.712307,0.000000
87.500000,1.174102,504.378357,0.000998,0.142508,288.525574,0.999608,1.000636,-0.000013,1.000841,0.750000,0.750000,1.000000,0.000100000,0.000001113,0.062598,0.000000,0.000000,0.137934,0.006392,-0.001818,0.712592,0.000000
87.599999,1.175683,504.674377,0.000990,0.141420,288.548920,0.999608,1.000636,-0.000013,1.000841,0.750000,0.750000,1.000000,0.000100000,0.000001113,0.062648,0.000000,0.000000,0.136877,0.006359,-0.001816,0.712877,0.000000
87.699997,1.177208,504.970795,0.000982,0.140330,288.572510,0.999609,1.000635,-0.000013,1.000840,0.750000,0.750000,1.000000,0.000100000,0.000001113,0.062698,0.000000,0.000000,0.135819,0.006325,-0.001814,0.713163,0.000000
87.799995,1.178678,505.267578,0.000975,0.139238,288.596344,0.999609,1.000634,-0.000013,1.000841,0.750000,0.750000,1.000000,0.000100000,0.000001113,0.062749,0.000000,0.000000,0.134759,0.006291,-0.001811,0.713450,0.000000
87.900002,1.180095,505.564667,0.000967,0.138145,288.620422,0.999610,1.000633,-0.000013,1.000914,0.750000,0.750000,1.000000,0.000100000,0.000001113,0.062799,0.000000,0.000000,0.133698,0.006257,-0.001809,0.713737,0.000000
88.000000,1.181459,505.862030,0.000959,0.137051,288.644714,0.999610,1.000632,-0.000013,1.000841,0.750000,0.750000,1.000000,0.000100000,0.000001113,0.062849,0.000000,0.000000,0.132636,0.006222,-0.001807,0.714024,0.000000
88.099998,1.182771,506.159607,0.000952,0.135955,288.669251,0.999611,1.000631,-0.000013,1.000840,0.750000,0.750000,1.000000,0.000100000,0.000001113,0.062899,0.000000,0.000000,0.131573,0.006187,-0.001804,0.714312,0.000000
88.199997,1.184032,506.457306,0.000944,0.134860,288.694000,0.999611,1.000630,-0.000013,1.000841,0.750000,0.750000,1.000000,0.000100000,0.000001113,0.062949,0.000000,0.000000,0.130510,0.006151,-0.001801,0.714599,0.000000
88.299995,1.185243,506.755158,0.000936,0.133763,288.718933,0.999612,1.000630,-0.000013,1.000841,0.750000,0.750000,1.000000,0.000100000,0.000001113,0.062999,0.000000,0.000000,0.129446,0.006116,-0.001799,0.714887,0.000000
88.400002,1.186404,507.053040,0.000929,0.132665,288.744080,0.999612,1.000629,-0.000013,1.000917,0.750000,0.750000,1.000000,0.000100000,0.000001113,0.063048,0.000000,0.000000,0.128382,0.006080,-0.001797,0.715175,0.000000
88.500000,1.187517,507.350952,0.000921,0.131568,288.769379,0.999613,1.000628,-0.000013,1.000840,0.750000,0.750000,1.000000,0.000100000,0.000001113,0.063098,0.000000,0.000000,0.127318,0.006044,-0.001794,0.715463,0.000000
88.599999,1.188582,507.648865,0.000913,0.130470,288.794891,0.999613,1.000627,-0.000013,1.000842,0.750000,0.750000,1.000000,0.000100000,0.000001113,0.063147,0.000000,0.000000,0.126254,0.006007,-0.001792,0.715752,0.000000
88.699997,1.189599,507.946686,0.000906,0.129372,288.820587,0.999614,1.000626,-0.000013,1.000840,0.750000,0.750000,1.000000,0.000100000,0.000001113,0.063196,0.000000,0.000000,0.125190,0.005971,-0.001789,0.716040,0.000000
88.799995,1.190569,508.244385,0.000898,0.128274,288.846436,0.999614,1.000625,-0.000013,1.000838,0.750000,0.750000,1.000000,0.000100000,0.000001113,0.063245,0.000000,0.000000,0.124127,0.005934,-0.001786,0.716328,0.000000
88.900002,1.191494,508.541962,0.000890,0.127177,288.872437,0.999615,1.000624,-0.000012,1.000917,0.750000,0.750000,1.000000,0.000100000,0.000001113,0.063294,0.000000,0.000000,0.123064,0.005897,-0.001784,0.716616,0.000000
89.000000,1.192375,508.839325,0.000883,0.126080,288.898621,0.999616,1.000623,-0.000012,1.000840,0.750000,0.750000,1.000000,0.000100000,0.000001113,0.063343,0.000000,0.000000,0.122002,0.005859,-0.001781,0.716904,0.000000
89.099998,1.193210,509.136475,0.000875,0.124984,288.924927,0.999616,1.000623,-0.000012,1.000841,0.750000,0.750000,1.000000,0.000100000,0.000001113,0.063392,0.000000,0.000000,0.120941,0.005822,-0.001779,0.717192,0.000000
89.199997,1.194001,509.433319,0.000867,0.123889,288.951386,0.999617,1.000622,-0.000012,1.000840,0.750000,0.750000,1.000000,0.000100000,0.000001113,0.063440,0.000000,0.000000,0.119881,0.005784,-0.001776,0.717479,0.000000
89.299995,1.194750,509.729889,0.000860,0.122794,288.977966,0.999617,1.000621,-0.000012,1.000841,0.750000,0.750000,1.000000,0.000100000,0.000001113,0.063488,0.000000,0.000000,0.118822,0.005746,-0.001773,0.717767,0.000000
89.400002,1.195457,510.026062,0.000852,0.121701,289.004669,0.999618,1.000620,-0.000012,1.000917,0.750000,0.750000,1.000000,0.000100000,0.000001113,0.063536,0.000000,0.000000,0.117764,0.005708,-0.001771,0.718053,0.000000
89.500000,1.196122,510.321869,0.000844,0.120609,289.031525,0.999618,1.000619,-0.000012,1.000841,0.750000,0.750000,1.000000,0.000100000,0.000001113,0.063584,0.000000,0.000000,0.116708,0.005669,-0.001768,0.718340,0.000000
89.599999,1.196746,510.617279,0.000837,0.119518,289.058472,0.999619,1.000618,-0.000012,1.000840,0.750000,0.750000,1.000000,0.000100000,0.000001113,0.063632,0.000000,0.000000,0.115653,0.005631,-0.001766,0.718627,0.000000
89.699997,1.197329,510.912201,0.000829,0.118428,289.085510,0.999619,1.000617,-0.000012,1.000838,0.750000,0.750000,1.000000,0.000100000,0.000001113,0.063679,0.000000,0.000000,0.114599,0.005592,-0.001763,0.718913,0.000000
89.799995,1.197872,511.206604,0.000821,0.117341,289.112671,0.999620,1.000616,-0.000012,1.000841,0.750000,0.750000,1.000000,0.000100000,0.000001113,0.063726,0.000000,0.000000,0.113548,0.005553,-0.001760,0.719198,0.000000
89.900002,1.198377,511.500519,0.000814,0.116255,289.139954,0.999621,1.000615,-0.000012,1.000918,0.750000,0.750000,1.000000,0.000100000,0.000001113,0.063773,0.000000,0.000000,0.112498,0.005514,-0.001757,0.719483,0.000000
90.000000,1.198844,511.793823,0.000806,0.115171,289.167297,0.999621,1.000614,-0.000012,1.000840,0.750000,0.750000,1.000000,0.000100000,0.000001113,0.063820,0.000000,0.000000,0.111451,0.005475,-0.001755,0.719768,0.000000
90.099998,1.199272,512.086548,0.000799,0.114089,289.194702,0.999622,1.000613,-0.000012,1.000841,0.750000,0.750000,1.000000,0.000100000,0.000001113,0.063866,0.000000,0.000000,0.110405,0.005436,-0.001752,0.720052,0.000000
90.199997,1.199662,512.378662,0.000791,0.113009,289.222229,0.999622,1.000612,-0.000012,1.000841,0.750000,0.750000,1.000000,0.000100000,0.000001113,0.063912,0.000000,0.000000,0.109362,0.005397,-0.001750,0.720335,0.000000
90.299995,1.200017,512.670105,0.000784,0.111932,289.249817,0.999623,1.000611,-0.000012,1.000841,0.750000,0.750000,1.000000,0.000100000,0.000001113,0.063958,0.000000,0.000000,0.108321,0.005357,-0.001747,0.720618,0.000000
90.400002,1.200336,512.960815,0.000776,0.110857,289.277466,0.999623,1.000610,-0.000012,1.000917,0.750000,0.750000,1.000000,0.000100000,0.000001113,0.064004,0.000000,0.000000,0.107283,0.005318,-0.001744,0.720900,0.000000
90.500000,1.200619,513.250855,0.000768,0.109784,289.305176,0.999624,1.000610,-0.000012,1.000840,0.750000,0.750000,1.000000,0.000100000,0.000001113,0.064049,0.000000,0.000000,0.106247,0.005278,-0.001741,0.721182,0.000000
90.599999,1.200867,513.540100,0.000761,0.108714,289.332947,0.999625,1.000609,-0.000012,1.000837,0.750000,0.750000,1.000000,0.000100000,0.000001113,0.064095,0.000000,0.000000,0.105214,0.005239,-0.001739,0.721463,0.000000
90.699997,1.201081,513.828613,0.000754,0.107646,289.360748,0.999625,1.000608,-0.000012,1.000841,0.750000,0.750000,1.000000,0.000100000,0.000001113,0.064140,0.000000,0.000000,0.104184,0.005199,-0.001736,0.721743,0.000000
90.799995,1.201262,514.116272,0.000746,0.106582,289.388611,0.999626,1.000607,-0.000012,1.000840,0.750000,0.750000,1.000000,0.000100000,0.000001113,0.064184,0.000000,0.000000,0.103156,0.005159,-0.001733,0.722022,0.000000
90.899994,1.201410,514.403137,0.000739,0.105520,289.416534,0.999626,1.000606,-0.000012,1.000841,0.750000,0.750000,1.000000,0.000100000,0.000001113,0.064229,0.000000,0.000000,0.102132,0.005119,-0.001731,0.722301,0.000000
91.000000,1.201525,514.689087,0.000731,0.104462,289.444489,0.999627,1.000605,-0.000012,1.000917,0.750000,0.750000,1.000000,0.000100000,0.000001113,0.064273,0.000000,0.000000,0.101110,0.005079,-0.001728,0.722579,0.000000
91.099998,1.201609,514.974121,0.000724,0.103407,289.472443,0.999628,1.000604,-0.000012,1.000841,0.750000,0.750000,1.000000,0.000100000,0.000001113,0.064317,0.000000,0.000000,0.100092,0.005039,-0.001725,0.722856,0.000000
91.199997,1.201661,515.258301,0.000716,0.102354,289.500458,0.999628,1.000603,-0.000012,1.000841,0.750000,0.750000,1.000000,0.000100000,0.000001113,0.064360,0.000000,0.000000,0.099077,0.004999,-0.001722,0.723132,0.000000
91.299995,1.201683,515.541504,0.000709,0.101306,289.528473,0.999629,1.000602,-0.000012,1.000841,0.750000,0.750000,1.000000,0.000100000,0.000001113,0.064404,0.000000,0.000000,0.098066,0.004959,-0.001720,0.723407,0.000000
91.399994,1.201674,515.823731,0.000702,0.100260,289.556519,0.999629,1.000601,-0.000012,1.000840,0.750000,0.750000,1.000000,0.000100000,0.000001113,0.064446,0.000000,0.000000,0.097058,0.004919,-0.001717,0.723682,0.000000
91.500000,1.201636,516.104980,0.000695,0.099218,289.584564,0.999630,1.000600,-0.000012,1.000914,0.750000,0.750000,1.000000,0.000100000,0.000001113,0.064489,0.000000,0.000000,0.096054,0.004879,-0.001715,0.723955,0.000000
91.599999,1.201569,516.385193,0.000687,0.098180,289.612640,0.999630,1.000599,-0.000012,1.000841,0.750000,0.750000,1.000000,0.000100000,0.000001113,0.064532,0.000000,0.000000,0.095053,0.004839,-0.001712,0.724228,0.000000
91.699997,1.201474,516.664368,0.000680,0.097146,289.640717,0.999631,1.000598,-0.000012,1.000841,0.750000,0.750000,1.000000,0.000100000,0.000001113,0.064574,0.000000,0.000000,0.094056,0.004799,-0.001709,0.724499,0.000000
91.799995,1.201350,516.942505,0.000673,0.096115,289.668793,0.999632,1.000597,-0.000012,1.000841,0.750000,0.750000,1.000000,0.000100000,0.000001113,0.064615,0.000000,0.000000,0.093062,0.004759,-0.001706,0.724770,0.000000
91.899994,1.201200,517.219543,0.000666,0.095088,289.696838,0.999632,1.000596,-0.000012,1.000840,0.750000,0.750000,1.000000,0.000100000,0.000001113,0.064657,0.000000,0.000000,0.092073,0.004719,-0.001704,0.725039,0.000000
92.000000,1.201022,517.495483,0.000658,0.094065,289.724915,0.999633,1.000595,-0.000012,1.000917,0.750000,0.750000,1.000000,0.000100000,0.000001113,0.064698,0.000000,0.000000,0.091088,0.004679,-0.001701,0.725308,0.000000
92.099998,1.200818,517.770264,0.000651,0.093047,289.752930,0.999633,1.000594,-0.000012,1.000841,0.750000,0.750000,1.000000,0.000100000,0.000001113,0.064739,0.000000,0.000000,0.090106,0.004639,-0.001698,0.725575,0.000000
92.199997,1.200590,518.043945,0.000644,0.092032,289.780975,0.999634,1.000593,-0.000012,1.000841,0.750000,0.750000,1.000000,0.000100000,0.000001113,0.064780,0.000000,0.000000,0.089129,0.004599,-0.001695,0.725842,0.000000
92.299995,1.200334,518.316467,0.000637,0.091021,289.808991,0.999634,1.000592,-0.000012,1.000840,0.750000,0.750000,1.000000,0.000100000,0.000001113,0.064820,0.000000,0.000000,0.088155,0.004559,-0.001693,0.726107,0.000000
92.399994,1.200055,518.587769,0.000630,0.090015,289.836945,0.999635,1.000592,-0.000012,1.000838,0.750000,0.750000,1.000000,0.000100000,0.000001113,0.064860,0.000000,0.000000,0.087187,0.004519,-0.001690,0.726371,0.000000
92.500000,1.199751,518.857849,0.000623,0.089013,289.864899,0.999636,1.000591,-0.000012,1.000917,0.750000,0.750000,1.000000,0.000100000,0.000001113,0.064899,0.000000,0.000000,0.086222,0.004479,-0.001687,0.726634,0.000000
92.599999,1.199424,519.126709,0.000616,0.088016,289.892822,0.999636,1.000590,-0.000012,1.000841,0.750000,0.750000,1.000000,0.000100000,0.000001113,0.064939,0.000000,0.000000,0.085262,0.004439,-0.001685,0.726896,0.000000
92.699997,1.199073,519.394409,0.000609,0.087022,289.920715,0.999637,1.000589,-0.000012,1.000840,0.750000,0.750000,1.000000,0.000100000,0.000001113,0.064978,0.000000,0.000000,0.084306,0.004399,-0.001682,0.727157,0.000000
92.799995,1.198699,519.660767,0.000602,0.086034,289.948578,0.999637,1.000588,-0.000012,1.000841,0.750000,0.750000,1.000000,0.000100000,0.000001113,0.065016,0.000000,0.000000,0.083354,0.004359,-0.001679,0.727416,0.000000
92.899994,1.198303,519.925903,0.000595,0.085050,289.976379,0.999638,1.000587,-0.000012,1.000841,0.750000,0.750000,1.000000,0.000100000,0.000001113,0.065054,0.000000,0.000000,0.082407,0.004319,-0.001677,0.727674,0.000000
93.000000,1.197886,520.189697,0.000588,0.084071,290.004150,0.999638,1.000586,-0.000012,1.000917,0.750000,0.750000,1.000000,0.000100000,0.000001113,0.065092,0.000000,0.000000,0.081465,0.004280,-0.001674,0.727931,0.000000
93.099998,1.197447,520.452209,0.000582,0.083097,290.031860,0.999639,1.000585,-0.000012,1.000840,0.750000,0.750000,1.000000,0.000100000,0.000001113,0.065130,0.000000,0.000000,0.080528,0.004240,-0.001671,0.728187,0.000000
93.199997,1.196988,520.713440,0.000575,0.082127,290.059509,0.999640,1.000584,-0.000012,1.000841,0.750000,0.750000,1.000000,0.000100000,0.000001113,0.065167,0.000000,0.000000,0.079595,0.004201,-0.001669,0.728442,0.000000
93.299995,1.196508,520.973328,0.000568,0.081162,290.087128,0.999640,1.000583,-0.000012,1.000837,0.750000,0.750000,1.000000,0.000100000,0.000001113,0.065204,0.000000,0.000000,0.078667,0.004161,-0.001666,0.728695,0.000000
93.399994,1.196008,521.231812,0.000561,0.080202,290.114655,0.999641,1.000582,-0.000012,1.000842,0.750000,0.750000,1.000000,0.000100000,0.000001113,0.065241,0.000000,0.000000,0.077744,0.004122,-0.001663,0.728947,0.000000
93.500000,1.195489,521.489014,0.000555,0.079247,290.142151,0.999641,1.000581,-0.000012,1.000917,0.750000,0.750000,1.000000,0.000100000,0.000001113,0.065277,0.000000,0.000000,0.076825,0.004083,-0.001661,0.729198,0.000000
93.599999,1.194951,521.744812,0.000548,0.078297,290.169556,0.999642,1.000580,-0.000012,1.000840,0.750000,0.750000,1.000000,0.000100000,0.000001113,0.065313,0.000000,0.000000,0.075911,0.004043,-0.001658,0.729447,0.000000
93.699997,1.194394,521.999207,0.000541,0.077352,290.196930,0.999642,1.000579,-0.000012,1.000841,0.750000,0.750000,1.000000,0.000100000,0.000001113,0.065349,0.000000,0.000000,0.075003,0.004004,-0.001656,0.729695,0.000000
93.799995,1.193819,522.252197,0.000535,0.076412,290.224213,0.999643,1.000579,-0.000012,1.000841,0.750000,0.750000,1.000000,0.000100000,0.000001113,0.065384,0.000000,0.000000,0.074099,0.003965,-0.001653,0.729942,0.000000
93.899994,1.193227,522.503784,0.000528,0.075477,290.251404,0.999644,1.000578,-0.000012,1.000840,0.750000,0.750000,1.000000,0.000100000,0.000001113,0.065419,0.000000,0.000000,0.073201,0.003927,-0.001651,0.730187,0.000000
94.000000,1.192617,522.753967,0.000522,0.074547,290.278564,0.999644,1.000577,-0.000012,1.000917,0.750000,0.750000,1.000000,0.000100000,0.000001113,0.065454,0.000000,0.000000,0.072307,0.003888,-0.001648,0.730431,0.000000
94.099998,1.191990,523.002686,0.000515,0.073623,290.305603,0.999645,1.000576,-0.000012,1.000841,0.750000,0.750000,1.000000,0.000100000,0.000001113,0.065488,0.000000,0.000000,0.071419,0.003849,-0.001645,0.730674,0.000000
94.199997,1.191347,523.250000,0.000509,0.072704,290.332581,0.999645,1.000575,-0.000011,1.000838,0.750000,0.750000,1.000000,0.000100000,0.000001113,0.065522,0.000000,0.000000,0.070536,0.003811,-0.001643,0.730915,0.000000
94.299995,1.190688,523.495850,0.000503,0.071790,290.359467,0.999646,1.000574,-0.000011,1.000840,0.750000,0.750000,1.000000,0.000100000,0.000001113,0.065555,0.000000,0.000000,0.069658,0.003772,-0.001640,0.731155,0.000000
94.399994,1.190014,523.740234,0.000496,0.070881,290.386292,0.999646,1.000573,-0.000011,1.000841,0.750000,0.750000,1.000000,0.000100000,0.000001113,0.065589,0.000000,0.000000,0.068785,0.003734,-0.001638,0.731394,0.000000
94.500000,1.189324,523.983154,0.000490,0.069978,290.412994,0.999647,1.000572,-0.000011,1.000917,0.750000,0.750000,1.000000,0.000100000,0.000001113,0.065622,0.000000,0.000000,0.067917,0.003696,-0.001635,0.731631,0.000000
94.599999,1.188620,524.224548,0.000484,0.069080,290.439636,0.999647,1.000571,-0.000011,1.000841,0.750000,0.750000,1.000000,0.000100000,0.000001113,0.065654,0.000000,0.000000,0.067055,0.003658,-0.001632,0.731866,0.000000
94.699997,1.187901,524.464539,0.000477,0.068188,290.466156,0.999648,1.000570,-0.000011,1.000840,0.750000,0.750000,1.000000,0.000100000,0.000001113,0.065686,0.000000,0.000000,0.066198,0.003620,-0.001630,0.732101,0.000000
94.799995,1.187168,524.702942,0.000471,0.067301,290.492615,0.999648,1.000570,-0.000011,1.000840,0.750000,0.750000,1.000000,0.000100000,0.000001113,0.065718,0.000000,0.000000,0.065347,0.003582,-0.001627,0.732333,0.000000
94.899994,1.186422,524.939880,0.000465,0.066420,290.518951,0.999649,1.000569,-0.000011,1.000842,0.750000,0.750000,1.000000,0.000100000,0.000001113,0.065750,0.000000,0.000000,0.064500,0.003544,-0.001625,0.732565,0.000000
95.000000,1.185662,525.175354,0.000459,0.065544,290.545197,0.999649,1.000568,-0.000011,1.000916,0.750000,0.750000,1.000000,0.000100000,0.000001113,0.065781,0.000000,0.000000,0.063659,0.003507,-0.001622,0.732795,0.000000
95.099998,1.184890,525.409241,0.000453,0.064674,290.571320,0.999650,1.000567,-0.000011,1.000838,0.750000,0.750000,1.000000,0.000100000,0.000001113,0.065812,0.000000,0.000000,0.062824,0.003470,-0.001620,0.733023,0.000000
95.199997,1.184104,525.641602,0.000447,0.063809,290.597382,0.999651,1.000566,-0.000011,1.000841,0.750000,0.750000,1.000000,0.000100000,0.000001113,0.065842,0.000000,0.000000,0.061994,0.003432,-0.001617,0.733250,0.000000
95.299995,1.183306,525.872498,0.000441,0.062950,290.623291,0.999651,1.000565,-0.000011,1.000841,0.750000,0.750000,1.000000,0.000100000,0.000001113,0.065872,0.000000,0.000000,0.061170,0.003395,-0.001615,0.733476,0.000000
95.399994,1.182497,526.101807,0.000435,0.062097,290.649139,0.999652,1.000564,-0.000011,1.000841,0.750000,0.750000,1.000000,0.000100000,0.000001113,0.065902,0.000000,0.000000,0.060351,0.003358,-0.001612,0.733700,0.000000
95.500000,1.181677,526.329590,0.000429,0.061249,290.674835,0.999652,1.000564,-0.000011,1.000917,0.750000,0.750000,1.000000,0.000100000,0.000001113,0.065932,0.000000,0.000000,0.059537,0.003322,-0.001610,0.733922,0.000000
95.599999,1.180845,526.555786,0.000423,0.060407,290.700439,0.999653,1.000563,-0.000011,1.000841,0.750000,0.750000,1.000000,0.000100000,0.000001113,0.065961,0.000000,0.000000,0.058729,0.003285,-0.001608,0.734143,0.000000
95.699997,1.180003,526.780457,0.000417,0.059570,290.725952,0.999653,1.000562,-0.000011,1.000840,0.750000,0.750000,1.000000,0.000100000,0.000001113,0.065989,0.000000,0.000000,0.057927,0.003249,-0.001605,0.734363,0.000000
95.799995,1.179150,527.003601,0.000411,0.058740,290.751312,0.999654,1.000561,-0.000011,1.000841,0.750000,0.750000,1.000000,0.000100000,0.000001113,0.066018,0.000000,0.000000,0.057130,0.003212,-0.001603,0.734581,0.000000
95.899994,1.178286,527.225159,0.000405,0.057915,290.776581,0.999654,1.000560,-0.000011,1.000841,0.750000,0.750000,1.000000,0.000100000,0.000001113,0.066046,0.000000,0.000000,0.056339,0.003176,-0.001600,0.734797,0.000000
96.000000,1.177414,527.445129,0.000400,0.057095,290.801727,0.999655,1.000559,-0.000011,1.000914,0.750000,0.750000,1.000000,0.000100000,0.000001113,0.066074,0.000000,0.000000,0.055553,0.003140,-0.001598,0.735012,0.000000
96.099998,1.176531,527.663574,0.000394,0.056282,290.826752,0.999655,1.000558,-0.000011,1.000841,0.750000,0.750000,1.000000,0.000100000,0.000001113,0.066101,0.000000,0.000000,0.054773,0.003105,-0.001596,0.735226,0.000000
96.199997,1.175640,527.880432,0.000388,0.055474,290.851654,0.999656,1.000558,-0.000011,1.000840,0.750000,0.750000,1.000000,0.000100000,0.000001113,0.066128,0.000000,0.000000,0.053998,0.003069,-0.001593,0.735438,0.000000
96.299995,1.174739,528.095703,0.000383,0.054672,290.876434,0.999656,1.000557,-0.000011,1.000841,0.750000,0.750000,1.000000,0.000100000,0.000001113,0.066155,0.000000,0.000000,0.053230,0.003034,-0.001591,0.735648,0.000000
96.399994,1.173830,528.309387,0.000377,0.053876,290.901093,0.999657,1.000556,-0.000011,1.000840,0.750000,0.750000,1.000000,0.000100000,0.000001113,0.066181,0.000000,0.000000,0.052466,0.002998,-0.001589,0.735857,0.000000
96.500000,1.172913,528.521484,0.000372,0.053086,290.925629,0.999657,1.000555,-0.000011,1.000917,0.750000,0.750000,1.000000,0.000100000,0.000001113,0.066207,0.000000,0.000000,0.051709,0.002963,-0.001586,0.736065,0.000000
96.599999,1.171988,528.732056,0.000366,0.052302,290.950012,0.999658,1.000554,-0.000011,1.000840,0.750000,0.750000,1.000000,0.000100000,0.000001113,0.066233,0.000000,0.000000,0.050957,0.002929,-0.001584,0.736271,0.000000
96.699997,1.171055,528.940979,0.000361,0.051523,290.974304,0.999658,1.000553,-0.000011,1.000841,0.750000,0.750000,1.000000,0.000100000,0.000001113,0.066258,0.000000,0.000000,0.050211,0.002894,-0.001581,0.736475,0.000000
96.799995,1.170116,529.148376,0.000355,0.050750,290.998444,0.999659,1.000553,-0.000011,1.000841,0.750000,0.750000,1.000000,0.000100000,0.000001113,0.066283,0.000000,0.000000,0.049470,0.002859,-0.001579,0.736678,0.000000
96.899994,1.169168,529.354126,0.000350,0.049983,291.022461,0.999659,1.000552,-0.000011,1.000838,0.750000,0.750000,1.000000,0.000100000,0.000001113,0.066308,0.000000,0.000000,0.048735,0.002825,-0.001577,0.736879,0.000000
97.000000,1.168214,529.558289,0.000345,0.049222,291.046356,0.999660,1.000551,-0.000011,1.000918,0.750000,0.750000,1.000000,0.000100000,0.000001113,0.066332,0.000000,0.000000,0.048006,0.002791,-0.001575,0.737079,0.000000
97.099998,1.167252,529.760925,0.000339,0.048467,291.070099,0.999660,1.000550,-0.000011,1.000840,0.750000,0.750000,1.000000,0.000100000,0.000001113,0.066356,0.000000,0.000000,0.047282,0.002757,-0.001573,0.737277,0.000000
97.199997,1.166286,529.961914,0.000334,0.047718,291.093719,0.999661,1.000550,-0.000011,1.000841,0.750000,0.750000,1.000000,0.000100000,0.000001113,0.066380,0.000000,0.000000,0.046565,0.002723,-0.001570,0.737474,0.000000
97.299995,1.165312,530.161377,0.000329,0.046974,291.117218,0.999661,1.000549,-0.000011,1.000841,0.750000,0.750000,1.000000,0.000100000,0.000001113,0.066404,0.000000,0.000000,0.045852,0.002690,-0.001568,0.737669,0.000000
97.399994,1.164333,530.359192,0.000324,0.046236,291.140564,0.999662,1.000548,-0.000011,1.000840,0.750000,0.750000,1.000000,0.000100000,0.000001113,0.066427,0.000000,0.000000,0.045146,0.002656,-0.001566,0.737863,0.000000
97.500000,1.163348,530.555420,0.000319,0.045504,291.163788,0.999662,1.000547,-0.000011,1.000918,0.750000,0.750000,1.000000,0.000100000,0.000001113,0.066449,0.000000,0.000000,0.044445,0.002623,-0.001564,0.738055,0.000000
97.599999,1.162359,530.750122,0.000313,0.044778,291.186859,0.999663,1.000546,-0.000011,1.000841,0.750000,0.750000,1.000000,0.000100000,0.000001113,0.066472,0.000000,0.000000,0.043750,0.002590,-0.001561,0.738246,0.000000
97.699997,1.161364,530.943176,0.000308,0.044058,291.209808,0.999663,1.000546,-0.000011,1.000840,0.750000,0.750000,1.000000,0.000100000,0.000001113,0.066494,0.000000,0.000000,0.043060,0.002557,-0.001559,0.738435,0.000000
97.799995,1.160364,531.134644,0.000303,0.043344,291.232605,0.999664,1.000545,-0.000011,1.000837,0.750000,0.750000,1.000000,0.000100000,0.000001113,0.066516,0.000000,0.000000,0.042376,0.002525,-0.001557,0.738622,0.000000
97.899994,1.159360,531.324524,0.000298,0.042636,291.255249,0.999664,1.000544,-0.000011,1.000841,0.750000,0.750000,1.000000,0.000100000,0.000001113,0.066537,0.000000,0.000000,0.041698,0.002493,-0.001555,0.738808,0.000000
98.000000,1.158352,531.512878,0.000294,0.041933,291.277771,0.999664,1.000543,-0.000011,1.000917,0.750000,0.750000,1.000000,0.000100000,0.000001113,0.066558,0.000000,0.000000,0.041025,0.002460,-0.001553,0.738993,0.000000
98.099998,1.157339,531.699585,0.000289,0.041236,291.300140,0.999665,1.000543,-0.000011,1.000841,0.750000,0.750000,1.000000,0.000100000,0.000001113,0.066579,0.000000,0.000000,0.040359,0.002428,-0.001551,0.739175,0.000000
98.199997,1.156323,531.884766,0.000284,0.040545,291.322388,0.999665,1.000542,-0.000011,1.000841,0.750000,0.750000,1.000000,0.000100000,0.000001113,0.066599,0.000000,0.000000,0.039697,0.002397,-0.001548,0.739357,0.000000
98.299995,1.155303,532.068298,0.000279,0.039861,291.344482,0.999666,1.000541,-0.000011,1.000840,0.750000,0.750000,1.000000,0.000100000,0.000001113,0.066619,0.000000,0.000000,0.039042,0.002365,-0.001546,0.739537,0.000000
98.399994,1.154279,532.250305,0.000274,0.039181,291.366425,0.999666,1.000540,-0.000011,1.000841,0.750000,0.750000,1.000000,0.000100000,0.000001113,0.066639,0.000000,0.000000,0.038392,0.002334,-0.001544,0.739715,0.000000
98.500000,1.153252,532.430725,0.000270,0.038508,291.388245,0.999667,1.000540,-0.000011,1.000918,0.750000,0.750000,1.000000,0.000100000,0.000001113,0.066659,0.000000,0.000000,0.037747,0.002303,-0.001542,0.739892,0.000000
98.599999,1.152223,532.609558,0.000265,0.037840,291.409882,0.999667,1.000539,-0.000011,1.000841,0.750000,0.750000,1.000000,0.000100000,0.000001113,0.066678,0.000000,0.000000,0.037109,0.002272,-0.001540,0.740067,0.000000
98.699997,1.151190,532.786804,0.000260,0.037178,291.431397,0.999667,1.000538,-0.000011,1.000837,0.750000,0.750000,1.000000,0.000100000,0.000001113,0.066697,0.000000,0.000000,0.036476,0.002241,-0.001538,0.740241,0.000000
98.799995,1.150155,532.962524,0.000256,0.036522,291.452789,0.999668,1.000538,-0.000011,1.000840,0.750000,0.750000,1.000000,0.000100000,0.000001113,0.066715,0.000000,0.000000,0.035848,0.002210,-0.001536,0.740413,0.000000
98.899994,1.149117,533.136658,0.000251,0.035872,291.473999,0.999668,1.000537,-0.000011,1.000841,0.750000,0.750000,1.000000,0.000100000,0.000001113,0.066734,0.000000,0.000000,0.035226,0.002180,-0.001534,0.740584,0.000000
99.000000,1.148077,533.309265,0.000247,0.035228,291.495087,0.999669,1.000536,-0.000011,1.000916,0.750000,0.750000,1.000000,0.000100000,0.000001113,0.066752,0.000000,0.000000,0.034610,0.002150,-0.001532,0.740753,0.000000
99.099998,1.147035,533.480286,0.000242,0.034589,291.516022,0.999669,1.000535,-0.000011,1.000841,0.750000,0.750000,1.000000,0.000100000,0.000001113,0.066769,0.000000,0.000000,0.033999,0.002120,-0.001530,0.740920,0.000000
99.199997,1.145991,533.649719,0.000238,0.033956,291.536804,0.999670,1.000535,-0.000011,1.000841,0.750000,0.750000,1.000000,0.000100000,0.000001113,0.066787,0.000000,0.000000,0.033394,0.002090,-0.001528,0.741087,0.000000
99.299995,1.144946,533.817688,0.000233,0.033329,291.557434,0.999670,1.000534,-0.000011,1.000841,0.750000,0.750000,1.000000,0.000100000,0.000001113,0.066804,0.000000,0.000000,0.032794,0.002061,-0.001526,0.741251,0.000000
99.399994,1.143899,533.984009,0.000229,0.032707,291.577911,0.999670,1.000533,-0.000011,1.000841,0.750000,0.750000,1.000000,0.000100000,0.000001113,0.066821,0.000000,0.000000,0.032200,0.002032,-0.001524,0.741414,0.000000
99.500000,1.142850,534.148865,0.000225,0.032092,291.598267,0.999671,1.000533,-0.000011,1.000917,0.750000,0.750000,1.000000,0.000100000,0.000001113,0.066837,0.000000,0.000000,0.031611,0.002002,-0.001522,0.741576,0.000000
99.599999,1.141801,534.312134,0.000220,0.031481,291.618439,0.999671,1.000532,-0.000011,1.000837,0.750000,0.750000,1.000000,0.000100000,0.000001113,0.066853,0.000000,0.000000,0.031028,0.001974,-0.001520,0.741736,0.000000
99.699997,1.140750,534.473938,0.000216,0.030877,291.638489,0.999672,1.000531,-0.000011,1.000841,0.750000,0.750000,1.000000,0.000100000,0.000001113,0.066869,0.000000,0.000000,0.030450,0.001945,-0.001518,0.741895,0.000000
99.799995,1.139699,534.634155,0.000212,0.030278,291.658386,0.999672,1.000531,-0.000011,1.000841,0.750000,0.750000,1.000000,0.000100000,0.000001113,0.066885,0.000000,0.000000,0.029878,0.001917,-0.001517,0.742052,0.000000
99.899994,1.138647,534.792847,0.000208,0.029685,291.678131,0.999673,1.000530,-0.000011,1.000840,0.750000,0.750000,1.000000,0.000100000,0.000001113,0.066900,0.000000,0.000000,0.029311,0.001888,-0.001515,0.742208,0.000000
100.000000,1.137595,534.950012,0.000204,0.029097,291.697723,0.999673,1.000530,-0.000011,1.000917,0.750000,0.750000,1.000000,0.000100000,0.000001113,0.066915,0.000000,0.000000,0.028750,0.001860,-0.001513,0.742362,0.000000
100.099998,1.136542,535.105652,0.000200,0.028516,291.717163,0.999673,1.000529,-0.000011,1.000843,0.750000,0.750000,1.000000,0.000100000,0.000001113,0.066930,0.000000,0.000000,0.028194,0.001833,-0.001511,0.742515,0.000000
100.199997,1.135489,535.259827,0.000196,0.027939,291.736450,0.999674,1.000528,-0.000011,1.000840,0.750000,0.750000,1.000000,0.000100000,0.000001113,0.066944,0.000000,0.000000,0.027643,0.001805,-0.001509,0.742666,0.000000
100.299995,1.134436,535.412476,0.000192,0.027369,291.755615,0.999674,1.000528,-0.000011,1.000841,0.750000,0.750000,1.000000,0.000100000,0.000001113,0.066958,0.000000,0.000000,0.027098,0.001778,-0.001507,0.742816,0.000000
100.399994,1.133383,535.563599,0.000188,0.026804,291.774597,0.999674,1.000527,-0.000011,1.000840,0.750000,0.750000,1.000000,0.000100000,0.000001113,0.066972,0.000000,0.000000,0.026559,0.001751,-0.001505,0.742964,0.000000
100.500000,1.132331,535.713257,0.000184,0.026244,291.793457,0.999675,1.000526,-0.000011,1.000914,0.750000,0.750000,1.000000,0.000100000,0.000001113,0.066986,0.000000,0.000000,0.026024,0.001724,-0.001504,0.743111,0.000000
100.599999,1.131279,535.861450,0.000180,0.025690,291.812134,0.999675,1.000526,-0.000011,1.000841,0.750000,0.750000,1.000000,0.000100000,0.000001113,0.066999,0.000000,0.000000,0.025495,0.001697,-0.001502,0.743256,0.000000
100.699997,1.130226,536.008118,0.000176,0.025141,291.830689,0.999676,1.000525,-0.000011,1.000841,0.750000,0.750000,1.000000,0.000100000,0.000001113,0.067012,0.000000,0.000000,0.024971,0.001670,-0.001500,0.743400,0.000000
100.799995,1.129175,536.153320,0.000172,0.024598,291.849091,0.999676,1.000525,-0.000010,1.000840,0.750000,0.750000,1.000000,0.000100000,0.000001113,0.067025,0.000000,0.000000,0.024452,0.001644,-0.001499,0.743543,0.000000
100.899994,1.128125,536.297058,0.000168,0.024061,291.867340,0.999676,1.000524,-0.000010,1.000841,0.750000,0.750000,1.000000,0.000100000,0.000001113,0.067038,0.000000,0.000000,0.023939,0.001618,-0.001497,0.743684,0.000000
101.000000,1.127076,536.439270,0.000165,0.023529,291.885437,0.999677,1.000523,-0.000010,1.000916,0.750000,0.750000,1.000000,0.000100000,0.000001113,0.067050,0.000000,0.000000,0.023431,0.001592,-0.001495,0.743824,0.000000
101.099998,1.126027,536.580078,0.000161,0.023002,291.903381,0.999677,1.000523,-0.000010,1.000841,0.750000,0.750000,1.000000,0.000100000,0.000001113,0.067062,0.000000,0.000000,0.022928,0.001567,-0.001493,0.743962,0.000000
101.199997,1.124980,536.719421,0.000157,0.022480,291.921173,0.999677,1.000522,-0.000010,1.000841,0.750000,0.750000,1.000000,0.000100000,0.000001113,0.067074,0.000000,0.000000,0.022431,0.001541,-0.001491,0.744099,0.000000
101.299995,1.123935,536.857300,0.000154,0.021964,291.938812,0.999678,1.000522,-0.000010,1.000840,0.750000,0.750000,1.000000,0.000100000,0.000001113,0.067085,0.000000,0.000000,0.021938,0.001516,-0.001490,0.744234,0.000000
101.399994,1.122889,536.993774,0.000150,0.021453,291.956329,0.999678,1.000521,-0.000010,1.000838,0.750000,0.750000,1.000000,0.000100000,0.000001113,0.067096,0.000000,0.000000,0.021451,0.001491,-0.001488,0.744368,0.000000
101.500000,1.121847,537.128784,0.000147,0.020948,291.973663,0.999679,1.000520,-0.000010,1.000918,0.750000,0.750000,1.000000,0.000100000,0.000001113,0.067107,0.000000,0.000000,0.020969,0.001466,-0.001487,0.744501,0.000000
101.599999,1.120806,537.262329,0.000143,0.020448,291.990875,0.999679,1.000520,-0.000010,1.000840,0.750000,0.750000,1.000000,0.000100000,0.000001113,0.067118,0.000000,0.000000,0.020492,0.001442,-0.001485,0.744632,0.000000
101.699997,1.119766,537.394531,0.000140,0.019954,292.007904,0.999679,1.000519,-0.000010,1.000840,0.750000,0.750000,1.000000,0.000100000,0.000001113,0.067128,0.000000,0.000000,0.020020,0.001417,-0.001483,0.744762,0.000000
101.799995,1.118729,537.525269,0.000136,0.019464,292.024811,0.999680,1.000519,-0.000010,1.000841,0.750000,0.750000,1.000000,0.000100000,0.000001113,0.067139,0.000000,0.000000,0.019553,0.001393,-0.001482,0.744891,0.000000
101.899994,1.117693,537.654541,0.000133,0.018980,292.041565,0.999680,1.000518,-0.000010,1.000841,0.750000,0.750000,1.000000,0.000100000,0.000001113,0.067148,0.000000,0.000000,0.019091,0.001369,-0.001480,0.745018,0.000000
102.000000,1.116659,537.782471,0.000130,0.018501,292.058197,0.999680,1.000517,-0.000010,1.000917,0.750000,0.750000,1.000000,0.000100000,0.000001113,0.067158,0.000000,0.000000,0.018634,0.001345,-0.001479,0.745144,0.000000
102.099998,1.115627,537.908997,0.000126,0.018027,292.074646,0.999681,1.000517,-0.000010,1.000841,0.750000,0.750000,1.000000,0.000100000,0.000001113,0.067168,0.000000,0.000000,0.018182,0.001322,-0.001477,0.745268,0.000000
102.199997,1.114598,538.034180,0.000123,0.017558,292.090942,0.999681,1.000516,-0.000010,1.000840,0.750000,0.750000,1.000000,0.000100000,0.000001113,0.067177,0.000000,0.000000,0.017735,0.001299,-0.001475,0.745391,0.000000
102.299995,1.113571,538.157898,0.000120,0.017095,292.107117,0.999681,1.000516,-0.000010,1.000837,0.750000,0.750000,1.000000,0.000100000,0.000001113,0.067186,0.000000,0.000000,0.017293,0.001276,-0.001474,0.745513,0.000000
102.399994,1.112546,538.280273,0.000116,0.016636,292.123138,0.999682,1.000515,-0.000010,1.000841,0.750000,0.750000,1.000000,0.000100000,0.000001113,0.067194,0.000000,0.000000,0.016856,0.001253,-0.001472,0.745633,0.000000
102.500000,1.111524,538.401245,0.000113,0.016183,292.139008,0.999682,1.000515,-0.000010,1.000917,0.750000,0.750000,1.000000,0.000100000,0.000001113,0.067203,0.000000,0.000000,0.016424,0.001230,-0.001471,0.745752,0.000000
102.599999,1.110505,538.520935,0.000110,0.015735,292.154724,0.999682,1.000514,-0.000010,1.000840,0.750000,0.750000,1.000000,0.000100000,0.000001113,0.067211,0.000000,0.000000,0.015997,0.001208,-0.001469,0.745870,0.000000
102.699997,1.109488,538.639221,0.000107,0.015291,292.170319,0.999683,1.000514,-0.000010,1.000840,0.750000,0.750000,1.000000,0.000100000,0.000001113,0.067219,0.000000,0.000000,0.015574,0.001185,-0.001468,0.745986,0.000000
102.799995,1.108474,538.756104,0.000104,0.014853,292.185761,0.999683,1.000513,-0.000010,1.000841,0.750000,0.750000,1.000000,0.000100000,0.000001113,0.067227,0.000000,0.000000,0.015157,0.001163,-0.001467,0.746101,0.000000
102.899994,1.107463,538.871704,0.000101,0.014420,292.201050,0.999683,1.000513,-0.000010,1.000841,0.750000,0.750000,1.000000,0.000100000,0.000001113,0.067234,0.000000,0.000000,0.014744,0.001141,-0.001465,0.746215,0.000000
103.000000,1.106455,538.985962,0.000098,0.013992,292.216187,0.999683,1.000512,-0.000010,1.000917,0.750000,0.750000,1.000000,0.000100000,0.000001113,0.067242,0.000000,0.000000,0.014336,0.001120,-0.001464,0.746327,0.000000
103.099998,1.105450,539.098938,0.000095,0.013568,292.231201,0.999684,1.000512,-0.000010,1.000841,0.750000,0.750000,1.000000,0.000100000,0.000001113,0.067249,0.000000,0.000000,0.013932,0.001098,-0.001462,0.746438,0.000000
103.199997,1.104448,539.210510,0.000092,0.013150,292.246033,0.999684,1.000511,-0.000010,1.000837,0.750000,0.750000,1.000000,0.000100000,0.000001113,0.067256,0.000000,0.000000,0.013534,0.001077,-0.001461,0.746548,0.000000
103.299995,1.103449,539.320801,0.000089,0.012737,292.260742,0.999684,1.000511,-0.000010,1.000842,0.750000,0.750000,1.000000,0.000100000,0.000001113,0.067262,0.000000,0.000000,0.013140,0.001056,-0.001459,0.746657,0.000000
103.399994,1.102454,539.429810,0.000086,0.012328,292.275330,0.999685,1.000510,-0.000010,1.000840,0.750000,0.750000,1.000000,0.000100000,0.000001113,0.067269,0.000000,0.000000,0.012751,0.001035,-0.001458,0.746764,0.000000
103.500000,1.101462,539.537537,0.000083,0.011924,292.289764,0.999685,1.000510,-0.000010,1.000917,0.750000,0.750000,1.000000,0.000100000,0.000001113,0.067275,0.000000,0.000000,0.012366,0.001015,-0.001456,0.746870,0.000000
103.599999,1.100473,539.643921,0.000081,0.011525,292.304047,0.999685,1.000509,-0.000010,1.000840,0.750000,0.750000,1.000000,0.000100000,0.000001113,0.067281,0.000000,0.000000,0.011986,0.000994,-0.001455,0.746975,0.000000
103.699997,1.099488,539.749023,0.000078,0.011131,292.318176,0.999685,1.000509,-0.000010,1.000841,0.750000,0.750000,1.000000,0.000100000,0.000001113,0.067287,0.000000,0.000000,0.011611,0.000974,-0.001454,0.747078,0.000000
103.799995,1.098506,539.852905,0.000075,0.010741,292.332184,0.999686,1.000508,-0.000010,1.000841,0.750000,0.750000,1.000000,0.000100000,0.000001113,0.067292,0.000000,0.000000,0.011240,0.000954,-0.001452,0.747180,0.000000
103.899994,1.097528,539.955505,0.000072,0.010356,292.346039,0.999686,1.000508,-0.000010,1.000841,0.750000,0.750000,1.000000,0.000100000,0.000001113,0.067298,0.000000,0.000000,0.010873,0.000934,-0.001451,0.747282,0.000000
104.000000,1.096553,540.056824,0.000070,0.009976,292.359772,0.999686,1.000507,-0.000010,1.000917,0.750000,0.750000,1.000000,0.000100000,0.000001113,0.067303,0.000000,0.000000,0.010511,0.000915,-0.001450,0.747381,0.000000
104.099998,1.095583,540.156860,0.000067,0.009601,292.373352,0.999687,1.000507,-0.000010,1.000838,0.750000,0.750000,1.000000,0.000100000,0.000001113,0.067308,0.000000,0.000000,0.010154,0.000895,-0.001449,0.747480,0.000000
104.199997,1.094616,540.255676,0.000065,0.009230,292.386810,0.999687,1.000507,-0.000010,1.000840,0.750000,0.750000,1.000000,0.000100000,0.000001113,0.067313,0.000000,0.000000,0.009801,0.000876,-0.001447,0.747577,0.000000
104.299995,1.093652,540.353272,0.000062,0.008864,292.400116,0.999687,1.000506,-0.000010,1.000841,0.750000,0.750000,1.000000,0.000100000,0.000001113,0.067317,0.000000,0.000000,0.009453,0.000857,-0.001446,0.747673,0.000000
104.399994,1.092693,540.449646,0.000060,0.008502,292.413269,0.999687,1.000506,-0.000010,1.000841,0.750000,0.750000,1.000000,0.000100000,0.000001113,0.067322,0.000000,0.000000,0.009108,0.000838,-0.001445,0.747768,0.000000
104.500000,1.091738,540.544800,0.000057,0.008145,292.426300,0.999688,1.000505,-0.000010,1.000917,0.750000,0.750000,1.000000,0.000100000,0.000001113,0.067326,0.000000,0.000000,0.008769,0.000820,-0.001443,0.747862,0.000000
104.599999,1.090786,540.638733,0.000055,0.007792,292.439209,0.999688,1.000505,-0.000010,1.000840,0.750000,0.750000,1.000000,0.000100000,0.000001113,0.067330,0.000000,0.000000,0.008433,0.000801,-0.001442,0.747955,0.000000
104.699997,1.089839,540.731445,0.000052,0.007444,292.451965,0.999688,1.000504,-0.000010,1.000841,0.750000,0.750000,1.000000,0.000100000,0.000001113,0.067333,0.000000,0.000000,0.008102,0.000783,-0.001441,0.748046,0.000000
104.799995,1.088896,540.822998,0.000050,0.007100,292.464600,0.999688,1.000504,-0.000010,1.000841,0.750000,0.750000,1.000000,0.000100000,0.000001113,0.067337,0.000000,0.000000,0.007775,0.000765,-0.001440,0.748136,0.000000
104.899994,1.087957,540.913330,0.000047,0.006761,292.477081,0.999689,1.000504,-0.000010,1.000840,0.750000,0.750000,1.000000,0.000100000,0.000001113,0.067340,0.000000,0.000000,0.007452,0.000747,-0.001439,0.748225,0.000000
105.000000,1.087021,541.002502,0.000045,0.006426,292.489441,0.999689,1.000503,-0.000010,1.000914,0.750000,0.750000,1.000000,0.000100000,0.000001113,0.067344,0.000000,0.000000,0.007134,0.000729,-0.001437,0.748313,0.000000
105.099998,1.086091,541.090454,0.000043,0.006095,292.501648,0.999689,1.000503,-0.000010,1.000841,0.750000,0.750000,1.000000,0.000100000,0.000001113,0.067347,0.000000,0.000000,0.006820,0.000712,-0.001436,0.748400,0.000000
105.199997,1.085164,541.177307,0.000040,0.005769,292.513733,0.999689,1.000502,-0.000010,1.000840,0.750000,0.750000,1.000000,0.000100000,0.000001113,0.067350,0.000000,0.000000,0.006510,0.000695,-0.001435,0.748486,0.000000
105.299995,1.084242,541.262939,0.000038,0.005447,292.525696,0.999690,1.000502,-0.000010,1.000841,0.750000,0.750000,1.000000,0.000100000,0.000001113,0.067352,0.000000,0.000000,0.006204,0.000678,-0.001434,0.748570,0.000000
105.399994,1.083324,541.347473,0.000036,0.005130,292.537506,0.999690,1.000502,-0.000010,1.000841,0.750000,0.750000,1.000000,0.000100000,0.000001113,0.067355,0.000000,0.000000,0.005902,0.000661,-0.001433,0.748653,0.000000
105.500000,1.082410,541.430847,0.000034,0.004816,292.549194,0.999690,1.000501,-0.000010,1.000917,0.750000,0.750000,1.000000,0.000100000,0.000001113,0.067357,0.000000,0.000000,0.005604,0.000644,-0.001432,0.748736,0.000000
105.599999,1.081501,541.513062,0.000032,0.004507,292.560761,0.999690,1.000501,-0.000010,1.000840,0.750000,0.750000,1.000000,0.000100000,0.000001113,0.067359,0.000000,0.000000,0.005310,0.000627,-0.001431,0.748817,0.000000
105.699997,1.080597,541.594177,0.000029,0.004202,292.572205,0.999691,1.000500,-0.000010,1.000842,0.750000,0.750000,1.000000,0.000100000,0.000001113,0.067361,0.000000,0.000000,0.005021,0.000611,-0.001429,0.748897,0.000000
105.799995,1.079696,541.674194,0.000027,0.003902,292.583496,0.999691,1.000500,-0.000010,1.000841,0.750000,0.750000,1.000000,0.000100000,0.000001113,0.067363,0.000000,0.000000,0.004735,0.000595,-0.001428,0.748976,0.000000
105.899994,1.078801,541.753052,0.000025,0.003605,292.594666,0.999691,1.000500,-0.000010,1.000837,0.750000,0.750000,1.000000,0.000100000,0.000001113,0.067364,0.000000,0.000000,0.004453,0.000579,-0.001427,0.749054,0.000000
106.000000,1.077910,541.830872,0.000023,0.003312,292.605713,0.999691,1.000499,-0.000010,1.000917,0.750000,0.750000,1.000000,0.000100000,0.000001113,0.067366,0.000000,0.000000,0.004175,0.000563,-0.001426,0.749131,0.000000
106.099998,1.077023,541.907532,0.000021,0.003024,292.616638,0.999692,1.000499,-0.000010,1.000840,0.750000,0.750000,1.000000,0.000100000,0.000001113,0.067367,0.000000,0.000000,0.003902,0.000548,-0.001425,0.749206,0.000000
106.199997,1.076142,541.983154,0.000019,0.002740,292.627441,0.999692,1.000498,-0.000010,1.000841,0.750000,0.750000,1.000000,0.000100000,0.000001113,0.067368,0.000000,0.000000,0.003632,0.000532,-0.001424,0.749281,0.000000
106.299995,1.075265,542.057678,0.000017,0.002459,292.638092,0.999692,1.000498,-0.000010,1.000841,0.750000,0.750000,1.000000,0.000100000,0.000001113,0.067369,0.000000,0.000000,0.003365,0.000517,-0.001423,0.749354,0.000000
106.399994,1.074392,542.131104,0.000015,0.002183,292.648651,0.999692,1.000498,-0.000010,1.000840,0.750000,0.750000,1.000000,0.000100000,0.000001113,0.067370,0.000000,0.000000,0.003103,0.000502,-0.001422,0.749427,0.000000
106.500000,1.073524,542.203491,0.000013,0.001910,292.659058,0.999692,1.000497,-0.000010,1.000917,0.750000,0.750000,1.000000,0.000100000,0.000001113,0.067371,0.000000,0.000000,0.002845,0.000487,-0.001421,0.749498,0.000000
106.599999,1.072661,542.274841,0.000011,0.001642,292.669342,0.999693,1.000497,-0.000010,1.000841,0.750000,0.750000,1.000000,0.000100000,0.000001113,0.067371,0.000000,0.000000,0.002590,0.000472,-0.001420,0.749569,0.000000
106.699997,1.071802,542.345154,0.000010,0.001377,292.679504,0.999693,1.000497,-0.000010,1.000840,0.750000,0.750000,1.000000,0.000100000,0.000001113,0.067372,0.000000,0.000000,0.002339,0.000458,-0.001419,0.749638,0.000000
106.799995,1.070948,542.414429,0.000008,0.001117,292.689575,0.999693,1.000496,-0.000010,1.000838,0.750000,0.750000,1.000000,0.000100000,0.000001113,0.067372,0.000000,0.000000,0.002091,0.000443,-0.001418,0.749707,0.000000
106.899994,1.070100,542.482605,0.000006,0.000860,292.699493,0.999693,1.000496,-0.000010,1.000841,0.750000,0.750000,1.000000,0.000100000,0.000001113,0.067372,0.000000,0.000000,0.001848,0.000429,-0.001417,0.749774,0.000000
107.000000,1.069256,542.549805,0.000004,0.000607,292.709290,0.999693,1.000496,-0.000010,1.000916,0.750000,0.750000,1.000000,0.000100000,0.000001113,0.067372,0.000000,0.000000,0.001608,0.000415,-0.001416,0.749841,0.000000
107.099998,1.068417,542.616028,0.000003,0.000357,292.718964,0.999694,1.000495,-0.000010,1.000841,0.750000,0.750000,1.000000,0.000100000,0.000001113,0.067371,0.000000,0.000000,0.001371,0.000401,-0.001416,0.749906,0.000000
107.199997,1.067582,542.681213,0.000001,0.000112,292.728546,0.999694,1.000495,-0.000010,1.000840,0.750000,0.750000,1.000000,0.000100000,0.000001113,0.067371,0.000000,0.000000,0.001139,0.000388,-0.001415,0.749971,0.000000
107.299995,1.066753,542.745422,-0.000001,-0.000130,292.737976,0.999694,1.000495,-0.000010,1.000841,0.750000,0.750000,1.000000,0.000100000,0.000001113,0.067371,0.000000,0.000000,0.000909,0.000374,-0.001413,0.750034,0.000000
107.399994,1.065928,542.808594,-0.000003,-0.000368,292.747314,0.999694,1.000494,-0.000010,1.000843,0.750000,0.750000,1.000000,0.000100000,0.000001113,0.067370,0.000000,0.000000,0.000684,0.000361,-0.001413,0.750097,0.000000
107.500000,1.065108,542.870789,-0.000004,-0.000602,292.756531,0.999694,1.000494,-0.000010,1.000917,0.750000,0.750000,1.000000,0.000100000,0.000001113,0.067369,0.000000,0.000000,0.000461,0.000348,-0.001412,0.750158,0.000000
107.599999,1.064293,542.932068,-0.000006,-0.000833,292.765625,0.999695,1.000494,-0.000010,1.000841,0.750000,0.750000,1.000000,0.000100000,0.000001113,0.067368,0.000000,0.000000,0.000243,0.000335,-0.001411,0.750219,0.000000
107.699997,1.063484,542.992310,-0.000007,-0.001061,292.774597,0.999695,1.000494,-0.000010,1.000838,0.750000,0.750000,1.000000,0.000100000,0.000001113,0.067367,0.000000,0.000000,0.000027,0.000322,-0.001410,0.750278,0.000000
107.799995,1.062679,543.051636,-0.000009,-0.001284,292.783478,0.999695,1.000493,-0.000010,1.000841,0.750000,0.750000,1.000000,0.000100000,0.000001113,0.067366,0.000000,0.000000,-0.000184,0.000309,-0.001409,0.750337,0.000000
107.899994,1.061879,543.109985,-0.000011,-0.001504,292.792206,0.999695,1.000493,-0.000010,1.000841,0.750000,0.750000,1.000000,0.000100000,0.000001113,0.067364,0.000000,0.000000,-0.000393,0.000297,-0.001408,0.750395,0.000000
108.000000,1.061084,543.167419,-0.000012,-0.001721,292.800842,0.999695,1.000493,-0.000010,1.000917,0.750000,0.750000,1.000000,0.000100000,0.000001113,0.067363,0.000000,0.000000,-0.000598,0.000285,-0.001407,0.750452,0.000000
108.099998,1.060294,543.223877,-0.000014,-0.001934,292.809357,0.999696,1.000492,-0.000010,1.000841,0.750000,0.750000,1.000000,0.000100000,0.000001113,0.067361,0.000000,0.000000,-0.000800,0.000272,-0.001407,0.750508,0.000000
108.199997,1.059509,543.279419,-0.000015,-0.002143,292.817780,0.999696,1.000492,-0.000010,1.000840,0.750000,0.750000,1.000000,0.000100000,0.000001113,0.067360,0.000000,0.000000,-0.000998,0.000260,-0.001406,0.750563,0.000000
108.299995,1.058729,543.334106,-0.000016,-0.002350,292.826080,0.999696,1.000492,-0.000010,1.000841,0.750000,0.750000,1.000000,0.000100000,0.000001113,0.067358,0.000000,0.000000,-0.001193,0.000248,-0.001405,0.750617,0.000000
108.399994,1.057953,543.387817,-0.000018,-0.002553,292.834259,0.999696,1.000491,-0.000010,1.000841,0.750000,0.750000,1.000000,0.000100000,0.000001113,0.067356,0.000000,0.000000,-0.001385,0.000237,-0.001404,0.750670,0.000000
108.500000,1.057183,543.440613,-0.000019,-0.002752,292.842346,0.999696,1.000491,-0.000010,1.000917,0.750000,0.750000,1.000000,0.000100000,0.000001113,0.067354,0.000000,0.000000,-0.001574,0.000225,-0.001403,0.750722,0.000000
108.599999,1.056419,543.492554,-0.000021,-0.002948,292.850311,0.999696,1.000491,-0.000010,1.000837,0.750000,0.750000,1.000000,0.000100000,0.000001113,0.067351,0.000000,0.000000,-0.001759,0.000214,-0.001403,0.750774,0.000000
108.699997,1.055659,543.543579,-0.000022,-0.003141,292.858185,0.999697,1.000491,-0.000010,1.000841,0.750000,0.750000,1.000000,0.000100000,0.000001113,0.067349,0.000000,0.000000,-0.001941,0.000203,-0.001402,0.750824,0.000000
108.799995,1.054904,543.593750,-0.000023,-0.003330,292.865936,0.999697,1.000490,-0.000010,1.000841,0.750000,0.750000,1.000000,0.000100000,0.000001113,0.067347,0.000000,0.000000,-0.002121,0.000192,-0.001401,0.750874,0.000000
108.899994,1.054153,543.643005,-0.000025,-0.003516,292.873566,0.999697,1.000490,-0.000010,1.000840,0.750000,0.750000,1.000000,0.000100000,0.000001113,0.067344,0.000000,0.000000,-0.002296,0.000181,-0.001401,0.750923,0.000000
109.000000,1.053409,543.691406,-0.000026,-0.003699,292.881104,0.999697,1.000490,-0.000010,1.000917,0.750000,0.750000,1.000000,0.000100000,0.000001113,0.067341,0.000000,0.000000,-0.002469,0.000170,-0.001400,0.750971,0.000000
109.099998,1.052669,543.739014,-0.000027,-0.003879,292.888550,0.999697,1.000490,-0.000010,1.000840,0.750000,0.750000,1.000000,0.000100000,0.000001113,0.067339,0.000000,0.000000,-0.002639,0.000159,-0.001399,0.751018,0.000000
109.199997,1.051934,543.785706,-0.000028,-0.004055,292.895874,0.999697,1.000489,-0.000010,1.000841,0.750000,0.750000,1.000000,0.000100000,0.000001113,0.067336,0.000000,0.000000,-0.002806,0.000149,-0.001398,0.751065,0.000000
109.299995,1.051204,543.831543,-0.000030,-0.004229,292.903107,0.999697,1.000489,-0.000010,1.000841,0.750000,0.750000,1.000000,0.000100000,0.000001113,0.067333,0.000000,0.000000,-0.002970,0.000138,-0.001397,0.751110,0.000000
109.399994,1.050479,543.876587,-0.000031,-0.004399,292.910217,0.999698,1.000489,-0.000010,1.000841,0.750000,0.750000,1.000000,0.000100000,0.000001113,0.067330,0.000000,0.000000,-0.003131,0.000128,-0.001397,0.751155,0.000000
109.500000,1.049759,543.920776,-0.000032,-0.004566,292.917236,0.999698,1.000489,-0.000010,1.000913,0.750000,0.750000,1.000000,0.000100000,0.000001113,0.067326,0.000000,0.000000,-0.003288,0.000118,-0.001396,0.751199,0.000000
109.599999,1.049045,543.964172,-0.000033,-0.004731,292.924164,0.999698,1.000488,-0.000010,1.000842,0.750000,0.750000,1.000000,0.000100000,0.000001113,0.067323,0.000000,0.000000,-0.003443,0.000108,-0.001395,0.751242,0.000000
109.699997,1.048335,544.006714,-0.000034,-0.004892,292.931000,0.999698,1.000488,-0.000010,1.000840,0.750000,0.750000,1.000000,0.000100000,0.000001113,0.067320,0.000000,0.000000,-0.003595,0.000099,-0.001395,0.751284,0.000000
109.799995,1.047631,544.048462,-0.000035,-0.005050,292.937714,0.999698,1.000488,-0.000010,1.000840,0.750000,0.750000,1.000000,0.000100000,0.000001113,0.067316,0.000000,0.000000,-0.003745,0.000089,-0.001394,0.751326,0.000000
109.899994,1.046931,544.089478,-0.000036,-0.005205,292.944336,0.999698,1.000488,-0.000010,1.000842,0.750000,0.750000,1.000000,0.000100000,0.000001113,0.067312,0.000000,0.000000,-0.003891,0.000080,-0.001393,0.751366,0.000000
110.000000,1.046237,544.129639,-0.000037,-0.005357,292.950836,0.999698,1.000487,-0.000010,1.000916,0.750000,0.750000,1.000000,0.000100000,0.000001113,0.067309,0.000000,0.000000,-0.004034,0.000070,-0.001393,0.751406,0.000000
110.099998,1.045547,544.169006,-0.000039,-0.005506,292.957275,0.999699,1.000487,-0.000010,1.000841,0.750000,0.750000,1.000000,0.000100000,0.000001113,0.067305,0.000000,0.000000,-0.004175,0.000061,-0.001392,0.751445,0.000000
110.199997,1.044863,544.207642,-0.000040,-0.005653,292.963593,0.999699,1.000487,-0.000010,1.000841,0.750000,0.750000,1.000000,0.000100000,0.000001113,0.067301,0.000000,0.000000,-0.004313,0.000052,-0.001392,0.751484,0.000000
110.299995,1.044183,544.245483,-0.000041,-0.005796,292.969818,0.999699,1.000487,-0.000010,1.000841,0.750000,0.750000,1.000000,0.000100000,0.000001113,0.067297,0.000000,0.000000,-0.004448,0.000043,-0.001391,0.751521,0.000000
110.399994,1.043509,544.282532,-0.000042,-0.005936,292.975952,0.999699,1.000487,-0.000010,1.000837,0.750000,0.750000,1.000000,0.000100000,0.000001113,0.067293,0.000000,0.000000,-0.004580,0.000034,-0.001390,0.751558,0.000000
110.500000,1.042840,544.318909,-0.000043,-0.006075,292.981995,0.999699,1.000486,-0.000010,1.000918,0.750000,0.750000,1.000000,0.000100000,0.000001113,0.067289,0.000000,0.000000,-0.004710,0.000026,-0.001390,0.751595,0.000000
110.599999,1.042176,544.354492,-0.000043,-0.006210,292.987946,0.999699,1.000486,-0.000010,1.000840,0.750000,0.750000,1.000000,0.000100000,0.000001113,0.067284,0.000000,0.000000,-0.004837,0.000017,-0.001389,0.751630,0.000000
110.699997,1.041516,544.389282,-0.000044,-0.006341,292.993774,0.999699,1.000486,-0.000010,1.000841,0.750000,0.750000,1.000000,0.000100000,0.000001113,0.067280,0.000000,0.000000,-0.004962,0.000009,-0.001389,0.751665,0.000000
110.799995,1.040862,544.423401,-0.000045,-0.006471,292.999542,0.999699,1.000486,-0.000010,1.000841,0.750000,0.750000,1.000000,0.000100000,0.000001113,0.067276,0.000000,0.000000,-0.005084,0.000001,-0.001388,0.751699,0.000000
110.899994,1.040213,544.456787,-0.000046,-0.006598,293.005219,0.999700,1.000486,-0.000010,1.000841,0.750000,0.750000,1.000000,0.000100000,0.000001113,0.067271,0.000000,0.000000,-0.005203,-0.000007,-0.001388,0.751732,0.000000
111.000000,1.039568,544.489441,-0.000047,-0.006722,293.010773,0.999700,1.000485,-0.000010,1.000909,0.750000,0.750000,1.000000,0.000100000,0.000001113,0.067266,0.000000,0.000000,-0.005319,-0.000015,-0.001387,0.751764,0.000000
111.099998,1.038929,544.521423,-0.000048,-0.006843,293.016266,0.999700,1.000485,-0.000010,1.000840,0.750000,0.750000,1.000000,0.000100000,0.000001113,0.067262,0.000000,0.000000,-0.005434,-0.000023,-0.001387,0.751796,0.000000
111.199997,1.038295,544.552673,-0.000049,-0.006962,293.021667,0.999700,1.000485,-0.000010,1.000840,0.750000,0.750000,1.000000,0.000100000,0.000001113,0.067257,0.000000,0.000000,-0.005545,-0.000031,-0.001386,0.751828,0.000000
111.299995,1.037665,544.583252,-0.000050,-0.007079,293.026978,0.999700,1.000485,-0.000010,1.000841,0.750000,0.750000,1.000000,0.000100000,0.000001113,0.067252,0.000000,0.000000,-0.005654,-0.000039,-0.001386,0.751858,0.000000
111.399994,1.037041,544.613098,-0.000050,-0.007192,293.032196,0.999700,1.000485,-0.000010,1.000838,0.750000,0.750000,1.000000,0.000100000,0.000001113,0.067247,0.000000,0.000000,-0.005761,-0.000046,-0.001385,0.751888,0.000000
111.500000,1.036421,544.642273,-0.000051,-0.007303,293.037323,0.999700,1.000485,-0.000010,1.000918,0.750000,0.750000,1.000000,0.000100000,0.000001113,0.067242,0.000000,0.000000,-0.005865,-0.000053,-0.001385,0.751917,0.000000
111.599999,1.035807,544.670776,-0.000052,-0.007411,293.042358,0.999700,1.000484,-0.000010,1.000840,0.750000,0.750000,1.000000,0.000100000,0.000001113,0.067237,0.000000,0.000000,-0.005967,-0.000061,-0.001384,0.751946,0.000000
111.699997,1.035198,544.698608,-0.000053,-0.007518,293.047333,0.999700,1.000484,-0.000010,1.000841,0.750000,0.750000,1.000000,0.000100000,0.000001113,0.067232,0.000000,0.000000,-0.006066,-0.000068,-0.001384,0.751973,0.000000
111.799995,1.034592,544.725769,-0.000053,-0.007621,293.052185,0.999701,1.000484,-0.000010,1.000831,0.750000,0.750000,1.000000,0.000100000,0.000001113,0.067227,0.000000,0.000000,-0.006163,-0.000075,-0.001383,0.752000,0.000000
111.899994,1.033993,544.752319,-0.000054,-0.007722,293.056976,0.999701,1.000484,-0.000010,1.000840,0.750000,0.750000,1.000000,0.000100000,0.000001113,0.067222,0.000000,0.000000,-0.006258,-0.000081,-0.001382,0.752027,0.000000
112.000000,1.033398,544.778137,-0.000055,-0.007820,293.061676,0.999701,1.000484,-0.000010,1.000917,0.750000,0.750000,1.000000,0.000100000,0.000001113,0.067216,0.000000,0.000000,-0.006350,-0.000088,-0.001382,0.752053,0.000000
112.099998,1.032808,544.803406,-0.000055,-0.007917,293.066315,0.999701,1.000484,-0.000010,1.000841,0.750000,0.750000,1.000000,0.000100000,0.000001113,0.067211,0.000000,0.000000,-0.006441,-0.000095,-0.001381,0.752078,0.000000
112.199997,1.032223,544.828003,-0.000056,-0.008011,293.070831,0.999701,1.000483,-0.000010,1.000841,0.750000,0.750000,1.000000,0.000100000,0.000001113,0.067205,0.000000,0.000000,-0.006529,-0.000101,-0.001381,0.752103,0.000000
112.299995,1.031642,544.851929,-0.000057,-0.008102,293.075317,0.999701,1.000483,-0.000010,1.000841,0.750000,0.750000,1.000000,0.000100000,0.000001113,0.067200,0.000000,0.000000,-0.006614,-0.000108,-0.001381,0.752127,0.000000
112.399994,1.031067,544.875244,-0.000057,-0.008191,293.079681,0.999701,1.000483,-0.000010,1.000837,0.750000,0.750000,1.000000,0.000100000,0.000001113,0.067194,0.000000,0.000000,-0.006697,-0.000114,-0.001380,0.752150,0.000000
112.500000,1.030496,544.898010,-0.000058,-0.008278,293.083984,0.999701,1.000483,-0.000010,1.000918,0.750000,0.750000,1.000000,0.000100000,0.000001113,0.067189,0.000000,0.000000,-0.006779,-0.000120,-0.001380,0.752173,0.000000
112.599999,1.029930,544.920105,-0.000059,-0.008363,293.088196,0.999701,1.000483,-0.000010,1.000840,0.750000,0.750000,1.000000,0.000100000,0.000001113,0.067183,0.000000,0.000000,-0.006858,-0.000126,-0.001379,0.752195,0.000000
112.699997,1.029369,544.941589,-0.000059,-0.008445,293.092346,0.999701,1.000483,-0.000010,1.000840,0.750000,0.750000,1.000000,0.000100000,0.000001113,0.067177,0.000000,0.000000,-0.006934,-0.000132,-0.001379,0.752217,0.000000
112.799995,1.028813,544.962524,-0.000060,-0.008525,293.096405,0.999701,1.000482,-0.000010,1.000841,0.750000,0.750000,1.000000,0.000100000,0.000001113,0.067171,0.000000,0.000000,-0.007009,-0.000138,-0.001378,0.752238,0.000000
112.899994,1.028262,544.982849,-0.000060,-0.008603,293.100372,0.999702,1.000482,-0.000010,1.000841,0.750000,0.750000,1.000000,0.000100000,0.000001113,0.067165,0.000000,0.000000,-0.007082,-0.000143,-0.001378,0.752258,0.000000
113.000000,1.027716,545.002625,-0.000061,-0.008679,293.104279,0.999702,1.000482,-0.000010,1.000916,0.750000,0.750000,1.000000,0.000100000,0.000001113,0.067159,0.000000,0.000000,-0.007152,-0.000149,-0.001378,0.752278,0.000000
113.099998,1.027173,545.021790,-0.000061,-0.008753,293.108124,0.999702,1.000482,-0.000010,1.000841,0.750000,0.750000,1.000000,0.000100000,0.000001113,0.067153,0.000000,0.000000,-0.007221,-0.000154,-0.001377,0.752298,0.000000
113.199997,1.026636,545.040344,-0.000062,-0.008824,293.111877,0.999702,1.000482,-0.000010,1.000841,0.750000,0.750000,1.000000,0.000100000,0.000001113,0.067147,0.000000,0.000000,-0.007287,-0.000160,-0.001377,0.752316,0.000000
113.299995,1.026104,545.058411,-0.000062,-0.008893,293.115540,0.999702,1.000482,-0.000010,1.000837,0.750000,0.750000,1.000000,0.000100000,0.000001113,0.067141,0.000000,0.000000,-0.007351,-0.000165,-0.001377,0.752335,0.000000
113.399994,1.025575,545.075867,-0.000063,-0.008960,293.119171,0.999702,1.000482,-0.000010,1.000841,0.750000,0.750000,1.000000,0.000100000,0.000001113,0.067135,0.000000,0.000000,-0.007414,-0.000170,-0.001376,0.752352,0.000000
113.500000,1.025052,545.092773,-0.000063,-0.009025,293.122681,0.999702,1.000482,-0.000010,1.000918,0.750000,0.750000,1.000000,0.000100000,0.000001113,0.067129,0.000000,0.000000,-0.007474,-0.000175,-0.001376,0.752369,0.000000
113.599999,1.024534,545.109131,-0.000064,-0.009089,293.126160,0.999702,1.000481,-0.000010,1.000840,0.750000,0.750000,1.000000,0.000100000,0.000001113,0.067123,0.000000,0.000000,-0.007533,-0.000180,-0.001376,0.752386,0.000000
113.699997,1.024020,545.125000,-0.000064,-0.009150,293.129547,0.999702,1.000481,-0.000010,1.000842,0.750000,0.750000,1.000000,0.000100000,0.000001113,0.067116,0.000000,0.000000,-0.007589,-0.000185,-0.001375,0.752402,0.000000
113.799995,1.023511,545.140320,-0.000064,-0.009209,293.132874,0.999702,1.000481,-0.000010,1.000840,0.750000,0.750000,1.000000,0.000100000,0.000001113,0.067110,0.000000,0.000000,-0.007644,-0.000190,-0.001375,0.752417,0.000000
113.899994,1.023006,545.155090,-0.000065,-0.009266,293.136108,0.999702,1.000481,-0.000010,1.000841,0.750000,0.750000,1.000000,0.000100000,0.000001113,0.067104,0.000000,0.000000,-0.007697,-0.000194,-0.001375,0.752432,0.000000
114.000000,1.022506,545.169312,-0.000065,-0.009321,293.139282,0.999702,1.000481,-0.000010,1.000917,0.750000,0.750000,1.000000,0.000100000,0.000001113,0.067097,0.000000,0.000000,-0.007748,-0.000199,-0.001374,0.752447,0.000000
114.099998,1.022011,545.183105,-0.000066,-0.009374,293.142395,0.999702,1.000481,-0.000010,1.000841,0.750000,0.750000,1.000000,0.000100000,0.000001113,0.067091,0.000000,0.000000,-0.007797,-0.000203,-0.001374,0.752461,0.000000
114.199997,1.021520,545.196289,-0.000066,-0.009425,293.145447,0.999702,1.000481,-0.000010,1.000838,0.750000,0.750000,1.000000,0.000100000,0.000001113,0.067084,0.000000,0.000000,-0.007844,-0.000208,-0.001374,0.752474,0.000000
114.299995,1.021034,545.209045,-0.000066,-0.009475,293.148438,0.999703,1.000481,-0.000010,1.000841,0.750000,0.750000,1.000000,0.000100000,0.000001113,0.067077,0.000000,0.000000,-0.007889,-0.000212,-0.001373,0.752487,0.000000
114.399994,1.020553,545.221252,-0.000067,-0.009522,293.151337,0.999703,1.000481,-0.000010,1.000841,0.750000,0.750000,1.000000,0.000100000,0.000001113,0.067071,0.000000,0.000000,-0.007933,-0.000216,-0.001373,0.752500,0.000000
114.500000,1.020076,545.233032,-0.000067,-0.009568,293.154175,0.999703,1.000480,-0.000010,1.000916,0.750000,0.750000,1.000000,0.000100000,0.000001113,0.067064,0.000000,0.000000,-0.007975,-0.000220,-0.001373,0.752512,0.000000
114.599999,1.019603,545.244263,-0.000067,-0.009612,293.156952,0.999703,1.000480,-0.000010,1.000831,0.750000,0.750000,1.000000,0.000100000,0.000001113,0.067058,0.000000,0.000000,-0.008015,-0.000224,-0.001373,0.752523,0.000000
114.699997,1.019134,545.255066,-0.000068,-0.009654,293.159668,0.999703,1.000480,-0.000010,1.000840,0.750000,0.750000,1.000000,0.000100000,0.000001113,0.067051,0.000000,0.000000,-0.008054,-0.000228,-0.001372,0.752534,0.000000
114.799995,1.018671,545.265381,-0.000068,-0.009694,293.162323,0.999703,1.000480,-0.000010,1.000841,0.750000,0.750000,1.000000,0.000100000,0.000001113,0.067044,0.000000,0.000000,-0.008091,-0.000232,-0.001372,0.752545,0.000000
114.899994,1.018211,545.275208,-0.000068,-0.009733,293.164886,0.999703,1.000480,-0.000010,1.000841,0.750000,0.750000,1.000000,0.000100000,0.000001113,0.067037,0.000000,0.000000,-0.008126,-0.000236,-0.001372,0.752555,0.000000
115.000000,1.017756,545.284607,-0.000068,-0.009770,293.167419,0.999703,1.000480,-0.000010,1.000917,0.750000,0.750000,1.000000,0.000100000,0.000001113,0.067031,0.000000,0.000000,-0.008159,-0.000239,-0.001371,0.752565,0.000000
115.099998,1.017306,545.293518,-0.000069,-0.009805,293.169861,0.999703,1.000480,-0.000010,1.000840,0.750000,0.750000,1.000000,0.000100000,0.000001113,0.067024,0.000000,0.000000,-0.008191,-0.000243,-0.001371,0.752574,0.000000
115.199997,1.016860,545.301941,-0.000069,-0.009838,293.172272,0.999703,1.000480,-0.000010,1.000838,0.750000,0.750000,1.000000,0.000100000,0.000001113,0.067017,0.000000,0.000000,-0.008221,-0.000246,-0.001371,0.752583,0.000000
115.299995,1.016419,545.309998,-0.000069,-0.009870,293.174591,0.999703,1.000480,-0.000010,1.000841,0.750000,0.750000,1.000000,0.000100000,0.000001113,0.067010,0.000000,0.000000,-0.008250,-0.000249,-0.001371,0.752591,0.000000
115.399994,1.015981,545.317566,-0.000069,-0.009900,293.176880,0.999703,1.000480,-0.000010,1.000841,0.750000,0.750000,1.000000,0.000100000,0.000001113,0.067003,0.000000,0.000000,-0.008277,-0.000253,-0.001371,0.752599,0.000000
115.500000,1.015549,545.324707,-0.000070,-0.009929,293.179108,0.999703,1.000480,-0.000010,1.000917,0.750000,0.750000,1.000000,0.000100000,0.000001113,0.066996,0.000000,0.000000,-0.008303,-0.000256,-0.001370,0.752606,0.000000
115.599999,1.015120,545.331421,-0.000070,-0.009955,293.181244,0.999703,1.000479,-0.000010,1.000842,0.750000,0.750000,1.000000,0.000100000,0.000001113,0.066989,0.000000,0.000000,-0.008327,-0.000259,-0.001370,0.752613,0.000000
115.699997,1.014694,545.337769,-0.000070,-0.009981,293.183350,0.999703,1.000479,-0.000010,1.000840,0.750000,0.750000,1.000000,0.000100000,0.000001113,0.066982,0.000000,0.000000,-0.008349,-0.000262,-0.001370,0.752620,0.000000
115.799995,1.014274,545.343628,-0.000070,-0.010004,293.185394,0.999703,1.000479,-0.000010,1.000840,0.750000,0.750000,1.000000,0.000100000,0.000001113,0.066975,0.000000,0.000000,-0.008370,-0.000265,-0.001370,0.752626,0.000000
115.899994,1.013859,545.349121,-0.000070,-0.010027,293.187378,0.999703,1.000479,-0.000010,1.000841,0.750000,0.750000,1.000000,0.000100000,0.000001113,0.066968,0.000000,0.000000,-0.008390,-0.000268,-0.001369,0.752632,0.000000
116.000000,1.013448,545.354187,-0.000070,-0.010047,293.189301,0.999703,1.000479,-0.000010,1.000913,0.750000,0.750000,1.000000,0.000100000,0.000001113,0.066961,0.000000,0.000000,-0.008408,-0.000270,-0.001369,0.752637,0.000000
116.099998,1.013039,545.358826,-0.000070,-0.010066,293.191162,0.999703,1.000479,-0.000010,1.000841,0.750000,0.750000,1.000000,0.000100000,0.000001113,0.066954,0.000000,0.000000,-0.008424,-0.000273,-0.001369,0.752642,0.000000
116.199997,1.012636,545.363098,-0.000071,-0.010084,293.192993,0.999703,1.000479,-0.000010,1.000840,0.750000,0.750000,1.000000,0.000100000,0.000001113,0.066946,0.000000,0.000000,-0.008440,-0.000276,-0.001369,0.752647,0.000000
116.299995,1.012236,545.366943,-0.000071,-0.010100,293.194763,0.999703,1.000479,-0.000010,1.000841,0.750000,0.750000,1.000000,0.000100000,0.000001113,0.066939,0.000000,0.000000,-0.008453,-0.000278,-0.001369,0.752651,0.000000
116.399994,1.011842,545.370422,-0.000071,-0.010115,293.196442,0.999704,1.000479,-0.000010,1.000841,0.750000,0.750000,1.000000,0.000100000,0.000001113,0.066932,0.000000,0.000000,-0.008466,-0.000281,-0.001369,0.752655,0.000000
116.500000,1.011451,545.373535,-0.000071,-0.010128,293.198120,0.999704,1.000479,-0.000010,1.000917,0.750000,0.750000,1.000000,0.000100000,0.000001113,0.066925,0.000000,0.000000,-0.008477,-0.000283,-0.001368,0.752659,0.000000
116.599999,1.011066,545.376282,-0.000071,-0.010140,293.199707,0.999704,1.000479,-0.000010,1.000840,0.750000,0.750000,1.000000,0.000100000,0.000001113,0.066918,0.000000,0.000000,-0.008487,-0.000285,-0.001368,0.752662,0.000000
116.699997,1.010681,545.378662,-0.000071,-0.010151,293.201263,0.999704,1.000479,-0.000010,1.000841,0.750000,0.750000,1.000000,0.000100000,0.000001113,0.066910,0.000000,0.000000,-0.008495,-0.000288,-0.001368,0.752665,0.000000
116.799995,1.010303,545.380676,-0.000071,-0.010160,293.202759,0.999704,1.000479,-0.000010,1.000840,0.750000,0.750000,1.000000,0.000100000,0.000001113,0.066903,0.000000,0.000000,-0.008502,-0.000290,-0.001368,0.752667,0.000000
116.899994,1.009928,545.382263,-0.000071,-0.010167,293.204193,0.999704,1.000479,-0.000010,1.000841,0.750000,0.750000,1.000000,0.000100000,0.000001113,0.066896,0.000000,0.000000,-0.008508,-0.000292,-0.001368,0.752669,0.000000
117.000000,1.009559,545.383545,-0.000071,-0.010174,293.205597,0.999704,1.000479,-0.000010,1.000913,0.750000,0.750000,1.000000,0.000100000,0.000001113,0.066889,0.000000,0.000000,-0.008513,-0.000294,-0.001368,0.752671,0.000000
117.099998,1.009190,545.384522,-0.000071,-0.010179,293.206940,0.999704,1.000479,-0.000010,1.000841,0.750000,0.750000,1.000000,0.000100000,0.000001113,0.066881,0.000000,0.000000,-0.008516,-0.000296,-0.001368,0.752672,0.000000
117.199997,1.008828,545.385071,-0.000071,-0.010183,293.208221,0.999704,1.000479,-0.000010,1.000841,0.750000,0.750000,1.000000,0.000100000,0.000001113,0.066874,0.000000,0.000000,-0.008518,-0.000297,-0.001367,0.752673,0.000000
117.299995,1.008469,545.385315,-0.000071,-0.010185,293.209473,0.999704,1.000479,-0.000010,1.000839,0.750000,0.750000,1.000000,0.000100000,0.000001113,0.066867,0.000000,0.000000,-0.008519,-0.000299,-0.001367,0.752674,0.000000
117.399994,1.008115,545.385254,-0.000071,-0.010187,293.210663,0.999704,1.000478,-0.000010,1.000841,0.750000,0.750000,1.000000,0.000100000,0.000001113,0.066859,0.000000,0.000000,-0.008519,-0.000301,-0.001367,0.752674,0.000000
117.500000,1.007764,545.384827,-0.000071,-0.010187,293.211823,0.999704,1.000478,-0.000010,1.000917,0.750000,0.750000,1.000000,0.000100000,0.000001113,0.066852,0.000000,0.000000,-0.008517,-0.000303,-0.001367,0.752674,0.000000
117.599999,1.007416,545.384033,-0.000071,-0.010185,293.212921,0.999704,1.000478,-0.000010,1.000840,0.750000,0.750000,1.000000,0.000100000,0.000001113,0.066845,0.000000,0.000000,-0.008514,-0.000304,-0.001367,0.752674,0.000000
117.699997,1.007074,545.382996,-0.000071,-0.010183,293.213989,0.999704,1.000478,-0.000010,1.000832,0.750000,0.750000,1.000000,0.000100000,0.000001113,0.066837,0.000000,0.000000,-0.008511,-0.000306,-0.001366,0.752673,0.000000
117.799995,1.006735,545.381592,-0.000071,-0.010179,293.214996,0.999704,1.000478,-0.000010,1.000840,0.750000,0.750000,1.000000,0.000100000,0.000001113,0.066830,0.000000,0.000000,-0.008506,-0.000307,-0.001366,0.752672,0.000000
117.899994,1.006398,545.379883,-0.000071,-0.010175,293.215973,0.999704,1.000478,-0.000010,1.000841,0.750000,0.750000,1.000000,0.000100000,0.000001113,0.066823,0.000000,0.000000,-0.008500,-0.000309,-0.001366,0.752671,0.000000
118.000000,1.006067,545.377869,-0.000071,-0.010168,293.216888,0.999704,1.000478,-0.000010,1.000914,0.750000,0.750000,1.000000,0.000100000,0.000001113,0.066815,0.000000,0.000000,-0.008492,-0.000310,-0.001366,0.752669,0.000000
118.099998,1.005739,545.375549,-0.000071,-0.010161,293.217773,0.999704,1.000478,-0.000010,1.000841,0.750000,0.750000,1.000000,0.000100000,0.000001113,0.066808,0.000000,0.000000,-0.008484,-0.000311,-0.001366,0.752667,0.000000
118.199997,1.005417,545.372986,-0.000071,-0.010153,293.218597,0.999704,1.000478,-0.000010,1.000841,0.750000,0.750000,1.000000,0.000100000,0.000001113,0.066800,0.000000,0.000000,-0.008475,-0.000312,-0.001366,0.752665,0.000000
118.299995,1.005095,545.370056,-0.000071,-0.010144,293.219391,0.999704,1.000478,-0.000010,1.000840,0.750000,0.750000,1.000000,0.000100000,0.000001113,0.066793,0.000000,0.000000,-0.008464,-0.000313,-0.001366,0.752663,0.000000
118.399994,1.004778,545.366882,-0.000071,-0.010133,293.220123,0.999704,1.000478,-0.000010,1.000841,0.750000,0.750000,1.000000,0.000100000,0.000001113,0.066786,0.000000,0.000000,-0.008453,-0.000314,-0.001366,0.752660,0.000000
118.500000,1.004467,545.363403,-0.000071,-0.010122,293.220825,0.999704,1.000478,-0.000010,1.000917,0.750000,0.750000,1.000000,0.000100000,0.000001113,0.066778,0.000000,0.000000,-0.008441,-0.000315,-0.001366,0.752657,0.000000
118.599999,1.004156,545.359619,-0.000071,-0.010109,293.221497,0.999704,1.000478,-0.000010,1.000841,0.750000,0.750000,1.000000,0.000100000,0.000001113,0.066771,0.000000,0.000000,-0.008427,-0.000316,-0.001366,0.752654,0.000000
118.699997,1.003851,545.355591,-0.000071,-0.010096,293.222107,0.999704,1.000478,-0.000010,1.000841,0.750000,0.750000,1.000000,0.000100000,0.000001113,0.066763,0.000000,0.000000,-0.008413,-0.000317,-0.001366,0.752650,0.000000
118.799995,1.003550,545.351257,-0.000071,-0.010081,293.222687,0.999704,1.000478,-0.000010,1.000831,0.750000,0.750000,1.000000,0.000100000,0.000001113,0.066756,0.000000,0.000000,-0.008397,-0.000318,-0.001366,0.752646,0.000000
118.899994,1.003250,545.346680,-0.000070,-0.010065,293.223236,0.999704,1.000478,-0.000010,1.000837,0.750000,0.750000,1.000000,0.000100000,0.000001113,0.066748,0.000000,0.000000,-0.008381,-0.000319,-0.001365,0.752642,0.000000
119.000000,1.002956,545.341858,-0.000070,-0.010049,293.223724,0.999704,1.000478,-0.000010,1.000917,0.750000,0.750000,1.000000,0.000100000,0.000001113,0.066741,0.000000,0.000000,-0.008364,-0.000320,-0.001365,0.752638,0.000000
119.099998,1.002664,545.336731,-0.000070,-0.010031,293.224213,0.999704,1.000478,-0.000010,1.000840,0.750000,0.750000,1.000000,0.000100000,0.000001113,0.066734,0.000000,0.000000,-0.008345,-0.000320,-0.001365,0.752633,0.000000
119.199997,1.002378,545.331421,-0.000070,-0.010013,293.224609,0.999704,1.000478,-0.000010,1.000841,0.750000,0.750000,1.000000,0.000100000,0.000001113,0.066726,0.000000,0.000000,-0.008327,-0.000321,-0.001365,0.752628,0.000000
119.299995,1.002094,545.325806,-0.000070,-0.009993,293.225006,0.999704,1.000478,-0.000010,1.000840,0.750000,0.750000,1.000000,0.000100000,0.000001113,0.066719,0.000000,0.000000,-0.008306,-0.000321,-0.001365,0.752623,0.000000
119.399994,1.001813,545.319946,-0.000070,-0.009973,293.225372,0.999704,1.000478,-0.000010,1.000841,0.750000,0.750000,1.000000,0.000100000,0.000001113,0.066711,0.000000,0.000000,-0.008286,-0.000322,-0.001365,0.752618,0.000000
119.500000,1.001536,545.313843,-0.000070,-0.009952,293.225677,0.999704,1.000478,-0.000010,1.000917,0.750000,0.750000,1.000000,0.000100000,0.000001113,0.066704,0.000000,0.000000,-0.008264,-0.000322,-0.001365,0.752612,0.000000
119.599999,1.001261,545.307495,-0.000070,-0.009929,293.225952,0.999704,1.000478,-0.000010,1.000840,0.750000,0.750000,1.000000,0.000100000,0.000001113,0.066697,0.000000,0.000000,-0.008241,-0.000323,-0.001365,0.752606,0.000000
119.699997,1.000991,545.300964,-0.000069,-0.009906,293.226196,0.999704,1.000478,-0.000010,1.000840,0.750000,0.750000,1.000000,0.000100000,0.000001113,0.066689,0.000000,0.000000,-0.008218,-0.000323,-0.001365,0.752600,0.000000
119.799995,1.000724,545.294128,-0.000069,-0.009882,293.226379,0.999704,1.000478,-0.000010,1.000831,0.750000,0.750000,1.000000,0.000100000,0.000001113,0.066682,0.000000,0.000000,-0.008193,-0.000323,-0.001365,0.752594,0.000000
119.899994,1.000461,545.287109,-0.000069,-0.009857,293.226563,0.999704,1.000478,-0.000010,1.000840,0.750000,0.750000,1.000000,0.000100000,0.000001113,0.066674,0.000000,0.000000,-0.008168,-0.000324,-0.001365,0.752587,0.000000
120.000000,1.000201,545.279907,-0.000069,-0.009831,293.226685,0.999704,1.000478,-0.000010,1.000914,0.750000,0.750000,1.000000,0.000100000,0.000001113,0.066667,0.000000,0.000000,-0.008143,-0.000324,-0.001365,0.752581,0.000000
120.099998,0.999944,545.272400,-0.000069,-0.009805,293.226776,0.999704,1.000478,-0.000010,1.000842,0.750000,0.750000,1.000000,0.000100000,0.000001113,0.066659,0.000000,0.000000,-0.008116,-0.000324,-0.001365,0.752574,0.000000
120.199997,0.999691,545.264709,-0.000068,-0.009777,293.226868,0.999704,1.000478,-0.000010,1.000841,0.750000,0.750000,1.000000,0.000100000,0.000001113,0.066652,0.000000,0.000000,-0.008088,-0.000324,-0.001365,0.752567,0.000000
120.299995,0.999440,545.256836,-0.000068,-0.009749,293.226898,0.999704,1.000478,-0.000010,1.000841,0.750000,0.750000,1.000000,0.000100000,0.000001113,0.066645,0.000000,0.000000,-0.008060,-0.000324,-0.001365,0.752559,0.000000
120.399994,0.999193,545.248718,-0.000068,-0.009720,293.226898,0.999704,1.000478,-0.000010,1.000841,0.750000,0.750000,1.000000,0.000100000,0.000001113,0.066637,0.000000,0.000000,-0.008031,-0.000324,-0.001365,0.752552,0.000000
120.500000,0.998949,545.240417,-0.000068,-0.009691,293.226868,0.999704,1.000478,-0.000010,1.000916,0.750000,0.750000,1.000000,0.000100000,0.000001113,0.066630,0.000000,0.000000,-0.008001,-0.000324,-0.001365,0.752544,0.000000
120.599999,0.998708,545.231934,-0.000068,-0.009660,293.226807,0.999704,1.000478,-0.000010,1.000841,0.750000,0.750000,1.000000,0.000100000,0.000001113,0.066623,0.000000,0.000000,-0.007971,-0.000324,-0.001365,0.752536,0.000000
120.699997,0.998472,545.223206,-0.000067,-0.009629,293.226685,0.999704,1.000478,-0.000010,1.000840,0.750000,0.750000,1.000000,0.000100000,0.000001113,0.066615,0.000000,0.000000,-0.007940,-0.000324,-0.001365,0.752528,0.000000
120.799995,0.998238,545.214355,-0.000067,-0.009597,293.226563,0.999704,1.000478,-0.000010,1.000841,0.750000,0.750000,1.000000,0.000100000,0.000001113,0.066608,0.000000,0.000000,-0.007908,-0.000324,-0.001365,0.752519,0.000000
120.899994,0.998006,545.205261,-0.000067,-0.009564,293.226410,0.999704,1.000478,-0.000010,1.000838,0.750000,0.750000,1.000000,0.000100000,0.000001113,0.066601,0.000000,0.000000,-0.007876,-0.000323,-0.001365,0.752511,0.000000
121.000000,0.997779,545.195984,-0.000067,-0.009531,293.226227,0.999704,1.000478,-0.000010,1.000917,0.750000,0.750000,1.000000,0.000100000,0.000001113,0.066593,0.000000,0.000000,-0.007843,-0.000323,-0.001365,0.752502,0.000000
121.099998,0.997554,545.186523,-0.000066,-0.009497,293.226013,0.999704,1.000478,-0.000010,1.000841,0.750000,0.750000,1.000000,0.000100000,0.000001113,0.066586,0.000000,0.000000,-0.007809,-0.000323,-0.001365,0.752493,0.000000
121.199997,0.997333,545.176880,-0.000066,-0.009462,293.225769,0.999704,1.000478,-0.000010,1.000841,0.750000,0.750000,1.000000,0.000100000,0.000001113,0.066579,0.000000,0.000000,-0.007775,-0.000323,-0.001365,0.752484,0.000000
121.299995,0.997114,545.167114,-0.000066,-0.009427,293.225494,0.999704,1.000478,-0.000010,1.000841,0.750000,0.750000,1.000000,0.000100000,0.000001113,0.066571,0.000000,0.000000,-0.007740,-0.000322,-0.001365,0.752475,0.000000
121.399994,0.996899,545.157105,-0.000066,-0.009391,293.225189,0.999704,1.000478,-0.000010,1.000840,0.750000,0.750000,1.000000,0.000100000,0.000001113,0.066564,0.000000,0.000000,-0.007704,-0.000322,-0.001365,0.752465,0.000000
121.500000,0.996686,545.146973,-0.000065,-0.009354,293.224854,0.999704,1.000478,-0.000010,1.000917,0.750000,0.750000,1.000000,0.000100000,0.000001113,0.066557,0.000000,0.000000,-0.007668,-0.000321,-0.001365,0.752456,0.000000
121.599999,0.996476,545.136658,-0.000065,-0.009317,293.224518,0.999704,1.000478,-0.000010,1.000841,0.750000,0.750000,1.000000,0.000100000,0.000001113,0.066550,0.000000,0.000000,-0.007631,-0.000321,-0.001365,0.752446,0.000000
121.699997,0.996270,545.126221,-0.000065,-0.009279,293.224121,0.999704,1.000478,-0.000010,1.000841,0.750000,0.750000,1.000000,0.000100000,0.000001113,0.066542,0.000000,0.000000,-0.007594,-0.000320,-0.001365,0.752436,0.000000
121.799995,0.996067,545.115540,-0.000065,-0.009241,293.223724,0.999704,1.000478,-0.000010,1.000837,0.750000,0.750000,1.000000,0.000100000,0.000001113,0.066535,0.000000,0.000000,-0.007555,-0.000320,-0.001365,0.752426,0.000000
121.899994,0.995866,545.104797,-0.000064,-0.009202,293.223297,0.999704,1.000478,-0.000010,1.000841,0.750000,0.750000,1.000000,0.000100000,0.000001113,0.066528,0.000000,0.000000,-0.007517,-0.000319,-0.001365,0.752415,0.000000
122.000000,0.995669,545.093872,-0.000064,-0.009162,293.222809,0.999704,1.000478,-0.000010,1.000916,0.750000,0.750000,1.000000,0.000100000,0.000001113,0.066521,0.000000,0.000000,-0.007478,-0.000318,-0.001365,0.752405,0.000000
122.099998,0.995473,545.082764,-0.000064,-0.009122,293.222351,0.999704,1.000478,-0.000010,1.000832,0.750000,0.750000,1.000000,0.000100000,0.000001113,0.066514,0.000000,0.000000,-0.007438,-0.000318,-0.001365,0.752394,0.000000
122.199997,0.995282,545.071533,-0.000064,-0.009081,293.221832,0.999704,1.000478,-0.000010,1.000840,0.750000,0.750000,1.000000,0.000100000,0.000001113,0.066506,0.000000,0.000000,-0.007398,-0.000317,-0.001365,0.752384,0.000000
122.299995,0.995094,545.060181,-0.000063,-0.009039,293.221283,0.999704,1.000478,-0.000010,1.000841,0.750000,0.750000,1.000000,0.000100000,0.000001113,0.066499,0.000000,0.000000,-0.007358,-0.000316,-0.001365,0.752373,0.000000
122.399994,0.994908,545.048645,-0.000063,-0.008998,293.220734,0.999704,1.000478,-0.000010,1.000841,0.750000,0.750000,1.000000,0.000100000,0.000001113,0.066492,0.000000,0.000000,-0.007317,-0.000315,-0.001366,0.752362,0.000000
122.500000,0.994723,545.037048,-0.000063,-0.008955,293.220154,0.999704,1.000478,-0.000010,1.000916,0.750000,0.750000,1.000000,0.000100000,0.000001113,0.066485,0.000000,0.000000,-0.007275,-0.000315,-0.001366,0.752351,0.000000
122.599999,0.994544,545.025269,-0.000062,-0.008913,293.219543,0.999704,1.000478,-0.000010,1.000841,0.750000,0.750000,1.000000,0.000100000,0.000001113,0.066478,0.000000,0.000000,-0.007233,-0.000314,-0.001366,0.752340,0.000000
122.699997,0.994366,545.013367,-0.000062,-0.008869,293.218903,0.999704,1.000478,-0.000010,1.000840,0.750000,0.750000,1.000000,0.000100000,0.000001113,0.066471,0.000000,0.000000,-0.007191,-0.000313,-0.001366,0.752328,0.000000
122.799995,0.994191,545.001282,-0.000062,-0.008825,293.218262,0.999704,1.000478,-0.000010,1.000837,0.750000,0.750000,1.000000,0.000100000,0.000001113,0.066464,0.000000,0.000000,-0.007147,-0.000312,-0.001366,0.752317,0.000000
122.899994,0.994019,544.989136,-0.000061,-0.008781,293.217590,0.999704,1.000478,-0.000010,1.000841,0.750000,0.750000,1.000000,0.000100000,0.000001113,0.066457,0.000000,0.000000,-0.007104,-0.000311,-0.001366,0.752305,0.000000
123.000000,0.993850,544.976868,-0.000061,-0.008736,293.216888,0.999704,1.000478,-0.000010,1.000917,0.750000,0.750000,1.000000,0.000100000,0.000001113,0.066450,0.000000,0.000000,-0.007060,-0.000310,-0.001366,0.752293,0.000000
123.099998,0.993683,544.964478,-0.000061,-0.008691,293.216187,0.999704,1.000478,-0.000010,1.000841,0.750000,0.750000,1.000000,0.000100000,0.000001113,0.066443,0.000000,0.000000,-0.007016,-0.000309,-0.001366,0.752281,0.000000
123.199997,0.993518,544.951965,-0.000061,-0.008645,293.215424,0.999704,1.000478,-0.000010,1.000841,0.750000,0.750000,1.000000,0.000100000,0.000001113,0.066436,0.000000,0.000000,-0.006971,-0.000308,-0.001366,0.752269,0.000000
123.299995,0.993357,544.939331,-0.000060,-0.008599,293.214691,0.999704,1.000478,-0.000010,1.000841,0.750000,0.750000,1.000000,0.000100000,0.000001113,0.066429,0.000000,0.000000,-0.006926,-0.000307,-0.001366,0.752257,0.000000
123.399994,0.993198,544.926636,-0.000060,-0.008553,293.213898,0.999704,1.000478,-0.000010,1.000841,0.750000,0.750000,1.000000,0.000100000,0.000001113,0.066422,0.000000,0.000000,-0.006881,-0.000306,-0.001366,0.752245,0.000000
123.500000,0.993041,544.913818,-0.000060,-0.008506,293.213104,0.999704,1.000478,-0.000010,1.000917,0.750000,0.750000,1.000000,0.000100000,0.000001113,0.066415,0.000000,0.000000,-0.006835,-0.000304,-0.001366,0.752233,0.000000
123.599999,0.992888,544.900879,-0.000059,-0.008459,293.212280,0.999704,1.000478,-0.000010,1.000841,0.750000,0.750000,1.000000,0.000100000,0.000001113,0.066408,0.000000,0.000000,-0.006789,-0.000303,-0.001366,0.752220,0.000000
123.699997,0.992737,544.887817,-0.000059,-0.008411,293.211456,0.999704,1.000478,-0.000010,1.000837,0.750000,0.750000,1.000000,0.000100000,0.000001113,0.066401,0.000000,0.000000,-0.006742,-0.000302,-0.001366,0.752208,0.000000
123.799995,0.992588,544.874695,-0.000059,-0.008363,293.210602,0.999704,1.000478,-0.000010,1.000841,0.750000,0.750000,1.000000,0.000100000,0.000001113,0.066394,0.000000,0.000000,-0.006695,-0.000301,-0.001366,0.752195,0.000000
123.899994,0.992442,544.861450,-0.000058,-0.008314,293.209717,0.999704,1.000478,-0.000010,1.000840,0.750000,0.750000,1.000000,0.000100000,0.000001113,0.066388,0.000000,0.000000,-0.006648,-0.000300,-0.001367,0.752183,0.000000
124.000000,0.992299,544.848145,-0.000058,-0.008266,293.208832,0.999704,1.000478,-0.000010,1.000916,0.750000,0.750000,1.000000,0.000100000,0.000001113,0.066381,0.000000,0.000000,-0.006601,-0.000298,-0.001367,0.752170,0.000000
124.099998,0.992157,544.834717,-0.000058,-0.008216,293.207916,0.999704,1.000478,-0.000010,1.000841,0.750000,0.750000,1.000000,0.000100000,0.000001113,0.066374,0.000000,0.000000,-0.006553,-0.000297,-0.001367,0.752157,0.000000
124.199997,0.992019,544.821228,-0.000057,-0.008167,293.207001,0.999704,1.000478,-0.000010,1.000840,0.750000,0.750000,1.000000,0.000100000,0.000001113,0.066367,0.000000,0.000000,-0.006504,-0.000296,-0.001367,0.752144,0.000000
124.299995,0.991883,544.807617,-0.000057,-0.008117,293.206055,0.999704,1.000479,-0.000010,1.000840,0.750000,0.750000,1.000000,0.000100000,0.000001113,0.066360,0.000000,0.000000,-0.006456,-0.000294,-0.001367,0.752131,0.000000
124.399994,0.991749,544.793945,-0.000056,-0.008067,293.205078,0.999704,1.000479,-0.000010,1.000841,0.750000,0.750000,1.000000,0.000100000,0.000001113,0.066354,0.000000,0.000000,-0.006407,-0.000293,-0.001367,0.752118,0.000000
124.500000,0.991618,544.780212,-0.000056,-0.008017,293.204102,0.999704,1.000479,-0.000010,1.000918,0.750000,0.750000,1.000000,0.000100000,0.000001113,0.066347,0.000000,0.000000,-0.006358,-0.000292,-0.001367,0.752104,0.000000
124.599999,0.991489,544.766357,-0.000056,-0.007966,293.203125,0.999704,1.000479,-0.000010,1.000837,0.750000,0.750000,1.000000,0.000100000,0.000001113,0.066340,0.000000,0.000000,-0.006308,-0.000290,-0.001368,0.752091,0.000000
124.699997,0.991362,544.752502,-0.000055,-0.007915,293.202118,0.999704,1.000479,-0.000010,1.000841,0.750000,0.750000,1.000000,0.000100000,0.000001113,0.066334,0.000000,0.000000,-0.006259,-0.000289,-0.001368,0.752078,0.000000
124.799995,0.991238,544.738525,-0.000055,-0.007864,293.201080,0.999704,1.000479,-0.000010,1.000840,0.750000,0.750000,1.000000,0.000100000,0.000001113,0.066327,0.000000,0.000000,-0.006209,-0.000287,-0.001368,0.752064,0.000000
124.899994,0.991116,544.724487,-0.000055,-0.007812,293.200043,0.999703,1.000479,-0.000010,1.000841,0.750000,0.750000,1.000000,0.000100000,0.000001113,0.066320,0.000000,0.000000,-0.006159,-0.000286,-0.001368,0.752051,0.000000
125.000000,0.990996,544.710388,-0.000054,-0.007761,293.198975,0.999703,1.000479,-0.000010,1.000918,0.750000,0.750000,1.000000,0.000100000,0.000001113,0.066314,0.000000,0.000000,-0.006109,-0.000284,-0.001368,0.752037,0.000000
125.099998,0.990878,544.696167,-0.000054,-0.007708,293.197907,0.999703,1.000479,-0.000010,1.000840,0.750000,0.750000,1.000000,0.000100000,0.000001113,0.066307,0.000000,0.000000,-0.006058,-0.000283,-0.001368,0.752023,0.000000
125.199997,0.990763,544.681946,-0.000054,-0.007656,293.196838,0.999703,1.000479,-0.000010,1.000841,0.750000,0.750000,1.000000,0.000100000,0.000001113,0.066301,0.000000,0.000000,-0.006007,-0.000281,-0.001368,0.752010,0.000000
125.299995,0.990650,544.667664,-0.000053,-0.007604,293.195740,0.999703,1.000479,-0.000010,1.000841,0.750000,0.750000,1.000000,0.000100000,0.000001113,0.066294,0.000000,0.000000,-0.005956,-0.000280,-0.001368,0.751996,0.000000
125.399994,0.990540,544.653320,-0.000053,-0.007551,293.194641,0.999703,1.000479,-0.000010,1.000841,0.750000,0.750000,1.000000,0.000100000,0.000001113,0.066288,0.000000,0.000000,-0.005905,-0.000278,-0.001368,0.751982,0.000000
125.500000,0.990431,544.638916,-0.000052,-0.007498,293.193512,0.999703,1.000479,-0.000010,1.000914,0.750000,0.750000,1.000000,0.000100000,0.000001113,0.066281,0.000000,0.000000,-0.005853,-0.000276,-0.001368,0.751968,0.000000
125.599999,0.990325,544.624451,-0.000052,-0.007445,293.192383,0.999703,1.000479,-0.000010,1.000840,0.750000,0.750000,1.000000,0.000100000,0.000001113,0.066275,0.000000,0.000000,-0.005802,-0.000275,-0.001369,0.751954,0.000000
125.699997,0.990220,544.609924,-0.000052,-0.007391,293.191223,0.999703,1.000479,-0.000010,1.000841,0.750000,0.750000,1.000000,0.000100000,0.000001113,0.066269,0.000000,0.000000,-0.005750,-0.000273,-0.001369,0.751940,0.000000
125.799995,0.990118,544.595337,-0.000051,-0.007338,293.190063,0.999703,1.000479,-0.000010,1.000840,0.750000,0.750000,1.000000,0.000100000,0.000001113,0.066262,0.000000,0.000000,-0.005698,-0.000272,-0.001369,0.751926,0.000000
125.899994,0.990018,544.580750,-0.000051,-0.007284,293.188904,0.999703,1.000479,-0.000010,1.000841,0.750000,0.750000,1.000000,0.000100000,0.000001113,0.066256,0.000000,0.000000,-0.005646,-0.000270,-0.001369,0.751912,0.000000
126.000000,0.989921,544.566101,-0.000051,-0.007230,293.187714,0.999703,1.000479,-0.000010,1.000916,0.750000,0.750000,1.000000,0.000100000,0.000001113,0.066250,0.000000,0.000000,-0.005593,-0.000268,-0.001369,0.751898,0.000000
126.099998,0.989825,544.551392,-0.000050,-0.007176,293.186523,0.999703,1.000479,-0.000010,1.000841,0.750000,0.750000,1.000000,0.000100000,0.000001113,0.066243,0.000000,0.000000,-0.005541,-0.000266,-0.001369,0.751884,0.000000
126.199997,0.989732,544.536621,-0.000050,-0.007122,293.185303,0.999703,1.000479,-0.000010,1.000840,0.750000,0.750000,1.000000,0.000100000,0.000001113,0.066237,0.000000,0.000000,-0.005488,-0.000265,-0.001369,0.751870,0.000000
126.299995,0.989640,544.521851,-0.000049,-0.007067,293.184082,0.999703,1.000479,-0.000010,1.000841,0.750000,0.750000,1.000000,0.000100000,0.000001113,0.066231,0.000000,0.000000,-0.005435,-0.000263,-0.001369,0.751855,0.000000
126.399994,0.989550,544.507019,-0.000049,-0.007013,293.182861,0.999703,1.000479,-0.000010,1.000838,0.750000,0.750000,1.000000,0.000100000,0.000001113,0.066224,0.000000,0.000000,-0.005382,-0.000261,-0.001369,0.751841,0.000000
126.500000,0.989463,544.492188,-0.000049,-0.006958,293.181610,0.999703,1.000479,-0.000010,1.000917,0.750000,0.750000,1.000000,0.000100000,0.000001113,0.066218,0.000000,0.000000,-0.005329,-0.000259,-0.001370,0.751827,0.000000
126.599999,0.989377,544.477295,-0.000048,-0.006903,293.180359,0.999703,1.000479,-0.000010,1.000841,0.750000,0.750000,1.000000,0.000100000,0.000001113,0.066212,0.000000,0.000000,-0.005276,-0.000258,-0.001370,0.751812,0.000000
126.699997,0.989293,544.462402,-0.000048,-0.006849,293.179108,0.999703,1.000479,-0.000010,1.000841,0.750000,0.750000,1.000000,0.000100000,0.000001113,0.066206,0.000000,0.000000,-0.005223,-0.000256,-0.001370,0.751798,0.000000
126.799995,0.989211,544.447449,-0.000048,-0.006793,293.177826,0.999703,1.000479,-0.000010,1.000841,0.750000,0.750000,1.000000,0.000100000,0.000001113,0.066200,0.000000,0.000000,-0.005169,-0.000254,-0.001370,0.751783,0.000000
126.899994,0.989131,544.432495,-0.000047,-0.006738,293.176575,0.999703,1.000479,-0.000010,1.000840,0.750000,0.750000,1.000000,0.000100000,0.000001113,0.066194,0.000000,0.000000,-0.005116,-0.000252,-0.001370,0.751769,0.000000
127.000000,0.989053,544.417480,-0.000047,-0.006683,293.175262,0.999703,1.000480,-0.000010,1.000917,0.750000,0.750000,1.000000,0.000100000,0.000001113,0.066188,0.000000,0.000000,-0.005062,-0.000250,-0.001370,0.751754,0.000000
127.099998,0.988977,544.402466,-0.000046,-0.006628,293.173981,0.999703,1.000480,-0.000010,1.000841,0.750000,0.750000,1.000000,0.000100000,0.000001113,0.066182,0.000000,0.000000,-0.005009,-0.000249,-0.001370,0.751740,0.000000
127.199997,0.988903,544.387451,-0.000046,-0.006572,293.172668,0.999703,1.000480,-0.000010,1.000841,0.750000,0.750000,1.000000,0.000100000,0.000001113,0.066176,0.000000,0.000000,-0.004955,-0.000247,-0.001370,0.751725,0.000000
127.299995,0.988830,544.372376,-0.000046,-0.006517,293.171356,0.999703,1.000480,-0.000010,1.000837,0.750000,0.750000,1.000000,0.000100000,0.000001113,0.066170,0.000000,0.000000,-0.004901,-0.000245,-0.001371,0.751711,0.000000
127.399994,0.988760,544.357300,-0.000045,-0.006461,293.170044,0.999703,1.000480,-0.000010,1.000841,0.750000,0.750000,1.000000,0.000100000,0.000001113,0.066164,0.000000,0.000000,-0.004847,-0.000243,-0.001371,0.751696,0.000000
127.500000,0.988692,544.342224,-0.000045,-0.006406,293.168732,0.999703,1.000480,-0.000010,1.000916,0.750000,0.750000,1.000000,0.000100000,0.000001113,0.066158,0.000000,0.000000,-0.004794,-0.000241,-0.001371,0.751681,0.000000
127.599999,0.988624,544.327087,-0.000044,-0.006350,293.167389,0.999703,1.000480,-0.000010,1.000840,0.750000,0.750000,1.000000,0.000100000,0.000001113,0.066152,0.000000,0.000000,-0.004740,-0.000239,-0.001371,0.751667,0.000000
127.699997,0.988560,544.312012,-0.000044,-0.006294,293.166046,0.999703,1.000480,-0.000010,1.000841,0.750000,0.750000,1.000000,0.000100000,0.000001113,0.066146,0.000000,0.000000,-0.004686,-0.000237,-0.001371,0.751652,0.000000
127.799995,0.988496,544.296875,-0.000044,-0.006238,293.164703,0.999703,1.000480,-0.000010,1.000841,0.750000,0.750000,1.000000,0.000100000,0.000001113,0.066140,0.000000,0.000000,-0.004632,-0.000235,-0.001371,0.751638,0.000000
127.899994,0.988434,544.281738,-0.000043,-0.006182,293.163330,0.999703,1.000480,-0.000010,1.000840,0.750000,0.750000,1.000000,0.000100000,0.000001113,0.066135,0.000000,0.000000,-0.004578,-0.000233,-0.001371,0.751623,0.000000
128.000000,0.988376,544.266602,-0.000043,-0.006127,293.161957,0.999703,1.000480,-0.000010,1.000917,0.750000,0.750000,1.000000,0.000100000,0.000001113,0.066129,0.000000,0.000000,-0.004524,-0.000231,-0.001372,0.751608,0.000000
128.099991,0.988316,544.251465,-0.000042,-0.006071,293.160614,0.999703,1.000480,-0.000010,1.000765,0.750000,0.750000,1.000000,0.000100000,0.000001113,0.066123,0.000000,0.000000,-0.004470,-0.000229,-0.001372,0.751594,0.000000
128.199997,0.988261,544.236267,-0.000042,-0.006014,293.159210,0.999703,1.000480,-0.000010,1.000913,0.750000,0.750000,1.000000,0.000100000,0.000001113,0.066117,0.000000,0.000000,-0.004415,-0.000227,-0.001372,0.751579,0.000000
128.300003,0.988206,544.221130,-0.000042,-0.005959,293.157837,0.999703,1.000480,-0.000010,1.000917,0.750000,0.750000,1.000000,0.000100000,0.000001113,0.066112,0.000000,0.000000,-0.004361,-0.000225,-0.001372,0.751564,0.000000
128.399994,0.988153,544.205994,-0.000041,-0.005903,293.156464,0.999702,1.000480,-0.000010,1.000764,0.750000,0.750000,1.000000,0.000100000,0.000001113,0.066106,0.000000,0.000000,-0.004307,-0.000224,-0.001372,0.751549,0.000000
128.500000,0.988102,544.190796,-0.000041,-0.005847,293.155060,0.999702,1.000480,-0.000010,1.000918,0.750000,0.750000,1.000000,0.000100000,0.000001113,0.066101,0.000000,0.000000,-0.004253,-0.000222,-0.001372,0.751535,0.000000
128.599991,0.988051,544.175659,-0.000041,-0.005791,293.153656,0.999702,1.000480,-0.000010,1.000764,0.750000,0.750000,1.000000,0.000100000,0.000001113,0.066095,0.000000,0.000000,-0.004199,-0.000220,-0.001372,0.751520,0.000000
128.699997,0.988004,544.160522,-0.000040,-0.005735,293.152252,0.999702,1.000480,-0.000010,1.000918,0.750000,0.750000,1.000000,0.000100000,0.000001113,0.066089,0.000000,0.000000,-0.004145,-0.000218,-0.001373,0.751505,0.000000
128.800003,0.987956,544.145386,-0.000040,-0.005679,293.150848,0.999702,1.000480,-0.000010,1.000916,0.750000,0.750000,1.000000,0.000100000,0.000001113,0.066084,0.000000,0.000000,-0.004091,-0.000215,-0.001373,0.751491,0.000000
128.899994,0.987912,544.130249,-0.000039,-0.005623,293.149445,0.999702,1.000480,-0.000010,1.000755,0.750000,0.750000,1.000000,0.000100000,0.000001113,0.066078,0.000000,0.000000,-0.004037,-0.000213,-0.001373,0.751476,0.000000
129.000000,0.987868,544.115112,-0.000039,-0.005567,293.148041,0.999702,1.000481,-0.000010,1.000916,0.750000,0.750000,1.000000,0.000100000,0.000001113,0.066073,0.000000,0.000000,-0.003983,-0.000211,-0.001373,0.751461,0.000000
129.099991,0.987826,544.099976,-0.000039,-0.005511,293.146606,0.999702,1.000481,-0.000010,1.000765,0.750000,0.750000,1.000000,0.000100000,0.000001113,0.066068,0.000000,0.000000,-0.003928,-0.000209,-0.001373,0.751447,0.000000
129.199997,0.987787,544.084839,-0.000038,-0.005455,293.145172,0.999702,1.000481,-0.000010,1.000914,0.750000,0.750000,1.000000,0.000100000,0.000001113,0.066062,0.000000,0.000000,-0.003874,-0.000207,-0.001373,0.751432,0.000000
129.300003,0.987746,544.069763,-0.000038,-0.005399,293.143768,0.999702,1.000481,-0.000010,1.000917,0.750000,0.750000,1.000000,0.000100000,0.000001113,0.066057,0.000000,0.000000,-0.003821,-0.000205,-0.001373,0.751417,0.000000
129.399994,0.987710,544.054688,-0.000037,-0.005344,293.142334,0.999702,1.000481,-0.000010,1.000765,0.750000,0.750000,1.000000,0.000100000,0.000001113,0.066051,0.000000,0.000000,-0.003767,-0.000203,-0.001374,0.751403,0.000000
129.500000,0.987674,544.039612,-0.000037,-0.005288,293.140900,0.999702,1.000481,-0.000010,1.000916,0.750000,0.750000,1.000000,0.000100000,0.000001113,0.066046,0.000000,0.000000,-0.003713,-0.000201,-0.001374,0.751388,0.000000
129.599991,0.987639,544.024536,-0.000037,-0.005232,293.139435,0.999702,1.000481,-0.000010,1.000765,0.750000,0.750000,1.000000,0.000100000,0.000001113,0.066041,0.000000,0.000000,-0.003659,-0.000199,-0.001374,0.751373,0.000000
129.699997,0.987606,544.009521,-0.000036,-0.005177,293.138000,0.999702,1.000481,-0.000010,1.000917,0.750000,0.750000,1.000000,0.000100000,0.000001113,0.066036,0.000000,0.000000,-0.003605,-0.000197,-0.001374,0.751359,0.000000
129.800003,0.987575,543.994507,-0.000036,-0.005121,293.136566,0.999702,1.000481,-0.000010,1.000917,0.750000,0.750000,1.000000,0.000100000,0.000001113,0.066030,0.000000,0.000000,-0.003552,-0.000195,-0.001374,0.751344,0.000000
129.899994,0.987545,543.979492,-0.000035,-0.005066,293.135101,0.999702,1.000481,-0.000010,1.000764,0.750000,0.750000,1.000000,0.000100000,0.000001113,0.066025,0.000000,0.000000,-0.003498,-0.000193,-0.001374,0.751330,0.000000
130.000000,0.987516,543.964539,-0.000035,-0.005010,293.133667,0.999702,1.000481,-0.000010,1.000918,0.750000,0.750000,1.000000,0.000100000,0.000001113,0.066020,0.000000,0.000000,-0.003445,-0.000191,-0.001374,0.751315,0.000000
130.099991,0.987489,543.949585,-0.000035,-0.004955,293.132202,0.999702,1.000481,-0.000010,1.000760,0.750000,0.750000,1.000000,0.000100000,0.000001113,0.066015,0.000000,0.000000,-0.003391,-0.000189,-0.001375,0.751301,0.000000
130.199997,0.987462,543.934631,-0.000034,-0.004899,293.130768,0.999702,1.000481,-0.000010,1.000918,0.750000,0.750000,1.000000,0.000100000,0.000001113,0.066010,0.000000,0.000000,-0.003338,-0.000187,-0.001375,0.751286,0.000000
130.300003,0.987437,543.919739,-0.000034,-0.004844,293.129303,0.999702,1.000481,-0.000010,1.000916,0.750000,0.750000,1.000000,0.000100000,0.000001113,0.066005,0.000000,0.000000,-0.003285,-0.000185,-0.001375,0.751272,0.000000
130.399994,0.987414,543.904846,-0.000034,-0.004789,293.127838,0.999702,1.000481,-0.000010,1.000765,0.750000,0.750000,1.000000,0.000100000,0.000001113,0.066000,0.000000,0.000000,-0.003232,-0.000183,-0.001375,0.751257,0.000000
130.500000,0.987392,543.890015,-0.000033,-0.004734,293.126404,0.999702,1.000481,-0.000010,1.000917,0.750000,0.750000,1.000000,0.000100000,0.000001113,0.065995,0.000000,0.000000,-0.003179,-0.000181,-0.001375,0.751243,0.000000
130.599991,0.987371,543.875183,-0.000033,-0.004679,293.124939,0.999702,1.000481,-0.000010,1.000764,0.750000,0.750000,1.000000,0.000100000,0.000001113,0.065990,0.000000,0.000000,-0.003126,-0.000178,-0.001375,0.751228,0.000000
130.699997,0.987352,543.860413,-0.000032,-0.004625,293.123474,0.999702,1.000481,-0.000010,1.000917,0.750000,0.750000,1.000000,0.000100000,0.000001113,0.065985,0.000000,0.000000,-0.003073,-0.000176,-0.001375,0.751214,0.000000
130.800003,0.987334,543.845642,-0.000032,-0.004570,293.122009,0.999702,1.000481,-0.000010,1.000908,0.750000,0.750000,1.000000,0.000100000,0.000001113,0.065980,0.000000,0.000000,-0.003020,-0.000174,-0.001376,0.751200,0.000000
130.899994,0.987316,543.830933,-0.000032,-0.004515,293.120544,0.999702,1.000481,-0.000010,1.000763,0.750000,0.750000,1.000000,0.000100000,0.000001113,0.065975,0.000000,0.000000,-0.002968,-0.000172,-0.001376,0.751185,0.000000
131.000000,0.987301,543.816223,-0.000031,-0.004461,293.119080,0.999702,1.000482,-0.000010,1.000917,0.750000,0.750000,1.000000,0.000100000,0.000001113,0.065970,0.000000,0.000000,-0.002915,-0.000170,-0.001376,0.751171,0.000000
131.099991,0.987286,543.801575,-0.000031,-0.004407,293.117615,0.999702,1.000482,-0.000010,1.000761,0.750000,0.750000,1.000000,0.000100000,0.000001113,0.065965,0.000000,0.000000,-0.002863,-0.000168,-0.001376,0.751157,0.000000
131.199997,0.987273,543.786926,-0.000030,-0.004353,293.116150,0.999702,1.000482,-0.000010,1.000908,0.750000,0.750000,1.000000,0.000100000,0.000001113,0.065961,0.000000,0.000000,-0.002810,-0.000166,-0.001376,0.751143,0.000000
131.300003,0.987261,543.772339,-0.000030,-0.004299,293.114685,0.999701,1.000482,-0.000010,1.000917,0.750000,0.750000,1.000000,0.000100000,0.000001113,0.065956,0.000000,0.000000,-0.002758,-0.000164,-0.001376,0.751128,0.000000
131.399994,0.987250,543.757813,-0.000030,-0.004245,293.113220,0.999701,1.000482,-0.000010,1.000764,0.750000,0.750000,1.000000,0.000100000,0.000001113,0.065951,0.000000,0.000000,-0.002706,-0.000162,-0.001377,0.751114,0.000000
131.500000,0.987240,543.743286,-0.000029,-0.004191,293.111755,0.999701,1.000482,-0.000010,1.000918,0.750000,0.750000,1.000000,0.000100000,0.000001113,0.065946,0.000000,0.000000,-0.002655,-0.000160,-0.001377,0.751100,0.000000
131.599991,0.987232,543.728821,-0.000029,-0.004137,293.110291,0.999701,1.000482,-0.000010,1.000764,0.750000,0.750000,1.000000,0.000100000,0.000001113,0.065942,0.000000,0.000000,-0.002603,-0.000158,-0.001377,0.751086,0.000000
131.699997,0.987224,543.714356,-0.000029,-0.004084,293.108826,0.999701,1.000482,-0.000010,1.000917,0.750000,0.750000,1.000000,0.000100000,0.000001113,0.065937,0.000000,0.000000,-0.002551,-0.000155,-0.001377,0.751072,0.000000
131.800003,0.987217,543.699951,-0.000028,-0.004030,293.107361,0.999701,1.000482,-0.000010,1.000917,0.750000,0.750000,1.000000,0.000100000,0.000001113,0.065933,0.000000,0.000000,-0.002500,-0.000153,-0.001377,0.751058,0.000000
131.899994,0.987213,543.685608,-0.000028,-0.003977,293.105896,0.999701,1.000482,-0.000010,1.000764,0.750000,0.750000,1.000000,0.000100000,0.000001113,0.065928,0.000000,0.000000,-0.002449,-0.000151,-0.001377,0.751044,0.000000
132.000000,0.987208,543.671265,-0.000027,-0.003924,293.104431,0.999701,1.000482,-0.000010,1.000917,0.750000,0.750000,1.000000,0.000100000,0.000001113,0.065923,0.000000,0.000000,-0.002397,-0.000149,-0.001377,0.751030,0.000000
132.099991,0.987205,543.657043,-0.000027,-0.003871,293.102966,0.999701,1.000482,-0.000010,1.000761,0.750000,0.750000,1.000000,0.000100000,0.000001113,0.065919,0.000000,0.000000,-0.002347,-0.000147,-0.001378,0.751016,0.000000
132.199997,0.987202,543.642822,-0.000027,-0.003819,293.101501,0.999701,1.000482,-0.000010,1.000917,0.750000,0.750000,1.000000,0.000100000,0.000001113,0.065915,0.000000,0.000000,-0.002296,-0.000145,-0.001378,0.751002,0.000000
132.300003,0.987202,543.628601,-0.000026,-0.003766,293.100037,0.999701,1.000482,-0.000010,1.000916,0.750000,0.750000,1.000000,0.000100000,0.000001113,0.065910,0.000000,0.000000,-0.002245,-0.000143,-0.001378,0.750989,0.000000
132.399994,0.987201,543.614502,-0.000026,-0.003714,293.098602,0.999701,1.000482,-0.000010,1.000764,0.750000,0.750000,1.000000,0.000100000,0.000001113,0.065906,0.000000,0.000000,-0.002195,-0.000141,-0.001378,0.750975,0.000000
132.500000,0.987202,543.600403,-0.000026,-0.003661,293.097137,0.999701,1.000482,-0.000010,1.000908,0.750000,0.750000,1.000000,0.000100000,0.000001113,0.065901,0.000000,0.000000,-0.002144,-0.000139,-0.001378,0.750961,0.000000
132.599991,0.987205,543.586365,-0.000025,-0.003609,293.095673,0.999701,1.000482,-0.000010,1.000764,0.750000,0.750000,1.000000,0.000100000,0.000001113,0.065897,0.000000,0.000000,-0.002094,-0.000137,-0.001378,0.750947,0.000000
132.699997,0.987208,543.572327,-0.000025,-0.003557,293.094238,0.999701,1.000482,-0.000010,1.000917,0.750000,0.750000,1.000000,0.000100000,0.000001113,0.065893,0.000000,0.000000,-0.002044,-0.000135,-0.001378,0.750934,0.000000
132.800003,0.987212,543.558411,-0.000025,-0.003506,293.092773,0.999701,1.000483,-0.000010,1.000917,0.750000,0.750000,1.000000,0.000100000,0.000001113,0.065888,0.000000,0.000000,-0.001994,-0.000133,-0.001379,0.750920,0.000000
132.899994,0.987217,543.544495,-0.000024,-0.003454,293.091339,0.999701,1.000483,-0.000010,1.000765,0.750000,0.750000,1.000000,0.000100000,0.000001113,0.065884,0.000000,0.000000,-0.001945,-0.000130,-0.001379,0.750907,0.000000
133.000000,0.987223,543.530701,-0.000024,-0.003403,293.089874,0.999701,1.000483,-0.000010,1.000917,0.750000,0.750000,1.000000,0.000100000,0.000001113,0.065880,0.000000,0.000000,-0.001895,-0.000128,-0.001379,0.750893,0.000000
133.099991,0.987229,543.516907,-0.000023,-0.003352,293.088440,0.999701,1.000483,-0.000010,1.000761,0.750000,0.750000,1.000000,0.000100000,0.000001113,0.065876,0.000000,0.000000,-0.001846,-0.000126,-0.001379,0.750880,0.000000
133.199997,0.987238,543.503174,-0.000023,-0.003301,293.086975,0.999701,1.000483,-0.000010,1.000917,0.750000,0.750000,1.000000,0.000100000,0.000001113,0.065871,0.000000,0.000000,-0.001797,-0.000124,-0.001379,0.750866,0.000000
133.300003,0.987246,543.489441,-0.000023,-0.003250,293.085541,0.999701,1.000483,-0.000010,1.000918,0.750000,0.750000,1.000000,0.000100000,0.000001113,0.065867,0.000000,0.000000,-0.001748,-0.000122,-0.001379,0.750853,0.000000
133.399994,0.987256,543.475830,-0.000022,-0.003199,293.084106,0.999701,1.000483,-0.000010,1.000764,0.750000,0.750000,1.000000,0.000100000,0.000001113,0.065863,0.000000,0.000000,-0.001699,-0.000120,-0.001380,0.750840,0.000000
133.500000,0.987266,543.462219,-0.000022,-0.003149,293.082672,0.999701,1.000483,-0.000010,1.000918,0.750000,0.750000,1.000000,0.000100000,0.000001113,0.065859,0.000000,0.000000,-0.001651,-0.000118,-0.001380,0.750827,0.000000
133.599991,0.987278,543.448730,-0.000022,-0.003099,293.081238,0.999701,1.000483,-0.000010,1.000764,0.750000,0.750000,1.000000,0.000100000,0.000001113,0.065855,0.000000,0.000000,-0.001603,-0.000116,-0.001380,0.750813,0.000000
133.699997,0.987290,543.435242,-0.000021,-0.003049,293.079803,0.999701,1.000483,-0.000010,1.000917,0.750000,0.750000,1.000000,0.000100000,0.000001113,0.065851,0.000000,0.000000,-0.001554,-0.000114,-0.001380,0.750800,0.000000
133.800003,0.987302,543.421814,-0.000021,-0.002999,293.078369,0.999701,1.000483,-0.000010,1.000917,0.750000,0.750000,1.000000,0.000100000,0.000001113,0.065847,0.000000,0.000000,-0.001506,-0.000112,-0.001380,0.750787,0.000000
133.899994,0.987317,543.408447,-0.000021,-0.002949,293.076965,0.999701,1.000483,-0.000010,1.000764,0.750000,0.750000,1.000000,0.000100000,0.000001113,0.065843,0.000000,0.000000,-0.001459,-0.000110,-0.001380,0.750774,0.000000
134.000000,0.987332,543.395203,-0.000020,-0.002900,293.075531,0.999701,1.000483,-0.000010,1.000914,0.750000,0.750000,1.000000,0.000100000,0.000001113,0.065839,0.000000,0.000000,-0.001411,-0.000108,-0.001380,0.750761,0.000000
134.099991,0.987348,543.381958,-0.000020,-0.002851,293.074127,0.999700,1.000483,-0.000010,1.000765,0.750000,0.750000,1.000000,0.000100000,0.000001113,0.065835,0.000000,0.000000,-0.001364,-0.000106,-0.001381,0.750748,0.000000
134.199997,0.987364,543.368774,-0.000020,-0.002802,293.072693,0.999700,1.000483,-0.000010,1.000916,0.750000,0.750000,1.000000,0.000100000,0.000001113,0.065831,0.000000,0.000000,-0.001317,-0.000104,-0.001381,0.750735,0.000000
134.300003,0.987381,543.355652,-0.000019,-0.002753,293.071289,0.999700,1.000483,-0.000010,1.000917,0.750000,0.750000,1.000000,0.000100000,0.000001113,0.065828,0.000000,0.000000,-0.001270,-0.000102,-0.001381,0.750723,0.000000
134.399994,0.987399,543.342529,-0.000019,-0.002704,293.069885,0.999700,1.000483,-0.000010,1.000765,0.750000,0.750000,1.000000,0.000100000,0.000001113,0.065824,0.000000,0.000000,-0.001223,-0.000100,-0.001381,0.750710,0.000000
134.500000,0.987419,543.329529,-0.000019,-0.002656,293.068481,0.999700,1.000484,-0.000010,1.000917,0.750000,0.750000,1.000000,0.000100000,0.000001113,0.065820,0.000000,0.000000,-0.001177,-0.000098,-0.001381,0.750697,0.000000
134.599991,0.987437,543.316589,-0.000018,-0.002608,293.067078,0.999700,1.000484,-0.000010,1.000764,0.750000,0.750000,1.000000,0.000100000,0.000001113,0.065816,0.000000,0.000000,-0.001131,-0.000096,-0.001381,0.750685,0.000000
134.699997,0.987458,543.303711,-0.000018,-0.002560,293.065674,0.999700,1.000484,-0.000010,1.000917,0.750000,0.750000,1.000000,0.000100000,0.000001113,0.065813,0.000000,0.000000,-0.001085,-0.000094,-0.001381,0.750672,0.000000
134.800003,0.987478,543.290894,-0.000018,-0.002513,293.064301,0.999700,1.000484,-0.000010,1.000917,0.750000,0.750000,1.000000,0.000100000,0.000001113,0.065809,0.000000,0.000000,-0.001039,-0.000092,-0.001382,0.750659,0.000000
134.899994,0.987500,543.278137,-0.000017,-0.002465,293.062897,0.999700,1.000484,-0.000010,1.000762,0.750000,0.750000,1.000000,0.000100000,0.000001113,0.065805,0.000000,0.000000,-0.000993,-0.000090,-0.001382,0.750647,0.000000
135.000000,0.987523,543.265442,-0.000017,-0.002418,293.061523,0.999700,1.000484,-0.000010,1.000917,0.750000,0.750000,1.000000,0.000100000,0.000001113,0.065802,0.000000,0.000000,-0.000948,-0.000088,-0.001382,0.750635,0.000000
135.099991,0.987545,543.252808,-0.000017,-0.002371,293.060150,0.999700,1.000484,-0.000010,1.000764,0.750000,0.750000,1.000000,0.000100000,0.000001113,0.065798,0.000000,0.000000,-0.000903,-0.000086,-0.001382,0.750622,0.000000
135.199997,0.987569,543.240234,-0.000016,-0.002324,293.058777,0.999700,1.000484,-0.000010,1.000917,0.750000,0.750000,1.000000,0.000100000,0.000001113,0.065794,0.000000,0.000000,-0.000858,-0.000084,-0.001382,0.750610,0.000000
135.300003,0.987594,543.227722,-0.000016,-0.002278,293.057404,0.999700,1.000484,-0.000010,1.000918,0.750000,0.750000,1.000000,0.000100000,0.000001113,0.065791,0.000000,0.000000,-0.000813,-0.000082,-0.001382,0.750598,0.000000
135.399994,0.987618,543.215271,-0.000016,-0.002232,293.056030,0.999700,1.000484,-0.000010,1.000764,0.750000,0.750000,1.000000,0.000100000,0.000001113,0.065787,0.000000,0.000000,-0.000769,-0.000080,-0.001383,0.750586,0.000000
135.500000,0.987644,543.202881,-0.000015,-0.002185,293.054657,0.999700,1.000484,-0.000010,1.000916,0.750000,0.750000,1.000000,0.000100000,0.000001113,0.065784,0.000000,0.000000,-0.000725,-0.000078,-0.001383,0.750574,0.000000
135.599991,0.987670,543.190552,-0.000015,-0.002140,293.053314,0.999700,1.000484,-0.000010,1.000764,0.750000,0.750000,1.000000,0.000100000,0.000001113,0.065780,0.000000,0.000000,-0.000681,-0.000076,-0.001383,0.750562,0.000000
135.699997,0.987699,543.178345,-0.000015,-0.002094,293.051971,0.999700,1.000484,-0.000010,1.000918,0.750000,0.750000,1.000000,0.000100000,0.000001113,0.065777,0.000000,0.000000,-0.000637,-0.000074,-0.001383,0.750550,0.000000
135.800003,0.987725,543.166138,-0.000014,-0.002049,293.050598,0.999700,1.000484,-0.000010,1.000914,0.750000,0.750000,1.000000,0.000100000,0.000001113,0.065774,0.000000,0.000000,-0.000593,-0.000072,-0.001383,0.750538,0.000000
135.899994,0.987754,543.153992,-0.000014,-0.002004,293.049255,0.999700,1.000484,-0.000010,1.000765,0.750000,0.750000,1.000000,0.000100000,0.000001113,0.065770,0.000000,0.000000,-0.000550,-0.000070,-0.001384,0.750526,0.000000
136.000000,0.987783,543.141968,-0.000014,-0.001959,293.047943,0.999700,1.000484,-0.000010,1.000917,0.750000,0.750000,1.000000,0.000100000,0.000001113,0.065767,0.000000,0.000000,-0.000507,-0.000068,-0.001384,0.750514,0.000000
136.099991,0.987812,543.129944,-0.000013,-0.001915,293.046600,0.999700,1.000484,-0.000010,1.000764,0.750000,0.750000,1.000000,0.000100000,0.000001113,0.065764,0.000000,0.000000,-0.000464,-0.000067,-0.001384,0.750503,0.000000
136.199997,0.987842,543.118042,-0.000013,-0.001870,293.045258,0.999700,1.000484,-0.000010,1.000917,0.750000,0.750000,1.000000,0.000100000,0.000001113,0.065760,0.000000,0.000000,-0.000422,-0.000065,-0.001384,0.750491,0.000000
136.300003,0.987872,543.106201,-0.000013,-0.001826,293.043945,0.999700,1.000484,-0.000010,1.000917,0.750000,0.750000,1.000000,0.000100000,0.000001113,0.065757,0.000000,0.000000,-0.000379,-0.000063,-0.001384,0.750479,0.000000
136.399994,0.987903,543.094421,-0.000012,-0.001782,293.042633,0.999700,1.000484,-0.000010,1.000764,0.750000,0.750000,1.000000,0.000100000,0.000001113,0.065754,0.000000,0.000000,-0.000337,-0.000061,-0.001384,0.750468,0.000000
136.500000,0.987936,543.082703,-0.000012,-0.001739,293.041321,0.999700,1.000484,-0.000010,1.000917,0.750000,0.750000,1.000000,0.000100000,0.000001113,0.065751,0.000000,0.000000,-0.000295,-0.000059,-0.001384,0.750456,0.000000
136.599991,0.987968,543.071045,-0.000012,-0.001695,293.040009,0.999700,1.000485,-0.000010,1.000765,0.750000,0.750000,1.000000,0.000100000,0.000001113,0.065748,0.000000,0.000000,-0.000254,-0.000057,-0.001385,0.750445,0.000000
136.699997,0.988001,543.059448,-0.000012,-0.001652,293.038696,0.999700,1.000485,-0.000010,1.000914,0.750000,0.750000,1.000000,0.000100000,0.000001113,0.065744,0.000000,0.000000,-0.000212,-0.000055,-0.001385,0.750434,0.000000
136.800003,0.988033,543.047974,-0.000011,-0.001610,293.037415,0.999700,1.000485,-0.000010,1.000917,0.750000,0.750000,1.000000,0.000100000,0.000001113,0.065741,0.000000,0.000000,-0.000171,-0.000053,-0.001385,0.750423,0.000000
136.899994,0.988068,543.036499,-0.000011,-0.001567,293.036133,0.999700,1.000485,-0.000010,1.000764,0.750000,0.750000,1.000000,0.000100000,0.000001113,0.065738,0.000000,0.000000,-0.000130,-0.000052,-0.001385,0.750411,0.000000
137.000000,0.988102,543.025146,-0.000011,-0.001524,293.034821,0.999700,1.000485,-0.000010,1.000918,0.750000,0.750000,1.000000,0.000100000,0.000001113,0.065735,0.000000,0.000000,-0.000090,-0.000050,-0.001385,0.750400,0.000000
137.099991,0.988136,543.013855,-0.000010,-0.001483,293.033539,0.999699,1.000485,-0.000010,1.000765,0.750000,0.750000,1.000000,0.000100000,0.000001113,0.065732,0.000000,0.000000,-0.000049,-0.000048,-0.001385,0.750389,0.000000
137.199997,0.988172,543.002625,-0.000010,-0.001441,293.032288,0.999699,1.000485,-0.000010,1.000917,0.750000,0.750000,1.000000,0.000100000,0.000001113,0.065729,0.000000,0.000000,-0.000009,-0.000046,-0.001385,0.750378,0.000000
137.300003,0.988207,542.991455,-0.000010,-0.001399,293.031006,0.999699,1.000485,-0.000010,1.000916,0.750000,0.750000,1.000000,0.000100000,0.000001113,0.065726,0.000000,0.000000,0.000031,-0.000044,-0.001386,0.750367,0.000000
137.399994,0.988244,542.980347,-0.000010,-0.001358,293.029755,0.999699,1.000485,-0.000010,1.000763,0.750000,0.750000,1.000000,0.000100000,0.000001113,0.065723,0.000000,0.000000,0.000070,-0.000043,-0.001386,0.750356,0.000000
137.500000,0.988279,542.969299,-0.000009,-0.001317,293.028503,0.999699,1.000485,-0.000010,1.000917,0.750000,0.750000,1.000000,0.000100000,0.000001113,0.065720,0.000000,0.000000,0.000110,-0.000041,-0.001386,0.750346,0.000000
137.599991,0.988318,542.958374,-0.000009,-0.001276,293.027252,0.999699,1.000485,-0.000010,1.000761,0.750000,0.750000,1.000000,0.000100000,0.000001113,0.065717,0.000000,0.000000,0.000149,-0.000039,-0.001386,0.750335,0.000000
137.699997,0.988355,542.947449,-0.000009,-0.001235,293.026001,0.999699,1.000485,-0.000010,1.000917,0.750000,0.750000,1.000000,0.000100000,0.000001113,0.065715,0.000000,0.000000,0.000188,-0.000037,-0.001386,0.750324,0.000000
137.800003,0.988394,542.936646,-0.000008,-0.001195,293.024750,0.999699,1.000485,-0.000010,1.000917,0.750000,0.750000,1.000000,0.000100000,0.000001113,0.065712,0.000000,0.000000,0.000226,-0.000035,-0.001386,0.750314,0.000000
137.899994,0.988429,542.925903,-0.000008,-0.001155,293.023529,0.999699,1.000485,-0.000010,1.000764,0.750000,0.750000,1.000000,0.000100000,0.000001113,0.065709,0.000000,0.000000,0.000265,-0.000034,-0.001386,0.750303,0.000000
138.000000,0.988469,542.915222,-0.000008,-0.001116,293.022278,0.999699,1.000485,-0.000010,1.000918,0.750000,0.750000,1.000000,0.000100000,0.000001113,0.065706,0.000000,0.000000,0.000303,-0.000032,-0.001387,0.750293,0.000000
138.099991,0.988509,542.904663,-0.000008,-0.001076,293.021057,0.999699,1.000485,-0.000010,1.000764,0.750000,0.750000,1.000000,0.000100000,0.000001113,0.065703,0.000000,0.000000,0.000340,-0.000030,-0.001387,0.750282,0.000000
138.199997,0.988548,542.894104,-0.000007,-0.001037,293.019867,0.999699,1.000485,-0.000010,1.000917,0.750000,0.750000,1.000000,0.000100000,0.000001113,0.065701,0.000000,0.000000,0.000378,-0.000028,-0.001387,0.750272,0.000000
138.300003,0.988588,542.883667,-0.000007,-0.000998,293.018646,0.999699,1.000485,-0.000010,1.000918,0.750000,0.750000,1.000000,0.000100000,0.000001113,0.065698,0.000000,0.000000,0.000415,-0.000027,-0.001387,0.750262,0.000000
138.399994,0.988629,542.873291,-0.000007,-0.000959,293.017456,0.999699,1.000485,-0.000010,1.000764,0.750000,0.750000,1.000000,0.000100000,0.000001113,0.065695,0.000000,0.000000,0.000453,-0.000025,-0.001387,0.750252,0.000000
138.500000,0.988668,542.862976,-0.000006,-0.000921,293.016235,0.999699,1.000486,-0.000010,1.000914,0.750000,0.750000,1.000000,0.000100000,0.000001113,0.065693,0.000000,0.000000,0.000489,-0.000023,-0.001387,0.750242,0.000000
138.599991,0.988709,542.852722,-0.000006,-0.000883,293.015045,0.999699,1.000486,-0.000010,1.000765,0.750000,0.750000,1.000000,0.000100000,0.000001113,0.065690,0.000000,0.000000,0.000526,-0.000021,-0.001387,0.750232,0.000000
138.699997,0.988750,542.842529,-0.000006,-0.000845,293.013885,0.999699,1.000486,-0.000010,1.000916,0.750000,0.750000,1.000000,0.000100000,0.000001113,0.065687,0.000000,0.000000,0.000562,-0.000020,-0.001387,0.750222,0.000000
138.800003,0.988794,542.832459,-0.000006,-0.000807,293.012695,0.999699,1.000486,-0.000010,1.000917,0.750000,0.750000,1.000000,0.000100000,0.000001113,0.065685,0.000000,0.000000,0.000598,-0.000018,-0.001388,0.750212,0.000000
138.899994,0.988835,542.822449,-0.000005,-0.000770,293.011536,0.999699,1.000486,-0.000010,1.000764,0.750000,0.750000,1.000000,0.000100000,0.000001113,0.065682,0.000000,0.000000,0.000634,-0.000016,-0.001388,0.750202,0.000000
139.000000,0.988876,542.812500,-0.000005,-0.000733,293.010345,0.999699,1.000486,-0.000010,1.000917,0.750000,0.750000,1.000000,0.000100000,0.000001113,0.065680,0.000000,0.000000,0.000670,-0.000015,-0.001388,0.750192,0.000000
139.099991,0.988919,542.802612,-0.000005,-0.000696,293.009216,0.999699,1.000486,-0.000010,1.000765,0.750000,0.750000,1.000000,0.000100000,0.000001113,0.065677,0.000000,0.000000,0.000705,-0.000013,-0.001388,0.750183,0.000000
139.199997,0.988963,542.792786,-0.000005,-0.000659,293.008057,0.999699,1.000486,-0.000010,1.000917,0.750000,0.750000,1.000000,0.000100000,0.000001113,0.065675,0.000000,0.000000,0.000740,-0.000012,-0.001388,0.750173,0.000000
139.300003,0.989006,542.783020,-0.000004,-0.000623,293.006897,0.999699,1.000486,-0.000010,1.000916,0.750000,0.750000,1.000000,0.000100000,0.000001113,0.065672,0.000000,0.000000,0.000775,-0.000010,-0.001388,0.750164,0.000000
139.399994,0.989049,542.773376,-0.000004,-0.000587,293.005768,0.999699,1.000486,-0.000010,1.000761,0.750000,0.750000,1.000000,0.000100000,0.000001113,0.065670,0.000000,0.000000,0.000809,-0.000008,-0.001388,0.750154,0.000000
139.500000,0.989094,542.763794,-0.000004,-0.000551,293.004639,0.999699,1.000486,-0.000010,1.000918,0.750000,0.750000,1.000000,0.000100000,0.000001113,0.065667,0.000000,0.000000,0.000844,-0.000007,-0.001388,0.750145,0.000000
139.599991,0.989136,542.754272,-0.000004,-0.000516,293.003510,0.999699,1.000486,-0.000010,1.000764,0.750000,0.750000,1.000000,0.000100000,0.000001113,0.065665,0.000000,0.000000,0.000878,-0.000005,-0.001389,0.750135,0.000000
139.699997,0.989180,542.744812,-0.000003,-0.000481,293.002380,0.999699,1.000486,-0.000010,1.000917,0.750000,0.750000,1.000000,0.000100000,0.000001113,0.065663,0.000000,0.000000,0.000911,-0.000003,-0.001389,0.750126,0.000000
139.800003,0.989226,542.735413,-0.000003,-0.000446,293.001282,0.999699,1.000486,-0.000010,1.000917,0.750000,0.750000,1.000000,0.000100000,0.000001113,0.065660,0.000000,0.000000,0.000945,-0.000002,-0.001389,0.750117,0.000000
139.899994,0.989271,542.726135,-0.000003,-0.000411,293.000183,0.999699,1.000486,-0.000010,1.000764,0.750000,0.750000,1.000000,0.000100000,0.000001113,0.065658,0.000000,0.000000,0.000978,-0.000000,-0.001389,0.750108,0.000000
140.000000,0.989315,542.716919,-0.000003,-0.000377,292.999085,0.999699,1.000486,-0.000010,1.000917,0.750000,0.750000,1.000000,0.000100000,0.000001113,0.065656,0.000000,0.000000,0.001011,0.000001,-0.001389,0.750099,0.000000
140.099991,0.989361,542.707764,-0.000002,-0.000343,292.997986,0.999698,1.000486,-0.000010,1.000763,0.750000,0.750000,1.000000,0.000100000,0.000001113,0.065653,0.000000,0.000000,0.001044,0.000003,-0.001389,0.750090,0.000000
140.199997,0.989406,542.698669,-0.000002,-0.000309,292.996887,0.999698,1.000486,-0.000010,1.000916,0.750000,0.750000,1.000000,0.000100000,0.000001113,0.065651,0.000000,0.000000,0.001076,0.000004,-0.001389,0.750081,0.000000
140.300003,0.989452,542.689636,-0.000002,-0.000275,292.995819,0.999698,1.000486,-0.000010,1.000914,0.750000,0.750000,1.000000,0.000100000,0.000001113,0.065649,0.000000,0.000000,0.001108,0.000006,-0.001389,0.750072,0.000000
140.399994,0.989499,542.680725,-0.000002,-0.000242,292.994751,0.999698,1.000486,-0.000010,1.000765,0.750000,0.750000,1.000000,0.000100000,0.000001113,0.065647,0.000000,0.000000,0.001140,0.000007,-0.001390,0.750064,0.000000
140.500000,0.989542,542.671814,-0.000001,-0.000209,292.993683,0.999698,1.000486,-0.000010,1.000917,0.750000,0.750000,1.000000,0.000100000,0.000001113,0.065645,0.000000,0.000000,0.001172,0.000009,-0.001390,0.750055,0.000000
140.599991,0.989590,542.663025,-0.000001,-0.000176,292.992615,0.999698,1.000486,-0.000010,1.000764,0.750000,0.750000,1.000000,0.000100000,0.000001113,0.065643,0.000000,0.000000,0.001203,0.000011,-0.001390,0.750046,0.000000
140.699997,0.989636,542.654297,-0.000001,-0.000143,292.991577,0.999698,1.000486,-0.000010,1.000918,0.750000,0.750000,1.000000,0.000100000,0.000001113,0.065640,0.000000,0.000000,0.001235,0.000012,-0.001390,0.750038,0.000000
140.800003,0.989684,542.645630,-0.000001,-0.000111,292.990509,0.999698,1.000486,-0.000010,1.000917,0.750000,0.750000,1.000000,0.000100000,0.000001113,0.065638,0.000000,0.000000,0.001266,0.000014,-0.001390,0.750029,0.000000
140.899994,0.989730,542.637085,-0.000001,-0.000079,292.989471,0.999698,1.000487,-0.000010,1.000763,0.750000,0.750000,1.000000,0.000100000,0.000001113,0.065636,0.000000,0.000000,0.001296,0.000015,-0.001390,0.750021,0.000000
141.000000,0.989777,542.628540,-0.000000,-0.000047,292.988464,0.999698,1.000487,-0.000010,1.000917,0.750000,0.750000,1.000000,0.000100000,0.000001113,0.065634,0.000000,0.000000,0.001327,0.000016,-0.001390,0.750012,0.000000
141.099991,0.989824,542.620117,-0.000000,-0.000016,292.987427,0.999698,1.000487,-0.000010,1.000765,0.750000,0.750000,1.000000,0.000100000,0.000001113,0.065632,0.000000,0.000000,0.001357,0.000018,-0.001390,0.750004,0.000000
141.199997,0.989871,542.611755,0.000000,0.000015,292.986420,0.999698,1.000487,-0.000010,1.000913,0.750000,0.750000,1.000000,0.000100000,0.000001113,0.065630,0.000000,0.000000,0.001387,0.000019,-0.001391,0.749996,0.000000
141.300003,0.989919,542.603455,0.000000,0.000046,292.985413,0.999698,1.000487,-0.000010,1.000916,0.750000,0.750000,1.000000,0.000100000,0.000001113,0.065628,0.000000,0.000000,0.001416,0.000021,-0.001391,0.749988,0.000000
141.399994,0.989966,542.595215,0.000001,0.000077,292.984406,0.999698,1.000487,-0.000010,1.000764,0.750000,0.750000,1.000000,0.000100000,0.000001113,0.065626,0.000000,0.000000,0.001446,0.000022,-0.001391,0.749980,0.000000
141.500000,0.990014,542.587097,0.000001,0.000107,292.983398,0.999698,1.000487,-0.000010,1.000917,0.750000,0.750000,1.000000,0.000100000,0.000001113,0.065624,0.000000,0.000000,0.001475,0.000024,-0.001391,0.749972,0.000000
141.599991,0.990063,542.578980,0.000001,0.000138,292.982422,0.999698,1.000487,-0.000010,1.000765,0.750000,0.750000,1.000000,0.000100000,0.000001113,0.065622,0.000000,0.000000,0.001504,0.000025,-0.001391,0.749964,0.000000
141.699997,0.990111,542.570984,0.000001,0.000168,292.981445,0.999698,1.000487,-0.000010,1.000916,0.750000,0.750000,1.000000,0.000100000,0.000001113,0.065621,0.000000,0.000000,0.001532,0.000027,-0.001391,0.749956,0.000000
141.800003,0.990159,542.563049,0.000001,0.000197,292.980469,0.999698,1.000487,-0.000010,1.000917,0.750000,0.750000,1.000000,0.000100000,0.000001113,0.065619,0.000000,0.000000,0.001561,0.000028,-0.001391,0.749948,0.000000
141.899994,0.990206,542.555176,0.000002,0.000227,292.979492,0.999698,1.000487,-0.000010,1.000764,0.750000,0.750000,1.000000,0.000100000,0.000001113,0.065617,0.000000,0.000000,0.001589,0.000029,-0.001391,0.749940,0.000000
142.000000,0.990256,542.547363,0.000002,0.000256,292.978516,0.999698,1.000487,-0.000010,1.000917,0.750000,0.750000,1.000000,0.000100000,0.000001113,0.065615,0.000000,0.000000,0.001617,0.000031,-0.001391,0.749933,0.000000
142.099991,0.990303,542.539673,0.000002,0.000284,292.977570,0.999698,1.000487,-0.000010,1.000761,0.750000,0.750000,1.000000,0.000100000,0.000001113,0.065613,0.000000,0.000000,0.001644,0.000032,-0.001392,0.749925,0.000000
142.199997,0.990352,542.531982,0.000002,0.000313,292.976624,0.999698,1.000487,-0.000010,1.000918,0.750000,0.750000,1.000000,0.000100000,0.000001113,0.065611,0.000000,0.000000,0.001671,0.000033,-0.001392,0.749918,0.000000
142.300003,0.990401,542.524414,0.000002,0.000342,292.975678,0.999698,1.000487,-0.000010,1.000916,0.750000,0.750000,1.000000,0.000100000,0.000001113,0.065610,0.000000,0.000000,0.001699,0.000035,-0.001392,0.749910,0.000000
142.399994,0.990449,542.516907,0.000003,0.000369,292.974762,0.999698,1.000487,-0.000010,1.000765,0.750000,0.750000,1.000000,0.000100000,0.000001113,0.065608,0.000000,0.000000,0.001725,0.000036,-0.001392,0.749903,0.000000
142.500000,0.990498,542.509460,0.000003,0.000397,292.973816,0.999698,1.000487,-0.000010,1.000917,0.750000,0.750000,1.000000,0.000100000,0.000001113,0.065606,0.000000,0.000000,0.001752,0.000037,-0.001392,0.749896,0.000000
142.599991,0.990546,542.502075,0.000003,0.000425,292.972900,0.999698,1.000487,-0.000010,1.000765,0.750000,0.750000,1.000000,0.000100000,0.000001113,0.065604,0.000000,0.000000,0.001778,0.000039,-0.001392,0.749888,0.000000
142.699997,0.990596,542.494751,0.000003,0.000452,292.971985,0.999698,1.000487,-0.000010,1.000917,0.750000,0.750000,1.000000,0.000100000,0.000001113,0.065603,0.000000,0.000000,0.001804,0.000040,-0.001392,0.749881,0.000000
142.800003,0.990644,542.487549,0.000003,0.000479,292.971100,0.999698,1.000487,-0.000010,1.000918,0.750000,0.750000,1.000000,0.000100000,0.000001113,0.065601,0.000000,0.000000,0.001830,0.000041,-0.001392,0.749874,0.000000
142.899994,0.990694,542.480347,0.000004,0.000506,292.970184,0.999698,1.000487,-0.000010,1.000764,0.750000,0.750000,1.000000,0.000100000,0.000001113,0.065599,0.000000,0.000000,0.001856,0.000043,-0.001392,0.749867,0.000000
143.000000,0.990744,542.473267,0.000004,0.000532,292.969299,0.999698,1.000487,-0.000010,1.000913,0.750000,0.750000,1.000000,0.000100000,0.000001113,0.065598,0.000000,0.000000,0.001881,0.000044,-0.001393,0.749860,0.000000
143.099991,0.990793,542.466248,0.000004,0.000559,292.968414,0.999698,1.000487,-0.000010,1.000765,0.750000,0.750000,1.000000,0.000100000,0.000001113,0.065596,0.000000,0.000000,0.001906,0.000045,-0.001393,0.749853,0.000000
143.199997,0.990840,542.459290,0.000004,0.000585,292.967529,0.999698,1.000487,-0.000010,1.000917,0.750000,0.750000,1.000000,0.000100000,0.000001113,0.065595,0.000000,0.000000,0.001931,0.000046,-0.001393,0.749846,0.000000
143.300003,0.990891,542.452393,0.000004,0.000610,292.966675,0.999698,1.000488,-0.000010,1.000917,0.750000,0.750000,1.000000,0.000100000,0.000001113,0.065593,0.000000,0.000000,0.001956,0.000048,-0.001393,0.749840,0.000000
143.399994,0.990939,542.445557,0.000004,0.000636,292.965820,0.999698,1.000488,-0.000010,1.000765,0.750000,0.750000,1.000000,0.000100000,0.000001113,0.065592,0.000000,0.000000,0.001980,0.000049,-0.001393,0.749833,0.000000
143.500000,0.990990,542.438782,0.000005,0.000661,292.964935,0.999698,1.000488,-0.000010,1.000917,0.750000,0.750000,1.000000,0.000100000,0.000001113,0.065590,0.000000,0.000000,0.002004,0.000050,-0.001393,0.749826,0.000000
143.599991,0.991039,542.432129,0.000005,0.000686,292.964111,0.999698,1.000488,-0.000010,1.000763,0.750000,0.750000,1.000000,0.000100000,0.000001113,0.065589,0.000000,0.000000,0.002028,0.000051,-0.001393,0.749820,0.000000
143.699997,0.991086,542.425476,0.000005,0.000711,292.963257,0.999698,1.000488,-0.000010,1.000918,0.750000,0.750000,1.000000,0.000100000,0.000001113,0.065587,0.000000,0.000000,0.002052,0.000052,-0.001393,0.749813,0.000000
143.800003,0.991137,542.418945,0.000005,0.000735,292.962433,0.999697,1.000488,-0.000010,1.000916,0.750000,0.750000,1.000000,0.000100000,0.000001113,0.065586,0.000000,0.000000,0.002075,0.000054,-0.001393,0.749807,0.000000
143.899994,0.991188,542.412476,0.000005,0.000760,292.961609,0.999697,1.000488,-0.000010,1.000761,0.750000,0.750000,1.000000,0.000100000,0.000001113,0.065584,0.000000,0.000000,0.002098,0.000055,-0.001393,0.749801,0.000000
144.000000,0.991237,542.406067,0.000005,0.000783,292.960785,0.999697,1.000488,-0.000010,1.000917,0.750000,0.750000,1.000000,0.000100000,0.000001113,0.065583,0.000000,0.000000,0.002121,0.000056,-0.001394,0.749794,0.000000
144.099991,0.991286,542.399719,0.000006,0.000807,292.959961,0.999697,1.000488,-0.000010,1.000764,0.750000,0.750000,1.000000,0.000100000,0.000001113,0.065581,0.000000,0.000000,0.002144,0.000057,-0.001394,0.749788,0.000000
144.199997,0.991336,542.393433,0.000006,0.000831,292.959137,0.999697,1.000488,-0.000010,1.000917,0.750000,0.750000,1.000000,0.000100000,0.000001113,0.065580,0.000000,0.000000,0.002166,0.000058,-0.001394,0.749782,0.000000
144.300003,0.991384,542.387207,0.000006,0.000854,292.958344,0.999697,1.000488,-0.000010,1.000918,0.750000,0.750000,1.000000,0.000100000,0.000001113,0.065579,0.000000,0.000000,0.002189,0.000060,-0.001394,0.749776,0.000000
144.399994,0.991432,542.381042,0.000006,0.000877,292.957550,0.999697,1.000488,-0.000010,1.000764,0.750000,0.750000,1.000000,0.000100000,0.000001113,0.065577,0.000000,0.000000,0.002211,0.000061,-0.001394,0.749770,0.000000
144.500000,0.991483,542.374939,0.000006,0.000900,292.956757,0.999697,1.000488,-0.000010,1.000917,0.750000,0.750000,1.000000,0.000100000,0.000001113,0.065576,0.000000,0.000000,0.002232,0.000062,-0.001394,0.749764,0.000000
144.599991,0.991533,542.368958,0.000006,0.000922,292.955994,0.999697,1.000488,-0.000010,1.000765,0.750000,0.750000,1.000000,0.000100000,0.000001113,0.065575,0.000000,0.000000,0.002254,0.000063,-0.001394,0.749758,0.000000
144.699997,0.991582,542.362976,0.000007,0.000945,292.955231,0.999697,1.000488,-0.000010,1.000917,0.750000,0.750000,1.000000,0.000100000,0.000001113,0.065573,0.000000,0.000000,0.002275,0.000064,-0.001394,0.749752,0.000000
144.800003,0.991630,542.357117,0.000007,0.000967,292.954437,0.999697,1.000488,-0.000010,1.000913,0.750000,0.750000,1.000000,0.000100000,0.000001113,0.065572,0.000000,0.000000,0.002296,0.000065,-0.001394,0.749746,0.000000
144.899994,0.991680,542.351257,0.000007,0.000989,292.953705,0.999697,1.000488,-0.000010,1.000765,0.750000,0.750000,1.000000,0.000100000,0.000001113,0.065571,0.000000,0.000000,0.002317,0.000066,-0.001394,0.749740,0.000000
145.000000,0.991728,542.345520,0.000007,0.001010,292.952942,0.999697,1.000488,-0.000010,1.000918,0.750000,0.750000,1.000000,0.000100000,0.000001113,0.065570,0.000000,0.000000,0.002337,0.000067,-0.001395,0.749735,0.000000
145.099991,0.991778,542.339844,0.000007,0.001031,292.952179,0.999697,1.000488,-0.000010,1.000764,0.750000,0.750000,1.000000,0.000100000,0.000001113,0.065568,0.000000,0.000000,0.002358,0.000068,-0.001395,0.749729,0.000000
145.199997,0.991828,542.334167,0.000007,0.001053,292.951447,0.999697,1.000488,-0.000010,1.000918,0.750000,0.750000,1.000000,0.000100000,0.000001113,0.065567,0.000000,0.000000,0.002378,0.000069,-0.001395,0.749724,0.000000
145.300003,0.991877,542.328613,0.000008,0.001073,292.950714,0.999697,1.000488,-0.000010,1.000917,0.750000,0.750000,1.000000,0.000100000,0.000001113,0.065566,0.000000,0.000000,0.002398,0.000070,-0.001395,0.749718,0.000000
145.399994,0.991925,542.323120,0.000008,0.001094,292.950012,0.999697,1.000488,-0.000010,1.000764,0.750000,0.750000,1.000000,0.000100000,0.000001113,0.065565,0.000000,0.000000,0.002417,0.000071,-0.001395,0.749713,0.000000
145.500000,0.991974,542.317688,0.000008,0.001114,292.949280,0.999697,1.000488,-0.000010,1.000917,0.750000,0.750000,1.000000,0.000100000,0.000001113,0.065564,0.000000,0.000000,0.002437,0.000072,-0.001395,0.749708,0.000000
145.599991,0.992024,542.312317,0.000008,0.001134,292.948578,0.999697,1.000488,-0.000010,1.000765,0.750000,0.750000,1.000000,0.000100000,0.000001113,0.065563,0.000000,0.000000,0.002456,0.000073,-0.001395,0.749702,0.000000
145.699997,0.992073,542.307007,0.000008,0.001154,292.947876,0.999697,1.000488,-0.000010,1.000913,0.750000,0.750000,1.000000,0.000100000,0.000001113,0.065561,0.000000,0.000000,0.002475,0.000074,-0.001395,0.749697,0.000000
145.800003,0.992119,542.301758,0.000008,0.001174,292.947174,0.999697,1.000488,-0.000010,1.000917,0.750000,0.750000,1.000000,0.000100000,0.000001113,0.065560,0.000000,0.000000,0.002494,0.000075,-0.001395,0.749692,0.000000
145.899994,0.992169,542.296570,0.000008,0.001193,292.946472,0.999697,1.000488,-0.000010,1.000765,0.750000,0.750000,1.000000,0.000100000,0.000001113,0.065559,0.000000,0.000000,0.002512,0.000076,-0.001395,0.749687,0.000000
146.000000,0.992219,542.291443,0.000008,0.001213,292.945801,0.999697,1.000488,-0.000010,1.000917,0.750000,0.750000,1.000000,0.000100000,0.000001113,0.065558,0.000000,0.000000,0.002531,0.000077,-0.001395,0.749682,0.000000
146.099991,0.992265,542.286377,0.000009,0.001231,292.945099,0.999697,1.000489,-0.000010,1.000765,0.750000,0.750000,1.000000,0.000100000,0.000001113,0.065557,0.000000,0.000000,0.002549,0.000078,-0.001396,0.749677,0.000000
146.199997,0.992315,542.281372,0.000009,0.001250,292.944428,0.999697,1.000489,-0.000010,1.000916,0.750000,0.750000,1.000000,0.000100000,0.000001113,0.065556,0.000000,0.000000,0.002567,0.000079,-0.001396,0.749672,0.000000
146.300003,0.992362,542.276428,0.000009,0.001269,292.943787,0.999697,1.000489,-0.000010,1.000918,0.750000,0.750000,1.000000,0.000100000,0.000001113,0.065555,0.000000,0.000000,0.002584,0.000080,-0.001396,0.749667,0.000000
146.399994,0.992411,542.271545,0.000009,0.001287,292.943115,0.999697,1.000489,-0.000010,1.000764,0.750000,0.750000,1.000000,0.000100000,0.000001113,0.065554,0.000000,0.000000,0.002602,0.000081,-0.001396,0.749662,0.000000
146.500000,0.992459,542.266724,0.000009,0.001305,292.942474,0.999697,1.000489,-0.000010,1.000917,0.750000,0.750000,1.000000,0.000100000,0.000001113,0.065553,0.000000,0.000000,0.002619,0.000082,-0.001396,0.749657,0.000000
146.599991,0.992506,542.261963,0.000009,0.001323,292.941834,0.999697,1.000489,-0.000010,1.000761,0.750000,0.750000,1.000000,0.000100000,0.000001113,0.065552,0.000000,0.000000,0.002636,0.000083,-0.001396,0.749653,0.000000
146.699997,0.992554,542.257263,0.000009,0.001341,292.941193,0.999697,1.000489,-0.000010,1.000918,0.750000,0.750000,1.000000,0.000100000,0.000001113,0.065551,0.000000,0.000000,0.002653,0.000084,-0.001396,0.749648,0.000000
146.800003,0.992602,542.252625,0.000010,0.001358,292.940552,0.999697,1.000489,-0.000010,1.000916,0.750000,0.750000,1.000000,0.000100000,0.000001113,0.065550,0.000000,0.000000,0.002669,0.000085,-0.001396,0.749643,0.000000
146.899994,0.992649,542.248047,0.000010,0.001375,292.939911,0.999697,1.000489,-0.000010,1.000764,0.750000,0.750000,1.000000,0.000100000,0.000001113,0.065549,0.000000,0.000000,0.002686,0.000086,-0.001396,0.749639,0.000000
147.000000,0.992697,542.243530,0.000010,0.001392,292.939301,0.999697,1.000489,-0.000010,1.000917,0.750000,0.750000,1.000000,0.000100000,0.000001113,0.065548,0.000000,0.000000,0.002702,0.000087,-0.001396,0.749635,0.000000
147.099991,0.992744,542.239075,0.000010,0.001409,292.938690,0.999697,1.000489,-0.000010,1.000765,0.750000,0.750000,1.000000,0.000100000,0.000001113,0.065548,0.000000,0.000000,0.002718,0.000088,-0.001396,0.749630,0.000000
147.199997,0.992792,542.234680,0.000010,0.001425,292.938080,0.999697,1.000489,-0.000010,1.000916,0.750000,0.750000,1.000000,0.000100000,0.000001113,0.065547,0.000000,0.000000,0.002733,0.000088,-0.001396,0.749626,0.000000
147.300003,0.992840,542.230347,0.000010,0.001441,292.937500,0.999697,1.000489,-0.000010,1.000918,0.750000,0.750000,1.000000,0.000100000,0.000001113,0.065546,0.000000,0.000000,0.002749,0.000089,-0.001397,0.749622,0.000000
147.399994,0.992886,542.226074,0.000010,0.001457,292.936890,0.999697,1.000489,-0.000010,1.000764,0.750000,0.750000,1.000000,0.000100000,0.000001113,0.065545,0.000000,0.000000,0.002764,0.000090,-0.001397,0.749617,0.000000
147.500000,0.992933,542.221863,0.000010,0.001473,292.936310,0.999697,1.000489,-0.000010,1.000914,0.750000,0.750000,1.000000,0.000100000,0.000001113,0.065544,0.000000,0.000000,0.002779,0.000091,-0.001397,0.749613,0.000000
147.599991,0.992981,542.217651,0.000010,0.001489,292.935730,0.999697,1.000489,-0.000010,1.000765,0.750000,0.750000,1.000000,0.000100000,0.000001113,0.065543,0.000000,0.000000,0.002794,0.000092,-0.001397,0.749609,0.000000
147.699997,0.993025,542.213562,0.000011,0.001505,292.935150,0.999697,1.000489,-0.000010,1.000917,0.750000,0.750000,1.000000,0.000100000,0.000001113,0.065543,0.000000,0.000000,0.002809,0.000093,-0.001397,0.749605,0.000000
147.800003,0.993075,542.209473,0.000011,0.001520,292.934601,0.999697,1.000489,-0.000010,1.000916,0.750000,0.750000,1.000000,0.000100000,0.000001113,0.065542,0.000000,0.000000,0.002823,0.000093,-0.001397,0.749601,0.000000
147.899994,0.993119,542.205505,0.000011,0.001535,292.934021,0.999697,1.000489,-0.000010,1.000765,0.750000,0.750000,1.000000,0.000100000,0.000001113,0.065541,0.000000,0.000000,0.002837,0.000094,-0.001397,0.749597,0.000000
148.000000,0.993167,542.201538,0.000011,0.001550,292.933472,0.999697,1.000489,-0.000010,1.000916,0.750000,0.750000,1.000000,0.000100000,0.000001113,0.065540,0.000000,0.000000,0.002852,0.000095,-0.001397,0.749593,0.000000
148.099991,0.993212,542.197693,0.000011,0.001564,292.932922,0.999697,1.000489,-0.000010,1.000764,0.750000,0.750000,1.000000,0.000100000,0.000001113,0.065539,0.000000,0.000000,0.002865,0.000096,-0.001397,0.749589,0.000000
148.199997,0.993258,542.193848,0.000011,0.001578,292.932373,0.999697,1.000489,-0.000010,1.000918,0.750000,0.750000,1.000000,0.000100000,0.000001113,0.065539,0.000000,0.000000,0.002879,0.000097,-0.001397,0.749586,0.000000
148.300003,0.993303,542.190063,0.000011,0.001593,292.931854,0.999697,1.000489,-0.000010,1.000916,0.750000,0.750000,1.000000,0.000100000,0.000001113,0.065538,0.000000,0.000000,0.002893,0.000097,-0.001397,0.749582,0.000000
148.399994,0.993349,542.186340,0.000011,0.001607,292.931305,0.999697,1.000489,-0.000010,1.000762,0.750000,0.750000,1.000000,0.000100000,0.000001113,0.065537,0.000000,0.000000,0.002906,0.000098,-0.001397,0.749578,0.000000
148.500000,0.993395,542.182678,0.000011,0.001620,292.930786,0.999696,1.000489,-0.000010,1.000917,0.750000,0.750000,1.000000,0.000100000,0.000001113,0.065537,0.000000,0.000000,0.002919,0.000099,-0.001397,0.749575,0.000000
148.599991,0.993439,542.179077,0.000011,0.001634,292.930267,0.999696,1.000489,-0.000010,1.000764,0.750000,0.750000,1.000000,0.000100000,0.000001113,0.065536,0.000000,0.000000,0.002932,0.000100,-0.001397,0.749571,0.000000
148.699997,0.993485,542.175476,0.000012,0.001647,292.929749,0.999696,1.000489,-0.000010,1.000917,0.750000,0.750000,1.000000,0.000100000,0.000001113,0.065535,0.000000,0.000000,0.002945,0.000100,-0.001398,0.749568,0.000000
148.800003,0.993531,542.171997,0.000012,0.001660,292.929260,0.999696,1.000489,-0.000010,1.000917,0.750000,0.750000,1.000000,0.000100000,0.000001113,0.065535,0.000000,0.000000,0.002957,0.000101,-0.001398,0.749564,0.000000
148.899994,0.993577,542.168518,0.000012,0.001674,292.928772,0.999696,1.000489,-0.000010,1.000765,0.750000,0.750000,1.000000,0.000100000,0.000001113,0.065534,0.000000,0.000000,0.002970,0.000102,-0.001398,0.749561,0.000000
149.000000,0.993622,542.165161,0.000012,0.001686,292.928253,0.999696,1.000489,-0.000010,1.000917,0.750000,0.750000,1.000000,0.000100000,0.000001113,0.065533,0.000000,0.000000,0.002982,0.000102,-0.001398,0.749557,0.000000
149.099991,0.993665,542.161804,0.000012,0.001699,292.927765,0.999696,1.000489,-0.000010,1.000765,0.750000,0.750000,1.000000,0.000100000,0.000001113,0.065533,0.000000,0.000000,0.002994,0.000103,-0.001398,0.749554,0.000000
149.199997,0.993710,542.158508,0.000012,0.001711,292.927307,0.999696,1.000489,-0.000010,1.000917,0.750000,0.750000,1.000000,0.000100000,0.000001113,0.065532,0.000000,0.000000,0.003005,0.000104,-0.001398,0.749551,0.000000
149.300003,0.993755,542.155273,0.000012,0.001723,292.926819,0.999696,1.000489,-0.000010,1.000913,0.750000,0.750000,1.000000,0.000100000,0.000001113,0.065531,0.000000,0.000000,0.003017,0.000105,-0.001398,0.749548,0.000000
149.399994,0.993798,542.152100,0.000012,0.001735,292.926361,0.999696,1.000489,-0.000010,1.000764,0.750000,0.750000,1.000000,0.000100000,0.000001113,0.065531,0.000000,0.000000,0.003028,0.000105,-0.001398,0.749545,0.000000
149.500000,0.993844,542.148926,0.000012,0.001747,292.925873,0.999696,1.000489,-0.000010,1.000917,0.750000,0.750000,1.000000,0.000100000,0.000001113,0.065530,0.000000,0.000000,0.003040,0.000106,-0.001398,0.749541,0.000000
149.599991,0.993887,542.145874,0.000012,0.001759,292.925415,0.999696,1.000489,-0.000010,1.000764,0.750000,0.750000,1.000000,0.000100000,0.000001113,0.065530,0.000000,0.000000,0.003050,0.000107,-0.001398,0.749538,0.000000
149.699997,0.993928,542.142822,0.000012,0.001770,292.924988,0.999696,1.000489,-0.000010,1.000917,0.750000,0.750000,1.000000,0.000100000,0.000001113,0.065529,0.000000,0.000000,0.003061,0.000107,-0.001398,0.749535,0.000000
149.800003,0.993974,542.139832,0.000012,0.001781,292.924530,0.999696,1.000489,-0.000010,1.000917,0.750000,0.750000,1.000000,0.000100000,0.000001113,0.065529,0.000000,0.000000,0.003072,0.000108,-0.001398,0.749532,0.000000
149.899994,0.994016,542.136902,0.000013,0.001792,292.924103,0.999696,1.000489,-0.000010,1.000764,0.750000,0.750000,1.000000,0.000100000,0.000001113,0.065528,0.000000,0.000000,0.003082,0.000108,-0.001398,0.749530,0.000000
150.000000,0.994059,542.133972,0.000013,0.001804,292.923645,0.999696,1.000489,-0.000010,1.000917,0.750000,0.750000,1.000000,0.000100000,0.000001113,0.065528,0.000000,0.000000,0.003093,0.000109,-0.001398,0.749527,0.000000
150.099991,0.994101,542.131165,0.000013,0.001814,292.923218,0.999696,1.000489,-0.000010,1.000764,0.750000,0.750000,1.000000,0.000100000,0.000001113,0.065527,0.000000,0.000000,0.003103,0.000110,-0.001398,0.749524,0.000000
150.199997,0.994144,542.128357,0.000013,0.001824,292.922791,0.999696,1.000490,-0.000010,1.000914,0.750000,0.750000,1.000000,0.000100000,0.000001113,0.065527,0.000000,0.000000,0.003113,0.000110,-0.001399,0.749521,0.000000
150.300003,0.994186,542.125610,0.000013,0.001835,292.922394,0.999696,1.000490,-0.000010,1.000918,0.750000,0.750000,1.000000,0.000100000,0.000001113,0.065526,0.000000,0.000000,0.003123,0.000111,-0.001399,0.749518,0.000000
150.399994,0.994229,542.122925,0.000013,0.001845,292.921967,0.999696,1.000490,-0.000010,1.000764,0.750000,0.750000,1.000000,0.000100000,0.000001113,0.065526,0.000000,0.000000,0.003132,0.000111,-0.001399,0.749516,0.000000
150.500000,0.994272,542.120300,0.000013,0.001855,292.921570,0.999696,1.000490,-0.000010,1.000916,0.750000,0.750000,1.000000,0.000100000,0.000001113,0.065525,0.000000,0.000000,0.003142,0.000112,-0.001399,0.749513,0.000000
150.599991,0.994314,542.117676,0.000013,0.001865,292.921173,0.999696,1.000490,-0.000010,1.000765,0.750000,0.750000,1.000000,0.000100000,0.000001113,0.065525,0.000000,0.000000,0.003151,0.000113,-0.001399,0.749510,0.000000
150.699997,0.994355,542.115173,0.000013,0.001874,292.920776,0.999696,1.000490,-0.000010,1.000917,0.750000,0.750000,1.000000,0.000100000,0.000001113,0.065524,0.000000,0.000000,0.003160,0.000113,-0.001399,0.749508,0.000000
150.800003,0.994398,542.112671,0.000013,0.001884,292.920380,0.999696,1.000490,-0.000010,1.000917,0.750000,0.750000,1.000000,0.000100000,0.000001113,0.065524,0.000000,0.000000,0.003169,0.000114,-0.001399,0.749506,0.000000
150.899994,0.994437,542.110168,0.000013,0.001893,292.919983,0.999696,1.000490,-0.000010,1.000764,0.750000,0.750000,1.000000,0.000100000,0.000001113,0.065524,0.000000,0.000000,0.003178,0.000114,-0.001399,0.749503,0.000000
151.000000,0.994480,542.107788,0.000013,0.001902,292.919617,0.999696,1.000490,-0.000010,1.000916,0.750000,0.750000,1.000000,0.000100000,0.000001113,0.065523,0.000000,0.000000,0.003186,0.000115,-0.001399,0.749501,0.000000
151.099991,0.994522,542.105408,0.000013,0.001911,292.919251,0.999696,1.000490,-0.000010,1.000761,0.750000,0.750000,1.000000,0.000100000,0.000001113,0.065523,0.000000,0.000000,0.003195,0.000115,-0.001399,0.749498,0.000000
151.199997,0.994561,542.103088,0.000013,0.001920,292.918884,0.999696,1.000490,-0.000010,1.000918,0.750000,0.750000,1.000000,0.000100000,0.000001113,0.065522,0.000000,0.000000,0.003203,0.000116,-0.001399,0.749496,0.000000
151.300003,0.994603,542.100830,0.000013,0.001928,292.918518,0.999696,1.000490,-0.000010,1.000917,0.750000,0.750000,1.000000,0.000100000,0.000001113,0.065522,0.000000,0.000000,0.003211,0.000116,-0.001400,0.749494,0.000000
151.399994,0.994641,542.098633,0.000014,0.001937,292.918152,0.999696,1.000490,-0.000010,1.000763,0.750000,0.750000,1.000000,0.000100000,0.000001113,0.065522,0.000000,0.000000,0.003219,0.000117,-0.001400,0.749492,0.000000
151.500000,0.994684,542.096436,0.000014,0.001945,292.917786,0.999696,1.000490,-0.000010,1.000918,0.750000,0.750000,1.000000,0.000100000,0.000001113,0.065521,0.000000,0.000000,0.003227,0.000117,-0.001400,0.749489,0.000000
151.599991,0.994723,542.094299,0.000014,0.001953,292.917450,0.999696,1.000490,-0.000010,1.000764,0.750000,0.750000,1.000000,0.000100000,0.000001113,0.065521,0.000000,0.000000,0.003235,0.000118,-0.001400,0.749487,0.000000
151.699997,0.994761,542.092224,0.000014,0.001961,292.917114,0.999696,1.000490,-0.000010,1.000917,0.750000,0.750000,1.000000,0.000100000,0.000001113,0.065521,0.000000,0.000000,0.003242,0.000118,-0.001400,0.749485,0.000000
151.800003,0.994803,542.090149,0.000014,0.001969,292.916779,0.999696,1.000490,-0.000010,1.000917,0.750000,0.750000,1.000000,0.000100000,0.000001113,0.065520,0.000000,0.000000,0.003249,0.000119,-0.001400,0.749483,0.000000
151.899994,0.994843,542.088135,0.000014,0.001977,292.916443,0.999696,1.000490,-0.000010,1.000765,0.750000,0.750000,1.000000,0.000100000,0.000001113,0.065520,0.000000,0.000000,0.003257,0.000119,-0.001400,0.749481,0.000000
152.000000,0.994880,542.086182,0.000014,0.001984,292.916107,0.999696,1.000490,-0.000010,1.000914,0.750000,0.750000,1.000000,0.000100000,0.000001113,0.065520,0.000000,0.000000,0.003264,0.000120,-0.001400,0.749479,0.000000
152.099991,0.994919,542.084290,0.000014,0.001991,292.915802,0.999696,1.000490,-0.000010,1.000765,0.750000,0.750000,1.000000,0.000100000,0.000001113,0.065520,0.000000,0.000000,0.003270,0.000120,-0.001400,0.749477,0.000000
152.199997,0.994958,542.082397,0.000014,0.001998,292.915466,0.999696,1.000490,-0.000010,1.000917,0.750000,0.750000,1.000000,0.000100000,0.000001113,0.065519,0.000000,0.000000,0.003277,0.000121,-0.001400,0.749476,0.000000
152.300003,0.994996,542.080566,0.000014,0.002005,292.915161,0.999696,1.000490,-0.000010,1.000916,0.750000,0.750000,1.000000,0.000100000,0.000001113,0.065519,0.000000,0.000000,0.003284,0.000121,-0.001400,0.749474,0.000000
152.399994,0.995035,542.078735,0.000014,0.002012,292.914856,0.999696,1.000490,-0.000010,1.000765,0.750000,0.750000,1.000000,0.000100000,0.000001113,0.065519,0.000000,0.000000,0.003290,0.000122,-0.001400,0.749472,0.000000
152.500000,0.995073,542.077026,0.000014,0.002019,292.914551,0.999696,1.000490,-0.000010,1.000917,0.750000,0.750000,1.000000,0.000100000,0.000001113,0.065518,0.000000,0.000000,0.003296,0.000122,-0.001400,0.749470,0.000000
152.599991,0.995112,542.075317,0.000014,0.002025,292.914276,0.999696,1.000490,-0.000010,1.000764,0.750000,0.750000,1.000000,0.000100000,0.000001113,0.065518,0.000000,0.000000,0.003302,0.000122,-0.001400,0.749469,0.000000
152.699997,0.995149,542.073608,0.000014,0.002031,292.913971,0.999696,1.000490,-0.000010,1.000918,0.750000,0.750000,1.000000,0.000100000,0.000001113,0.065518,0.000000,0.000000,0.003309,0.000123,-0.001400,0.749467,0.000000
152.800003,0.995187,542.071960,0.000014,0.002038,292.913696,0.999696,1.000490,-0.000010,1.000917,0.750000,0.750000,1.000000,0.000100000,0.000001113,0.065518,0.000000,0.000000,0.003314,0.000123,-0.001400,0.749465,0.000000
152.899994,0.995226,542.070374,0.000014,0.002044,292.913391,0.999696,1.000490,-0.000010,1.000760,0.750000,0.750000,1.000000,0.000100000,0.000001113,0.065518,0.000000,0.000000,0.003320,0.000124,-0.001400,0.749464,0.000000
153.000000,0.995260,542.068848,0.000014,0.002049,292.913116,0.999696,1.000490,-0.000010,1.000918,0.750000,0.750000,1.000000,0.000100000,0.000001113,0.065517,0.000000,0.000000,0.003326,0.000124,-0.001400,0.749462,0.000000
153.099991,0.995298,542.067322,0.000014,0.002055,292.912842,0.999696,1.000490,-0.000010,1.000764,0.750000,0.750000,1.000000,0.000100000,0.000001113,0.065517,0.000000,0.000000,0.003331,0.000125,-0.001400,0.749460,0.000000
153.199997,0.995337,542.065857,0.000014,0.002061,292.912598,0.999696,1.000490,-0.000010,1.000917,0.750000,0.750000,1.000000,0.000100000,0.000001113,0.065517,0.000000,0.000000,0.003336,0.000125,-0.001400,0.749459,0.000000
153.300003,0.995371,542.064453,0.000014,0.002066,292.912323,0.999696,1.000490,-0.000010,1.000917,0.750000,0.750000,1.000000,0.000100000,0.000001113,0.065517,0.000000,0.000000,0.003341,0.000125,-0.001400,0.749458,0.000000
153.399994,0.995409,542.063049,0.000014,0.002071,292.912079,0.999696,1.000490,-0.000010,1.000764,0.750000,0.750000,1.000000,0.000100000,0.000001113,0.065517,0.000000,0.000000,0.003346,0.000126,-0.001401,0.749456,0.000000
153.500000,0.995443,542.061707,0.000015,0.002077,292.911804,0.999696,1.000490,-0.000010,1.000917,0.750000,0.750000,1.000000,0.000100000,0.000001113,0.065516,0.000000,0.000000,0.003351,0.000126,-0.001401,0.749455,0.000000
153.599991,0.995480,542.060364,0.000015,0.002082,292.911560,0.999696,1.000490,-0.000010,1.000764,0.750000,0.750000,1.000000,0.000100000,0.000001113,0.065516,0.000000,0.000000,0.003356,0.000126,-0.001401,0.749454,0.000000
153.699997,0.995514,542.059082,0.000015,0.002087,292.911316,0.999696,1.000490,-0.000010,1.000917,0.750000,0.750000,1.000000,0.000100000,0.000001113,0.065516,0.000000,0.000000,0.003360,0.000127,-0.001401,0.749452,0.000000
153.800003,0.995552,542.057861,0.000015,0.002091,292.911072,0.999696,1.000490,-0.000010,1.000915,0.750000,0.750000,1.000000,0.000100000,0.000001113,0.065516,0.000000,0.000000,0.003365,0.000127,-0.001401,0.749451,0.000000
153.899994,0.995586,542.056641,0.000015,0.002096,292.910858,0.999696,1.000490,-0.000010,1.000765,0.750000,0.750000,1.000000,0.000100000,0.000001113,0.065516,0.000000,0.000000,0.003369,0.000127,-0.001401,0.749450,0.000000
154.000000,0.995620,542.055481,0.000015,0.002100,292.910614,0.999696,1.000490,-0.000010,1.000916,0.750000,0.750000,1.000000,0.000100000,0.000001113,0.065516,0.000000,0.000000,0.003373,0.000128,-0.001401,0.749449,0.000000
154.099991,0.995658,542.054321,0.000015,0.002105,292.910400,0.999696,1.000490,-0.000010,1.000765,0.750000,0.750000,1.000000,0.000100000,0.000001113,0.065516,0.000000,0.000000,0.003377,0.000128,-0.001401,0.749448,0.000000
154.199997,0.995691,542.053223,0.000015,0.002109,292.910156,0.999696,1.000490,-0.000010,1.000917,0.750000,0.750000,1.000000,0.000100000,0.000001113,0.065515,0.000000,0.000000,0.003381,0.000128,-0.001401,0.749446,0.000000
154.300003,0.995724,542.052124,0.000015,0.002113,292.909943,0.999696,1.000490,-0.000010,1.000917,0.750000,0.750000,1.000000,0.000100000,0.000001113,0.065515,0.000000,0.000000,0.003385,0.000129,-0.001401,0.749445,0.000000
154.399994,0.995758,542.051147,0.000015,0.002117,292.909729,0.999696,1.000490,-0.000010,1.000765,0.750000,0.750000,1.000000,0.000100000,0.000001113,0.065515,0.000000,0.000000,0.003389,0.000129,-0.001401,0.749444,0.000000
154.500000,0.995792,542.050110,0.000015,0.002121,292.909515,0.999696,1.000490,-0.000010,1.000917,0.750000,0.750000,1.000000,0.000100000,0.000001113,0.065515,0.000000,0.000000,0.003392,0.000129,-0.001401,0.749443,0.000000
154.599991,0.995825,542.049194,0.000015,0.002124,292.909332,0.999696,1.000490,-0.000010,1.000764,0.750000,0.750000,1.000000,0.000100000,0.000001113,0.065515,0.000000,0.000000,0.003396,0.000130,-0.001401,0.749442,0.000000
154.699997,0.995859,542.048218,0.000015,0.002128,292.909119,0.999696,1.000490,-0.000010,1.000914,0.750000,0.750000,1.000000,0.000100000,0.000001113,0.065515,0.000000,0.000000,0.003399,0.000130,-0.001401,0.749441,0.000000
154.800003,0.995895,542.047363,0.000015,0.002131,292.908936,0.999696,1.000490,-0.000010,1.000917,0.750000,0.750000,1.000000,0.000100000,0.000001113,0.065515,0.000000,0.000000,0.003402,0.000130,-0.001401,0.749441,0.000000
154.899994,0.995928,542.046509,0.000015,0.002135,292.908722,0.999696,1.000490,-0.000010,1.000765,0.750000,0.750000,1.000000,0.000100000,0.000001113,0.065515,0.000000,0.000000,0.003405,0.000130,-0.001401,0.749440,0.000000
155.000000,0.995958,542.045654,0.000015,0.002138,292.908539,0.999696,1.000490,-0.000010,1.000916,0.750000,0.750000,1.000000,0.000100000,0.000001113,0.065515,0.000000,0.000000,0.003408,0.000131,-0.001401,0.749439,0.000000
155.099991,0.995990,542.044861,0.000015,0.002141,292.908356,0.999696,1.000490,-0.000010,1.000765,0.750000,0.750000,1.000000,0.000100000,0.000001113,0.065515,0.000000,0.000000,0.003411,0.000131,-0.001401,0.749438,0.000000
155.199997,0.996023,542.044128,0.000015,0.002144,292.908173,0.999696,1.000490,-0.000010,1.000917,0.750000,0.750000,1.000000,0.000100000,0.000001113,0.065515,0.000000,0.000000,0.003414,0.000131,-0.001401,0.749437,0.000000
155.300003,0.996056,542.043396,0.000015,0.002147,292.908020,0.999696,1.000490,-0.000010,1.000916,0.750000,0.750000,1.000000,0.000100000,0.000001113,0.065515,0.000000,0.000000,0.003416,0.000131,-0.001401,0.749437,0.000000
155.399994,0.996089,542.042725,0.000015,0.002149,292.907837,0.999696,1.000490,-0.000010,1.000765,0.750000,0.750000,1.000000,0.000100000,0.000001113,0.065515,0.000000,0.000000,0.003419,0.000132,-0.001401,0.749436,0.000000
155.500000,0.996118,542.042053,0.000015,0.002152,292.907684,0.999696,1.000490,-0.000010,1.000918,0.750000,0.750000,1.000000,0.000100000,0.000001113,0.065515,0.000000,0.000000,0.003421,0.000132,-0.001401,0.749435,0.000000
155.599991,0.996151,542.041382,0.000015,0.002155,292.907501,0.999696,1.000490,-0.000010,1.000760,0.750000,0.750000,1.000000,0.000100000,0.000001113,0.065515,0.000000,0.000000,0.003424,0.000132,-0.001401,0.749434,0.000000
155.699997,0.996183,542.040833,0.000015,0.002157,292.907349,0.999696,1.000490,-0.000010,1.000918,0.750000,0.750000,1.000000,0.000100000,0.000001113,0.065515,0.000000,0.000000,0.003426,0.000132,-0.001401,0.749434,0.000000
155.800003,0.996215,542.040222,0.000015,0.002159,292.907196,0.999696,1.000490,-0.000010,1.000916,0.750000,0.750000,1.000000,0.000100000,0.000001113,0.065515,0.000000,0.000000,0.003428,0.000133,-0.001401,0.749433,0.000000
155.899994,0.996243,542.039673,0.000015,0.002161,292.907043,0.999695,1.000491,-0.000010,1.000764,0.750000,0.750000,1.000000,0.000100000,0.000001113,0.065515,0.000000,0.000000,0.003430,0.000133,-0.001402,0.749433,0.000000
156.000000,0.996275,542.039185,0.000015,0.002163,292.906891,0.999695,1.000491,-0.000010,1.000918,0.750000,0.750000,1.000000,0.000100000,0.000001113,0.065515,0.000000,0.000000,0.003431,0.000133,-0.001402,0.749432,0.000000
156.099991,0.996304,542.038696,0.000015,0.002165,292.906738,0.999695,1.000491,-0.000010,1.000765,0.750000,0.750000,1.000000,0.000100000,0.000001113,0.065515,0.000000,0.000000,0.003433,0.000133,-0.001402,0.749432,0.000000
156.199997,0.996336,542.038269,0.000015,0.002167,292.906616,0.999695,1.000491,-0.000010,1.000916,0.750000,0.750000,1.000000,0.000100000,0.000001113,0.065515,0.000000,0.000000,0.003435,0.000133,-0.001402,0.749431,0.000000
156.300003,0.996364,542.037842,0.000015,0.002168,292.906464,0.999695,1.000491,-0.000010,1.000917,0.750000,0.750000,1.000000,0.000100000,0.000001113,0.065515,0.000000,0.000000,0.003436,0.000134,-0.001402,0.749431,0.000000
156.399994,0.996396,542.037476,0.000015,0.002170,292.906342,0.999695,1.000491,-0.000010,1.000764,0.750000,0.750000,1.000000,0.000100000,0.000001113,0.065515,0.000000,0.000000,0.003438,0.000134,-0.001402,0.749430,0.000000
156.500000,0.996424,542.037109,0.000015,0.002171,292.906220,0.999695,1.000491,-0.000010,1.000914,0.750000,0.750000,1.000000,0.000100000,0.000001113,0.065515,0.000000,0.000000,0.003439,0.000134,-0.001402,0.749430,0.000000
156.599991,0.996454,542.036743,0.000015,0.002173,292.906097,0.999695,1.000491,-0.000010,1.000764,0.750000,0.750000,1.000000,0.000100000,0.000001113,0.065515,0.000000,0.000000,0.003440,0.000134,-0.001402,0.749430,0.000000
156.699997,0.996483,542.036438,0.000015,0.002174,292.905975,0.999695,1.000491,-0.000010,1.000918,0.750000,0.750000,1.000000,0.000100000,0.000001113,0.065515,0.000000,0.000000,0.003441,0.000134,-0.001402,0.749429,0.000000
156.800003,0.996511,542.036194,0.000015,0.002175,292.905853,0.999695,1.000491,-0.000010,1.000916,0.750000,0.750000,1.000000,0.000100000,0.000001113,0.065515,0.000000,0.000000,0.003442,0.000134,-0.001402,0.749429,0.000000
156.899994,0.996541,542.035889,0.000015,0.002176,292.905731,0.999695,1.000491,-0.000010,1.000765,0.750000,0.750000,1.000000,0.000100000,0.000001113,0.065515,0.000000,0.000000,0.003443,0.000135,-0.001402,0.749429,0.000000
157.000000,0.996569,542.035706,0.000015,0.002177,292.905609,0.999695,1.000491,-0.000010,1.000917,0.750000,0.750000,1.000000,0.000100000,0.000001113,0.065515,0.000000,0.000000,0.003444,0.000135,-0.001402,0.749429,0.000000
157.099991,0.996596,542.035522,0.000015,0.002178,292.905518,0.999695,1.000491,-0.000010,1.000764,0.750000,0.750000,1.000000,0.000100000,0.000001113,0.065515,0.000000,0.000000,0.003445,0.000135,-0.001402,0.749428,0.000000
157.199997,0.996623,542.035339,0.000015,0.002178,292.905426,0.999695,1.000491,-0.000010,1.000918,0.750000,0.750000,1.000000,0.000100000,0.000001113,0.065515,0.000000,0.000000,0.003445,0.000135,-0.001402,0.749428,0.000000
157.300003,0.996654,542.035156,0.000015,0.002179,292.905304,0.999695,1.000491,-0.000010,1.000916,0.750000,0.750000,1.000000,0.000100000,0.000001113,0.065515,0.000000,0.000000,0.003446,0.000135,-0.001402,0.749428,0.000000
157.399994,0.996681,542.035034,0.000015,0.002180,292.905212,0.999695,1.000491,-0.000010,1.000761,0.750000,0.750000,1.000000,0.000100000,0.000001113,0.065515,0.000000,0.000000,0.003446,0.000135,-0.001402,0.749428,0.000000
157.500000,0.996709,542.034973,0.000015,0.002180,292.905121,0.999695,1.000491,-0.000010,1.000917,0.750000,0.750000,1.000000,0.000100000,0.000001113,0.065515,0.000000,0.000000,0.003447,0.000136,-0.001402,0.749428,0.000000
157.599991,0.996735,542.034912,0.000015,0.002181,292.905029,0.999695,1.000491,-0.000010,1.000765,0.750000,0.750000,1.000000,0.000100000,0.000001113,0.065515,0.000000,0.000000,0.003447,0.000136,-0.001402,0.749428,0.000000
157.699997,0.996762,542.034851,0.000015,0.002181,292.904938,0.999695,1.000491,-0.000010,1.000917,0.750000,0.750000,1.000000,0.000100000,0.000001113,0.065516,0.000000,0.000000,0.003447,0.000136,-0.001402,0.749428,0.000000
157.800003,0.996789,542.034851,0.000015,0.002181,292.904846,0.999695,1.000491,-0.000010,1.000917,0.750000,0.750000,1.000000,0.000100000,0.000001113,0.065516,0.000000,0.000000,0.003447,0.000136,-0.001402,0.749428,0.000000
157.899994,0.996815,542.034851,0.000015,0.002181,292.904785,0.999695,1.000491,-0.000010,1.000764,0.750000,0.750000,1.000000,0.000100000,0.000001113,0.065516,0.000000,0.000000,0.003447,0.000136,-0.001402,0.749427,0.000000
158.000000,0.996841,542.034912,0.000015,0.002181,292.904694,0.999695,1.000491,-0.000010,1.000917,0.750000,0.750000,1.000000,0.000100000,0.000001113,0.065516,0.000000,0.000000,0.003447,0.000136,-0.001402,0.749428,0.000000
158.099991,0.996867,542.034973,0.000015,0.002181,292.904633,0.999695,1.000491,-0.000010,1.000765,0.750000,0.750000,1.000000,0.000100000,0.000001113,0.065516,0.000000,0.000000,0.003447,0.000136,-0.001402,0.749428,0.000000
158.199997,0.996893,542.035034,0.000015,0.002180,292.904541,0.999695,1.000491,-0.000010,1.000916,0.750000,0.750000,1.000000,0.000100000,0.000001113,0.065516,0.000000,0.000000,0.003446,0.000136,-0.001402,0.749428,0.000000
158.300003,0.996919,542.035156,0.000015,0.002180,292.904480,0.999695,1.000491,-0.000010,1.000915,0.750000,0.750000,1.000000,0.000100000,0.000001113,0.065516,0.000000,0.000000,0.003446,0.000136,-0.001402,0.749428,0.000000
158.399994,0.996945,542.035278,0.000015,0.002180,292.904419,0.999695,1.000491,-0.000010,1.000764,0.750000,0.750000,1.000000,0.000100000,0.000001113,0.065516,0.000000,0.000000,0.003445,0.000137,-0.001402,0.749428,0.000000
158.500000,0.996970,542.035400,0.000015,0.002179,292.904358,0.999695,1.000491,-0.000010,1.000918,0.750000,0.750000,1.000000,0.000100000,0.000001113,0.065517,0.000000,0.000000,0.003445,0.000137,-0.001402,0.749428,0.000000
158.599991,0.996992,542.035583,0.000015,0.002179,292.904297,0.999695,1.000491,-0.000010,1.000764,0.750000,0.750000,1.000000,0.000100000,0.000001113,0.065517,0.000000,0.000000,0.003444,0.000137,-0.001402,0.749428,0.000000
158.699997,0.997018,542.035767,0.000015,0.002178,292.904236,0.999695,1.000491,-0.000010,1.000917,0.750000,0.750000,1.000000,0.000100000,0.000001113,0.065517,0.000000,0.000000,0.003444,0.000137,-0.001402,0.749428,0.000000
158.800003,0.997043,542.036011,0.000015,0.002177,292.904205,0.999695,1.000491,-0.000010,1.000917,0.750000,0.750000,1.000000,0.000100000,0.000001113,0.065517,0.000000,0.000000,0.003443,0.000137,-0.001402,0.749428,0.000000
158.899994,0.997069,542.036255,0.000015,0.002177,292.904144,0.999695,1.000491,-0.000010,1.000764,0.750000,0.750000,1.000000,0.000100000,0.000001113,0.065517,0.000000,0.000000,0.003442,0.000137,-0.001402,0.749429,0.000000
159.000000,0.997094,542.036499,0.000015,0.002176,292.904083,0.999695,1.000491,-0.000010,1.000918,0.750000,0.750000,1.000000,0.000100000,0.000001113,0.065517,0.000000,0.000000,0.003441,0.000137,-0.001402,0.749429,0.000000
159.099991,0.997115,542.036804,0.000015,0.002175,292.904053,0.999695,1.000491,-0.000010,1.000764,0.750000,0.750000,1.000000,0.000100000,0.000001113,0.065517,0.000000,0.000000,0.003440,0.000137,-0.001402,0.749429,0.000000
159.199997,0.997140,542.037109,0.000015,0.002174,292.904022,0.999695,1.000491,-0.000010,1.000913,0.750000,0.750000,1.000000,0.000100000,0.000001113,0.065518,0.000000,0.000000,0.003439,0.000137,-0.001402,0.749429,0.000000
159.300003,0.997164,542.037415,0.000015,0.002173,292.903961,0.999695,1.000491,-0.000010,1.000917,0.750000,0.750000,1.000000,0.000100000,0.000001113,0.065518,0.000000,0.000000,0.003438,0.000137,-0.001402,0.749430,0.000000
159.399994,0.997186,542.037720,0.000015,0.002172,292.903931,0.999695,1.000491,-0.000010,1.000764,0.750000,0.750000,1.000000,0.000100000,0.000001113,0.065518,0.000000,0.000000,0.003437,0.000137,-0.001402,0.749430,0.000000
159.500000,0.997210,542.038086,0.000015,0.002170,292.903900,0.999695,1.000491,-0.000010,1.000917,0.750000,0.750000,1.000000,0.000100000,0.000001113,0.065518,0.000000,0.000000,0.003435,0.000137,-0.001402,0.749430,0.000000
159.599991,0.997234,542.038513,0.000015,0.002169,292.903870,0.999695,1.000491,-0.000010,1.000765,0.750000,0.750000,1.000000,0.000100000,0.000001113,0.065518,0.000000,0.000000,0.003434,0.000137,-0.001403,0.749431,0.000000
159.699997,0.997255,542.038879,0.000015,0.002167,292.903839,0.999695,1.000491,-0.000010,1.000917,0.750000,0.750000,1.000000,0.000100000,0.000001113,0.065518,0.000000,0.000000,0.003433,0.000137,-0.001403,0.749431,0.000000
159.800003,0.997279,542.039307,0.000015,0.002166,292.903839,0.999695,1.000491,-0.000010,1.000917,0.750000,0.750000,1.000000,0.000100000,0.000001113,0.065519,0.000000,0.000000,0.003431,0.000137,-0.001403,0.749432,0.000000
159.899994,0.997299,542.039795,0.000015,0.002164,292.903809,0.999695,1.000491,-0.000010,1.000765,0.750000,0.750000,1.000000,0.000100000,0.000001113,0.065519,0.000000,0.000000,0.003429,0.000137,-0.001403,0.749432,0.000000
160.000000,0.997323,542.040222,0.000015,0.002163,292.903778,0.999695,1.000491,-0.000010,1.000916,0.750000,0.750000,1.000000,0.000100000,0.000001113,0.065519,0.000000,0.000000,0.003428,0.000137,-0.001403,0.749432,0.000000
160.099991,0.997344,542.040710,0.000015,0.002161,292.903778,0.999695,1.000491,-0.000010,1.000762,0.750000,0.750000,1.000000,0.000100000,0.000001113,0.065519,0.000000,0.000000,0.003426,0.000137,-0.001403,0.749433,0.000000
160.199997,0.997368,542.041199,0.000015,0.002159,292.903748,0.999695,1.000491,-0.000010,1.000917,0.750000,0.750000,1.000000,0.000100000,0.000001113,0.065519,0.000000,0.000000,0.003424,0.000138,-0.001403,0.749433,0.000000
160.300003,0.997386,542.041748,0.000015,0.002157,292.903748,0.999695,1.000491,-0.000010,1.000918,0.750000,0.750000,1.000000,0.000100000,0.000001113,0.065520,0.000000,0.000000,0.003422,0.000138,-0.001403,0.749434,0.000000
160.399994,0.997410,542.042297,0.000015,0.002155,292.903717,0.999695,1.000491,-0.000010,1.000764,0.750000,0.750000,1.000000,0.000100000,0.000001113,0.065520,0.000000,0.000000,0.003420,0.000138,-0.001403,0.749434,0.000000
160.500000,0.997431,542.042847,0.000015,0.002153,292.903717,0.999695,1.000491,-0.000010,1.000917,0.750000,0.750000,1.000000,0.000100000,0.000001113,0.065520,0.000000,0.000000,0.003418,0.000138,-0.001403,0.749435,0.000000
160.599991,0.997449,542.043396,0.000015,0.002151,292.903717,0.999695,1.000491,-0.000010,1.000764,0.750000,0.750000,1.000000,0.000100000,0.000001113,0.065520,0.000000,0.000000,0.003416,0.000138,-0.001403,0.749435,0.000000
160.699997,0.997472,542.044006,0.000015,0.002149,292.903717,0.999695,1.000491,-0.000010,1.000917,0.750000,0.750000,1.000000,0.000100000,0.000001113,0.065520,0.000000,0.000000,0.003414,0.000138,-0.001403,0.749436,0.000000
160.800003,0.997492,542.044617,0.000015,0.002147,292.903717,0.999695,1.000491,-0.000010,1.000917,0.750000,0.750000,1.000000,0.000100000,0.000001113,0.065521,0.000000,0.000000,0.003412,0.000138,-0.001403,0.749436,0.000000
160.899994,0.997513,542.045227,0.000015,0.002145,292.903717,0.999695,1.000491,-0.000010,1.000764,0.750000,0.750000,1.000000,0.000100000,0.000001113,0.065521,0.000000,0.000000,0.003410,0.000138,-0.001403,0.749437,0.000000
161.000000,0.997533,542.045837,0.000015,0.002143,292.903717,0.999695,1.000491,-0.000010,1.000914,0.750000,0.750000,1.000000,0.000100000,0.000001113,0.065521,0.000000,0.000000,0.003408,0.000138,-0.001403,0.749438,0.000000
161.099991,0.997552,542.046509,0.000015,0.002140,292.903748,0.999695,1.000491,-0.000010,1.000765,0.750000,0.750000,1.000000,0.000100000,0.000001113,0.065521,0.000000,0.000000,0.003405,0.000138,-0.001403,0.749438,0.000000
161.199997,0.997571,542.047180,0.000015,0.002138,292.903748,0.999695,1.000491,-0.000010,1.000917,0.750000,0.750000,1.000000,0.000100000,0.000001113,0.065521,0.000000,0.000000,0.003403,0.000138,-0.001403,0.749439,0.000000
161.300003,0.997593,542.047852,0.000015,0.002135,292.903748,0.999695,1.000491,-0.000010,1.000917,0.750000,0.750000,1.000000,0.000100000,0.000001113,0.065522,0.000000,0.000000,0.003401,0.000138,-0.001403,0.749439,0.000000
161.399994,0.997612,542.048584,0.000015,0.002133,292.903778,0.999695,1.000491,-0.000010,1.000765,0.750000,0.750000,1.000000,0.000100000,0.000001113,0.065522,0.000000,0.000000,0.003398,0.000137,-0.001403,0.749440,0.000000
161.500000,0.997630,542.049316,0.000015,0.002130,292.903778,0.999695,1.000491,-0.000010,1.000917,0.750000,0.750000,1.000000,0.000100000,0.000001113,0.065522,0.000000,0.000000,0.003395,0.000137,-0.001403,0.749441,0.000000
161.599991,0.997647,542.050049,0.000015,0.002127,292.903809,0.999695,1.000491,-0.000010,1.000764,0.750000,0.750000,1.000000,0.000100000,0.000001113,0.065522,0.000000,0.000000,0.003393,0.000137,-0.001403,0.749442,0.000000
161.699997,0.997668,542.050781,0.000015,0.002125,292.903839,0.999695,1.000491,-0.000010,1.000917,0.750000,0.750000,1.000000,0.000100000,0.000001113,0.065523,0.000000,0.000000,0.003390,0.000137,-0.001403,0.749442,0.000000
161.800003,0.997687,542.051514,0.000015,0.002122,292.903870,0.999695,1.000491,-0.000010,1.000917,0.750000,0.750000,1.000000,0.000100000,0.000001113,0.065523,0.000000,0.000000,0.003387,0.000137,-0.001403,0.749443,0.000000
161.899994,0.997705,542.052307,0.000015,0.002119,292.903870,0.999695,1.000491,-0.000010,1.000761,0.750000,0.750000,1.000000,0.000100000,0.000001113,0.065523,0.000000,0.000000,0.003385,0.000137,-0.001403,0.749444,0.000000
162.000000,0.997723,542.053101,0.000015,0.002116,292.903900,0.999695,1.000491,-0.000010,1.000918,0.750000,0.750000,1.000000,0.000100000,0.000001113,0.065523,0.000000,0.000000,0.003382,0.000137,-0.001403,0.749444,0.000000
162.099991,0.997741,542.053894,0.000015,0.002113,292.903931,0.999695,1.000491,-0.000010,1.000763,0.750000,0.750000,1.000000,0.000100000,0.000001113,0.065523,0.000000,0.000000,0.003379,0.000137,-0.001403,0.749445,0.000000
162.199997,0.997758,542.054749,0.000015,0.002110,292.903961,0.999695,1.000491,-0.000010,1.000917,0.750000,0.750000,1.000000,0.000100000,0.000001113,0.065524,0.000000,0.000000,0.003376,0.000137,-0.001403,0.749446,0.000000
162.300003,0.997777,542.055603,0.000015,0.002107,292.903992,0.999695,1.000491,-0.000010,1.000918,0.750000,0.750000,1.000000,0.000100000,0.000001113,0.065524,0.000000,0.000000,0.003373,0.000137,-0.001403,0.749447,0.000000
162.399994,0.997794,542.056396,0.000015,0.002104,292.904053,0.999695,1.000491,-0.000010,1.000764,0.750000,0.750000,1.000000,0.000100000,0.000001113,0.065524,0.000000,0.000000,0.003370,0.000137,-0.001403,0.749448,0.000000
162.500000,0.997813,542.057312,0.000015,0.002101,292.904083,0.999695,1.000491,-0.000010,1.000917,0.750000,0.750000,1.000000,0.000100000,0.000001113,0.065524,0.000000,0.000000,0.003367,0.000137,-0.001403,0.749449,0.000000
162.599991,0.997830,542.058167,0.000015,0.002098,292.904114,0.999695,1.000491,-0.000010,1.000765,0.750000,0.750000,1.000000,0.000100000,0.000001113,0.065525,0.000000,0.000000,0.003364,0.000137,-0.001403,0.749449,0.000000
162.699997,0.997847,542.059021,0.000015,0.002095,292.904144,0.999695,1.000491,-0.000010,1.000916,0.750000,0.750000,1.000000,0.000100000,0.000001113,0.065525,0.000000,0.000000,0.003361,0.000137,-0.001403,0.749450,0.000000
162.800003,0.997863,542.059937,0.000015,0.002091,292.904205,0.999695,1.000491,-0.000010,1.000914,0.750000,0.750000,1.000000,0.000100000,0.000001113,0.065525,0.000000,0.000000,0.003357,0.000137,-0.001403,0.749451,0.000000
162.899994,0.997880,542.060852,0.000015,0.002088,292.904236,0.999695,1.000491,-0.000010,1.000765,0.750000,0.750000,1.000000,0.000100000,0.000001113,0.065525,0.000000,0.000000,0.003354,0.000137,-0.001403,0.749452,0.000000
163.000000,0.997897,542.061768,0.000015,0.002085,292.904297,0.999695,1.000491,-0.000010,1.000917,0.750000,0.750000,1.000000,0.000100000,0.000001113,0.065526,0.000000,0.000000,0.003351,0.000137,-0.001403,0.749453,0.000000
163.099991,0.997912,542.062744,0.000015,0.002081,292.904358,0.999695,1.000491,-0.000010,1.000764,0.750000,0.750000,1.000000,0.000100000,0.000001113,0.065526,0.000000,0.000000,0.003347,0.000137,-0.001403,0.749454,0.000000
163.199997,0.997929,542.063660,0.000015,0.002078,292.904388,0.999695,1.000491,-0.000010,1.000918,0.750000,0.750000,1.000000,0.000100000,0.000001113,0.065526,0.000000,0.000000,0.003344,0.000137,-0.001403,0.749455,0.000000
163.300003,0.997945,542.064636,0.000015,0.002074,292.904449,0.999695,1.000491,-0.000010,1.000916,0.750000,0.750000,1.000000,0.000100000,0.000001113,0.065527,0.000000,0.000000,0.003341,0.000137,-0.001403,0.749456,0.000000
163.399994,0.997960,542.065613,0.000014,0.002071,292.904511,0.999695,1.000491,-0.000010,1.000764,0.750000,0.750000,1.000000,0.000100000,0.000001113,0.065527,0.000000,0.000000,0.003337,0.000136,-0.001403,0.749456,0.000000
163.500000,0.997976,542.066589,0.000014,0.002067,292.904541,0.999695,1.000491,-0.000010,1.000917,0.750000,0.750000,1.000000,0.000100000,0.000001113,0.065527,0.000000,0.000000,0.003334,0.000136,-0.001403,0.749457,0.000000
163.599991,0.997992,542.067566,0.000014,0.002063,292.904602,0.999695,1.000491,-0.000010,1.000765,0.750000,0.750000,1.000000,0.000100000,0.000001113,0.065527,0.000000,0.000000,0.003330,0.000136,-0.001403,0.749458,0.000000
163.699997,0.998008,542.068604,0.000014,0.002060,292.904663,0.999695,1.000491,-0.000010,1.000914,0.750000,0.750000,1.000000,0.000100000,0.000001113,0.065528,0.000000,0.000000,0.003326,0.000136,-0.001403,0.749459,0.000000
163.800003,0.998020,542.069580,0.000014,0.002056,292.904724,0.999695,1.000491,-0.000010,1.000917,0.750000,0.750000,1.000000,0.000100000,0.000001113,0.065528,0.000000,0.000000,0.003323,0.000136,-0.001403,0.749460,0.000000
163.899994,0.998035,542.070618,0.000014,0.002052,292.904785,0.999695,1.000491,-0.000010,1.000765,0.750000,0.750000,1.000000,0.000100000,0.000001113,0.065528,0.000000,0.000000,0.003319,0.000136,-0.001403,0.749461,0.000000
164.000000,0.998049,542.071655,0.000014,0.002049,292.904846,0.999695,1.000491,-0.000010,1.000917,0.750000,0.750000,1.000000,0.000100000,0.000001113,0.065528,0.000000,0.000000,0.003316,0.000136,-0.001403,0.749462,0.000000
164.099991,0.998064,542.072693,0.000014,0.002044,292.904938,0.999695,1.000491,-0.000010,1.000764,0.750000,0.750000,1.000000,0.000100000,0.000001113,0.065529,0.000000,0.000000,0.003312,0.000136,-0.001403,0.749463,0.000000
164.199997,0.998079,542.073730,0.000014,0.002041,292.904999,0.999695,1.000491,-0.000010,1.000918,0.750000,0.750000,1.000000,0.000100000,0.000001113,0.065529,0.000000,0.000000,0.003308,0.000136,-0.001403,0.749464,0.000000
164.300003,0.998093,542.074829,0.000014,0.002037,292.905060,0.999695,1.000491,-0.000010,1.000917,0.750000,0.750000,1.000000,0.000100000,0.000001113,0.065529,0.000000,0.000000,0.003304,0.000136,-0.001403,0.749465,0.000000
164.399994,0.998108,542.075867,0.000014,0.002033,292.905121,0.999695,1.000491,-0.000010,1.000764,0.750000,0.750000,1.000000,0.000100000,0.000001113,0.065529,0.000000,0.000000,0.003300,0.000136,-0.001403,0.749466,0.000000
164.500000,0.998120,542.076965,0.000014,0.002029,292.905212,0.999695,1.000491,-0.000010,1.000917,0.750000,0.750000,1.000000,0.000100000,0.000001113,0.065530,0.000000,0.000000,0.003297,0.000135,-0.001403,0.749467,0.000000
164.599991,0.998134,542.078064,0.000014,0.002025,292.905273,0.999695,1.000491,-0.000010,1.000761,0.750000,0.750000,1.000000,0.000100000,0.000001113,0.065530,0.000000,0.000000,0.003293,0.000135,-0.001403,0.749469,0.000000
164.699997,0.998148,542.079163,0.000014,0.002021,292.905365,0.999695,1.000491,-0.000010,1.000917,0.750000,0.750000,1.000000,0.000100000,0.000001113,0.065530,0.000000,0.000000,0.003289,0.000135,-0.001403,0.749470,0.000000
164.800003,0.998161,542.080261,0.000014,0.002017,292.905426,0.999695,1.000491,-0.000010,1.000918,0.750000,0.750000,1.000000,0.000100000,0.000001113,0.065531,0.000000,0.000000,0.003285,0.000135,-0.001403,0.749471,0.000000
164.899994,0.998175,542.081421,0.000014,0.002012,292.905518,0.999695,1.000491,-0.000010,1.000764,0.750000,0.750000,1.000000,0.000100000,0.000001113,0.065531,0.000000,0.000000,0.003281,0.000135,-0.001403,0.749472,0.000000
165.000000,0.998187,542.082520,0.000014,0.002008,292.905579,0.999695,1.000491,-0.000010,1.000917,0.750000,0.750000,1.000000,0.000100000,0.000001113,0.065531,0.000000,0.000000,0.003277,0.000135,-0.001403,0.749473,0.000000
165.099991,0.998199,542.083679,0.000014,0.002004,292.905670,0.999695,1.000491,-0.000010,1.000764,0.750000,0.750000,1.000000,0.000100000,0.000001113,0.065531,0.000000,0.000000,0.003273,0.000135,-0.001403,0.749474,0.000000
165.199997,0.998213,542.084778,0.000014,0.002000,292.905762,0.999695,1.000491,-0.000010,1.000917,0.750000,0.750000,1.000000,0.000100000,0.000001113,0.065532,0.000000,0.000000,0.003269,0.000135,-0.001403,0.749475,0.000000
165.300003,0.998226,542.085938,0.000014,0.001996,292.905823,0.999695,1.000491,-0.000010,1.000916,0.750000,0.750000,1.000000,0.000100000,0.000001113,0.065532,0.000000,0.000000,0.003265,0.000135,-0.001403,0.749476,0.000000
165.399994,0.998240,542.087097,0.000014,0.001992,292.905914,0.999695,1.000491,-0.000010,1.000765,0.750000,0.750000,1.000000,0.000100000,0.000001113,0.065532,0.000000,0.000000,0.003260,0.000134,-0.001403,0.749477,0.000000
165.500000,0.998250,542.088257,0.000014,0.001987,292.906006,0.999695,1.000491,-0.000010,1.000914,0.750000,0.750000,1.000000,0.000100000,0.000001113,0.065533,0.000000,0.000000,0.003256,0.000134,-0.001403,0.749478,0.000000
165.599991,0.998262,542.089478,0.000014,0.001983,292.906097,0.999695,1.000491,-0.000010,1.000764,0.750000,0.750000,1.000000,0.000100000,0.000001113,0.065533,0.000000,0.000000,0.003252,0.000134,-0.001403,0.749480,0.000000
165.699997,0.998276,542.090637,0.000014,0.001978,292.906189,0.999695,1.000491,-0.000010,1.000917,0.750000,0.750000,1.000000,0.000100000,0.000001113,0.065533,0.000000,0.000000,0.003248,0.000134,-0.001403,0.749481,0.000000
165.800003,0.998286,542.091797,0.000014,0.001974,292.906250,0.999695,1.000491,-0.000010,1.000917,0.750000,0.750000,1.000000,0.000100000,0.000001113,0.065533,0.000000,0.000000,0.003244,0.000134,-0.001403,0.749482,0.000000
165.899994,0.998298,542.093018,0.000014,0.001970,292.906342,0.999695,1.000491,-0.000010,1.000765,0.750000,0.750000,1.000000,0.000100000,0.000001113,0.065534,0.000000,0.000000,0.003239,0.000134,-0.001403,0.749483,0.000000
166.000000,0.998310,542.094238,0.000014,0.001965,292.906433,0.999695,1.000491,-0.000010,1.000917,0.750000,0.750000,1.000000,0.000100000,0.000001113,0.065534,0.000000,0.000000,0.003235,0.000134,-0.001403,0.749484,0.000000
166.099991,0.998322,542.095398,0.000014,0.001961,292.906525,0.999695,1.000491,-0.000010,1.000764,0.750000,0.750000,1.000000,0.000100000,0.000001113,0.065534,0.000000,0.000000,0.003231,0.000134,-0.001403,0.749485,0.000000
166.199997,0.998332,542.096619,0.000014,0.001956,292.906647,0.999695,1.000491,-0.000010,1.000918,0.750000,0.750000,1.000000,0.000100000,0.000001113,0.065535,0.000000,0.000000,0.003226,0.000133,-0.001403,0.749486,0.000000
166.300003,0.998344,542.097839,0.000014,0.001952,292.906738,0.999695,1.000491,-0.000010,1.000917,0.750000,0.750000,1.000000,0.000100000,0.000001113,0.065535,0.000000,0.000000,0.003222,0.000133,-0.001403,0.749488,0.000000
166.399994,0.998355,542.099060,0.000014,0.001947,292.906830,0.999695,1.000491,-0.000010,1.000761,0.750000,0.750000,1.000000,0.000100000,0.000001113,0.065535,0.000000,0.000000,0.003218,0.000133,-0.001403,0.749489,0.000000
166.500000,0.998365,542.100281,0.000014,0.001943,292.906921,0.999695,1.000491,-0.000010,1.000918,0.750000,0.750000,1.000000,0.000100000,0.000001113,0.065535,0.000000,0.000000,0.003213,0.000133,-0.001403,0.749490,0.000000
166.599991,0.998376,542.101563,0.000014,0.001938,292.907013,0.999695,1.000491,-0.000010,1.000764,0.750000,0.750000,1.000000,0.000100000,0.000001113,0.065536,0.000000,0.000000,0.003209,0.000133,-0.001403,0.749491,0.000000
166.699997,0.998387,542.102783,0.000014,0.001934,292.907105,0.999695,1.000491,-0.000010,1.000917,0.750000,0.750000,1.000000,0.000100000,0.000001113,0.065536,0.000000,0.000000,0.003204,0.000133,-0.001403,0.749492,0.000000
166.800003,0.998395,542.104065,0.000014,0.001929,292.907227,0.999695,1.000491,-0.000010,1.000917,0.750000,0.750000,1.000000,0.000100000,0.000001113,0.065536,0.000000,0.000000,0.003200,0.000133,-0.001403,0.749494,0.000000
166.899994,0.998407,542.105286,0.000013,0.001925,292.907318,0.999695,1.000491,-0.000010,1.000764,0.750000,0.750000,1.000000,0.000100000,0.000001113,0.065537,0.000000,0.000000,0.003195,0.000132,-0.001403,0.749495,0.000000
167.000000,0.998417,542.106567,0.000013,0.001920,292.907410,0.999695,1.000491,-0.000010,1.000917,0.750000,0.750000,1.000000,0.000100000,0.000001113,0.065537,0.000000,0.000000,0.003191,0.000132,-0.001403,0.749496,0.000000
167.099991,0.998426,542.107849,0.000013,0.001915,292.907532,0.999695,1.000491,-0.000010,1.000764,0.750000,0.750000,1.000000,0.000100000,0.000001113,0.065537,0.000000,0.000000,0.003186,0.000132,-0.001403,0.749497,0.000000
167.199997,0.998438,542.109070,0.000013,0.001911,292.907623,0.999695,1.000491,-0.000010,1.000917,0.750000,0.750000,1.000000,0.000100000,0.000001113,0.065538,0.000000,0.000000,0.003182,0.000132,-0.001403,0.749498,0.000000
167.300003,0.998446,542.110352,0.000013,0.001906,292.907745,0.999695,1.000491,-0.000010,1.000914,0.750000,0.750000,1.000000,0.000100000,0.000001113,0.065538,0.000000,0.000000,0.003177,0.000132,-0.001403,0.749500,0.000000
167.399994,0.998456,542.111633,0.000013,0.001901,292.907837,0.999695,1.000491,-0.000010,1.000764,0.750000,0.750000,1.000000,0.000100000,0.000001113,0.065538,0.000000,0.000000,0.003173,0.000132,-0.001403,0.749501,0.000000
167.500000,0.998467,542.112915,0.000013,0.001896,292.907959,0.999695,1.000491,-0.000010,1.000917,0.750000,0.750000,1.000000,0.000100000,0.000001113,0.065538,0.000000,0.000000,0.003168,0.000131,-0.001403,0.749502,0.000000
167.599991,0.998474,542.114197,0.000013,0.001892,292.908051,0.999695,1.000491,-0.000010,1.000764,0.750000,0.750000,1.000000,0.000100000,0.000001113,0.065539,0.000000,0.000000,0.003164,0.000131,-0.001403,0.749503,0.000000
167.699997,0.998484,542.115479,0.000013,0.001887,292.908173,0.999695,1.000491,-0.000010,1.000917,0.750000,0.750000,1.000000,0.000100000,0.000001113,0.065539,0.000000,0.000000,0.003159,0.000131,-0.001403,0.749505,0.000000
167.800003,0.998493,542.116821,0.000013,0.001882,292.908264,0.999695,1.000491,-0.000010,1.000918,0.750000,0.750000,1.000000,0.000100000,0.000001113,0.065539,0.000000,0.000000,0.003154,0.000131,-0.001403,0.749506,0.000000
167.899994,0.998501,542.118103,0.000013,0.001877,292.908386,0.999695,1.000491,-0.000010,1.000764,0.750000,0.750000,1.000000,0.000100000,0.000001113,0.065540,0.000000,0.000000,0.003150,0.000131,-0.001403,0.749507,0.000000
168.000000,0.998511,542.119385,0.000013,0.001872,292.908508,0.999695,1.000491,-0.000010,1.000916,0.750000,0.750000,1.000000,0.000100000,0.000001113,0.065540,0.000000,0.000000,0.003145,0.000131,-0.001403,0.749508,0.000000
168.099991,0.998518,542.120728,0.000013,0.001868,292.908600,0.999695,1.000491,-0.000010,1.000765,0.750000,0.750000,1.000000,0.000100000,0.000001113,0.065540,0.000000,0.000000,0.003140,0.000131,-0.001403,0.749510,0.000000
168.199997,0.998529,542.122009,0.000013,0.001863,292.908722,0.999695,1.000491,-0.000010,1.000914,0.750000,0.750000,1.000000,0.000100000,0.000001113,0.065540,0.000000,0.000000,0.003136,0.000130,-0.001403,0.749511,0.000000
168.300003,0.998535,542.123352,0.000013,0.001858,292.908844,0.999695,1.000491,-0.000010,1.000917,0.750000,0.750000,1.000000,0.000100000,0.000001113,0.065541,0.000000,0.000000,0.003131,0.000130,-0.001403,0.749512,0.000000
168.399994,0.998544,542.124634,0.000013,0.001853,292.908936,0.999695,1.000491,-0.000010,1.000764,0.750000,0.750000,1.000000,0.000100000,0.000001113,0.065541,0.000000,0.000000,0.003126,0.000130,-0.001403,0.749514,0.000000
168.500000,0.998552,542.125977,0.000013,0.001848,292.909058,0.999695,1.000491,-0.000010,1.000917,0.750000,0.750000,1.000000,0.000100000,0.000001113,0.065541,0.000000,0.000000,0.003122,0.000130,-0.001403,0.749515,0.000000
168.599991,0.998559,542.127319,0.000013,0.001843,292.909180,0.999695,1.000491,-0.000010,1.000765,0.750000,0.750000,1.000000,0.000100000,0.000001113,0.065542,0.000000,0.000000,0.003117,0.000130,-0.001403,0.749516,0.000000
168.699997,0.998569,542.128601,0.000013,0.001838,292.909302,0.999695,1.000491,-0.000010,1.000917,0.750000,0.750000,1.000000,0.000100000,0.000001113,0.065542,0.000000,0.000000,0.003112,0.000130,-0.001403,0.749517,0.000000
168.800003,0.998575,542.129944,0.000013,0.001833,292.909424,0.999695,1.000491,-0.000010,1.000917,0.750000,0.750000,1.000000,0.000100000,0.000001113,0.065542,0.000000,0.000000,0.003107,0.000129,-0.001403,0.749519,0.000000
168.899994,0.998585,542.131287,0.000013,0.001829,292.909515,0.999695,1.000491,-0.000010,1.000765,0.750000,0.750000,1.000000,0.000100000,0.000001113,0.065543,0.000000,0.000000,0.003103,0.000129,-0.001403,0.749520,0.000000
169.000000,0.998590,542.132629,0.000013,0.001824,292.909637,0.999695,1.000491,-0.000010,1.000917,0.750000,0.750000,1.000000,0.000100000,0.000001113,0.065543,0.000000,0.000000,0.003098,0.000129,-0.001403,0.749521,0.000000
169.099991,0.998599,542.133972,0.000013,0.001819,292.909760,0.999695,1.000491,-0.000010,1.000761,0.750000,0.750000,1.000000,0.000100000,0.000001113,0.065543,0.000000,0.000000,0.003093,0.000129,-0.001403,0.749523,0.000000
169.199997,0.998605,542.135315,0.000013,0.001814,292.909882,0.999695,1.000491,-0.000010,1.000917,0.750000,0.750000,1.000000,0.000100000,0.000001113,0.065543,0.000000,0.000000,0.003088,0.000129,-0.001403,0.749524,0.000000
169.300003,0.998612,542.136658,0.000013,0.001809,292.910004,0.999695,1.000491,-0.000010,1.000917,0.750000,0.750000,1.000000,0.000100000,0.000001113,0.065544,0.000000,0.000000,0.003083,0.000129,-0.001403,0.749525,0.000000
169.399994,0.998619,542.138000,0.000013,0.001804,292.910126,0.999695,1.000491,-0.000010,1.000764,0.750000,0.750000,1.000000,0.000100000,0.000001113,0.065544,0.000000,0.000000,0.003079,0.000128,-0.001403,0.749527,0.000000
169.500000,0.998627,542.139343,0.000013,0.001799,292.910248,0.999695,1.000491,-0.000010,1.000917,0.750000,0.750000,1.000000,0.000100000,0.000001113,0.065544,0.000000,0.000000,0.003074,0.000128,-0.001403,0.749528,0.000000
169.599991,0.998634,542.140686,0.000013,0.001794,292.910370,0.999695,1.000491,-0.000010,1.000765,0.750000,0.750000,1.000000,0.000100000,0.000001113,0.065545,0.000000,0.000000,0.003069,0.000128,-0.001403,0.749529,0.000000
169.699997,0.998639,542.142029,0.000013,0.001789,292.910492,0.999695,1.000491,-0.000010,1.000917,0.750000,0.750000,1.000000,0.000100000,0.000001113,0.065545,0.000000,0.000000,0.003064,0.000128,-0.001403,0.749530,0.000000
169.800003,0.998648,542.143372,0.000012,0.001784,292.910614,0.999695,1.000491,-0.000010,1.000917,0.750000,0.750000,1.000000,0.000100000,0.000001113,0.065545,0.000000,0.000000,0.003059,0.000128,-0.001403,0.749532,0.000000
169.899994,0.998653,542.144714,0.000012,0.001779,292.910736,0.999695,1.000491,-0.000010,1.000765,0.750000,0.750000,1.000000,0.000100000,0.000001113,0.065546,0.000000,0.000000,0.003055,0.000128,-0.001403,0.749533,0.000000
170.000000,0.998660,542.146057,0.000012,0.001774,292.910858,0.999695,1.000491,-0.000010,1.000913,0.750000,0.750000,1.000000,0.000100000,0.000001113,0.065546,0.000000,0.000000,0.003050,0.000127,-0.001403,0.749534,0.000000
170.099991,0.998665,542.147400,0.000012,0.001769,292.910980,0.999695,1.000491,-0.000010,1.000764,0.750000,0.750000,1.000000,0.000100000,0.000001113,0.065546,0.000000,0.000000,0.003045,0.000127,-0.001403,0.749536,0.000000
170.199997,0.998673,542.148743,0.000012,0.001764,292.911102,0.999695,1.000491,-0.000010,1.000918,0.750000,0.750000,1.000000,0.000100000,0.000001113,0.065546,0.000000,0.000000,0.003040,0.000127,-0.001403,0.749537,0.000000
170.300003,0.998677,542.150146,0.000012,0.001759,292.911224,0.999695,1.000491,-0.000010,1.000917,0.750000,0.750000,1.000000,0.000100000,0.000001113,0.065547,0.000000,0.000000,0.003035,0.000127,-0.001403,0.749538,0.000000
170.399994,0.998684,542.151489,0.000012,0.001754,292.911377,0.999695,1.000491,-0.000010,1.000764,0.750000,0.750000,1.000000,0.000100000,0.000001113,0.065547,0.000000,0.000000,0.003030,0.000127,-0.001403,0.749540,0.000000
170.500000,0.998689,542.152832,0.000012,0.001749,292.911499,0.999695,1.000491,-0.000010,1.000918,0.750000,0.750000,1.000000,0.000100000,0.000001113,0.065547,0.000000,0.000000,0.003026,0.000126,-0.001403,0.749541,0.000000
170.599991,0.998696,542.154175,0.000012,0.001744,292.911621,0.999695,1.000491,-0.000010,1.000764,0.750000,0.750000,1.000000,0.000100000,0.000001113,0.065548,0.000000,0.000000,0.003021,0.000126,-0.001403,0.749542,0.000000
170.699997,0.998701,542.155579,0.000012,0.001738,292.911743,0.999695,1.000491,-0.000010,1.000917,0.750000,0.750000,1.000000,0.000100000,0.000001113,0.065548,0.000000,0.000000,0.003016,0.000126,-0.001404,0.749544,0.000000
170.800003,0.998707,542.156921,0.000012,0.001733,292.911865,0.999695,1.000491,-0.000010,1.000917,0.750000,0.750000,1.000000,0.000100000,0.000001113,0.065548,0.000000,0.000000,0.003011,0.000126,-0.001404,0.749545,0.000000
170.899994,0.998711,542.158264,0.000012,0.001728,292.911987,0.999695,1.000491,-0.000010,1.000761,0.750000,0.750000,1.000000,0.000100000,0.000001113,0.065548,0.000000,0.000000,0.003006,0.000126,-0.001404,0.749546,0.000000
171.000000,0.998718,542.159668,0.000012,0.001723,292.912140,0.999695,1.000491,-0.000010,1.000917,0.750000,0.750000,1.000000,0.000100000,0.000001113,0.065549,0.000000,0.000000,0.003001,0.000126,-0.001404,0.749548,0.000000
171.099991,0.998721,542.161011,0.000012,0.001718,292.912262,0.999695,1.000491,-0.000010,1.000765,0.750000,0.750000,1.000000,0.000100000,0.000001113,0.065549,0.000000,0.000000,0.002996,0.000125,-0.001404,0.749549,0.000000
171.199997,0.998728,542.162354,0.000012,0.001713,292.912384,0.999695,1.000491,-0.000010,1.000917,0.750000,0.750000,1.000000,0.000100000,0.000001113,0.065549,0.000000,0.000000,0.002992,0.000125,-0.001404,0.749550,0.000000
171.300003,0.998732,542.163696,0.000012,0.001708,292.912506,0.999695,1.000491,-0.000010,1.000917,0.750000,0.750000,1.000000,0.000100000,0.000001113,0.065550,0.000000,0.000000,0.002987,0.000125,-0.001404,0.749552,0.000000
171.399994,0.998737,542.165100,0.000012,0.001703,292.912628,0.999695,1.000491,-0.000010,1.000765,0.750000,0.750000,1.000000,0.000100000,0.000001113,0.065550,0.000000,0.000000,0.002982,0.000125,-0.001404,0.749553,0.000000
171.500000,0.998742,542.166443,0.000012,0.001698,292.912781,0.999695,1.000491,-0.000010,1.000918,0.750000,0.750000,1.000000,0.000100000,0.000001113,0.065550,0.000000,0.000000,0.002977,0.000125,-0.001404,0.749554,0.000000
171.599991,0.998747,542.167786,0.000012,0.001693,292.912903,0.999695,1.000491,-0.000010,1.000764,0.750000,0.750000,1.000000,0.000100000,0.000001113,0.065550,0.000000,0.000000,0.002972,0.000124,-0.001404,0.749556,0.000000
171.699997,0.998751,542.169189,0.000012,0.001688,292.913025,0.999695,1.000491,-0.000010,1.000918,0.750000,0.750000,1.000000,0.000100000,0.000001113,0.065551,0.000000,0.000000,0.002967,0.000124,-0.001404,0.749557,0.000000
171.800003,0.998756,542.170532,0.000012,0.001683,292.913178,0.999695,1.000491,-0.000010,1.000914,0.750000,0.750000,1.000000,0.000100000,0.000001113,0.065551,0.000000,0.000000,0.002962,0.000124,-0.001404,0.749558,0.000000
171.899994,0.998761,542.171875,0.000012,0.001678,292.913300,0.999695,1.000491,-0.000010,1.000763,0.750000,0.750000,1.000000,0.000100000,0.000001113,0.065551,0.000000,0.000000,0.002958,0.000124,-0.001404,0.749560,0.000000
172.000000,0.998764,542.173218,0.000012,0.001673,292.913422,0.999695,1.000491,-0.000010,1.000918,0.750000,0.750000,1.000000,0.000100000,0.000001113,0.065552,0.000000,0.000000,0.002953,0.000124,-0.001404,0.749561,0.000000
172.099991,0.998769,542.174622,0.000012,0.001668,292.913544,0.999695,1.000491,-0.000010,1.000764,0.750000,0.750000,1.000000,0.000100000,0.000001113,0.065552,0.000000,0.000000,0.002948,0.000124,-0.001404,0.749562,0.000000
172.199997,0.998773,542.175964,0.000012,0.001663,292.913696,0.999695,1.000491,-0.000010,1.000917,0.750000,0.750000,1.000000,0.000100000,0.000001113,0.065552,0.000000,0.000000,0.002943,0.000123,-0.001404,0.749564,0.000000
172.300003,0.998778,542.177307,0.000012,0.001658,292.913818,0.999695,1.000491,-0.000010,1.000918,0.750000,0.750000,1.000000,0.000100000,0.000001113,0.065552,0.000000,0.000000,0.002938,0.000123,-0.001404,0.749565,0.000000
172.399994,0.998781,542.178650,0.000012,0.001653,292.913940,0.999695,1.000491,-0.000010,1.000764,0.750000,0.750000,1.000000,0.000100000,0.000001113,0.065553,0.000000,0.000000,0.002933,0.000123,-0.001404,0.749566,0.000000
172.500000,0.998786,542.180054,0.000012,0.001647,292.914093,0.999695,1.000491,-0.000010,1.000917,0.750000,0.750000,1.000000,0.000100000,0.000001113,0.065553,0.000000,0.000000,0.002928,0.000123,-0.001404,0.749568,0.000000
172.599991,0.998788,542.181396,0.000011,0.001643,292.914215,0.999695,1.000491,-0.000010,1.000765,0.750000,0.750000,1.000000,0.000100000,0.000001113,0.065553,0.000000,0.000000,0.002924,0.000123,-0.001404,0.749569,0.000000
172.699997,0.998793,542.182739,0.000011,0.001638,292.914337,0.999695,1.000491,-0.000010,1.000914,0.750000,0.750000,1.000000,0.000100000,0.000001113,0.065554,0.000000,0.000000,0.002919,0.000122,-0.001404,0.749570,0.000000
172.800003,0.998796,542.184082,0.000011,0.001633,292.914490,0.999695,1.000491,-0.000010,1.000917,0.750000,0.750000,1.000000,0.000100000,0.000001113,0.065554,0.000000,0.000000,0.002914,0.000122,-0.001404,0.749571,0.000000
172.899994,0.998800,542.185425,0.000011,0.001628,292.914612,0.999695,1.000491,-0.000010,1.000764,0.750000,0.750000,1.000000,0.000100000,0.000001113,0.065554,0.000000,0.000000,0.002909,0.000122,-0.001404,0.749573,0.000000
173.000000,0.998803,542.186768,0.000011,0.001623,292.914734,0.999695,1.000491,-0.000010,1.000917,0.750000,0.750000,1.000000,0.000100000,0.000001113,0.065554,0.000000,0.000000,0.002904,0.000122,-0.001404,0.749574,0.000000
173.099991,0.998807,542.188110,0.000011,0.001618,292.914887,0.999695,1.000491,-0.000010,1.000764,0.750000,0.750000,1.000000,0.000100000,0.000001113,0.065555,0.000000,0.000000,0.002900,0.000122,-0.001404,0.749575,0.000000
173.199997,0.998810,542.189453,0.000011,0.001613,292.915009,0.999695,1.000491,-0.000010,1.000917,0.750000,0.750000,1.000000,0.000100000,0.000001113,0.065555,0.000000,0.000000,0.002895,0.000121,-0.001404,0.749577,0.000000
173.300003,0.998814,542.190796,0.000011,0.001608,292.915131,0.999695,1.000491,-0.000010,1.000917,0.750000,0.750000,1.000000,0.000100000,0.000001113,0.065555,0.000000,0.000000,0.002890,0.000121,-0.001404,0.749578,0.000000
173.399994,0.998817,542.192139,0.000011,0.001603,292.915283,0.999695,1.000491,-0.000010,1.000763,0.750000,0.750000,1.000000,0.000100000,0.000001113,0.065555,0.000000,0.000000,0.002885,0.000121,-0.001404,0.749579,0.000000
173.500000,0.998819,542.193481,0.000011,0.001598,292.915405,0.999695,1.000491,-0.000010,1.000918,0.750000,0.750000,1.000000,0.000100000,0.000001113,0.065556,0.000000,0.000000,0.002880,0.000121,-0.001404,0.749581,0.000000
173.599991,0.998822,542.194824,0.000011,0.001593,292.915558,0.999695,1.000491,-0.000010,1.000761,0.750000,0.750000,1.000000,0.000100000,0.000001113,0.065556,0.000000,0.000000,0.002876,0.000121,-0.001404,0.749582,0.000000
173.699997,0.998826,542.196167,0.000011,0.001588,292.915680,0.999695,1.000491,-0.000010,1.000917,0.750000,0.750000,1.000000,0.000100000,0.000001113,0.065556,0.000000,0.000000,0.002871,0.000120,-0.001404,0.749583,0.000000
173.800003,0.998829,542.197510,0.000011,0.001583,292.915802,0.999695,1.000491,-0.000010,1.000917,0.750000,0.750000,1.000000,0.000100000,0.000001113,0.065557,0.000000,0.000000,0.002866,0.000120,-0.001404,0.749585,0.000000
173.899994,0.998831,542.198853,0.000011,0.001578,292.915955,0.999695,1.000491,-0.000010,1.000764,0.750000,0.750000,1.000000,0.000100000,0.000001113,0.065557,0.000000,0.000000,0.002861,0.000120,-0.001404,0.749586,0.000000
174.000000,0.998834,542.200195,0.000011,0.001573,292.916077,0.999695,1.000491,-0.000010,1.000917,0.750000,0.750000,1.000000,0.000100000,0.000001113,0.065557,0.000000,0.000000,0.002856,0.000120,-0.001404,0.749587,0.000000
174.099991,0.998836,542.201538,0.000011,0.001568,292.916199,0.999695,1.000491,-0.000010,1.000764,0.750000,0.750000,1.000000,0.000100000,0.000001113,0.065557,0.000000,0.000000,0.002852,0.000120,-0.001404,0.749588,0.000000
174.199997,0.998839,542.202820,0.000011,0.001563,292.916351,0.999695,1.000491,-0.000010,1.000917,0.750000,0.750000,1.000000,0.000100000,0.000001113,0.065558,0.000000,0.000000,0.002847,0.000119,-0.001404,0.749590,0.000000
174.300003,0.998841,542.204163,0.000011,0.001558,292.916473,0.999695,1.000491,-0.000010,1.000917,0.750000,0.750000,1.000000,0.000100000,0.000001113,0.065558,0.000000,0.000000,0.002842,0.000119,-0.001404,0.749591,0.000000
174.399994,0.998844,542.205505,0.000011,0.001553,292.916626,0.999695,1.000491,-0.000010,1.000764,0.750000,0.750000,1.000000,0.000100000,0.000001113,0.065558,0.000000,0.000000,0.002837,0.000119,-0.001404,0.749592,0.000000
174.500000,0.998846,542.206848,0.000011,0.001548,292.916748,0.999695,1.000491,-0.000010,1.000914,0.750000,0.750000,1.000000,0.000100000,0.000001113,0.065558,0.000000,0.000000,0.002833,0.000119,-0.001404,0.749594,0.000000
174.599991,0.998848,542.208130,0.000011,0.001543,292.916870,0.999695,1.000491,-0.000010,1.000764,0.750000,0.750000,1.000000,0.000100000,0.000001113,0.065559,0.000000,0.000000,0.002828,0.000119,-0.001404,0.749595,0.000000
174.699997,0.998851,542.209473,0.000011,0.001538,292.917023,0.999695,1.000491,-0.000010,1.000918,0.750000,0.750000,1.000000,0.000100000,0.000001113,0.065559,0.000000,0.000000,0.002823,0.000119,-0.001404,0.749596,0.000000
174.800003,0.998853,542.210754,0.000011,0.001533,292.917145,0.999695,1.000491,-0.000010,1.000916,0.750000,0.750000,1.000000,0.000100000,0.000001113,0.065559,0.000000,0.000000,0.002819,0.000118,-0.001404,0.749597,0.000000
174.899994,0.998856,542.212097,0.000011,0.001529,292.917267,0.999695,1.000491,-0.000010,1.000765,0.750000,0.750000,1.000000,0.000100000,0.000001113,0.065559,0.000000,0.000000,0.002814,0.000118,-0.001404,0.749599,0.000000
175.000000,0.998856,542.213379,0.000011,0.001524,292.917419,0.999695,1.000491,-0.000010,1.000917,0.750000,0.750000,1.000000,0.000100000,0.000001113,0.065560,0.000000,0.000000,0.002809,0.000118,-0.001404,0.749600,0.000000
175.099991,0.998859,542.214722,0.000011,0.001519,292.917542,0.999695,1.000491,-0.000010,1.000764,0.750000,0.750000,1.000000,0.000100000,0.000001113,0.065560,0.000000,0.000000,0.002805,0.000118,-0.001404,0.749601,0.000000
175.199997,0.998862,542.216003,0.000011,0.001514,292.917694,0.999695,1.000491,-0.000010,1.000917,0.750000,0.750000,1.000000,0.000100000,0.000001113,0.065560,0.000000,0.000000,0.002800,0.000118,-0.001404,0.749603,0.000000
175.300003,0.998862,542.217285,0.000011,0.001509,292.917816,0.999695,1.000491,-0.000010,1.000917,0.750000,0.750000,1.000000,0.000100000,0.000001113,0.065560,0.000000,0.000000,0.002795,0.000117,-0.001404,0.749604,0.000000
175.399994,0.998865,542.218628,0.000011,0.001504,292.917938,0.999695,1.000491,-0.000010,1.000761,0.750000,0.750000,1.000000,0.000100000,0.000001113,0.065561,0.000000,0.000000,0.002791,0.000117,-0.001404,0.749605,0.000000
175.500000,0.998867,542.219910,0.000010,0.001499,292.918091,0.999695,1.000491,-0.000010,1.000917,0.750000,0.750000,1.000000,0.000100000,0.000001113,0.065561,0.000000,0.000000,0.002786,0.000117,-0.001404,0.749606,0.000000
175.599991,0.998868,542.221191,0.000010,0.001495,292.918213,0.999695,1.000491,-0.000010,1.000764,0.750000,0.750000,1.000000,0.000100000,0.000001113,0.065561,0.000000,0.000000,0.002781,0.000117,-0.001404,0.749608,0.000000
175.699997,0.998870,542.222473,0.000010,0.001490,292.918335,0.999695,1.000491,-0.000010,1.000918,0.750000,0.750000,1.000000,0.000100000,0.000001113,0.065561,0.000000,0.000000,0.002777,0.000117,-0.001404,0.749609,0.000000
175.800003,0.998870,542.223755,0.000010,0.001485,292.918488,0.999695,1.000491,-0.000010,1.000916,0.750000,0.750000,1.000000,0.000100000,0.000001113,0.065562,0.000000,0.000000,0.002772,0.000116,-0.001404,0.749610,0.000000
175.899994,0.998872,542.225037,0.000010,0.001480,292.918610,0.999695,1.000491,-0.000010,1.000764,0.750000,0.750000,1.000000,0.000100000,0.000001113,0.065562,0.000000,0.000000,0.002768,0.000116,-0.001404,0.749611,0.000000
176.000000,0.998874,542.226318,0.000010,0.001476,292.918732,0.999695,1.000491,-0.000010,1.000917,0.750000,0.750000,1.000000,0.000100000,0.000001113,0.065562,0.000000,0.000000,0.002763,0.000116,-0.001404,0.749613,0.000000
176.099991,0.998875,542.227600,0.000010,0.001471,292.918884,0.999695,1.000491,-0.000010,1.000764,0.750000,0.750000,1.000000,0.000100000,0.000001113,0.065562,0.000000,0.000000,0.002759,0.000116,-0.001404,0.749614,0.000000
176.199997,0.998877,542.228882,0.000010,0.001466,292.919006,0.999694,1.000491,-0.000010,1.000917,0.750000,0.750000,1.000000,0.000100000,0.000001113,0.065563,0.000000,0.000000,0.002754,0.000116,-0.001404,0.749615,0.000000
176.300003,0.998877,542.230164,0.000010,0.001461,292.919128,0.999694,1.000491,-0.000010,1.000914,0.750000,0.750000,1.000000,0.000100000,0.000001113,0.065563,0.000000,0.000000,0.002749,0.000116,-0.001404,0.749616,0.000000
176.399994,0.998879,542.231445,0.000010,0.001457,292.919281,0.999694,1.000491,-0.000010,1.000764,0.750000,0.750000,1.000000,0.000100000,0.000001113,0.065563,0.000000,0.000000,0.002745,0.000115,-0.001404,0.749618,0.000000
176.500000,0.998880,542.232727,0.000010,0.001452,292.919403,0.999694,1.000491,-0.000010,1.000917,0.750000,0.750000,1.000000,0.000100000,0.000001113,0.065563,0.000000,0.000000,0.002740,0.000115,-0.001404,0.749619,0.000000
176.599991,0.998880,542.233948,0.000010,0.001447,292.919525,0.999694,1.000491,-0.000010,1.000764,0.750000,0.750000,1.000000,0.000100000,0.000001113,0.065564,0.000000,0.000000,0.002736,0.000115,-0.001404,0.749620,0.000000
176.699997,0.998882,542.235230,0.000010,0.001443,292.919678,0.999694,1.000491,-0.000010,1.000917,0.750000,0.750000,1.000000,0.000100000,0.000001113,0.065564,0.000000,0.000000,0.002731,0.000115,-0.001403,0.749621,0.000000
176.800003,0.998884,542.236450,0.000010,0.001438,292.919800,0.999694,1.000491,-0.000010,1.000917,0.750000,0.750000,1.000000,0.000100000,0.000001113,0.065564,0.000000,0.000000,0.002727,0.000115,-0.001403,0.749622,0.000000
176.899994,0.998884,542.237732,0.000010,0.001434,292.919922,0.999694,1.000491,-0.000010,1.000764,0.750000,0.750000,1.000000,0.000100000,0.000001113,0.065564,0.000000,0.000000,0.002722,0.000114,-0.001403,0.749624,0.000000
177.000000,0.998886,542.238953,0.000010,0.001429,292.920044,0.999694,1.000491,-0.000010,1.000917,0.750000,0.750000,1.000000,0.000100000,0.000001113,0.065565,0.000000,0.000000,0.002718,0.000114,-0.001403,0.749625,0.000000
177.099991,0.998886,542.240234,0.000010,0.001424,292.920197,0.999694,1.000491,-0.000010,1.000765,0.750000,0.750000,1.000000,0.000100000,0.000001113,0.065565,0.000000,0.000000,0.002713,0.000114,-0.001403,0.749626,0.000000
177.199997,0.998887,542.241455,0.000010,0.001420,292.920319,0.999694,1.000491,-0.000010,1.000914,0.750000,0.750000,1.000000,0.000100000,0.000001113,0.065565,0.000000,0.000000,0.002709,0.000114,-0.001403,0.749627,0.000000
177.300003,0.998887,542.242737,0.000010,0.001415,292.920441,0.999694,1.000491,-0.000010,1.000917,0.750000,0.750000,1.000000,0.000100000,0.000001113,0.065565,0.000000,0.000000,0.002705,0.000114,-0.001403,0.749629,0.000000
177.399994,0.998887,542.243958,0.000010,0.001410,292.920593,0.999694,1.000491,-0.000010,1.000765,0.750000,0.750000,1.000000,0.000100000,0.000001113,0.065566,0.000000,0.000000,0.002700,0.000113,-0.001403,0.749630,0.000000
177.500000,0.998889,542.245178,0.000010,0.001406,292.920715,0.999694,1.000491,-0.000010,1.000917,0.750000,0.750000,1.000000,0.000100000,0.000001113,0.065566,0.000000,0.000000,0.002696,0.000113,-0.001403,0.749631,0.000000
177.599991,0.998889,542.246399,0.000010,0.001401,292.920837,0.999694,1.000491,-0.000010,1.000764,0.750000,0.750000,1.000000,0.000100000,0.000001113,0.065566,0.000000,0.000000,0.002691,0.000113,-0.001403,0.749632,0.000000
177.699997,0.998889,542.247620,0.000010,0.001397,292.920960,0.999694,1.000491,-0.000010,1.000917,0.750000,0.750000,1.000000,0.000100000,0.000001113,0.065566,0.000000,0.000000,0.002687,0.000113,-0.001403,0.749633,0.000000
177.800003,0.998891,542.248840,0.000010,0.001392,292.921112,0.999694,1.000491,-0.000010,1.000917,0.750000,0.750000,1.000000,0.000100000,0.000001113,0.065567,0.000000,0.000000,0.002683,0.000113,-0.001403,0.749635,0.000000
177.899994,0.998891,542.250061,0.000010,0.001388,292.921234,0.999694,1.000491,-0.000010,1.000764,0.750000,0.750000,1.000000,0.000100000,0.000001113,0.065567,0.000000,0.000000,0.002678,0.000113,-0.001403,0.749636,0.000000
178.000000,0.998891,542.251282,0.000010,0.001383,292.921356,0.999694,1.000491,-0.000010,1.000917,0.750000,0.750000,1.000000,0.000100000,0.000001113,0.065567,0.000000,0.000000,0.002674,0.000112,-0.001403,0.749637,0.000000
178.099991,0.998891,542.252502,0.000010,0.001379,292.921478,0.999694,1.000491,-0.000010,1.000761,0.750000,0.750000,1.000000,0.000100000,0.000001113,0.065567,0.000000,0.000000,0.002670,0.000112,-0.001403,0.749638,0.000000
178.199997,0.998891,542.253662,0.000010,0.001374,292.921600,0.999694,1.000491,-0.000010,1.000917,0.750000,0.750000,1.000000,0.000100000,0.000001113,0.065567,0.000000,0.000000,0.002665,0.000112,-0.001403,0.749639,0.000000
178.300003,0.998892,542.254883,0.000010,0.001370,292.921753,0.999694,1.000491,-0.000010,1.000918,0.750000,0.750000,1.000000,0.000100000,0.000001113,0.065568,0.000000,0.000000,0.002661,0.000112,-0.001403,0.749640,0.000000
178.399994,0.998892,542.256104,0.000010,0.001365,292.921875,0.999694,1.000491,-0.000010,1.000764,0.750000,0.750000,1.000000,0.000100000,0.000001113,0.065568,0.000000,0.000000,0.002657,0.000112,-0.001403,0.749642,0.000000
178.500000,0.998892,542.257263,0.000010,0.001361,292.921997,0.999694,1.000491,-0.000010,1.000917,0.750000,0.750000,1.000000,0.000100000,0.000001113,0.065568,0.000000,0.000000,0.002653,0.000111,-0.001403,0.749643,0.000000
178.599991,0.998892,542.258484,0.000009,0.001356,292.922119,0.999694,1.000491,-0.000010,1.000765,0.750000,0.750000,1.000000,0.000100000,0.000001113,0.065568,0.000000,0.000000,0.002648,0.000111,-0.001403,0.749644,0.000000
178.699997,0.998893,542.259644,0.000009,0.001352,292.922241,0.999694,1.000491,-0.000010,1.000916,0.750000,0.750000,1.000000,0.000100000,0.000001113,0.065569,0.000000,0.000000,0.002644,0.000111,-0.001403,0.749645,0.000000
178.800003,0.998892,542.260864,0.000009,0.001347,292.922363,0.999694,1.000491,-0.000010,1.000917,0.750000,0.750000,1.000000,0.000100000,0.000001113,0.065569,0.000000,0.000000,0.002640,0.000111,-0.001403,0.749646,0.000000
178.899994,0.998892,542.262024,0.000009,0.001343,292.922485,0.999694,1.000491,-0.000010,1.000765,0.750000,0.750000,1.000000,0.000100000,0.000001113,0.065569,0.000000,0.000000,0.002636,0.000111,-0.001403,0.749647,0.000000
179.000000,0.998892,542.263184,0.000009,0.001339,292.922638,0.999694,1.000491,-0.000010,1.000914,0.750000,0.750000,1.000000,0.000100000,0.000001113,0.065569,0.000000,0.000000,0.002631,0.000111,-0.001403,0.749649,0.000000
179.099991,0.998892,542.264343,0.000009,0.001334,292.922760,0.999694,1.000491,-0.000010,1.000764,0.750000,0.750000,1.000000,0.000100000,0.000001113,0.065570,0.000000,0.000000,0.002627,0.000110,-0.001403,0.749650,0.000000
179.199997,0.998892,542.265564,0.000009,0.001330,292.922882,0.999694,1.000491,-0.000010,1.000918,0.750000,0.750000,1.000000,0.000100000,0.000001113,0.065570,0.000000,0.000000,0.002623,0.000110,-0.001403,0.749651,0.000000
179.300003,0.998892,542.266724,0.000009,0.001326,292.923004,0.999694,1.000491,-0.000010,1.000916,0.750000,0.750000,1.000000,0.000100000,0.000001113,0.065570,0.000000,0.000000,0.002619,0.000110,-0.001403,0.749652,0.000000
179.399994,0.998892,542.267883,0.000009,0.001321,292.923126,0.999694,1.000491,-0.000010,1.000765,0.750000,0.750000,1.000000,0.000100000,0.000001113,0.065570,0.000000,0.000000,0.002615,0.000110,-0.001403,0.749653,0.000000
179.500000,0.998891,542.268982,0.000009,0.001317,292.923248,0.999694,1.000491,-0.000010,1.000918,0.750000,0.750000,1.000000,0.000100000,0.000001113,0.065570,0.000000,0.000000,0.002611,0.000110,-0.001403,0.749654,0.000000
179.599991,0.998891,542.270142,0.000009,0.001313,292.923370,0.999694,1.000491,-0.000010,1.000763,0.750000,0.750000,1.000000,0.000100000,0.000001113,0.065571,0.000000,0.000000,0.002607,0.000109,-0.001403,0.749655,0.000000
179.699997,0.998891,542.271301,0.000009,0.001309,292.923492,0.999694,1.000491,-0.000010,1.000918,0.750000,0.750000,1.000000,0.000100000,0.000001113,0.065571,0.000000,0.000000,0.002602,0.000109,-0.001403,0.749656,0.000000
179.800003,0.998891,542.272461,0.000009,0.001304,292.923615,0.999694,1.000491,-0.000010,1.000917,0.750000,0.750000,1.000000,0.000100000,0.000001113,0.065571,0.000000,0.000000,0.002598,0.000109,-0.001403,0.749658,0.000000
179.899994,0.998890,542.273560,0.000009,0.001300,292.923737,0.999694,1.000491,-0.000010,1.000761,0.750000,0.750000,1.000000,0.000100000,0.000001113,0.065571,0.000000,0.000000,0.002594,0.000109,-0.001403,0.749659,0.000000
180.000000,0.998889,542.274719,0.000009,0.001296,292.923859,0.999694,1.000491,-0.000010,1.000917,0.750000,0.750000,1.000000,0.000100000,0.000001113,0.065571,0.000000,0.000000,0.002590,0.000109,-0.001403,0.749660,0.000000
