0491,-0.000010,1.000914,0.750000,0.750000,1.000000,0.000100000,0.000001113,0.065619,0.000000,0.000000,0.001834,0.000075,-0.001404,0.749868,0.000000
228.599991,0.998617,542.486755,0.000004,0.000503,292.947845,0.999693,1.000491,-0.000010,1.000764,0.750000,0.750000,1.000000,0.000100000,0.000001113,0.065619,0.000000,0.000000,0.001833,0.000075,-0.001404,0.749868,0.000000
0.100000,1.000000,543.000000,0.000000,0.000000,293.000000,1.000000,1.000000,0.000000,1.000000,0.750000,0.750000,1.000000,0.000100000,0.000001114,0.066000,0.000000,0.000000,0.000000,0.000000,0.000000,0.750000,0.000000
0.200000,1.000000,543.000000,0.000000,0.000000,293.000000,1.000000,1.000000,0.000000,1.000862,0.750000,0.750000,1.000000,0.000100000,0.000001113,0.066000,0.000000,0.000000,0.000000,0.000000,0.000000,0.750000,0.000000
0.100000,1.000000,543.000000,0.000000,0.000000,293.000000,1.000000,1.000000,0.000000,1.000000,0.750000,0.750000,1.000000,0.000100000,0.000001114,0.066000,0.000000,0.000000,0.000000,0.000000,0.000000,0.750000,0.000000
0.200000,1.000000,543.000000,0.000000,0.000000,293.000000,1.000000,1.000000,0.000000,1.000856,0.750000,0.750000,1.000000,0.000100000,0.000001113,0.066000,0.000000,0.000000,0.000000,0.000000,0.000000,0.750000,0.000000
0.300000,1.000000,543.000000,0.000000,0.000000,293.000000,1.000000,1.000000,0.000000,1.000856,0.750000,0.750000,1.000000,0.000100000,0.000001113,0.066000,0.000000,0.000000,0.000000,0.000000,0.000000,0.750000,0.000000
0.400000,1.000000,543.000000,0.000000,0.000000,293.000000,1.000000,1.000000,0.000000,1.000856,0.750000,0.750000,1.000000,0.000100000,0.000001113,0.066000,0.000000,0.000000,0.000000,0.000000,0.000000,0.750000,0.000000
0.500000,1.000000,543.000000,0.000000,0.000000,293.000000,1.000000,1.000000,0.000000,1.000863,0.750000,0.750000,1.000000,0.000100000,0.000001113,0.066000,0.000000,0.000000,0.000000,0.000000,0.000000,0.750000,0.000000
0.600000,1.000000,543.000000,0.000000,0.000000,293.000000,1.000000,1.000000,0.000000,1.000856,0.750000,0.750000,1.000000,0.000100000,0.000001113,0.066000,0.000000,0.000000,0.000000,0.000000,0.000000,0.750000,0.000000
0.700000,1.000000,543.000000,0.000000,0.000000,293.000000,1.000000,1.000000,0.000000,1.000856,0.750000,0.750000,1.000000,0.000100000,0.000001113,0.066000,0.000000,0.000000,0.000000,0.000000,0.000000,0.750000,0.000000
0.800000,1.000000,543.000000,0.000000,0.000000,293.000000,1.000000,1.000000,0.000000,1.000855,0.750000,0.750000,1.000000,0.000100000,0.000001113,0.066000,0.000000,0.000000,0.000000,0.000000,0.000000,0.750000,0.000000
0.900000,1.000000,543.000000,0.000000,0.000000,293.000000,1.000000,1.000000,0.000000,1.000857,0.750000,0.750000,1.000000,0.000100000,0.000001113,0.066000,0.000000,0.000000,0.000000,0.000000,0.000000,0.750000,0.000000
1.000000,1.000000,543.000000,0.000000,0.000000,293.000000,1.000000,1.000000,0.000000,1.000856,0.750000,0.750000,1.000000,0.000100000,0.000001113,0.066000,0.000000,0.000000,0.000000,0.000000,0.000000,0.750000,0.000000
1.100000,1.000000,543.000000,0.000000,0.000000,293.000000,1.000000,1.000000,0.000000,1.000856,0.750000,0.750000,1.000000,0.000100000,0.000001113,0.066000,0.000000,0.000000,0.000000,0.000000,0.000000,0.750000,0.000000
1.200000,1.000000,543.000000,0.000000,0.000000,293.000000,1.000000,1.000000,0.000000,1.000856,0.750000,0.750000,1.000000,0.000100000,0.000001113,0.066000,0.000000,0.000000,0.000000,0.000000,0.000000,0.750000,0.000000
1.300000,1.000000,543.000000,0.000000,0.000000,293.000000,1.000000,1.000000,0.000000,1.000863,0.750000,0.750000,1.000000,0.000100000,0.000001113,0.066000,0.000000,0.000000,0.000000,0.000000,0.000000,0.750000,0.000000
1.400000,1.000000,543.000000,0.000000,0.000000,293.000000,1.000000,1.000000,0.000000,1.000857,0.750000,0.750000,1.000000,0.000100000,0.000001113,0.066000,0.000000,0.000000,0.000000,0.000000,0.000000,0.750000,0.000000
1.500000,1.000000,543.000000,0.000000,0.000000,293.000000,1.000000,1.000000,0.000000,1.000856,0.750000,0.750000,1.000000,0.000100000,0.000001113,0.066000,0.000000,0.000000,0.000000,0.000000,0.000000,0.750000,0.000000
1.600000,1.000000,543.000000,0.000000,0.000000,293.000000,1.000000,1.000000,0.000000,1.000855,0.750000,0.750000,1.000000,0.000100000,0.000001113,0.066000,0.000000,0.000000,0.000000,0.000000,0.000000,0.750000,0.000000
1.700000,1.000000,543.000000,0.000000,0.000000,293.000000,1.000000,1.000000,0.000000,1.000856,0.750000,0.750000,1.000000,0.000100000,0.000001113,0.066000,0.000000,0.000000,0.000000,0.000000,0.000000,0.750000,0.000000
1.800000,1.000000,543.000000,0.000000,0.000000,293.000000,1.000000,1.000000,0.000000,1.000857,0.750000,0.750000,1.000000,0.000100000,0.000001113,0.066000,0.000000,0.000000,0.000000,0.000000,0.000000,0.750000,0.000000
1.900000,1.000000,543.000000,0.000000,0.000000,293.000000,1.000000,1.000000,0.000000,1.000856,0.750000,0.750000,1.000000,0.000100000,0.000001113,0.066000,0.000000,0.000000,0.000000,0.000000,0.000000,0.750000,0.000000
2.000000,1.000000,543.000000,0.000000,0.000000,293.000000,1.000000,1.000000,0.000000,1.000855,0.750000,0.750000,1.000000,0.000100000,0.000001113,0.066000,0.000000,0.000000,0.000000,0.000000,0.000000,0.750000,0.000000
2.100000,1.000000,543.000000,0.000000,0.000000,293.000000,1.000000,1.000000,0.000000,1.000862,0.750000,0.750000,1.000000,0.000100000,0.000001113,0.066000,0.000000,0.000000,0.000000,0.000000,0.000000,0.750000,0.000000
2.200000,1.000000,543.000000,0.000000,0.000000,293.000000,1.000000,1.000000,0.000000,1.000857,0.750000,0.750000,1.000000,0.000100000,0.000001113,0.066000,0.000000,0.000000,0.000000,0.000000,0.000000,0.750000,0.000000
2.300000,1.000000,543.000000,0.000000,0.000000,293.000000,1.000000,1.000000,0.000000,1.000855,0.750000,0.750000,1.000000,0.000100000,0.000001113,0.066000,0.000000,0.000000,0.000000,0.000000,0.000000,0.750000,0.000000
2.400000,1.000000,543.000000,0.000000,0.000000,293.000000,1.000000,1.000000,0.000000,1.000855,0.750000,0.750000,1.000000,0.000100000,0.000001113,0.066000,0.000000,0.000000,0.000000,0.000000,0.000000,0.750000,0.000000
2.500000,1.000000,543.000000,0.000000,0.000000,293.000000,1.000000,1.000000,0.000000,1.000858,0.750000,0.750000,1.000000,0.000100000,0.000001113,0.066000,0.000000,0.000000,0.000000,0.000000,0.000000,0.750000,0.000000
2.600000,1.000000,543.000000,0.000000,0.000000,293.000000,1.000000,1.000000,0.000000,1.000855,0.750000,0.750000,1.000000,0.000100000,0.000001113,0.066000,0.000000,0.000000,0.000000,0.000000,0.000000,0.750000,0.000000
2.700000,1.000000,543.000000,0.000000,0.000000,293.000000,1.000000,1.000000,0.000000,1.000857,0.750000,0.750000,1.000000,0.000100000,0.000001113,0.066000,0.000000,0.000000,0.000000,0.000000,0.000000,0.750000,0.000000
2.800000,1.000000,543.000000,0.000000,0.000000,293.000000,1.000000,1.000000,0.000000,1.000856,0.750000,0.750000,1.000000,0.000100000,0.000001113,0.066000,0.000000,0.000000,0.000000,0.000000,0.000000,0.750000,0.000000
2.900000,1.000000,543.000000,0.000000,0.000000,293.000000,1.000000,1.000000,0.000000,1.000861,0.750000,0.750000,1.000000,0.000100000,0.000001113,0.066000,0.000000,0.000000,0.000000,0.000000,0.000000,0.750000,0.000000
3.000000,1.000000,543.000000,0.000000,0.000000,293.000000,1.000000,1.000000,0.000000,1.000857,0.750000,0.750000,1.000000,0.000100000,0.000001113,0.066000,0.000000,0.000000,0.000000,0.000000,0.000000,0.750000,0.000000
3.100000,1.000000,543.000000,0.000000,0.000000,293.000000,1.000000,1.000000,0.000000,1.000855,0.750000,0.750000,1.000000,0.000100000,0.000001113,0.066000,0.000000,0.000000,0.000000,0.000000,0.000000,0.750000,0.000000
3.200000,1.000000,543.000000,0.000000,0.000000,293.000000,1.000000,1.000000,0.000000,1.000856,0.750000,0.750000,1.000000,0.000100000,0.000001113,0.066000,0.000000,0.000000,0.000000,0.000000,0.000000,0.750000,0.000000
3.300000,1.000000,543.000000,0.000000,0.000000,293.000000,1.000000,1.000000,0.000000,1.000858,0.750000,0.750000,1.000000,0.000100000,0.000001113,0.066000,0.000000,0.000000,0.000000,0.000000,0.000000,0.750000,0.000000
3.400000,1.000000,543.000000,0.000000,0.000000,293.000000,1.000000,1.000000,0.000000,1.000854,0.750000,0.750000,1.000000,0.000100000,0.000001113,0.066000,0.000000,0.000000,0.000000,0.000000,0.000000,0.750000,0.000000
3.500000,1.000000,543.000000,0.000000,0.000000,293.000000,1.000000,1.000000,0.000000,1.000858,0.750000,0.750000,1.000000,0.000100000,0.000001113,0.066000,0.000000,0.000000,0.000000,0.000000,0.000000,0.750000,0.000000
3.600000,1.000000,543.000000,0.000000,0.000000,293.000000,1.000000,1.000000,0.000000,1.000855,0.750000,0.750000,1.000000,0.000100000,0.000001113,0.066000,0.000000,0.000000,0.000000,0.000000,0.000000,0.750000,0.000000
3.700000,1.000000,543.000000,0.000000,0.000000,293.000000,1.000000,1.000000,0.000000,1.000862,0.750000,0.750000,1.000000,0.000100000,0.000001113,0.066000,0.000000,0.000000,0.000000,0.000000,0.000000,0.750000,0.000000
3.800000,1.000000,543.000000,0.000000,0.000000,293.000000,1.000000,1.000000,0.000000,1.000857,0.750000,0.750000,1.000000,0.000100000,0.000001113,0.066000,0.000000,0.000000,0.000000,0.000000,0.000000,0.750000,0.000000
3.900000,1.000000,543.000000,0.000000,0.000000,293.000000,1.000000,1.000000,0.000000,1.000856,0.750000,0.750000,1.000000,0.000100000,0.000001113,0.066000,0.000000,0.000000,0.000000,0.000000,0.000000,0.750000,0.000000
4.000000,1.000000,543.000000,0.000000,0.000000,293.000000,1.000000,1.000000,0.000000,1.000857,0.750000,0.750000,1.000000,0.000100000,0.000001113,0.066000,0.000000,0.000000,0.000000,0.000000,0.000000,0.750000,0.000000
4.100000,1.000000,543.000000,0.000000,0.000000,293.000000,1.000000,1.000000,0.000000,1.000855,0.750000,0.750000,1.000000,0.000100000,0.000001113,0.066000,0.000000,0.000000,0.000000,0.000000,0.000000,0.750000,0.000000
4.200000,1.000000,543.000000,0.000000,0.000000,293.000000,1.000000,1.000000,0.000000,1.000854,0.750000,0.750000,1.000000,0.000100000,0.000001113,0.066000,0.000000,0.000000,0.000000,0.000000,0.000000,0.750000,0.000000
4.300000,1.000000,543.000000,0.000000,0.000000,293.000000,1.000000,1.000000,0.000000,1.000855,0.750000,0.750000,1.000000,0.000100000,0.000001113,0.066000,0.000000,0.000000,0.000000,0.000000,0.000000,0.750000,0.000000
4.400000,1.000000,543.000000,0.000000,0.000000,293.000000,1.000000,1.000000,0.000000,1.000859,0.750000,0.750000,1.000000,0.000100000,0.000001113,0.066000,0.000000,0.000000,0.000000,0.000000,0.000000,0.750000,0.000000
4.500000,1.000000,543.000000,0.000000,0.000000,293.000000,1.000000,1.000000,0.000000,1.000862,0.750000,0.750000,1.000000,0.000100000,0.000001113,0.066000,0.000000,0.000000,0.000000,0.000000,0.000000,0.750000,0.000000
4.600000,1.000000,543.000000,0.000000,0.000000,293.000000,1.000000,1.000000,0.000000,1.000855,0.750000,0.750000,1.000000,0.000100000,0.000001113,0.066000,0.000000,0.000000,0.000000,0.000000,0.000000,0.750000,0.000000
4.700000,1.000000,543.000000,0.000000,0.000000,293.000000,1.000000,1.000000,0.000000,1.000855,0.750000,0.750000,1.000000,0.000100000,0.000001113,0.066000,0.000000,0.000000,0.000000,0.000000,0.000000,0.750000,0.000000
4.800000,1.000000,543.000000,0.000000,0.000000,293.000000,1.000000,1.000000,0.000000,1.000855,0.750000,0.750000,1.000000,0.000100000,0.000001113,0.066000,0.000000,0.000000,0.000000,0.000000,0.000000,0.750000,0.000000
4.900000,1.000000,543.000000,0.000000,0.000000,293.000000,1.000000,1.000000,0.000000,1.000859,0.750000,0.750000,1.000000,0.000100000,0.000001113,0.066000,0.000000,0.000000,0.000000,0.000000,0.000000,0.750000,0.000000
5.000000,1.000000,543.000000,0.000000,0.000000,293.000000,1.000000,1.000000,0.000000,1.000854,0.750000,0.750000,1.000000,0.000100000,0.000001113,0.066000,0.000000,0.000000,0.000000,0.000000,0.000000,0.750000,0.000000
5.100000,1.000000,543.000000,0.000000,0.000000,293.000000,1.000000,1.000000,0.000000,1.000856,0.750000,0.750000,1.000000,0.000100000,0.000001113,0.066000,0.000000,0.000000,0.000000,0.000000,0.000000,0.750000,0.000000
5.200000,1.000000,543.000000,0.000000,0.000000,293.000000,1.000000,1.000000,0.000000,1.000855,0.750000,0.750000,1.000000,0.000100000,0.000001113,0.066000,0.000000,0.000000,0.000000,0.000000,0.000000,0.750000,0.000000
5.300000,1.000000,543.000000,0.000000,0.000000,293.000000,1.000000,1.000000,0.000000,1.000862,0.750000,0.750000,1.000000,0.000100000,0.000001113,0.066000,0.000000,0.000000,0.000000,0.000000,0.000000,0.750000,0.000000
5.400000,1.000000,543.000000,0.000000,0.000000,293.000000,1.000000,1.000000,0.000000,1.000859,0.750000,0.750000,1.000000,0.000100000,0.000001113,0.066000,0.000000,0.000000,0.000000,0.000000,0.000000,0.750000,0.000000
5.500000,1.000000,543.000000,0.000000,0.000000,293.000000,1.000000,1.000000,0.000000,1.000855,0.750000,0.750000,1.000000,0.000100000,0.000001113,0.066000,0.000000,0.000000,0.000000,0.000000,0.000000,0.750000,0.000000
5.600000,1.000000,543.000000,0.000000,0.000000,293.000000,1.000000,1.000000,0.000000,1.000855,0.750000,0.750000,1.000000,0.000100000,0.000001113,0.066000,0.000000,0.000000,0.000000,0.000000,0.000000,0.750000,0.000000
5.700000,1.000000,543.000000,0.000000,0.000000,293.000000,1.000000,1.000000,0.000000,1.000855,0.750000,0.750000,1.000000,0.000100000,0.000001113,0.066000,0.000000,0.000000,0.000000,0.000000,0.000000,0.750000,0.000000
5.800000,1.000000,543.000000,0.000000,0.000000,293.000000,1.000000,1.000000,0.000000,1.000854,0.750000,0.750000,1.000000,0.000100000,0.000001113,0.066000,0.000000,0.000000,0.000000,0.000000,0.000000,0.750000,0.000000
5.900000,1.000000,543.000000,0.000000,0.000000,293.000000,1.000000,1.000000,0.000000,1.000855,0.750000,0.750000,1.000000,0.000100000,0.000001113,0.066000,0.000000,0.000000,0.000000,0.000000,0.000000,0.750000,0.000000
6.000000,1.000000,543.000000,0.000000,0.000000,293.000000,1.000000,1.000000,0.000000,1.000860,0.750000,0.750000,1.000000,0.000100000,0.000001113,0.066000,0.000000,0.000000,0.000000,0.000000,0.000000,0.750000,0.000000
6.100000,1.000000,543.000000,0.000000,0.000000,293.000000,1.000000,1.000000,0.000000,1.000862,0.750000,0.750000,1.000000,0.000100000,0.000001113,0.066000,0.000000,0.000000,0.000000,0.000000,0.000000,0.750000,0.000000
6.200000,1.000000,543.000000,0.000000,0.000000,293.000000,1.000000,1.000000,0.000000,1.000855,0.750000,0.750000,1.000000,0.000100000,0.000001113,0.066000,0.000000,0.000000,0.000000,0.000000,0.000000,0.750000,0.000000
6.300000,1.000000,543.000000,0.000000,0.000000,293.000000,1.000000,1.000000,0.000000,1.000854,0.750000,0.750000,1.000000,0.000100000,0.000001113,0.066000,0.000000,0.000000,0.000000,0.000000,0.000000,0.750000,0.000000
6.400000,1.000000,543.000000,0.000000,0.000000,293.000000,1.000000,1.000000,0.000000,1.000855,0.750000,0.750000,1.000000,0.000100000,0.000001113,0.066000,0.000000,0.000000,0.000000,0.000000,0.000000,0.750000,0.000000
6.500000,1.000000,543.000000,0.000000,0.000000,293.000000,1.000000,1.000000,0.000000,1.000860,0.750000,0.750000,1.000000,0.000100000,0.000001113,0.066000,0.000000,0.000000,0.000000,0.000000,0.000000,0.750000,0.000000
6.600000,1.000000,543.000000,0.000000,0.000000,293.000000,1.000000,1.000000,0.000000,1.000855,0.750000,0.750000,1.000000,0.000100000,0.000001113,0.066000,0.000000,0.000000,0.000000,0.000000,0.000000,0.750000,0.000000
6.700000,1.000000,543.000000,0.000000,0.000000,293.000000,1.000000,1.000000,0.000000,1.000854,0.750000,0.750000,1.000000,0.000100000,0.000001113,0.066000,0.000000,0.000000,0.000000,0.000000,0.000000,0.750000,0.000000
6.800000,1.000000,543.000000,0.000000,0.000000,293.000000,1.000000,1.000000,0.000000,1.000855,0.750000,0.750000,1.000000,0.000100000,0.000001113,0.066000,0.000000,0.000000,0.000000,0.000000,0.000000,0.750000,0.000000
6.900000,1.000000,543.000000,0.000000,0.000000,293.000000,1.000000,1.000000,0.000000,1.000861,0.750000,0.750000,1.000000,0.000100000,0.000001113,0.066000,0.000000,0.000000,0.000000,0.000000,0.000000,0.750000,0.000000
7.000000,1.000000,543.000000,0.000000,0.000000,293.000000,1.000000,1.000000,0.000000,1.000860,0.750000,0.750000,1.000000,0.000100000,0.000001113,0.066000,0.000000,0.000000,0.000000,0.000000,0.000000,0.750000,0.000000
7.100000,1.000000,543.000000,0.000000,0.000000,293.000000,1.000000,1.000000,0.000000,1.000855,0.750000,0.750000,1.000000,0.000100000,0.000001113,0.066000,0.000000,0.000000,0.000000,0.000000,0.000000,0.750000,0.000000
7.200000,1.000000,543.000000,0.000000,0.000000,293.000000,1.000000,1.000000,0.000000,1.000855,0.750000,0.750000,1.000000,0.000100000,0.000001113,0.066000,0.000000,0.000000,0.000000,0.000000,0.000000,0.750000,0.000000
7.300000,1.000000,543.000000,0.000000,0.000000,293.000000,1.000000,1.000000,0.000000,1.000855,0.750000,0.750000,1.000000,0.000100000,0.000001113,0.066000,0.000000,0.000000,0.000000,0.000000,0.000000,0.750000,0.000000
7.400000,1.000000,543.000000,0.000000,0.000000,293.000000,1.000000,1.000000,0.000000,1.000855,0.750000,0.750000,1.000000,0.000100000,0.000001113,0.066000,0.000000,0.000000,0.000000,0.000000,0.000000,0.750000,0.000000
7.500000,1.000000,543.000000,0.000000,0.000000,293.000000,1.000000,1.000000,0.000000,1.000860,0.750000,0.750000,1.000000,0.000100000,0.000001113,0.066000,0.000000,0.000000,0.000000,0.000000,0.000000,0.750000,0.000000
7.600000,1.000000,543.000000,0.000000,0.000000,293.000000,1.000000,1.000000,0.000000,1.000854,0.750000,0.750000,1.000000,0.000100000,0.000001113,0.066000,0.000000,0.000000,0.000000,0.000000,0.000000,0.750000,0.000000
7.700000,1.000000,543.000000,0.000000,0.000000,293.000000,1.000000,1.000000,0.000000,1.000862,0.750000,0.750000,1.000000,0.000100000,0.000001113,0.066000,0.000000,0.000000,0.000000,0.000000,0.000000,0.750000,0.000000
7.800000,1.000000,543.000000,0.000000,0.000000,293.000000,1.000000,1.000000,0.000000,1.000855,0.750000,0.750000,1.000000,0.000100000,0.000001113,0.066000,0.000000,0.000000,0.000000,0.000000,0.000000,0.750000,0.000000
7.900000,1.000000,543.000000,0.000000,0.000000,293.000000,1.000000,1.000000,0.000000,1.000855,0.750000,0.750000,1.000000,0.000100000,0.000001113,0.066000,0.000000,0.000000,0.000000,0.000000,0.000000,0.750000,0.000000
8.000000,1.000000,543.000000,0.000000,0.000000,293.000000,1.000000,1.000000,0.000000,1.000860,0.750000,0.750000,1.000000,0.000100000,0.000001113,0.066000,0.000000,0.000000,0.000000,0.000000,0.000000,0.750000,0.000000
8.099999,1.000000,543.000000,0.000000,0.000000,293.000000,1.000000,1.000000,0.000000,1.000851,0.750000,0.750000,1.000000,0.000100000,0.000001113,0.066000,0.000000,0.000000,0.000000,0.000000,0.000000,0.750000,0.000000
8.200000,1.000000,543.000000,0.000000,0.000000,293.000000,1.000000,1.000000,0.000000,1.000859,0.750000,0.750000,1.000000,0.000100000,0.000001113,0.066000,0.000000,0.000000,0.000000,0.000000,0.000000,0.750000,0.000000
8.300000,1.000000,543.000000,0.000000,0.000000,293.000000,1.000000,1.000000,0.000000,1.000861,0.750000,0.750000,1.000000,0.000100000,0.000001113,0.066000,0.000000,0.000000,0.000000,0.000000,0.000000,0.750000,0.000000
8.400000,1.000000,543.000000,0.000000,0.000000,293.000000,1.000000,1.000000,0.000000,1.000850,0.750000,0.750000,1.000000,0.000100000,0.000001113,0.066000,0.000000,0.000000,0.000000,0.000000,0.000000,0.750000,0.000000
8.500000,1.000000,543.000000,0.000000,0.000000,293.000000,1.000000,1.000000,0.000000,1.000866,0.750000,0.750000,1.000000,0.000100000,0.000001113,0.066000,0.000000,0.000000,0.000000,0.000000,0.000000,0.750000,0.000000
8.599999,1.000000,543.000000,0.000000,0.000000,293.000000,1.000000,1.000000,0.000000,1.000851,0.750000,0.750000,1.000000,0.000100000,0.000001113,0.066000,0.000000,0.000000,0.000000,0.000000,0.000000,0.750000,0.000000
8.700000,1.000000,543.000000,0.000000,0.000000,293.000000,1.000000,1.000000,0.000000,1.000859,0.750000,0.750000,1.000000,0.000100000,0.000001113,0.066000,0.000000,0.000000,0.000000,0.000000,0.000000,0.750000,0.000000
8.800000,1.000000,543.000000,0.000000,0.000000,293.000000,1.000000,1.000000,0.000000,1.000860,0.750000,0.750000,1.000000,0.000100000,0.000001113,0.066000,0.000000,0.000000,0.000000,0.000000,0.000000,0.750000,0.000000
8.900000,1.000000,543.000000,0.000000,0.000000,293.000000,1.000000,1.000000,0.000000,1.000850,0.750000,0.750000,1.000000,0.000100000,0.000001113,0.066000,0.000000,0.000000,0.000000,0.000000,0.000000,0.750000,0.000000
9.000000,1.000000,543.000000,0.000000,0.000000,293.000000,1.000000,1.000000,0.000000,1.000860,0.750000,0.750000,1.000000,0.000100000,0.000001113,0.066000,0.000000,0.000000,0.000000,0.000000,0.000000,0.750000,0.000000
9.099999,1.000000,543.000000,0.000000,0.000000,293.000000,1.000000,1.000000,0.000000,1.000851,0.750000,0.750000,1.000000,0.000100000,0.000001113,0.066000,0.000000,0.000000,0.000000,0.000000,0.000000,0.750000,0.000000
9.200000,1.000000,543.000000,0.000000,0.000000,293.000000,1.000000,1.000000,0.000000,1.000859,0.750000,0.750000,1.000000,0.000100000,0.000001113,0.066000,0.000000,0.000000,0.000000,0.000000,0.000000,0.750000,0.000000
9.300000,1.000000,543.000000,0.000000,0.000000,293.000000,1.000000,1.000000,0.000000,1.000867,0.750000,0.750000,1.000000,0.000100000,0.000001113,0.066000,0.000000,0.000000,0.000000,0.000000,0.000000,0.750000,0.000000
9.400000,1.000000,543.000000,0.000000,0.000000,293.000000,1.000000,1.000000,0.000000,1.000849,0.750000,0.750000,1.000000,0.000100000,0.000001113,0.066000,0.000000,0.000000,0.000000,0.000000,0.000000,0.750000,0.000000
9.500000,1.000000,543.000000,0.000000,0.000000,293.000000,1.000000,1.000000,0.000000,1.000860,0.750000,0.750000,1.000000,0.000100000,0.000001113,0.066000,0.000000,0.000000,0.000000,0.000000,0.000000,0.750000,0.000000
9.599999,1.000000,543.000000,0.000000,0.000000,293.000000,1.000000,1.000000,0.000000,1.000851,0.750000,0.750000,1.000000,0.000100000,0.000001113,0.066000,0.000000,0.000000,0.000000,0.000000,0.000000,0.750000,0.000000
9.700000,1.000000,543.000000,0.000000,0.000000,293.000000,1.000000,1.000000,0.000000,1.000859,0.750000,0.750000,1.000000,0.000100000,0.000001113,0.066000,0.000000,0.000000,0.000000,0.000000,0.000000,0.750000,0.000000
9.800000,1.000000,543.000000,0.000000,0.000000,293.000000,1.000000,1.000000,0.000000,1.000859,0.750000,0.750000,1.000000,0.000100000,0.000001113,0.066000,0.000000,0.000000,0.000000,0.000000,0.000000,0.750000,0.000000
9.900000,1.000000,543.000000,0.000000,0.000000,293.000000,1.000000,1.000000,0.000000,1.000851,0.750000,0.750000,1.000000,0.000100000,0.000001113,0.066000,0.000000,0.000000,0.000000,0.000000,0.000000,0.750000,0.000000
10.000000,1.000000,543.000000,0.000000,0.000000,293.000000,1.000000,1.000000,0.000000,1.000859,0.750000,0.750000,1.000000,0.000100000,0.000001113,0.066000,0.000000,0.000000,0.000000,0.000000,0.000000,0.750000,0.000000
10.099999,1.000000,543.000000,0.000000,0.000000,293.000000,1.000000,1.000000,0.000000,1.000848,0.750000,0.750000,1.000000,0.000100000,0.000001113,0.066000,0.000000,0.000000,0.000000,0.000000,0.000000,0.750000,0.000000
10.200000,1.000000,543.000000,0.000000,0.000000,293.000000,1.000000,1.000000,0.000000,1.000859,0.750000,0.750000,1.000000,0.000100000,0.000001113,0.066000,0.000000,0.000000,0.000000,0.000000,0.000000,0.750000,0.000000
10.300000,1.000000,543.000000,0.000000,0.000000,293.000000,1.000000,1.000000,0.000000,1.000860,0.750000,0.750000,1.000000,0.000100000,0.000001113,0.066000,0.000000,0.000000,0.000000,0.000000,0.000000,0.750000,0.000000
10.400000,1.000000,543.000000,0.000000,0.000000,293.000000,1.000000,1.000000,0.000000,1.000850,0.750000,0.750000,1.000000,0.000100000,0.000001113,0.066000,0.000000,0.000000,0.000000,0.000000,0.000000,0.750000,0.000000
10.500000,1.000000,543.000000,0.000000,0.000000,293.000000,1.000000,1.000000,0.000000,1.000860,0.750000,0.750000,1.000000,0.000100000,0.000001113,0.066000,0.000000,0.000000,0.000000,0.000000,0.000000,0.750000,0.000000
10.599999,1.000000,543.000000,0.000000,0.000000,293.000000,1.000000,1.000000,0.000000,1.000850,0.750000,0.750000,1.000000,0.000100000,0.000001113,0.066000,0.000000,0.000000,0.000000,0.000000,0.000000,0.750000,0.000000
10.700000,1.000000,543.000000,0.000000,0.000000,293.000000,1.000000,1.000000,0.000000,1.000860,0.750000,0.750000,1.000000,0.000100000,0.000001113,0.066000,0.000000,0.000000,0.000000,0.000000,0.000000,0.750000,0.000000
10.800000,1.000000,543.000000,0.000000,0.000000,293.000000,1.000000,1.000000,0.000000,1.000860,0.750000,0.750000,1.000000,0.000100000,0.000001113,0.066000,0.000000,0.000000,0.000000,0.000000,0.000000,0.750000,0.000000
10.900000,1.000000,543.000000,0.000000,0.000000,293.000000,1.000000,1.000000,0.000000,1.000850,0.750000,0.750000,1.000000,0.000100000,0.000001113,0.066000,0.000000,0.000000,0.000000,0.000000,0.000000,0.750000,0.000000
11.000000,1.000000,543.000000,0.000000,0.000000,293.000000,1.000000,1.000000,0.000000,1.000867,0.750000,0.750000,1.000000,0.000100000,0.000001113,0.066000,0.000000,0.000000,0.000000,0.000000,0.000000,0.750000,0.000000
11.099999,1.000000,543.000000,0.000000,0.000000,293.000000,1.000000,1.000000,0.000000,1.000851,0.750000,0.750000,1.000000,0.000100000,0.000001113,0.066000,0.000000,0.000000,0.000000,0.000000,0.000000,0.750000,0.000000
11.200000,1.000000,543.000000,0.000000,0.000000,293.000000,1.000000,1.000000,0.000000,1.000860,0.750000,0.750000,1.000000,0.000100000,0.000001113,0.066000,0.000000,0.000000,0.000000,0.000000,0.000000,0.750000,0.000000
11.300000,1.000000,543.000000,0.000000,0.000000,293.000000,1.000000,1.000000,0.000000,1.000859,0.750000,0.750000,1.000000,0.000100000,0.000001113,0.066000,0.000000,0.000000,0.000000,0.000000,0.000000,0.750000,0.000000
11.400000,1.000000,543.000000,0.000000,0.000000,293.000000,1.000000,1.000000,0.000000,1.000851,0.750000,0.750000,1.000000,0.000100000,0.000001113,0.066000,0.000000,0.000000,0.000000,0.000000,0.000000,0.750000,0.000000
11.500000,1.000000,543.000000,0.000000,0.000000,293.000000,1.000000,1.000000,0.000000,1.000859,0.750000,0.750000,1.000000,0.000100000,0.000001113,0.066000,0.000000,0.000000,0.000000,0.000000,0.000000,0.750000,0.000000
11.599999,1.000000,543.000000,0.000000,0.000000,293.000000,1.000000,1.000000,0.000000,1.000850,0.750000,0.750000,1.000000,0.000100000,0.000001113,0.066000,0.000000,0.000000,0.000000,0.000000,0.000000,0.750000,0.000000
11.700000,1.000000,543.000000,0.000000,0.000000,293.000000,1.000000,1.000000,0.000000,1.000861,0.750000,0.750000,1.000000,0.000100000,0.000001113,0.066000,0.000000,0.000000,0.000000,0.000000,0.000000,0.750000,0.000000
11.799999,1.000000,543.000000,0.000000,0.000000,293.000000,1.000000,1.000000,0.000000,1.000847,0.750000,0.750000,1.000000,0.000100000,0.000001113,0.066000,0.000000,0.000000,0.000000,0.000000,0.000000,0.750000,0.000000
11.900000,1.000000,543.000000,0.000000,0.000000,293.000000,1.000000,1.000000,0.000000,1.000859,0.750000,0.750000,1.000000,0.000100000,0.000001113,0.066000,0.000000,0.000000,0.000000,0.000000,0.000000,0.750000,0.000000
12.000000,1.000000,543.000000,0.000000,0.000000,293.000000,1.000000,1.000000,0.000000,1.000860,0.750000,0.750000,1.000000,0.000100000,0.000001113,0.066000,0.000000,0.000000,0.000000,0.000000,0.000000,0.750000,0.000000
12.099999,1.000000,543.000000,0.000000,0.000000,293.000000,1.000000,1.000000,0.000000,1.000850,0.750000,0.750000,1.000000,0.000100000,0.000001113,0.066000,0.000000,0.000000,0.000000,0.000000,0.000000,0.750000,0.000000
12.200000,1.000000,543.000000,0.000000,0.000000,293.000000,1.000000,1.000000,0.000000,1.000860,0.750000,0.750000,1.000000,0.000100000,0.000001113,0.066000,0.000000,0.000000,0.000000,0.000000,0.000000,0.750000,0.000000
12.299999,1.000000,543.000000,0.000000,0.000000,293.000000,1.000000,1.000000,0.000000,1.000851,0.750000,0.750000,1.000000,0.000100000,0.000001113,0.066000,0.000000,0.000000,0.000000,0.000000,0.000000,0.750000,0.000000
12.400000,1.000000,543.000000,0.000000,0.000000,293.000000,1.000000,1.000000,0.000000,1.000859,0.750000,0.750000,1.000000,0.000100000,0.000001113,0.066000,0.000000,0.000000,0.000000,0.000000,0.000000,0.750000,0.000000
12.500000,1.000000,543.000000,0.000000,0.000000,293.000000,1.000000,1.000000,0.000000,1.000860,0.750000,0.750000,1.000000,0.000100000,0.000001113,0.066000,0.000000,0.000000,0.000000,0.000000,0.000000,0.750000,0.000000
12.599999,1.000000,543.000000,0.000000,0.000000,293.000000,1.000000,1.000000,0.000000,1.000850,0.750000,0.750000,1.000000,0.000100000,0.000001113,0.066000,0.000000,0.000000,0.000000,0.000000,0.000000,0.750000,0.000000
12.700000,1.000000,543.000000,0.000000,0.000000,293.000000,1.000000,1.000000,0.000000,1.000866,0.750000,0.750000,1.000000,0.000100000,0.000001113,0.066000,0.000000,0.000000,0.000000,0.000000,0.000000,0.750000,0.000000
12.799999,1.000000,543.000000,0.000000,0.000000,293.000000,1.000000,1.000000,0.000000,1.000850,0.750000,0.750000,1.000000,0.000100000,0.000001113,0.066000,0.000000,0.000000,0.000000,0.000000,0.000000,0.750000,0.000000
12.900000,1.000000,543.000000,0.000000,0.000000,293.000000,1.000000,1.000000,0.000000,1.000859,0.750000,0.750000,1.000000,0.000100000,0.000001113,0.066000,0.000000,0.000000,0.000000,0.000000,0.000000,0.750000,0.000000
13.000000,1.000000,543.000000,0.000000,0.000000,293.000000,1.000000,1.000000,0.000000,1.000861,0.750000,0.750000,1.000000,0.000100000,0.000001113,0.066000,0.000000,0.000000,0.000000,0.000000,0.000000,0.750000,0.000000
13.099999,1.000000,543.000000,0.000000,0.000000,293.000000,1.000000,1.000000,0.000000,1.000850,0.750000,0.750000,1.000000,0.000100000,0.000001113,0.066000,0.000000,0.000000,0.000000,0.000000,0.000000,0.750000,0.000000
13.200000,1.000000,543.000000,0.000000,0.000000,293.000000,1.000000,1.000000,0.000000,1.000859,0.750000,0.750000,1.000000,0.000100000,0.000001113,0.066000,0.000000,0.000000,0.000000,0.000000,0.000000,0.750000,0.000000
13.299999,1.000000,543.000000,0.000000,0.000000,293.000000,1.000000,1.000000,0.000000,1.000851,0.750000,0.750000,1.000000,0.000100000,0.000001113,0.066000,0.000000,0.000000,0.000000,0.000000,0.000000,0.750000,0.000000
13.400000,1.000000,543.000000,0.000000,0.000000,293.000000,1.000000,1.000000,0.000000,1.000859,0.750000,0.750000,1.000000,0.000100000,0.000001113,0.066000,0.000000,0.000000,0.000000,0.000000,0.000000,0.750000,0.000000
13.500000,1.000000,543.000000,0.000000,0.000000,293.000000,1.000000,1.000000,0.000000,1.000857,0.750000,0.750000,1.000000,0.000100000,0.000001113,0.066000,0.000000,0.000000,0.000000,0.000000,0.000000,0.750000,0.000000
13.599999,1.000000,543.000000,0.000000,0.000000,293.000000,1.000000,1.000000,0.000000,1.000850,0.750000,0.750000,1.000000,0.000100000,0.000001113,0.066000,0.000000,0.000000,0.000000,0.000000,0.000000,0.750000,0.000000
13.700000,1.000000,543.000000,0.000000,0.000000,293.000000,1.000000,1.000000,0.000000,1.000859,0.750000,0.750000,1.000000,0.000100000,0.000001113,0.066000,0.000000,0.000000,0.000000,0.000000,0.000000,0.750000,0.000000
13.799999,1.000000,543.000000,0.000000,0.000000,293.000000,1.000000,1.000000,0.000000,1.000850,0.750000,0.750000,1.000000,0.000100000,0.000001113,0.066000,0.000000,0.000000,0.000000,0.000000,0.000000,0.750000,0.000000
13.900000,1.000000,543.000000,0.000000,0.000000,293.000000,1.000000,1.000000,0.000000,1.000861,0.750000,0.750000,1.000000,0.000100000,0.000001113,0.066000,0.000000,0.000000,0.000000,0.000000,0.000000,0.750000,0.000000
14.000000,1.000000,543.000000,0.000000,0.000000,293.000000,1.000000,1.000000,0.000000,1.000859,0.750000,0.750000,1.000000,0.000100000,0.000001113,0.066000,0.000000,0.000000,0.000000,0.000000,0.000000,0.750000,0.000000
14.099999,1.000000,543.000000,0.000000,0.000000,293.000000,1.000000,1.000000,0.000000,1.000850,0.750000,0.750000,1.000000,0.000100000,0.000001113,0.066000,0.000000,0.000000,0.000000,0.000000,0.000000,0.750000,0.000000
14.200000,1.000000,543.000000,0.000000,0.000000,293.000000,1.000000,1.000000,0.000000,1.000860,0.750000,0.750000,1.000000,0.000100000,0.000001113,0.066000,0.000000,0.000000,0.000000,0.000000,0.000000,0.750000,0.000000
14.299999,1.000000,543.000000,0.000000,0.000000,293.000000,1.000000,1.000000,0.000000,1.000850,0.750000,0.750000,1.000000,0.000100000,0.000001113,0.066000,0.000000,0.000000,0.000000,0.000000,0.000000,0.750000,0.000000
14.400000,1.000000,543.000000,0.000000,0.000000,293.000000,1.000000,1.000000,0.000000,1.000867,0.750000,0.750000,1.000000,0.000100000,0.000001113,0.066000,0.000000,0.000000,0.000000,0.000000,0.000000,0.750000,0.000000
14.500000,1.000000,543.000000,0.000000,0.000000,293.000000,1.000000,1.000000,0.000000,1.000859,0.750000,0.750000,1.000000,0.000100000,0.000001113,0.066000,0.000000,0.000000,0.000000,0.000000,0.000000,0.750000,0.000000
14.599999,1.000000,543.000000,0.000000,0.000000,293.000000,1.000000,1.000000,0.000000,1.000851,0.750000,0.750000,1.000000,0.000100000,0.000001113,0.066000,0.000000,0.000000,0.000000,0.000000,0.000000,0.750000,0.000000
14.700000,1.000000,543.000000,0.000000,0.000000,293.000000,1.000000,1.000000,0.000000,1.000860,0.750000,0.750000,1.000000,0.000100000,0.000001113,0.066000,0.000000,0.000000,0.000000,0.000000,0.000000,0.750000,0.000000
14.799999,1.000000,543.000000,0.000000,0.000000,293.000000,1.000000,1.000000,0.000000,1.000849,0.750000,0.750000,1.000000,0.000100000,0.000001113,0.066000,0.000000,0.000000,0.000000,0.000000,0.000000,0.750000,0.000000
14.900000,1.000000,543.000000,0.000000,0.000000,293.000000,1.000000,1.000000,0.000000,1.000861,0.750000,0.750000,1.000000,0.000100000,0.000001113,0.066000,0.000000,0.000000,0.000000,0.000000,0.000000,0.750000,0.000000
15.000000,1.000000,543.000000,0.000000,0.000000,293.000000,1.000000,1.000000,0.000000,1.000860,0.750000,0.750000,1.000000,0.000100000,0.000001113,0.066000,0.000000,0.000000,0.000000,0.000000,0.000000,0.750000,0.000000
15.099999,1.000000,543.000000,0.000000,0.000000,293.000000,1.000000,1.000000,0.000000,1.000849,0.750000,0.750000,1.000000,0.000100000,0.000001113,0.066000,0.000000,0.000000,0.000000,0.000000,0.000000,0.750000,0.000000
15.200000,1.000000,543.000000,0.000000,0.000000,293.000000,1.000000,1.000000,0.000000,1.000857,0.750000,0.750000,1.000000,0.000100000,0.000001113,0.066000,0.000000,0.000000,0.000000,0.000000,0.000000,0.750000,0.000000
15.299999,1.000000,543.000000,0.000000,0.000000,293.000000,1.000000,1.000000,0.000000,1.000850,0.750000,0.750000,1.000000,0.000100000,0.000001113,0.066000,0.000000,0.000000,0.000000,0.000000,0.000000,0.750000,0.000000
15.400000,1.000000,543.000000,0.000000,0.000000,293.000000,1.000000,1.000000,0.000000,1.000860,0.750000,0.750000,1.000000,0.000100000,0.000001113,0.066000,0.000000,0.000000,0.000000,0.000000,0.000000,0.750000,0.000000
15.500000,1.000000,543.000000,0.000000,0.000000,293.000000,1.000000,1.000000,0.000000,1.000859,0.750000,0.750000,1.000000,0.000100000,0.000001113,0.066000,0.000000,0.000000,0.000000,0.000000,0.000000,0.750000,0.000000
15.599999,1.000000,543.000000,0.000000,0.000000,293.000000,1.000000,1.000000,0.000000,1.000851,0.750000,0.750000,1.000000,0.000100000,0.000001113,0.066000,0.000000,0.000000,0.000000,0.000000,0.000000,0.750000,0.000000
15.700000,1.000000,543.000000,0.000000,0.000000,293.000000,1.000000,1.000000,0.000000,1.000859,0.750000,0.750000,1.000000,0.000100000,0.000001113,0.066000,0.000000,0.000000,0.000000,0.000000,0.000000,0.750000,0.000000
15.799999,1.000000,543.000000,0.000000,0.000000,293.000000,1.000000,1.000000,0.000000,1.000850,0.750000,0.750000,1.000000,0.000100000,0.000001113,0.066000,0.000000,0.000000,0.000000,0.000000,0.000000,0.750000,0.000000
15.900000,1.000000,543.000000,0.000000,0.000000,293.000000,1.000000,1.000000,0.000000,1.000860,0.750000,0.750000,1.000000,0.000100000,0.000001113,0.066000,0.000000,0.000000,0.000000,0.000000,0.000000,0.750000,0.000000
16.000000,1.000000,543.000000,0.000000,0.000000,293.000000,1.000000,1.000000,0.000000,1.000860,0.750000,0.750000,1.000000,0.000100000,0.000001113,0.066000,0.000000,0.000000,0.000000,0.000000,0.000000,0.750000,0.000000
16.100000,1.000000,543.000000,0.000000,0.000000,293.000000,1.000000,1.000000,0.000000,1.000857,0.750000,0.750000,1.000000,0.000100000,0.000001113,0.066000,0.000000,0.000000,0.000000,0.000000,0.000000,0.750000,0.000000
16.199999,1.000000,543.000000,0.000000,0.000000,293.000000,1.000000,1.000000,0.000000,1.000841,0.750000,0.750000,1.000000,0.000100000,0.000001113,0.066000,0.000000,0.000000,0.000000,0.000000,0.000000,0.750000,0.000000
16.299999,1.000000,543.000000,0.000000,0.000000,293.000000,1.000000,1.000000,0.000000,1.000860,0.750000,0.750000,1.000000,0.000100000,0.000001113,0.066000,0.000000,0.000000,0.000000,0.000000,0.000000,0.750000,0.000000
16.400000,1.000000,543.000000,0.000000,0.000000,293.000000,1.000000,1.000000,0.000000,1.000859,0.750000,0.750000,1.000000,0.000100000,0.000001113,0.066000,0.000000,0.000000,0.000000,0.000000,0.000000,0.750000,0.000000
16.500000,1.000000,543.000000,0.000000,0.000000,293.000000,1.000000,1.000000,0.000000,1.000859,0.750000,0.750000,1.000000,0.000100000,0.000001113,0.066000,0.000000,0.000000,0.000000,0.000000,0.000000,0.750000,0.000000
16.600000,1.000000,543.000000,0.000000,0.000000,293.000000,1.000000,1.000000,0.000000,1.000860,0.750000,0.750000,1.000000,0.000100000,0.000001113,0.066000,0.000000,0.000000,0.000000,0.000000,0.000000,0.750000,0.000000
16.699999,1.000000,543.000000,0.000000,0.000000,293.000000,1.000000,1.000000,0.000000,1.000841,0.750000,0.750000,1.000000,0.000100000,0.000001113,0.066000,0.000000,0.000000,0.000000,0.000000,0.000000,0.750000,0.000000
16.799999,1.000000,543.000000,0.000000,0.000000,293.000000,1.000000,1.000000,0.000000,1.000859,0.750000,0.750000,1.000000,0.000100000,0.000001113,0.066000,0.000000,0.000000,0.000000,0.000000,0.000000,0.750000,0.000000
16.900000,1.000000,543.000000,0.000000,0.000000,293.000000,1.000000,1.000000,0.000000,1.000861,0.750000,0.750000,1.000000,0.000100000,0.000001113,0.066000,0.000000,0.000000,0.000000,0.000000,0.000000,0.750000,0.000000
17.000000,1.000000,543.000000,0.000000,0.000000,293.000000,1.000000,1.000000,0.000000,1.000866,0.750000,0.750000,1.000000,0.000100000,0.000001113,0.066000,0.000000,0.000000,0.000000,0.000000,0.000000,0.750000,0.000000
17.100000,1.000000,543.000000,0.000000,0.000000,293.000000,1.000000,1.000000,0.000000,1.000860,0.750000,0.750000,1.000000,0.000100000,0.000001113,0.066000,0.000000,0.000000,0.000000,0.000000,0.000000,0.750000,0.000000
17.199999,1.000000,543.000000,0.000000,0.000000,293.000000,1.000000,1.000000,0.000000,1.000840,0.750000,0.750000,1.000000,0.000100000,0.000001113,0.066000,0.000000,0.000000,0.000000,0.000000,0.000000,0.750000,0.000000
17.299999,1.000000,543.000000,0.000000,0.000000,293.000000,1.000000,1.000000,0.000000,1.000860,0.750000,0.750000,1.000000,0.000100000,0.000001113,0.066000,0.000000,0.000000,0.000000,0.000000,0.000000,0.750000,0.000000
17.400000,1.000000,543.000000,0.000000,0.000000,293.000000,1.000000,1.000000,0.000000,1.000860,0.750000,0.750000,1.000000,0.000100000,0.000001113,0.066000,0.000000,0.000000,0.000000,0.000000,0.000000,0.750000,0.000000
17.500000,1.000000,543.000000,0.000000,0.000000,293.000000,1.000000,1.000000,0.000000,1.000859,0.750000,0.750000,1.000000,0.000100000,0.000001113,0.066000,0.000000,0.000000,0.000000,0.000000,0.000000,0.750000,0.000000
17.600000,1.000000,543.000000,0.000000,0.000000,293.000000,1.000000,1.000000,0.000000,1.000860,0.750000,0.750000,1.000000,0.000100000,0.000001113,0.066000,0.000000,0.000000,0.000000,0.000000,0.000000,0.750000,0.000000
17.699999,1.000000,543.000000,0.000000,0.000000,293.000000,1.000000,1.000000,0.000000,1.000840,0.750000,0.750000,1.000000,0.000100000,0.000001113,0.066000,0.000000,0.000000,0.000000,0.000000,0.000000,0.750000,0.000000
17.799999,1.000000,543.000000,0.000000,0.000000,293.000000,1.000000,1.000000,0.000000,1.000866,0.750000,0.750000,1.000000,0.000100000,0.000001113,0.066000,0.000000,0.000000,0.000000,0.000000,0.000000,0.750000,0.000000
17.900000,1.000000,543.000000,0.000000,0.000000,293.000000,1.000000,1.000000,0.000000,1.000861,0.750000,0.750000,1.000000,0.000100000,0.000001113,0.066000,0.000000,0.000000,0.000000,0.000000,0.000000,0.750000,0.000000
18.000000,1.000000,543.000000,0.000000,0.000000,293.000000,1.000000,1.000000,0.000000,1.000859,0.750000,0.750000,1.000000,0.000100000,0.000001113,0.066000,0.000000,0.000000,0.000000,0.000000,0.000000,0.750000,0.000000
18.100000,1.000000,543.000000,0.000000,0.000000,293.000000,1.000000,1.000000,0.000000,1.000860,0.750000,0.750000,1.000000,0.000100000,0.000001113,0.066000,0.000000,0.000000,0.000000,0.000000,0.000000,0.750000,0.000000
18.199999,1.000000,543.000000,0.000000,0.000000,293.000000,1.000000,1.000000,0.000000,1.000840,0.750000,0.750000,1.000000,0.000100000,0.000001113,0.066000,0.000000,0.000000,0.000000,0.000000,0.000000,0.750000,0.000000
18.299999,1.000000,543.000000,0.000000,0.000000,293.000000,1.000000,1.000000,0.000000,1.000860,0.750000,0.750000,1.000000,0.000100000,0.000001113,0.066000,0.000000,0.000000,0.000000,0.000000,0.000000,0.750000,0.000000
18.400000,1.000000,543.000000,0.000000,0.000000,293.000000,1.000000,1.000000,0.000000,1.000860,0.750000,0.750000,1.000000,0.000100000,0.000001113,0.066000,0.000000,0.000000,0.000000,0.000000,0.000000,0.750000,0.000000
18.500000,1.000000,543.000000,0.000000,0.000000,293.000000,1.000000,1.000000,0.000000,1.000859,0.750000,0.750000,1.000000,0.000100000,0.000001113,0.066000,0.000000,0.000000,0.000000,0.000000,0.000000,0.750000,0.000000
18.600000,1.000000,543.000000,0.000000,0.000000,293.000000,1.000000,1.000000,0.000000,1.000866,0.750000,0.750000,1.000000,0.000100000,0.000001113,0.066000,0.000000,0.000000,0.000000,0.000000,0.000000,0.750000,0.000000
18.699999,1.000000,543.000000,0.000000,0.000000,293.000000,1.000000,1.000000,0.000000,1.000841,0.750000,0.750000,1.000000,0.000100000,0.000001113,0.066000,0.000000,0.000000,0.000000,0.000000,0.000000,0.750000,0.000000
18.799999,1.000000,543.000000,0.000000,0.000000,293.000000,1.000000,1.000000,0.000000,1.000860,0.750000,0.750000,1.000000,0.000100000,0.000001113,0.066000,0.000000,0.000000,0.000000,0.000000,0.000000,0.750000,0.000000
18.900000,1.000000,543.000000,0.000000,0.000000,293.000000,1.000000,1.000000,0.000000,1.000859,0.750000,0.750000,1.000000,0.000100000,0.000001113,0.066000,0.000000,0.000000,0.000000,0.000000,0.000000,0.750000,0.000000
19.000000,1.000000,543.000000,0.000000,0.000000,293.000000,1.000000,1.000000,0.000000,1.000860,0.750000,0.750000,1.000000,0.000100000,0.000001113,0.066000,0.000000,0.000000,0.000000,0.000000,0.000000,0.750000,0.000000
19.100000,1.000000,543.000000,0.000000,0.000000,293.000000,1.000000,1.000000,0.000000,1.000860,0.750000,0.750000,1.000000,0.000100000,0.000001113,0.066000,0.000000,0.000000,0.000000,0.000000,0.000000,0.750000,0.000000
19.199999,1.000000,543.000000,0.000000,0.000000,293.000000,1.000000,1.000000,0.000000,1.000842,0.750000,0.750000,1.000000,0.000100000,0.000001113,0.066000,0.000000,0.000000,0.000000,0.000000,0.000000,0.750000,0.000000
19.299999,1.000000,543.000000,0.000000,0.000000,293.000000,1.000000,1.000000,0.000000,1.000859,0.750000,0.750000,1.000000,0.000100000,0.000001113,0.066000,0.000000,0.000000,0.000000,0.000000,0.000000,0.750000,0.000000
19.400000,1.000000,543.000000,0.000000,0.000000,293.000000,1.000000,1.000000,0.000000,1.000857,0.750000,0.750000,1.000000,0.000100000,0.000001113,0.066000,0.000000,0.000000,0.000000,0.000000,0.000000,0.750000,0.000000
19.500000,1.000000,543.000000,0.000000,0.000000,293.000000,1.000000,1.000000,0.000000,1.000859,0.750000,0.750000,1.000000,0.000100000,0.000001113,0.066000,0.000000,0.000000,0.000000,0.000000,0.000000,0.750000,0.000000
19.600000,1.000000,543.000000,0.000000,0.000000,293.000000,1.000000,1.000000,0.000000,1.000859,0.750000,0.750000,1.000000,0.000100000,0.000001113,0.066000,0.000000,0.000000,0.000000,0.000000,0.000000,0.750000,0.000000
19.699999,1.000000,543.000000,0.000000,0.000000,293.000000,1.000000,1.000000,0.000000,1.000841,0.750000,0.750000,1.000000,0.000100000,0.000001113,0.066000,0.000000,0.000000,0.000000,0.000000,0.000000,0.750000,0.000000
19.799999,1.000000,543.000000,0.000000,0.000000,293.000000,1.000000,1.000000,0.000000,1.000860,0.750000,0.750000,1.000000,0.000100000,0.000001113,0.066000,0.000000,0.000000,0.000000,0.000000,0.000000,0.750000,0.000000
19.900000,1.000000,543.000000,0.000000,0.000000,293.000000,1.000000,1.000000,0.000000,1.000859,0.750000,0.750000,1.000000,0.000100000,0.000001113,0.066000,0.000000,0.000000,0.000000,0.000000,0.000000,0.750000,0.000000
20.000000,1.000000,543.000000,0.000000,0.000000,293.000000,1.000000,1.000000,0.000000,1.000861,0.750000,0.750000,1.000000,0.000100000,0.000001113,0.066000,0.000000,0.000000,0.000000,0.000000,0.000000,0.750000,0.000000
20.100000,1.003831,543.001709,0.000027,0.003854,293.000000,1.000000,1.000000,0.000000,1.000859,0.751013,0.800000,1.000000,0.000100000,0.000001113,0.066000,0.000000,0.003860,-0.000006,0.000000,0.000000,0.750002,0.000000
20.199999,1.007947,543.007202,0.000054,0.007695,293.000031,1.000000,1.000000,0.000000,1.000842,0.752027,0.800000,1.000000,0.000100000,0.000001113,0.066001,0.000000,0.007720,-0.000026,-0.000000,0.000000,0.750007,0.000000
20.299999,1.012225,543.016541,0.000081,0.011521,293.000061,1.000000,1.000000,0.000000,1.000857,0.753040,0.800000,1.000000,0.000100000,0.000001113,0.066003,0.000000,0.011580,-0.000059,-0.000000,0.000000,0.750016,0.000000
20.400000,1.016659,543.029968,0.000107,0.015334,293.000153,1.000000,1.000000,0.000000,1.000860,0.754053,0.800000,1.000000,0.000100000,0.000001113,0.066006,0.000000,0.015440,-0.000107,-0.000000,0.000001,0.750028,0.000000
20.500000,1.021241,543.047485,0.000134,0.019131,293.000305,1.000000,1.000000,0.000000,1.000860,0.755066,0.800000,1.000000,0.000100000,0.000001113,0.066009,0.000000,0.019300,-0.000170,-0.000000,0.000001,0.750044,0.000000
20.600000,1.025966,543.069275,0.000160,0.022914,293.000519,1.000000,1.000000,0.000000,1.000859,0.756080,0.800000,1.000000,0.000100000,0.000001113,0.066013,0.000000,0.023161,-0.000247,-0.000001,0.000001,0.750065,0.000000
20.699999,1.030832,543.095520,0.000187,0.026680,293.000824,1.000000,1.000000,0.000000,1.000841,0.757093,0.800000,1.000000,0.000100000,0.000001113,0.066018,0.000000,0.027021,-0.000341,-0.000001,0.000001,0.750089,0.000000
20.799999,1.035833,543.126221,0.000213,0.030430,293.001221,1.000000,0.999999,0.000000,1.000860,0.758106,0.800000,1.000000,0.000100000,0.000001113,0.066024,0.000000,0.030881,-0.000451,-0.000002,0.000002,0.750118,0.000000
20.900000,1.040969,543.161499,0.000239,0.034164,293.001740,1.000000,0.999999,0.000000,1.000860,0.759119,0.800000,1.000000,0.000100000,0.000001113,0.066031,0.000000,0.034741,-0.000577,-0.000002,0.000002,0.750151,0.000000
21.000000,1.046236,543.201538,0.000265,0.037881,293.002380,1.000001,0.999999,0.000000,1.000860,0.760133,0.800000,1.000000,0.000100000,0.000001113,0.066038,0.000000,0.038601,-0.000720,-0.000003,0.000003,0.750189,0.000000
21.100000,1.051634,543.246399,0.000291,0.041580,293.003174,1.000001,0.999999,0.000000,1.000860,0.761146,0.800000,1.000000,0.000100000,0.000001113,0.066047,0.000000,0.042461,-0.000880,-0.000005,0.000004,0.750231,0.000000
21.199999,1.057162,543.296204,0.000317,0.045262,293.004089,1.000001,0.999999,0.000000,1.000837,0.762159,0.800000,1.000000,0.000100000,0.000001113,0.066056,0.000000,0.046321,-0.001058,-0.000006,0.000004,0.750278,0.000000
21.299999,1.062819,543.350952,0.000342,0.048926,293.005219,1.000001,0.999998,0.000000,1.000860,0.763173,0.800000,1.000000,0.000100000,0.000001113,0.066066,0.000000,0.050181,-0.001253,-0.000007,0.000005,0.750330,0.000000
21.400000,1.068603,543.410889,0.000368,0.052571,293.006500,1.000001,0.999998,0.000000,1.000860,0.764186,0.800000,1.000000,0.000100000,0.000001113,0.066077,0.000000,0.054041,-0.001467,-0.000009,0.000006,0.750386,0.000000
21.500000,1.074515,543.476074,0.000393,0.056197,293.007996,1.000001,0.999998,0.000000,1.000859,0.765199,0.800000,1.000000,0.000100000,0.000001113,0.066090,0.000000,0.057902,-0.001700,-0.000011,0.000007,0.750447,0.000000
21.600000,1.080554,543.546570,0.000419,0.059804,293.009674,1.000002,0.999997,0.000000,1.000860,0.766212,0.800000,1.000000,0.000100000,0.000001113,0.066103,0.000000,0.061762,-0.001952,-0.000014,0.000008,0.750514,0.000000
21.699999,1.086719,543.622498,0.000444,0.063391,293.011597,1.000002,0.999997,0.000000,1.000841,0.767226,0.800000,1.000000,0.000100000,0.000001113,0.066117,0.000000,0.065622,-0.002223,-0.000017,0.000009,0.750586,0.000000
21.799999,1.093011,543.703918,0.000469,0.066959,293.013733,1.000002,0.999996,0.000000,1.000860,0.768239,0.800000,1.000000,0.000100000,0.000001113,0.066132,0.000000,0.069482,-0.002514,-0.000020,0.000010,0.750662,0.000000
21.900000,1.099431,543.791016,0.000494,0.070505,293.016144,1.000003,0.999996,0.000000,1.000860,0.769252,0.800000,1.000000,0.000100000,0.000001113,0.066148,0.000000,0.073342,-0.002825,-0.000023,0.000012,0.750745,0.000000
22.000000,1.105977,543.883789,0.000518,0.074032,293.018799,1.000003,0.999996,0.000000,1.000859,0.770266,0.800000,1.000000,0.000100000,0.000001113,0.066166,0.000000,0.077202,-0.003156,-0.000027,0.000013,0.750832,0.000000
22.100000,1.112651,543.982422,0.000543,0.077537,293.021729,1.000003,0.999995,0.000000,1.000856,0.771279,0.800000,1.000000,0.000100000,0.000001113,0.066184,0.000000,0.081062,-0.003509,-0.000031,0.000014,0.750925,0.000000
22.199999,1.119452,544.086914,0.000567,0.081021,293.024933,1.000003,0.999994,0.000000,1.000841,0.772292,0.800000,1.000000,0.000100000,0.000001113,0.066203,0.000000,0.084922,-0.003882,-0.000036,0.000016,0.751024,0.000000
22.299999,1.126381,544.197510,0.000591,0.084483,293.028442,1.000004,0.999994,0.000000,1.000860,0.773305,0.800000,1.000000,0.000100000,0.000001113,0.066224,0.000000,0.088782,-0.004277,-0.000041,0.000018,0.751129,0.000000
22.400000,1.133437,544.314148,0.000615,0.087922,293.032257,1.000004,0.999993,0.000000,1.000860,0.774319,0.800000,1.000000,0.000100000,0.000001113,0.066245,0.000000,0.092643,-0.004693,-0.000046,0.000019,0.751239,0.000000
22.500000,1.140625,544.437012,0.000639,0.091340,293.036377,1.000005,0.999993,0.000000,1.000860,0.775332,0.800000,1.000000,0.000100000,0.000001113,0.066268,0.000000,0.096503,-0.005132,-0.000052,0.000021,0.751355,0.000000
22.600000,1.147938,544.566162,0.000663,0.094734,293.040863,1.000005,0.999992,0.000000,1.000860,0.776345,0.800000,1.000000,0.000100000,0.000001113,0.066292,0.000000,0.100363,-0.005593,-0.000058,0.000023,0.751478,0.000000
22.699999,1.155383,544.701782,0.000687,0.098105,293.045685,1.000005,0.999991,0.000000,1.000840,0.777359,0.800000,1.000000,0.000100000,0.000001113,0.066317,0.000000,0.104223,-0.006078,-0.000065,0.000025,0.751606,0.000000
22.799999,1.162957,544.843872,0.000710,0.101452,293.050842,1.000006,0.999990,0.000000,1.000860,0.778372,0.800000,1.000000,0.000100000,0.000001113,0.066343,0.000000,0.108083,-0.006585,-0.000073,0.000027,0.751741,0.000000
22.900000,1.170662,544.992554,0.000733,0.104776,293.056396,1.000006,0.999990,0.000000,1.000860,0.779385,0.800000,1.000000,0.000100000,0.000001113,0.066370,0.000000,0.111943,-0.007116,-0.000081,0.000029,0.751881,0.000000
23.000000,1.178498,545.147949,0.000757,0.108075,293.062317,1.000007,0.999989,0.000000,1.000856,0.780398,0.800000,1.000000,0.000100000,0.000001113,0.066399,0.000000,0.115803,-0.007671,-0.000089,0.000032,0.752029,0.000000
23.099998,1.186465,545.310120,0.000779,0.111349,293.068634,1.000007,0.999988,0.000000,1.000841,0.781412,0.800000,1.000000,0.000100000,0.000001113,0.066428,0.000000,0.119663,-0.008250,-0.000098,0.000034,0.752183,0.000000
23.199999,1.194565,545.479187,0.000802,0.114598,293.075348,1.000008,0.999987,0.000000,1.000860,0.782425,0.800000,1.000000,0.000100000,0.000001113,0.066459,0.000000,0.123523,-0.008854,-0.000108,0.000037,0.752343,0.000000
23.299999,1.202797,545.655273,0.000825,0.117822,293.082489,1.000008,0.999986,0.000000,1.000859,0.783438,0.800000,1.000000,0.000100000,0.000001113,0.066492,0.000000,0.127384,-0.009483,-0.000118,0.000039,0.752510,0.000000
23.400000,1.211162,545.838440,0.000847,0.121020,293.090057,1.000009,0.999985,0.000000,1.000860,0.784451,0.800000,1.000000,0.000100000,0.000001113,0.066525,0.000000,0.131244,-0.010137,-0.000129,0.000042,0.752684,0.000000
23.500000,1.219661,546.028809,0.000869,0.124191,293.098053,1.000010,0.999984,0.000000,1.000860,0.785465,0.800000,1.000000,0.000100000,0.000001113,0.066560,0.000000,0.135104,-0.010817,-0.000140,0.000045,0.752864,0.000000
23.599999,1.228293,546.226501,0.000891,0.127337,293.106476,1.000010,0.999983,0.000000,1.000841,0.786478,0.800000,1.000000,0.000100000,0.000001113,0.066596,0.000000,0.138964,-0.011523,-0.000152,0.000048,0.753052,0.000000
23.699999,1.237061,546.431519,0.000913,0.130455,293.115387,1.000011,0.999982,0.000000,1.000859,0.787491,0.800000,1.000000,0.000100000,0.000001113,0.066633,0.000000,0.142824,-0.012255,-0.000165,0.000051,0.753247,0.000000
23.799999,1.245962,546.644104,0.000935,0.133546,293.124786,1.000012,0.999981,0.000000,1.000860,0.788505,0.800000,1.000000,0.000100000,0.000001113,0.066672,0.000000,0.146684,-0.013015,-0.000178,0.000054,0.753449,0.000000
23.900000,1.255001,546.864197,0.000956,0.136609,293.134644,1.000012,0.999980,0.000000,1.000857,0.789518,0.800000,1.000000,0.000100000,0.000001113,0.066712,0.000000,0.150544,-0.013801,-0.000192,0.000058,0.753658,0.000000
24.000000,1.264174,547.092041,0.000978,0.139644,293.144989,1.000013,0.999979,0.000000,1.000860,0.790531,0.800000,1.000000,0.000100000,0.000001113,0.066753,0.000000,0.154404,-0.014614,-0.000207,0.000061,0.753875,0.000000
24.099998,1.273484,547.327637,0.000999,0.142651,293.155853,1.000014,0.999977,0.000000,1.000840,0.791544,0.800000,1.000000,0.000100000,0.000001113,0.066796,0.000000,0.158264,-0.015456,-0.000223,0.000065,0.754099,0.000000
24.199999,1.282931,547.571167,0.001019,0.145629,293.167236,1.000015,0.999976,0.000000,1.000860,0.792558,0.800000,1.000000,0.000100000,0.000001113,0.066840,0.000000,0.162125,-0.016326,-0.000239,0.000068,0.754330,0.000000
24.299999,1.292514,547.822632,0.001040,0.148577,293.179169,1.000015,0.999975,0.000001,1.000860,0.793571,0.800000,1.000000,0.000100000,0.000001113,0.066885,0.000000,0.165985,-0.017224,-0.000256,0.000072,0.754569,0.000000
24.400000,1.302234,548.082214,0.001060,0.151496,293.191589,1.000016,0.999973,0.000001,1.000860,0.794584,0.800000,1.000000,0.000100000,0.000001113,0.066932,0.000000,0.169845,-0.018151,-0.000274,0.000076,0.754816,0.000000
24.500000,1.312092,548.349976,0.001081,0.154386,293.204590,1.000017,0.999972,0.000001,1.000860,0.795598,0.800000,1.000000,0.000100000,0.000001113,0.066981,0.000000,0.173705,-0.019107,-0.000292,0.000080,0.755071,0.000000
24.599999,1.322087,548.626038,0.001101,0.157245,293.218140,1.000018,0.999970,0.000001,1.000841,0.796611,0.800000,1.000000,0.000100000,0.000001113,0.067030,0.000000,0.177565,-0.020093,-0.000312,0.000084,0.755334,0.000000
24.699999,1.332220,548.910461,0.001121,0.160073,293.232269,1.000019,0.999969,0.000001,1.000859,0.797624,0.800000,1.000000,0.000100000,0.000001113,0.067082,0.000000,0.181425,-0.021109,-0.000332,0.000089,0.755605,0.000000
24.799999,1.342490,549.203369,0.001140,0.162871,293.246979,1.000020,0.999967,0.000001,1.000857,0.798637,0.800000,1.000000,0.000100000,0.000001113,0.067134,0.000000,0.185285,-0.022155,-0.000353,0.000093,0.755884,0.000000
24.900000,1.352898,549.504883,0.001159,0.165637,293.262299,1.000021,0.999966,0.000001,1.000860,0.799651,0.800000,1.000000,0.000100000,0.000001113,0.067188,0.000000,0.189145,-0.023232,-0.000375,0.000098,0.756171,0.000000
25.000000,1.359477,549.813965,0.001161,0.165846,293.278198,1.000022,0.999964,0.000001,1.000860,0.800000,0.800000,1.000000,0.000100000,0.000001113,0.067244,0.000000,0.190476,-0.024336,-0.000397,0.000103,0.756465,0.000000
25.099998,1.363482,550.126099,0.001153,0.164713,293.294708,1.000023,0.999962,0.000001,1.000841,0.800000,0.800000,1.000000,0.000100000,0.000001113,0.067300,0.000000,0.190476,-0.025450,-0.000421,0.000108,0.756763,0.000000
25.199999,1.367286,550.440796,0.001145,0.163569,293.311798,1.000024,0.999961,0.000001,1.000861,0.800000,0.800000,1.000000,0.000100000,0.000001113,0.067356,0.000000,0.190476,-0.026574,-0.000445,0.000112,0.757063,0.000000
25.299999,1.370912,550.757813,0.001137,0.162417,293.329468,1.000025,0.999959,0.000001,1.000860,0.800000,0.800000,1.000000,0.000100000,0.000001113,0.067412,0.000000,0.190476,-0.027706,-0.000471,0.000117,0.757366,0.000000
25.400000,1.374373,551.077026,0.001129,0.161256,293.347687,1.000026,0.999957,0.000001,1.000859,0.800000,0.800000,1.000000,0.000100000,0.000001113,0.067469,0.000000,0.190476,-0.028847,-0.000497,0.000122,0.757670,0.000000
25.500000,1.377683,551.398193,0.001121,0.160087,293.366455,1.000027,0.999955,0.000001,1.000860,0.800000,0.800000,1.000000,0.000100000,0.000001113,0.067526,0.000000,0.190476,-0.029994,-0.000524,0.000127,0.757977,0.000000
25.599999,1.380852,551.721314,0.001112,0.158910,293.385742,1.000028,0.999954,0.000001,1.000841,0.800000,0.800000,1.000000,0.000100000,0.000001113,0.067583,0.000000,0.190476,-0.031148,-0.000551,0.000132,0.758286,0.000000
25.699999,1.383889,552.046082,0.001104,0.157727,293.405579,1.000030,0.999952,0.000001,1.000856,0.800000,0.800000,1.000000,0.000100000,0.000001113,0.067641,0.000000,0.190476,-0.032307,-0.000579,0.000138,0.758597,0.000000
25.799999,1.386801,552.372498,0.001096,0.156538,293.425903,1.000031,0.999950,0.000001,1.000860,0.800000,0.800000,1.000000,0.000100000,0.000001113,0.067698,0.000000,0.190476,-0.033473,-0.000608,0.000143,0.758909,0.000000
25.900000,1.389594,552.700439,0.001087,0.155342,293.446716,1.000032,0.999948,0.000001,1.000860,0.800000,0.800000,1.000000,0.000100000,0.000001113,0.067756,0.000000,0.190476,-0.034644,-0.000638,0.000148,0.759223,0.000000
26.000000,1.392273,553.029724,0.001079,0.154141,293.468018,1.000033,0.999946,0.000001,1.000860,0.800000,0.800000,1.000000,0.000100000,0.000001113,0.067813,0.000000,0.190476,-0.035820,-0.000669,0.000153,0.759538,0.000000
26.099998,1.394844,553.360291,0.001071,0.152934,293.489777,1.000034,0.999945,0.000001,1.000841,0.800000,0.800000,1.000000,0.000100000,0.000001113,0.067871,0.000000,0.190476,-0.037001,-0.000700,0.000158,0.759855,0.000000
26.199999,1.397311,553.692078,0.001062,0.151723,293.511993,1.000035,0.999943,0.000001,1.000860,0.800000,0.800000,1.000000,0.000100000,0.000001113,0.067929,0.000000,0.190476,-0.038186,-0.000731,0.000164,0.760173,0.000000
26.299999,1.399677,554.024841,0.001054,0.150507,293.534637,1.000036,0.999941,0.000001,1.000859,0.800000,0.800000,1.000000,0.000100000,0.000001113,0.067987,0.000000,0.190476,-0.039374,-0.000764,0.000169,0.760492,0.000000
26.400000,1.401947,554.358643,0.001045,0.149287,293.557709,1.000038,0.999939,0.000001,1.000860,0.800000,0.800000,1.000000,0.000100000,0.000001113,0.068045,0.000000,0.190476,-0.040567,-0.000797,0.000174,0.760812,0.000000
26.500000,1.404123,554.693359,0.001036,0.148064,293.581207,1.000039,0.999937,0.000001,1.000860,0.800000,0.800000,1.000000,0.000100000,0.000001113,0.068103,0.000000,0.190476,-0.041762,-0.000830,0.000180,0.761133,0.000000
26.599999,1.406207,555.028870,0.001028,0.146837,293.605103,1.000040,0.999935,0.000001,1.000837,0.800000,0.800000,1.000000,0.000100000,0.000001113,0.068160,0.000000,0.190476,-0.042960,-0.000864,0.000185,0.761455,0.000000
26.699999,1.408203,555.365051,0.001019,0.145607,293.629364,1.000041,0.999933,0.000001,1.000860,0.800000,0.800000,1.000000,0.000100000,0.000001113,0.068218,0.000000,0.190476,-0.044161,-0.000899,0.000190,0.761778,0.000000
26.799999,1.410116,555.701904,0.001011,0.144374,293.654022,1.000042,0.999931,0.000001,1.000860,0.800000,0.800000,1.000000,0.000100000,0.000001113,0.068276,0.000000,0.190476,-0.045364,-0.000934,0.000196,0.762102,0.000000
26.900000,1.411943,556.039307,0.001002,0.143139,293.679047,1.000043,0.999930,0.000001,1.000860,0.800000,0.800000,1.000000,0.000100000,0.000001113,0.068334,0.000000,0.190476,-0.046569,-0.000970,0.000201,0.762426,0.000000
27.000000,1.413689,556.377197,0.000993,0.141901,293.704407,1.000045,0.999928,0.000001,1.000860,0.800000,0.800000,1.000000,0.000100000,0.000001113,0.068392,0.000000,0.190476,-0.047776,-0.001006,0.000207,0.762751,0.000000
27.099998,1.415357,556.715454,0.000985,0.140662,293.730103,1.000046,0.999926,0.000001,1.000841,0.800000,0.800000,1.000000,0.000100000,0.000001113,0.068449,0.000000,0.190476,-0.048984,-0.001043,0.000212,0.763076,0.000000
27.199999,1.416946,557.054077,0.000976,0.139421,293.756134,1.000047,0.999924,0.000002,1.000859,0.800000,0.800000,1.000000,0.000100000,0.000001113,0.068507,0.000000,0.190476,-0.050193,-0.001080,0.000218,0.763402,0.000000
27.299999,1.418460,557.392944,0.000967,0.138179,293.782471,1.000048,0.999922,0.000002,1.000860,0.800000,0.800000,1.000000,0.000100000,0.000001113,0.068564,0.000000,0.190476,-0.051403,-0.001118,0.000223,0.763728,0.000000
27.400000,1.419900,557.731995,0.000959,0.136935,293.809113,1.000049,0.999920,0.000002,1.000859,0.800000,0.800000,1.000000,0.000100000,0.000001113,0.068621,0.000000,0.190476,-0.052614,-0.001156,0.000229,0.764055,0.000000
27.500000,1.421268,558.071167,0.000950,0.135691,293.836060,1.000051,0.999918,0.000002,1.000857,0.800000,0.800000,1.000000,0.000100000,0.000001113,0.068679,0.000000,0.190476,-0.053826,-0.001194,0.000235,0.764381,0.000000
27.599999,1.422566,558.410400,0.000941,0.134446,293.863281,1.000052,0.999916,0.000002,1.000841,0.800000,0.800000,1.000000,0.000100000,0.000001113,0.068736,0.000000,0.190476,-0.055037,-0.001233,0.000240,0.764708,0.000000
27.699999,1.423793,558.749573,0.000932,0.133201,293.890778,1.000053,0.999914,0.000002,1.000861,0.800000,0.800000,1.000000,0.000100000,0.000001113,0.068793,0.000000,0.190476,-0.056248,-0.001273,0.000246,0.765035,0.000000
27.799999,1.424954,559.088745,0.000924,0.131956,293.918518,1.000054,0.999912,0.000002,1.000859,0.800000,0.800000,1.000000,0.000100000,0.000001113,0.068849,0.000000,0.190476,-0.057460,-0.001312,0.000252,0.765362,0.000000
27.900000,1.426048,559.427734,0.000915,0.130711,293.946503,1.000055,0.999910,0.000002,1.000860,0.800000,0.800000,1.000000,0.000100000,0.000001113,0.068906,0.000000,0.190476,-0.058670,-0.001352,0.000257,0.765688,0.000000
28.000000,1.427077,559.766541,0.000906,0.129466,293.974762,1.000057,0.999908,0.000002,1.000860,0.800000,0.800000,1.000000,0.000100000,0.000001113,0.068962,0.000000,0.190476,-0.059881,-0.001393,0.000263,0.766015,0.000000
28.099998,1.428042,560.105103,0.000898,0.128222,294.003235,1.000058,0.999906,0.000002,1.000841,0.800000,0.800000,1.000000,0.000100000,0.000001113,0.069018,0.000000,0.190476,-0.061090,-0.001433,0.000269,0.766342,0.000000
28.199999,1.428945,560.443359,0.000889,0.126979,294.031921,1.000059,0.999904,0.000002,1.000859,0.800000,0.800000,1.000000,0.000100000,0.000001113,0.069074,0.000000,0.190476,-0.062298,-0.001474,0.000274,0.766668,0.000000
28.299999,1.429786,560.781189,0.000880,0.125737,294.060791,1.000060,0.999902,0.000002,1.000860,0.800000,0.800000,1.000000,0.000100000,0.000001113,0.069130,0.000000,0.190476,-0.063504,-0.001515,0.000280,0.766994,0.000000
28.400000,1.430567,561.118652,0.000871,0.124496,294.089905,1.000062,0.999900,0.000002,1.000856,0.800000,0.800000,1.000000,0.000100000,0.000001113,0.069185,0.000000,0.190476,-0.064709,-0.001557,0.000286,0.767320,0.000000
28.500000,1.431289,561.455627,0.000863,0.123256,294.119171,1.000063,0.999898,0.000002,1.000860,0.800000,0.800000,1.000000,0.000100000,0.000001113,0.069241,0.000000,0.190476,-0.065913,-0.001599,0.000292,0.767645,0.000000
28.599999,1.431953,561.792114,0.000854,0.122018,294.148651,1.000064,0.999896,0.000002,1.000841,0.800000,0.800000,1.000000,0.000100000,0.000001113,0.069296,0.000000,0.190476,-0.067115,-0.001641,0.000297,0.767970,0.000000
28.699999,1.432561,562.127991,0.000845,0.120782,294.178284,1.000065,0.999894,0.000002,1.000859,0.800000,0.800000,1.000000,0.000100000,0.000001113,0.069350,0.000000,0.190476,-0.068314,-0.001683,0.000303,0.768295,0.000000
28.799999,1.433114,562.463196,0.000837,0.119548,294.208069,1.000067,0.999892,0.000002,1.000860,0.800000,0.800000,1.000000,0.000100000,0.000001113,0.069405,0.000000,0.190476,-0.069511,-0.001726,0.000309,0.768619,0.000000
28.900000,1.433612,562.797791,0.000828,0.118316,294.238037,1.000068,0.999890,0.000002,1.000859,0.800000,0.800000,1.000000,0.000100000,0.000001113,0.069459,0.000000,0.190476,-0.070706,-0.001769,0.000315,0.768942,0.000000
29.000000,1.434056,563.131653,0.000820,0.117087,294.268127,1.000069,0.999888,0.000002,1.000860,0.800000,0.800000,1.000000,0.000100000,0.000001113,0.069513,0.000000,0.190476,-0.071899,-0.001812,0.000321,0.769265,0.000000
29.099998,1.434448,563.464722,0.000811,0.115860,294.298340,1.000070,0.999886,0.000002,1.000841,0.800000,0.800000,1.000000,0.000100000,0.000001113,0.069567,0.000000,0.190476,-0.073088,-0.001855,0.000326,0.769587,0.000000
29.199999,1.434788,563.796997,0.000802,0.114635,294.328705,1.000072,0.999884,0.000002,1.000859,0.800000,0.800000,1.000000,0.000100000,0.000001113,0.069620,0.000000,0.190476,-0.074275,-0.001898,0.000332,0.769908,0.000000
29.299999,1.435079,564.128357,0.000794,0.113414,294.359192,1.000073,0.999882,0.000002,1.000856,0.800000,0.800000,1.000000,0.000100000,0.000001113,0.069673,0.000000,0.190476,-0.075458,-0.001942,0.000338,0.770229,0.000000
29.400000,1.435319,564.458862,0.000785,0.112196,294.389771,1.000074,0.999880,0.000002,1.000860,0.800000,0.800000,1.000000,0.000100000,0.000001113,0.069726,0.000000,0.190476,-0.076639,-0.001985,0.000344,0.770549,0.000000
29.500000,1.435512,564.788452,0.000777,0.110981,294.420471,1.000075,0.999878,0.000002,1.000860,0.800000,0.800000,1.000000,0.000100000,0.000001113,0.069778,0.000000,0.190476,-0.077816,-0.002029,0.000349,0.770868,0.000000
29.599999,1.435657,565.117065,0.000768,0.109769,294.451263,1.000076,0.999876,0.000002,1.000841,0.800000,0.800000,1.000000,0.000100000,0.000001113,0.069830,0.000000,0.190476,-0.078990,-0.002073,0.000355,0.771186,0.000000
29.699999,1.435756,565.444580,0.000760,0.108561,294.482117,1.000078,0.999874,0.000003,1.000860,0.800000,0.800000,1.000000,0.000100000,0.000001113,0.069882,0.000000,0.190476,-0.080159,-0.002117,0.000361,0.771503,0.000000
29.799999,1.435809,565.771118,0.000751,0.107356,294.513092,1.000079,0.999872,0.000003,1.000859,0.800000,0.800000,1.000000,0.000100000,0.000001113,0.069934,0.000000,0.190476,-0.081325,-0.002162,0.000367,0.771819,0.000000
29.900000,1.435818,566.096497,0.000743,0.106156,294.544098,1.000080,0.999870,0.000003,1.000859,0.800000,0.800000,1.000000,0.000100000,0.000001113,0.069985,0.000000,0.190476,-0.082487,-0.002206,0.000373,0.772134,0.000000
30.000000,1.435783,566.420715,0.000735,0.104959,294.575195,1.000081,0.999868,0.000003,1.000860,0.800000,0.800000,1.000000,0.000100000,0.000001113,0.070036,0.000000,0.190476,-0.083645,-0.002250,0.000378,0.772448,0.000000
30.099998,1.435705,566.743835,0.000726,0.103766,294.606354,1.000083,0.999866,0.000003,1.000841,0.800000,0.800000,1.000000,0.000100000,0.000001113,0.070086,0.000000,0.190476,-0.084799,-0.002295,0.000384,0.772761,0.000000
30.199999,1.435586,567.065735,0.000718,0.102578,294.637573,1.000084,0.999864,0.000003,1.000856,0.800000,0.800000,1.000000,0.000100000,0.000001113,0.070136,0.000000,0.190476,-0.085949,-0.002339,0.000390,0.773073,0.000000
30.299999,1.435426,567.386353,0.000710,0.101394,294.668823,1.000085,0.999862,0.000003,1.000860,0.800000,0.800000,1.000000,0.000100000,0.000001113,0.070186,0.000000,0.190476,-0.087094,-0.002384,0.000396,0.773384,0.000000
30.400000,1.435226,567.705689,0.000702,0.100215,294.700104,1.000086,0.999859,0.000003,1.000860,0.800000,0.800000,1.000000,0.000100000,0.000001113,0.070235,0.000000,0.190476,-0.088235,-0.002429,0.000402,0.773694,0.000000
30.500000,1.434986,568.023804,0.000693,0.099040,294.731415,1.000088,0.999857,0.000003,1.000859,0.800000,0.800000,1.000000,0.000100000,0.000001113,0.070284,0.000000,0.190476,-0.089371,-0.002473,0.000408,0.774002,0.000000
30.599999,1.434708,568.340515,0.000685,0.097870,294.762756,1.000089,0.999855,0.000003,1.000841,0.800000,0.800000,1.000000,0.000100000,0.000001113,0.070333,0.000000,0.190476,-0.090502,-0.002518,0.000413,0.774309,0.000000
30.699999,1.434393,568.655884,0.000677,0.096704,294.794128,1.000090,0.999853,0.000003,1.000860,0.800000,0.800000,1.000000,0.000100000,0.000001113,0.070381,0.000000,0.190476,-0.091628,-0.002563,0.000419,0.774615,0.000000
30.799999,1.434041,568.969788,0.000669,0.095544,294.825501,1.000091,0.999851,0.000003,1.000860,0.800000,0.800000,1.000000,0.000100000,0.000001113,0.070429,0.000000,0.190476,-0.092749,-0.002608,0.000425,0.774920,0.000000
30.900000,1.433653,569.282349,0.000661,0.094389,294.856873,1.000093,0.999849,0.000003,1.000861,0.800000,0.800000,1.000000,0.000100000,0.000001113,0.070477,0.000000,0.190476,-0.093866,-0.002653,0.000431,0.775223,0.000000
31.000000,1.433230,569.593445,0.000653,0.093239,294.888275,1.000094,0.999847,0.000003,1.000859,0.800000,0.800000,1.000000,0.000100000,0.000001113,0.070524,0.000000,0.190476,-0.094977,-0.002698,0.000436,0.775525,0.000000
31.099998,1.432774,569.903015,0.000645,0.092094,294.919647,1.000095,0.999845,0.000003,1.000837,0.800000,0.800000,1.000000,0.000100000,0.000001113,0.070571,0.000000,0.190476,-0.096082,-0.002742,0.000442,0.775825,0.000000
31.199999,1.432283,570.211121,0.000637,0.090955,294.951019,1.000096,0.999843,0.000003,1.000861,0.800000,0.800000,1.000000,0.000100000,0.000001113,0.070617,0.000000,0.190476,-0.097183,-0.002787,0.000448,0.776125,0.000000
31.299999,1.431762,570.517700,0.000629,0.089821,294.982361,1.000098,0.999841,0.000003,1.000859,0.800000,0.800000,1.000000,0.000100000,0.000001113,0.070663,0.000000,0.190476,-0.098277,-0.002832,0.000454,0.776422,0.000000
31.400000,1.431208,570.822693,0.000621,0.088692,295.013702,1.000099,0.999839,0.000003,1.000860,0.800000,0.800000,1.000000,0.000100000,0.000001113,0.070708,0.000000,0.190476,-0.099367,-0.002877,0.000459,0.776718,0.000000
31.500000,1.430622,571.126160,0.000613,0.087570,295.045013,1.000100,0.999837,0.000003,1.000860,0.800000,0.800000,1.000000,0.000100000,0.000001113,0.070754,0.000000,0.190476,-0.100451,-0.002921,0.000465,0.777013,0.000000
31.599999,1.430006,571.427979,0.000605,0.086453,295.076263,1.000101,0.999835,0.000003,1.000840,0.800000,0.800000,1.000000,0.000100000,0.000001113,0.070798,0.000000,0.190476,-0.101528,-0.002966,0.000471,0.777306,0.000000
31.699999,1.429361,571.728149,0.000597,0.085342,295.107513,1.000103,0.999833,0.000003,1.000860,0.800000,0.800000,1.000000,0.000100000,0.000001113,0.070843,0.000000,0.190476,-0.102601,-0.003011,0.000477,0.777598,0.000000
31.799999,1.428687,572.026733,0.000590,0.084237,295.138702,1.000104,0.999831,0.000003,1.000860,0.800000,0.800000,1.000000,0.000100000,0.000001113,0.070887,0.000000,0.190476,-0.103667,-0.003055,0.000482,0.777888,0.000000
31.900000,1.427985,572.323608,0.000582,0.083138,295.169861,1.000105,0.999829,0.000003,1.000859,0.800000,0.800000,1.000000,0.000100000,0.000001113,0.070930,0.000000,0.190476,-0.104727,-0.003100,0.000488,0.778176,0.000000
32.000000,1.427255,572.618835,0.000574,0.082044,295.200958,1.000106,0.999827,0.000003,1.000856,0.800000,0.800000,1.000000,0.000100000,0.000001113,0.070973,0.000000,0.190476,-0.105782,-0.003144,0.000494,0.778463,0.000000
32.099998,1.426499,572.912354,0.000567,0.080958,295.231995,1.000108,0.999825,0.000003,1.000841,0.800000,0.800000,1.000000,0.000100000,0.000001113,0.071016,0.000000,0.190476,-0.106830,-0.003189,0.000499,0.778749,0.000000
32.200001,1.425717,573.204163,0.000559,0.079877,295.262970,1.000109,0.999823,0.000004,1.000879,0.800000,0.800000,1.000000,0.000100000,0.000001113,0.071058,0.000000,0.190476,-0.107872,-0.003233,0.000505,0.779032,0.000000
32.299999,1.424910,573.494202,0.000552,0.078802,295.293854,1.000110,0.999821,0.000004,1.000841,0.800000,0.800000,1.000000,0.000100000,0.000001113,0.071100,0.000000,0.190476,-0.108908,-0.003277,0.000511,0.779314,0.000000
32.399998,1.424078,573.782471,0.000544,0.077734,295.324707,1.000111,0.999819,0.000004,1.000841,0.800000,0.800000,1.000000,0.000100000,0.000001113,0.071142,0.000000,0.190476,-0.109937,-0.003321,0.000516,0.779595,0.000000
32.500000,1.423223,574.068970,0.000537,0.076673,295.355469,1.000112,0.999817,0.000004,1.000879,0.800000,0.800000,1.000000,0.000100000,0.000001113,0.071183,0.000000,0.190476,-0.110961,-0.003365,0.000522,0.779873,0.000000
32.599999,1.422344,574.353699,0.000529,0.075618,295.386169,1.000114,0.999815,0.000004,1.000840,0.800000,0.800000,1.000000,0.000100000,0.000001113,0.071223,0.000000,0.190476,-0.111977,-0.003409,0.000528,0.780150,0.000000
32.700001,1.421442,574.636658,0.000522,0.074569,295.416779,1.000115,0.999813,0.000004,1.000880,0.800000,0.800000,1.000000,0.000100000,0.000001113,0.071263,0.000000,0.190476,-0.112988,-0.003453,0.000533,0.780426,0.000000
32.799999,1.420519,574.917725,0.000515,0.073527,295.447296,1.000116,0.999811,0.000004,1.000840,0.800000,0.800000,1.000000,0.000100000,0.000001113,0.071303,0.000000,0.190476,-0.113992,-0.003496,0.000539,0.780699,0.000000
32.899998,1.419574,575.197021,0.000507,0.072492,295.477722,1.000117,0.999809,0.000004,1.000838,0.800000,0.800000,1.000000,0.000100000,0.000001113,0.071342,0.000000,0.190476,-0.114989,-0.003540,0.000544,0.780971,0.000000
33.000000,1.418608,575.474426,0.000500,0.071464,295.508057,1.000118,0.999808,0.000004,1.000878,0.800000,0.800000,1.000000,0.000100000,0.000001113,0.071381,0.000000,0.190476,-0.115980,-0.003583,0.000550,0.781241,0.000000
33.099998,1.417622,575.750000,0.000493,0.070442,295.538300,1.000120,0.999806,0.000004,1.000841,0.800000,0.800000,1.000000,0.000100000,0.000001113,0.071420,0.000000,0.190476,-0.116964,-0.003626,0.000556,0.781509,0.000000
33.200001,1.416618,576.023682,0.000486,0.069427,295.568451,1.000121,0.999804,0.000004,1.000879,0.800000,0.800000,1.000000,0.000100000,0.000001113,0.071458,0.000000,0.190476,-0.117942,-0.003669,0.000561,0.781776,0.000000
33.299999,1.415594,576.295532,0.000479,0.068419,295.598480,1.000122,0.999802,0.000004,1.000841,0.800000,0.800000,1.000000,0.000100000,0.000001113,0.071495,0.000000,0.190476,-0.118913,-0.003712,0.000567,0.782040,0.000000
33.399998,1.414552,576.565430,0.000472,0.067417,295.628418,1.000123,0.999800,0.000004,1.000841,0.800000,0.800000,1.000000,0.000100000,0.000001113,0.071532,0.000000,0.190476,-0.119877,-0.003755,0.000572,0.782303,0.000000
33.500000,1.413492,576.833496,0.000465,0.066423,295.658234,1.000124,0.999798,0.000004,1.000879,0.800000,0.800000,1.000000,0.000100000,0.000001113,0.071569,0.000000,0.190476,-0.120834,-0.003797,0.000578,0.782564,0.000000
33.599999,1.412415,577.099609,0.000458,0.065436,295.687958,1.000126,0.999796,0.000004,1.000841,0.800000,0.800000,1.000000,0.000100000,0.000001113,0.071605,0.000000,0.190476,-0.121784,-0.003840,0.000583,0.782823,0.000000
33.700001,1.411321,577.363770,0.000451,0.064455,295.717529,1.000127,0.999794,0.000004,1.000879,0.800000,0.800000,1.000000,0.000100000,0.000001113,0.071641,0.000000,0.190476,-0.122728,-0.003882,0.000589,0.783081,0.000000
33.799999,1.410211,577.626099,0.000444,0.063482,295.747009,1.000128,0.999792,0.000004,1.000837,0.800000,0.800000,1.000000,0.000100000,0.000001113,0.071677,0.000000,0.190476,-0.123665,-0.003924,0.000594,0.783336,0.000000
33.899998,1.409086,577.886414,0.000438,0.062516,295.776367,1.000129,0.999790,0.000004,1.000841,0.800000,0.800000,1.000000,0.000100000,0.000001113,0.071712,0.000000,0.190476,-0.124594,-0.003966,0.000600,0.783590,0.000000
34.000000,1.407945,578.144775,0.000431,0.061557,295.805573,1.000130,0.999788,0.000004,1.000879,0.800000,0.800000,1.000000,0.000100000,0.000001113,0.071746,0.000000,0.190476,-0.125517,-0.004008,0.000605,0.783842,0.000000
34.099998,1.406790,578.401245,0.000424,0.060604,295.834686,1.000131,0.999786,0.000004,1.000840,0.800000,0.800000,1.000000,0.000100000,0.000001113,0.071780,0.000000,0.190476,-0.126433,-0.004050,0.000611,0.784091,0.000000
34.200001,1.405622,578.655701,0.000418,0.059660,295.863647,1.000133,0.999784,0.000004,1.000879,0.800000,0.800000,1.000000,0.000100000,0.000001113,0.071814,0.000000,0.190476,-0.127342,-0.004091,0.000616,0.784339,0.000000
34.299999,1.404439,578.908203,0.000411,0.058722,295.892456,1.000134,0.999783,0.000004,1.000840,0.800000,0.800000,1.000000,0.000100000,0.000001113,0.071847,0.000000,0.190476,-0.128244,-0.004132,0.000621,0.784585,0.000000
34.399998,1.403244,579.158752,0.000405,0.057792,295.921143,1.000135,0.999781,0.000004,1.000840,0.800000,0.800000,1.000000,0.000100000,0.000001113,0.071880,0.000000,0.190476,-0.129138,-0.004173,0.000627,0.784830,0.000000
34.500000,1.402037,579.407349,0.000398,0.056869,295.949707,1.000136,0.999779,0.000004,1.000880,0.800000,0.800000,1.000000,0.000100000,0.000001113,0.071913,0.000000,0.190476,-0.130026,-0.004214,0.000632,0.785072,0.000000
34.599999,1.400817,579.653931,0.000392,0.055953,295.978119,1.000137,0.999777,0.000004,1.000840,0.800000,0.800000,1.000000,0.000100000,0.000001113,0.071945,0.000000,0.190476,-0.130907,-0.004254,0.000637,0.785313,0.000000
34.700001,1.399586,579.898560,0.000385,0.055044,296.006378,1.000138,0.999775,0.000004,1.000876,0.800000,0.800000,1.000000,0.000100000,0.000001113,0.071976,0.000000,0.190476,-0.131781,-0.004295,0.000643,0.785551,0.000000
34.799999,1.398343,580.141235,0.000379,0.054142,296.034515,1.000140,0.999773,0.000005,1.000841,0.800000,0.800000,1.000000,0.000100000,0.000001113,0.072008,0.000000,0.190476,-0.132647,-0.004335,0.000648,0.785788,0.000000
34.899998,1.397091,580.381836,0.000373,0.053248,296.062500,1.000141,0.999771,0.000005,1.000840,0.800000,0.800000,1.000000,0.000100000,0.000001113,0.072038,0.000000,0.190476,-0.133507,-0.004375,0.000653,0.786022,0.000000
35.000000,1.395827,580.620483,0.000367,0.052362,296.090332,1.000142,0.999769,0.000005,1.000879,0.800000,0.800000,1.000000,0.000100000,0.000001113,0.072069,0.000000,0.190476,-0.134359,-0.004415,0.000659,0.786255,0.000000
35.099998,1.394555,580.857178,0.000360,0.051482,296.118011,1.000143,0.999768,0.000005,1.000841,0.800000,0.800000,1.000000,0.000100000,0.000001113,0.072098,0.000000,0.190476,-0.135204,-0.004454,0.000664,0.786486,0.000000
35.200001,1.393273,581.091797,0.000354,0.050610,296.145508,1.000144,0.999766,0.000005,1.000879,0.800000,0.800000,1.000000,0.000100000,0.000001113,0.072128,0.000000,0.190476,-0.136042,-0.004494,0.000669,0.786715,0.000000
35.299999,1.391981,581.324463,0.000348,0.049745,296.172882,1.000145,0.999764,0.000005,1.000840,0.800000,0.800000,1.000000,0.000100000,0.000001113,0.072157,0.000000,0.190476,-0.136873,-0.004533,0.000674,0.786942,0.000000
35.399998,1.390682,581.555176,0.000342,0.048888,296.200104,1.000146,0.999762,0.000005,1.000841,0.800000,0.800000,1.000000,0.000100000,0.000001113,0.072186,0.000000,0.190476,-0.137697,-0.004572,0.000680,0.787167,0.000000
35.500000,1.389374,581.783814,0.000336,0.048037,296.227142,1.000147,0.999760,0.000005,1.000878,0.800000,0.800000,1.000000,0.000100000,0.000001113,0.072214,0.000000,0.190476,-0.138514,-0.004610,0.000685,0.787390,0.000000
35.599999,1.388058,582.010498,0.000330,0.047195,296.254028,1.000149,0.999759,0.000005,1.000838,0.800000,0.800000,1.000000,0.000100000,0.000001113,0.072242,0.000000,0.190476,-0.139323,-0.004649,0.000690,0.787611,0.000000
35.700001,1.386736,582.235168,0.000325,0.046359,296.280762,1.000150,0.999757,0.000005,1.000879,0.800000,0.800000,1.000000,0.000100000,0.000001113,0.072269,0.000000,0.190476,-0.140126,-0.004687,0.000695,0.787831,0.000000
35.799999,1.385406,582.457825,0.000319,0.045531,296.307343,1.000151,0.999755,0.000005,1.000841,0.800000,0.800000,1.000000,0.000100000,0.000001113,0.072296,0.000000,0.190476,-0.140921,-0.004725,0.000700,0.788048,0.000000
35.899998,1.384070,582.678467,0.000313,0.044711,296.333740,1.000152,0.999753,0.000005,1.000840,0.800000,0.800000,1.000000,0.000100000,0.000001113,0.072323,0.000000,0.190476,-0.141709,-0.004762,0.000705,0.788264,0.000000
36.000000,1.382728,582.897156,0.000307,0.043897,296.359955,1.000153,0.999751,0.000005,1.000880,0.800000,0.800000,1.000000,0.000100000,0.000001113,0.072349,0.000000,0.190476,-0.142490,-0.004800,0.000710,0.788477,0.000000
36.099998,1.381380,583.113831,0.000302,0.043091,296.386047,1.000154,0.999750,0.000005,1.000840,0.800000,0.800000,1.000000,0.000100000,0.000001113,0.072374,0.000000,0.190476,-0.143264,-0.004837,0.000716,0.788689,0.000000
36.200001,1.380026,583.328491,0.000296,0.042293,296.411926,1.000155,0.999748,0.000005,1.000879,0.800000,0.800000,1.000000,0.000100000,0.000001113,0.072400,0.000000,0.190476,-0.144030,-0.004874,0.000721,0.788898,0.000000
36.299999,1.378667,583.541199,0.000291,0.041501,296.437653,1.000156,0.999746,0.000005,1.000841,0.800000,0.800000,1.000000,0.000100000,0.000001113,0.072425,0.000000,0.190476,-0.144790,-0.004911,0.000726,0.789106,0.000000
36.399998,1.377303,583.751892,0.000285,0.040717,296.463196,1.000157,0.999744,0.000005,1.000840,0.800000,0.800000,1.000000,0.000100000,0.000001113,0.072449,0.000000,0.190476,-0.145542,-0.004947,0.000731,0.789312,0.000000
36.500000,1.375935,583.960571,0.000280,0.039941,296.488586,1.000158,0.999743,0.000005,1.000876,0.800000,0.800000,1.000000,0.000100000,0.000001113,0.072473,0.000000,0.190476,-0.146288,-0.004984,0.000736,0.789516,0.000000
36.599999,1.374563,584.167297,0.000274,0.039172,296.513794,1.000160,0.999741,0.000005,1.000841,0.800000,0.800000,1.000000,0.000100000,0.000001113,0.072497,0.000000,0.190476,-0.147026,-0.005020,0.000741,0.789718,0.000000
36.700001,1.373188,584.372070,0.000269,0.038409,296.538849,1.000161,0.999739,0.000005,1.000878,0.800000,0.800000,1.000000,0.000100000,0.000001113,0.072521,0.000000,0.190476,-0.147757,-0.005055,0.000746,0.789918,0.000000
36.799999,1.371808,584.574829,0.000264,0.037655,296.563690,1.000162,0.999737,0.000005,1.000840,0.800000,0.800000,1.000000,0.000100000,0.000001113,0.072543,0.000000,0.190476,-0.148482,-0.005091,0.000751,0.790116,0.000000
36.899998,1.370426,584.775574,0.000258,0.036907,296.588379,1.000163,0.999736,0.000005,1.000842,0.800000,0.800000,1.000000,0.000100000,0.000001113,0.072566,0.000000,0.190476,-0.149198,-0.005126,0.000756,0.790312,0.000000
37.000000,1.369040,584.974426,0.000253,0.036167,296.612885,1.000164,0.999734,0.000005,1.000879,0.800000,0.800000,1.000000,0.000100000,0.000001113,0.072588,0.000000,0.190476,-0.149909,-0.005161,0.000761,0.790506,0.000000
37.099998,1.367652,585.171265,0.000248,0.035434,296.637207,1.000165,0.999732,0.000005,1.000840,0.800000,0.800000,1.000000,0.000100000,0.000001113,0.072610,0.000000,0.190476,-0.150612,-0.005196,0.000765,0.790699,0.000000
37.200001,1.366261,585.366150,0.000243,0.034709,296.661346,1.000166,0.999730,0.000005,1.000880,0.800000,0.800000,1.000000,0.000100000,0.000001113,0.072631,0.000000,0.190476,-0.151308,-0.005230,0.000770,0.790889,0.000000
37.299999,1.364869,585.559082,0.000238,0.033990,296.685303,1.000167,0.999729,0.000005,1.000841,0.800000,0.800000,1.000000,0.000100000,0.000001113,0.072652,0.000000,0.190476,-0.151997,-0.005265,0.000775,0.791078,0.000000
37.399998,1.363475,585.750061,0.000233,0.033279,296.709106,1.000168,0.999727,0.000005,1.000837,0.800000,0.800000,1.000000,0.000100000,0.000001113,0.072673,0.000000,0.190476,-0.152679,-0.005299,0.000780,0.791264,0.000000
37.500000,1.362079,585.939087,0.000228,0.032575,296.732697,1.000169,0.999725,0.000005,1.000879,0.800000,0.800000,1.000000,0.000100000,0.000001113,0.072693,0.000000,0.190476,-0.153354,-0.005332,0.000785,0.791449,0.000000
37.599999,1.360683,586.126160,0.000223,0.031878,296.756134,1.000170,0.999724,0.000006,1.000841,0.800000,0.800000,1.000000,0.000100000,0.000001113,0.072713,0.000000,0.190476,-0.154022,-0.005366,0.000790,0.791632,0.000000
37.700001,1.359285,586.311279,0.000218,0.031189,296.779388,1.000171,0.999722,0.000006,1.000878,0.800000,0.800000,1.000000,0.000100000,0.000001113,0.072733,0.000000,0.190476,-0.154683,-0.005399,0.000794,0.791813,0.000000
37.799999,1.357886,586.494507,0.000214,0.030506,296.802429,1.000172,0.999720,0.000006,1.000841,0.800000,0.800000,1.000000,0.000100000,0.000001113,0.072752,0.000000,0.190476,-0.155338,-0.005432,0.000799,0.791992,0.000000
37.899998,1.356487,586.675842,0.000209,0.029831,296.825317,1.000173,0.999719,0.000006,1.000841,0.800000,0.800000,1.000000,0.000100000,0.000001113,0.072771,0.000000,0.190476,-0.155985,-0.005465,0.000804,0.792170,0.000000
38.000000,1.355088,586.855164,0.000204,0.029163,296.847992,1.000174,0.999717,0.000006,1.000879,0.800000,0.800000,1.000000,0.000100000,0.000001113,0.072789,0.000000,0.190476,-0.156626,-0.005497,0.000809,0.792345,0.000000
38.099998,1.353689,587.032654,0.000200,0.028501,296.870514,1.000175,0.999715,0.000006,1.000841,0.800000,0.800000,1.000000,0.000100000,0.000001113,0.072807,0.000000,0.190476,-0.157259,-0.005529,0.000814,0.792519,0.000000
38.200001,1.352290,587.208191,0.000195,0.027847,296.892822,1.000176,0.999714,0.000006,1.000879,0.800000,0.800000,1.000000,0.000100000,0.000001113,0.072825,0.000000,0.190476,-0.157886,-0.005561,0.000818,0.792690,0.000000
38.299999,1.350892,587.381836,0.000190,0.027200,296.914978,1.000177,0.999712,0.000006,1.000837,0.800000,0.800000,1.000000,0.000100000,0.000001113,0.072842,0.000000,0.190476,-0.158507,-0.005593,0.000823,0.792860,0.000000
38.399998,1.349494,587.553650,0.000186,0.026560,296.936920,1.000178,0.999710,0.000006,1.000841,0.800000,0.800000,1.000000,0.000100000,0.000001113,0.072859,0.000000,0.190476,-0.159120,-0.005624,0.000827,0.793028,0.000000
38.500000,1.348097,587.723511,0.000181,0.025926,296.958710,1.000179,0.999709,0.000006,1.000879,0.800000,0.800000,1.000000,0.000100000,0.000001113,0.072875,0.000000,0.190476,-0.159727,-0.005655,0.000832,0.793194,0.000000
38.599999,1.346701,587.891541,0.000177,0.025300,296.980286,1.000180,0.999707,0.000006,1.000840,0.800000,0.800000,1.000000,0.000100000,0.000001113,0.072892,0.000000,0.190476,-0.160327,-0.005686,0.000837,0.793359,0.000000
38.700001,1.345307,588.057678,0.000173,0.024681,297.001678,1.000181,0.999706,0.000006,1.000879,0.800000,0.800000,1.000000,0.000100000,0.000001113,0.072908,0.000000,0.190476,-0.160920,-0.005717,0.000841,0.793521,0.000000
38.799999,1.343914,588.221924,0.000168,0.024069,297.022888,1.000182,0.999704,0.000006,1.000841,0.800000,0.800000,1.000000,0.000100000,0.000001113,0.072923,0.000000,0.190476,-0.161507,-0.005747,0.000846,0.793682,0.000000
38.899998,1.342523,588.384338,0.000164,0.023463,297.043915,1.000183,0.999702,0.000006,1.000840,0.800000,0.800000,1.000000,0.000100000,0.000001113,0.072938,0.000000,0.190476,-0.162087,-0.005777,0.000850,0.793841,0.000000
39.000000,1.341134,588.544922,0.000160,0.022864,297.064758,1.000184,0.999701,0.000006,1.000879,0.800000,0.800000,1.000000,0.000100000,0.000001113,0.072953,0.000000,0.190476,-0.162660,-0.005807,0.000855,0.793998,0.000000
39.099998,1.339746,588.703674,0.000156,0.022272,297.085419,1.000185,0.999699,0.000006,1.000841,0.800000,0.800000,1.000000,0.000100000,0.000001113,0.072968,0.000000,0.190476,-0.163227,-0.005836,0.000859,0.794154,0.000000
39.200001,1.338362,588.860596,0.000152,0.021687,297.105896,1.000186,0.999698,0.000006,1.000875,0.800000,0.800000,1.000000,0.000100000,0.000001113,0.072982,0.000000,0.190476,-0.163788,-0.005866,0.000864,0.794307,0.000000
39.299999,1.336979,589.015686,0.000148,0.021109,297.126190,1.000187,0.999696,0.000006,1.000841,0.800000,0.800000,1.000000,0.000100000,0.000001113,0.072996,0.000000,0.190476,-0.164342,-0.005895,0.000869,0.794459,0.000000
39.399998,1.335600,589.168945,0.000144,0.020537,297.146271,1.000188,0.999694,0.000006,1.000841,0.800000,0.800000,1.000000,0.000100000,0.000001113,0.073009,0.000000,0.190476,-0.164889,-0.005923,0.000873,0.794609,0.000000
39.500000,1.334222,589.320435,0.000140,0.019972,297.166199,1.000189,0.999693,0.000006,1.000878,0.800000,0.800000,1.000000,0.000100000,0.000001113,0.073022,0.000000,0.190476,-0.165430,-0.005952,0.000878,0.794757,0.000000
39.599999,1.332849,589.470093,0.000136,0.019414,297.185944,1.000190,0.999691,0.000006,1.000841,0.800000,0.800000,1.000000,0.000100000,0.000001113,0.073035,0.000000,0.190476,-0.165965,-0.005980,0.000882,0.794904,0.000000
39.700001,1.331478,589.617981,0.000132,0.018862,297.205475,1.000191,0.999690,0.000006,1.000878,0.800000,0.800000,1.000000,0.000100000,0.000001113,0.073048,0.000000,0.190476,-0.166493,-0.006008,0.000886,0.795049,0.000000
39.799999,1.330110,589.764099,0.000128,0.018317,297.224854,1.000192,0.999688,0.000006,1.000841,0.800000,0.800000,1.000000,0.000100000,0.000001113,0.073060,0.000000,0.190476,-0.167015,-0.006036,0.000891,0.795192,0.000000
39.899998,1.328746,589.908447,0.000124,0.017779,297.244019,1.000193,0.999687,0.000006,1.000841,0.800000,0.800000,1.000000,0.000100000,0.000001113,0.073072,0.000000,0.190476,-0.167530,-0.006063,0.000895,0.795333,0.000000
40.000000,1.327385,590.051025,0.000121,0.017247,297.263001,1.000194,0.999685,0.000006,1.000879,0.800000,0.800000,1.000000,0.000100000,0.000001113,0.073084,0.000000,0.190476,-0.168039,-0.006090,0.000900,0.795473,0.000000
40.099998,1.326028,590.191834,0.000117,0.016721,297.281830,1.000195,0.999684,0.000006,1.000837,0.800000,0.800000,1.000000,0.000100000,0.000001113,0.073095,0.000000,0.190476,-0.168542,-0.006117,0.000904,0.795611,0.000000
40.200001,1.324675,590.330994,0.000113,0.016202,297.300446,1.000196,0.999682,0.000006,1.000879,0.800000,0.800000,1.000000,0.000100000,0.000001113,0.073106,0.000000,0.190476,-0.169039,-0.006143,0.000908,0.795747,0.000000
40.299999,1.323326,590.468323,0.000110,0.015689,297.318878,1.000197,0.999681,0.000006,1.000841,0.800000,0.800000,1.000000,0.000100000,0.000001113,0.073117,0.000000,0.190476,-0.169530,-0.006170,0.000912,0.795882,0.000000
40.399998,1.321981,590.604004,0.000106,0.015183,297.337158,1.000198,0.999679,0.000006,1.000840,0.800000,0.800000,1.000000,0.000100000,0.000001113,0.073127,0.000000,0.190476,-0.170014,-0.006196,0.000917,0.796015,0.000000
40.500000,1.320640,590.737915,0.000103,0.014683,297.355225,1.000198,0.999678,0.000006,1.000880,0.800000,0.800000,1.000000,0.000100000,0.000001113,0.073137,0.000000,0.190476,-0.170493,-0.006222,0.000921,0.796146,0.000000
40.599999,1.319304,590.870178,0.000099,0.014189,297.373138,1.000199,0.999676,0.000006,1.000840,0.800000,0.800000,1.000000,0.000100000,0.000001113,0.073147,0.000000,0.190476,-0.170965,-0.006247,0.000925,0.796275,0.000000
40.700001,1.317972,591.000732,0.000096,0.013702,297.390839,1.000200,0.999675,0.000007,1.000879,0.800000,0.800000,1.000000,0.000100000,0.000001113,0.073156,0.000000,0.190476,-0.171431,-0.006273,0.000929,0.796403,0.000000
40.799999,1.316645,591.129578,0.000093,0.013221,297.408386,1.000201,0.999673,0.000007,1.000840,0.800000,0.800000,1.000000,0.000100000,0.000001113,0.073166,0.000000,0.190476,-0.171891,-0.006298,0.000934,0.796530,0.000000
40.899998,1.315323,591.256775,0.000089,0.012746,297.425720,1.000202,0.999672,0.000007,1.000841,0.800000,0.800000,1.000000,0.000100000,0.000001113,0.073174,0.000000,0.190476,-0.172346,-0.006322,0.000938,0.796654,0.000000
41.000000,1.314005,591.382324,0.000086,0.012278,297.442902,1.000203,0.999670,0.000007,1.000876,0.800000,0.800000,1.000000,0.000100000,0.000001113,0.073183,0.000000,0.190476,-0.172794,-0.006347,0.000942,0.796777,0.000000
41.099998,1.312692,591.506226,0.000083,0.011815,297.459900,1.000204,0.999669,0.000007,1.000840,0.800000,0.800000,1.000000,0.000100000,0.000001113,0.073191,0.000000,0.190476,-0.173237,-0.006371,0.000946,0.796899,0.000000
41.200001,1.311385,591.628418,0.000080,0.011359,297.476715,1.000205,0.999667,0.000007,1.000879,0.800000,0.800000,1.000000,0.000100000,0.000001113,0.073199,0.000000,0.190476,-0.173673,-0.006395,0.000950,0.797018,0.000000
41.299999,1.310083,591.749085,0.000076,0.010908,297.493347,1.000206,0.999666,0.000007,1.000841,0.800000,0.800000,1.000000,0.000100000,0.000001113,0.073207,0.000000,0.190476,-0.174104,-0.006419,0.000955,0.797137,0.000000
41.399998,1.308785,591.868042,0.000073,0.010464,297.509796,1.000206,0.999664,0.000007,1.000841,0.800000,0.800000,1.000000,0.000100000,0.000001113,0.073215,0.000000,0.190476,-0.174529,-0.006443,0.000959,0.797253,0.000000
41.500000,1.307494,591.985474,0.000070,0.010025,297.526093,1.000207,0.999663,0.000007,1.000878,0.800000,0.800000,1.000000,0.000100000,0.000001113,0.073222,0.000000,0.190476,-0.174948,-0.006466,0.000963,0.797368,0.000000
41.599999,1.306207,592.101257,0.000067,0.009593,297.542175,1.000208,0.999662,0.000007,1.000841,0.800000,0.800000,1.000000,0.000100000,0.000001113,0.073229,0.000000,0.190476,-0.175362,-0.006489,0.000967,0.797482,0.000000
41.700001,1.304927,592.215454,0.000064,0.009166,297.558106,1.000209,0.999660,0.000007,1.000880,0.800000,0.800000,1.000000,0.000100000,0.000001113,0.073236,0.000000,0.190476,-0.175769,-0.006512,0.000971,0.797594,0.000000
41.799999,1.303652,592.328064,0.000061,0.008746,297.573853,1.000210,0.999659,0.000007,1.000840,0.800000,0.800000,1.000000,0.000100000,0.000001113,0.073242,0.000000,0.190476,-0.176172,-0.006534,0.000975,0.797704,0.000000
41.899998,1.302382,592.439148,0.000058,0.008331,297.589447,1.000211,0.999657,0.000007,1.000836,0.800000,0.800000,1.000000,0.000100000,0.000001113,0.073248,0.000000,0.190476,-0.176568,-0.006556,0.000979,0.797813,0.000000
42.000000,1.301119,592.548645,0.000055,0.007922,297.604828,1.000212,0.999656,0.000007,1.000880,0.800000,0.800000,1.000000,0.000100000,0.000001113,0.073254,0.000000,0.190476,-0.176959,-0.006578,0.000983,0.797921,0.000000
42.099998,1.299861,592.656555,0.000053,0.007519,297.620087,1.000213,0.999655,0.000007,1.000840,0.800000,0.800000,1.000000,0.000100000,0.000001113,0.073260,0.000000,0.190476,-0.177345,-0.006600,0.000987,0.798026,0.000000
42.200001,1.298609,592.763001,0.000050,0.007121,297.635132,1.000214,0.999653,0.000007,1.000879,0.800000,0.800000,1.000000,0.000100000,0.000001113,0.073265,0.000000,0.190476,-0.177725,-0.006622,0.000991,0.798131,0.000000
42.299999,1.297364,592.867920,0.000047,0.006729,297.650024,1.000214,0.999652,0.000007,1.000840,0.800000,0.800000,1.000000,0.000100000,0.000001113,0.073270,0.000000,0.190476,-0.178100,-0.006643,0.000995,0.798234,0.000000
42.399998,1.296124,592.971252,0.000044,0.006343,297.664734,1.000215,0.999650,0.000007,1.000841,0.800000,0.800000,1.000000,0.000100000,0.000001113,0.073275,0.000000,0.190476,-0.178469,-0.006664,0.000999,0.798335,0.000000
42.500000,1.294891,593.073181,0.000042,0.005962,297.679260,1.000216,0.999649,0.000007,1.000878,0.800000,0.800000,1.000000,0.000100000,0.000001113,0.073280,0.000000,0.190476,-0.178833,-0.006685,0.001003,0.798435,0.000000
42.599999,1.293664,593.173584,0.000039,0.005587,297.693634,1.000217,0.999648,0.000007,1.000842,0.800000,0.800000,1.000000,0.000100000,0.000001113,0.073284,0.000000,0.190476,-0.179191,-0.006705,0.001007,0.798534,0.000000
42.700001,1.292443,593.272461,0.000037,0.005217,297.707855,1.000218,0.999646,0.000007,1.000878,0.800000,0.800000,1.000000,0.000100000,0.000001113,0.073288,0.000000,0.190476,-0.179545,-0.006726,0.001011,0.798631,0.000000
42.799999,1.291229,593.369934,0.000034,0.004853,297.721893,1.000219,0.999645,0.000007,1.000837,0.800000,0.800000,1.000000,0.000100000,0.000001113,0.073292,0.000000,0.190476,-0.179893,-0.006746,0.001014,0.798726,0.000000
42.899998,1.290021,593.465881,0.000031,0.004494,297.735748,1.000219,0.999644,0.000007,1.000841,0.800000,0.800000,1.000000,0.000100000,0.000001113,0.073296,0.000000,0.190476,-0.180235,-0.006765,0.001018,0.798820,0.000000
43.000000,1.288819,593.560425,0.000029,0.004141,297.749451,1.000220,0.999642,0.000007,1.000879,0.800000,0.800000,1.000000,0.000100000,0.000001113,0.073300,0.000000,0.190476,-0.180573,-0.006785,0.001022,0.798913,0.000000
43.099998,1.287624,593.653503,0.000027,0.003793,297.763001,1.000221,0.999641,0.000007,1.000841,0.800000,0.800000,1.000000,0.000100000,0.000001113,0.073303,0.000000,0.190476,-0.180905,-0.006804,0.001026,0.799004,0.000000
43.200001,1.286436,593.745178,0.000024,0.003450,297.776367,1.000222,0.999640,0.000007,1.000879,0.800000,0.800000,1.000000,0.000100000,0.000001113,0.073306,0.000000,0.190476,-0.181233,-0.006823,0.001030,0.799094,0.000000
43.299999,1.285254,593.835449,0.000022,0.003113,297.789581,1.000223,0.999638,0.000007,1.000840,0.800000,0.800000,1.000000,0.000100000,0.000001113,0.073309,0.000000,0.190476,-0.181555,-0.006842,0.001034,0.799183,0.000000
43.399998,1.284079,593.924316,0.000019,0.002781,297.802612,1.000224,0.999637,0.000007,1.000841,0.800000,0.800000,1.000000,0.000100000,0.000001113,0.073311,0.000000,0.190476,-0.181873,-0.006861,0.001037,0.799270,0.000000
43.500000,1.282911,594.011780,0.000017,0.002453,297.815521,1.000224,0.999636,0.000007,1.000879,0.800000,0.800000,1.000000,0.000100000,0.000001113,0.073314,0.000000,0.190476,-0.182185,-0.006879,0.001041,0.799356,0.000000
43.599999,1.281750,594.097839,0.000015,0.002132,297.828247,1.000225,0.999634,0.000007,1.000841,0.800000,0.800000,1.000000,0.000100000,0.000001113,0.073316,0.000000,0.190476,-0.182492,-0.006897,0.001045,0.799441,0.000000
43.700001,1.280595,594.182556,0.000013,0.001815,297.840790,1.000226,0.999633,0.000007,1.000876,0.800000,0.800000,1.000000,0.000100000,0.000001113,0.073318,0.000000,0.190476,-0.182795,-0.006915,0.001049,0.799524,0.000000
43.799999,1.279446,594.265930,0.000011,0.001503,297.853210,1.000227,0.999632,0.000007,1.000841,0.800000,0.800000,1.000000,0.000100000,0.000001113,0.073319,0.000000,0.190476,-0.183093,-0.006933,0.001052,0.799606,0.000000
43.899998,1.278306,594.347900,0.000008,0.001197,297.865448,1.000228,0.999630,0.000007,1.000840,0.800000,0.800000,1.000000,0.000100000,0.000001113,0.073321,0.000000,0.190476,-0.183385,-0.006951,0.001056,0.799686,0.000000
44.000000,1.277172,594.428589,0.000006,0.000895,297.877533,1.000228,0.999629,0.000007,1.000880,0.800000,0.800000,1.000000,0.000100000,0.000001113,0.073322,0.000000,0.190476,-0.183674,-0.006968,0.001060,0.799765,0.000000
44.099998,1.276045,594.507935,0.000004,0.000598,297.889465,1.000229,0.999628,0.000007,1.000841,0.800000,0.800000,1.000000,0.000100000,0.000001113,0.073323,0.000000,0.190476,-0.183957,-0.006985,0.001064,0.799843,0.000000
44.200001,1.274925,594.585938,0.000002,0.000306,297.901215,1.000230,0.999627,0.000007,1.000879,0.800000,0.800000,1.000000,0.000100000,0.000001113,0.073324,0.000000,0.190476,-0.184235,-0.007002,0.001067,0.799920,0.000000
44.299999,1.273812,594.662659,0.000000,0.000019,297.912842,1.000231,0.999625,0.000007,1.000841,0.800000,0.800000,1.000000,0.000100000,0.000001113,0.073325,0.000000,0.190476,-0.184509,-0.007018,0.001071,0.799995,0.000000
44.399998,1.272707,594.738098,-0.000002,-0.000263,297.924316,1.000232,0.999624,0.000008,1.000841,0.800000,0.800000,1.000000,0.000100000,0.000001113,0.073326,0.000000,0.190476,-0.184779,-0.007035,0.001074,0.800069,0.000000
44.500000,1.271608,594.812256,-0.000004,-0.000540,297.935608,1.000232,0.999623,0.000008,1.000881,0.800000,0.800000,1.000000,0.000100000,0.000001113,0.073326,0.000000,0.190476,-0.185044,-0.007051,0.001078,0.800142,0.000000
44.599999,1.270516,594.885071,-0.000006,-0.000812,297.946777,1.000233,0.999621,0.000008,1.000837,0.800000,0.800000,1.000000,0.000100000,0.000001113,0.073326,0.000000,0.190476,-0.185304,-0.007067,0.001082,0.800213,0.000000
44.700001,1.269432,594.956726,-0.000008,-0.001080,297.957794,1.000234,0.999620,0.000008,1.000879,0.800000,0.800000,1.000000,0.000100000,0.000001113,0.073326,0.000000,0.190476,-0.185560,-0.007083,0.001085,0.800284,0.000000
44.799999,1.268355,595.027100,-0.000009,-0.001344,297.968628,1.000235,0.999619,0.000008,1.000841,0.800000,0.800000,1.000000,0.000100000,0.000001113,0.073326,0.000000,0.190476,-0.185811,-0.007098,0.001089,0.800353,0.000000
44.899998,1.267285,595.096191,-0.000011,-0.001602,297.979340,1.000235,0.999618,0.000008,1.000841,0.800000,0.800000,1.000000,0.000100000,0.000001113,0.073325,0.000000,0.190476,-0.186058,-0.007113,0.001092,0.800421,0.000000
45.000000,1.266222,595.164063,-0.000013,-0.001856,297.989899,1.000236,0.999616,0.000008,1.000878,0.800000,0.800000,1.000000,0.000100000,0.000001113,0.073325,0.000000,0.190476,-0.186300,-0.007128,0.001096,0.800487,0.000000
45.099998,1.265167,595.230774,-0.000015,-0.002106,298.000336,1.000237,0.999615,0.000008,1.000841,0.800000,0.800000,1.000000,0.000100000,0.000001113,0.073324,0.000000,0.190476,-0.186538,-0.007143,0.001099,0.800553,0.000000
45.200001,1.264119,595.296204,-0.000016,-0.002351,298.010590,1.000238,0.999614,0.000008,1.000879,0.800000,0.800000,1.000000,0.000100000,0.000001113,0.073323,0.000000,0.190476,-0.186772,-0.007158,0.001103,0.800617,0.000000
45.299999,1.263078,595.360474,-0.000018,-0.002591,298.020721,1.000238,0.999613,0.000008,1.000841,0.800000,0.800000,1.000000,0.000100000,0.000001113,0.073322,0.000000,0.190476,-0.187002,-0.007172,0.001106,0.800680,0.000000
45.399998,1.262044,595.423584,-0.000020,-0.002827,298.030670,1.000239,0.999612,0.000008,1.000840,0.800000,0.800000,1.000000,0.000100000,0.000001113,0.073321,0.000000,0.190476,-0.187227,-0.007187,0.001110,0.800742,0.000000
45.500000,1.261018,595.485535,-0.000021,-0.003059,298.040527,1.000240,0.999610,0.000008,1.000876,0.800000,0.800000,1.000000,0.000100000,0.000001113,0.073319,0.000000,0.190476,-0.187448,-0.007201,0.001113,0.800803,0.000000
45.599999,1.259999,595.546265,-0.000023,-0.003286,298.050201,1.000241,0.999609,0.000008,1.000840,0.800000,0.800000,1.000000,0.000100000,0.000001113,0.073318,0.000000,0.190476,-0.187665,-0.007215,0.001117,0.800863,0.000000
45.699997,1.258987,595.605835,-0.000025,-0.003509,298.059753,1.000241,0.999608,0.000008,1.000841,0.800000,0.800000,1.000000,0.000100000,0.000001113,0.073316,0.000000,0.190476,-0.187878,-0.007228,0.001120,0.800921,0.000000
45.799999,1.257983,595.664307,-0.000026,-0.003728,298.069153,1.000242,0.999607,0.000008,1.000879,0.800000,0.800000,1.000000,0.000100000,0.000001113,0.073314,0.000000,0.190476,-0.188087,-0.007242,0.001124,0.800979,0.000000
45.899998,1.256986,595.721619,-0.000028,-0.003943,298.078430,1.000243,0.999606,0.000008,1.000841,0.800000,0.800000,1.000000,0.000100000,0.000001113,0.073312,0.000000,0.190476,-0.188291,-0.007255,0.001127,0.801035,0.000000
46.000000,1.255996,595.777832,-0.000029,-0.004153,298.087555,1.000244,0.999604,0.000008,1.000878,0.800000,0.800000,1.000000,0.000100000,0.000001113,0.073310,0.000000,0.190476,-0.188492,-0.007268,0.001131,0.801090,0.000000
46.099998,1.255014,595.832947,-0.000031,-0.004359,298.096558,1.000244,0.999603,0.000008,1.000840,0.800000,0.800000,1.000000,0.000100000,0.000001113,0.073307,0.000000,0.190476,-0.188689,-0.007281,0.001134,0.801144,0.000000
46.199997,1.254039,595.886963,-0.000032,-0.004562,298.105408,1.000245,0.999602,0.000008,1.000841,0.800000,0.800000,1.000000,0.000100000,0.000001113,0.073305,0.000000,0.190476,-0.188882,-0.007293,0.001137,0.801198,0.000000
46.299999,1.253072,595.939880,-0.000033,-0.004760,298.114136,1.000246,0.999601,0.000008,1.000879,0.800000,0.800000,1.000000,0.000100000,0.000001113,0.073302,0.000000,0.190476,-0.189071,-0.007306,0.001141,0.801250,0.000000
46.399998,1.252112,595.991699,-0.000035,-0.004954,298.122742,1.000247,0.999600,0.000008,1.000837,0.800000,0.800000,1.000000,0.000100000,0.000001113,0.073299,0.000000,0.190476,-0.189256,-0.007318,0.001144,0.801300,0.000000
46.500000,1.251159,596.042480,-0.000036,-0.005144,298.131195,1.000247,0.999598,0.000008,1.000879,0.800000,0.800000,1.000000,0.000100000,0.000001113,0.073296,0.000000,0.190476,-0.189437,-0.007330,0.001147,0.801350,0.000000
46.599999,1.250214,596.092163,-0.000037,-0.005330,298.139496,1.000248,0.999597,0.000008,1.000840,0.800000,0.800000,1.000000,0.000100000,0.000001113,0.073293,0.000000,0.190476,-0.189615,-0.007342,0.001151,0.801399,0.000000
46.699997,1.249276,596.140808,-0.000039,-0.005512,298.147705,1.000249,0.999596,0.000008,1.000841,0.800000,0.800000,1.000000,0.000100000,0.000001113,0.073290,0.000000,0.190476,-0.189789,-0.007354,0.001154,0.801447,0.000000
46.799999,1.248345,596.188477,-0.000040,-0.005690,298.155762,1.000249,0.999595,0.000008,1.000879,0.800000,0.800000,1.000000,0.000100000,0.000001113,0.073287,0.000000,0.190476,-0.189959,-0.007365,0.001157,0.801494,0.000000
46.899998,1.247422,596.235046,-0.000041,-0.005865,298.163696,1.000250,0.999594,0.000008,1.000840,0.800000,0.800000,1.000000,0.000100000,0.000001113,0.073283,0.000000,0.190476,-0.190125,-0.007377,0.001161,0.801540,0.000000
47.000000,1.246506,596.280640,-0.000042,-0.006035,298.171509,1.000251,0.999593,0.000008,1.000879,0.800000,0.800000,1.000000,0.000100000,0.000001113,0.073280,0.000000,0.190476,-0.190288,-0.007388,0.001164,0.801584,0.000000
47.099998,1.245597,596.325256,-0.000043,-0.006202,298.179169,1.000252,0.999592,0.000008,1.000841,0.800000,0.800000,1.000000,0.000100000,0.000001113,0.073276,0.000000,0.190476,-0.190447,-0.007399,0.001167,0.801628,0.000000
47.199997,1.244696,596.368835,-0.000045,-0.006366,298.186737,1.000252,0.999590,0.000008,1.000840,0.800000,0.800000,1.000000,0.000100000,0.000001113,0.073272,0.000000,0.190476,-0.190603,-0.007410,0.001170,0.801671,0.000000
47.299999,1.243802,596.411438,-0.000046,-0.006525,298.194153,1.000253,0.999589,0.000008,1.000876,0.800000,0.800000,1.000000,0.000100000,0.000001113,0.073268,0.000000,0.190476,-0.190755,-0.007420,0.001174,0.801713,0.000000
47.399998,1.242916,596.453064,-0.000047,-0.006681,298.201447,1.000254,0.999588,0.000008,1.000841,0.800000,0.800000,1.000000,0.000100000,0.000001113,0.073264,0.000000,0.190476,-0.190904,-0.007431,0.001177,0.801754,0.000000
47.500000,1.242037,596.493713,-0.000048,-0.006833,298.208618,1.000254,0.999587,0.000008,1.000879,0.800000,0.800000,1.000000,0.000100000,0.000001113,0.073259,0.000000,0.190476,-0.191049,-0.007441,0.001180,0.801794,0.000000
47.599999,1.241165,596.533447,-0.000049,-0.006982,298.215698,1.000255,0.999586,0.000008,1.000841,0.800000,0.800000,1.000000,0.000100000,0.000001113,0.073255,0.000000,0.190476,-0.191191,-0.007451,0.001183,0.801833,0.000000
47.699997,1.240301,596.572205,-0.000050,-0.007127,298.222626,1.000256,0.999585,0.000008,1.000840,0.800000,0.800000,1.000000,0.000100000,0.000001113,0.073251,0.000000,0.190476,-0.191329,-0.007461,0.001187,0.801871,0.000000
47.799999,1.239444,596.609985,-0.000051,-0.007269,298.229431,1.000256,0.999584,0.000008,1.000879,0.800000,0.800000,1.000000,0.000100000,0.000001113,0.073246,0.000000,0.190476,-0.191464,-0.007471,0.001190,0.801908,0.000000
47.899998,1.238594,596.646912,-0.000052,-0.007407,298.236145,1.000257,0.999583,0.000008,1.000841,0.800000,0.800000,1.000000,0.000100000,0.000001113,0.073241,0.000000,0.190476,-0.191596,-0.007480,0.001193,0.801944,0.000000
48.000000,1.237752,596.682922,-0.000053,-0.007542,298.242706,1.000258,0.999581,0.000008,1.000879,0.800000,0.800000,1.000000,0.000100000,0.000001113,0.073236,0.000000,0.190476,-0.191725,-0.007490,0.001196,0.801980,0.000000
48.099998,1.236916,596.718018,-0.000054,-0.007673,298.249176,1.000258,0.999580,0.000008,1.000840,0.800000,0.800000,1.000000,0.000100000,0.000001113,0.073231,0.000000,0.190476,-0.191850,-0.007499,0.001199,0.802014,0.000000
48.199997,1.236089,596.752197,-0.000055,-0.007801,298.255524,1.000259,0.999579,0.000008,1.000838,0.800000,0.800000,1.000000,0.000100000,0.000001113,0.073226,0.000000,0.190476,-0.191972,-0.007508,0.001202,0.802048,0.000000
48.299999,1.235267,596.785522,-0.000055,-0.007926,298.261749,1.000260,0.999578,0.000008,1.000878,0.800000,0.800000,1.000000,0.000100000,0.000001113,0.073221,0.000000,0.190476,-0.192091,-0.007517,0.001206,0.802081,0.000000
48.399998,1.234454,596.817932,-0.000056,-0.008047,298.267883,1.000260,0.999577,0.000008,1.000841,0.800000,0.800000,1.000000,0.000100000,0.000001113,0.073216,0.000000,0.190476,-0.192207,-0.007526,0.001209,0.802113,0.000000
48.500000,1.233648,596.849487,-0.000057,-0.008166,298.273895,1.000261,0.999576,0.000008,1.000879,0.800000,0.800000,1.000000,0.000100000,0.000001113,0.073211,0.000000,0.190476,-0.192320,-0.007534,0.001212,0.802144,0.000000
48.599999,1.232849,596.880188,-0.000058,-0.008281,298.279785,1.000262,0.999575,0.000009,1.000841,0.800000,0.800000,1.000000,0.000100000,0.000001113,0.073205,0.000000,0.190476,-0.192429,-0.007543,0.001215,0.802174,0.000000
48.699997,1.232057,596.910095,-0.000059,-0.008392,298.285553,1.000262,0.999574,0.000009,1.000841,0.800000,0.800000,1.000000,0.000100000,0.000001113,0.073200,0.000000,0.190476,-0.192536,-0.007551,0.001218,0.802203,0.000000
48.799999,1.231272,596.939087,-0.000060,-0.008501,298.291229,1.000263,0.999573,0.000009,1.000879,0.800000,0.800000,1.000000,0.000100000,0.000001113,0.073194,0.000000,0.190476,-0.192640,-0.007559,0.001221,0.802232,0.000000
48.899998,1.230494,596.967285,-0.000060,-0.008607,298.296783,1.000264,0.999572,0.000009,1.000841,0.800000,0.800000,1.000000,0.000100000,0.000001113,0.073188,0.000000,0.190476,-0.192740,-0.007567,0.001224,0.802259,0.000000
49.000000,1.229724,596.994690,-0.000061,-0.008709,298.302246,1.000264,0.999571,0.000009,1.000879,0.800000,0.800000,1.000000,0.000100000,0.000001113,0.073182,0.000000,0.190476,-0.192838,-0.007575,0.001227,0.802286,0.000000
49.099998,1.228961,597.021240,-0.000062,-0.008809,298.307617,1.000265,0.999570,0.000009,1.000837,0.800000,0.800000,1.000000,0.000100000,0.000001113,0.073176,0.000000,0.190476,-0.192933,-0.007582,0.001230,0.802312,0.000000
49.199997,1.228204,597.047058,-0.000062,-0.008905,298.312836,1.000266,0.999568,0.000009,1.000841,0.800000,0.800000,1.000000,0.000100000,0.000001113,0.073170,0.000000,0.190476,-0.193025,-0.007590,0.001233,0.802338,0.000000
49.299999,1.227455,597.072021,-0.000063,-0.008999,298.317993,1.000266,0.999567,0.000009,1.000879,0.800000,0.800000,1.000000,0.000100000,0.000001113,0.073164,0.000000,0.190476,-0.193114,-0.007597,0.001236,0.802362,0.000000
49.399998,1.226713,597.096191,-0.000064,-0.009089,298.323029,1.000267,0.999566,0.000009,1.000840,0.800000,0.800000,1.000000,0.000100000,0.000001113,0.073158,0.000000,0.190476,-0.193201,-0.007604,0.001239,0.802386,0.000000
49.500000,1.225978,597.119629,-0.000064,-0.009177,298.327972,1.000268,0.999565,0.000009,1.000879,0.800000,0.800000,1.000000,0.000100000,0.000001113,0.073152,0.000000,0.190476,-0.193284,-0.007611,0.001242,0.802409,0.000000
49.599999,1.225250,597.142334,-0.000065,-0.009262,298.332794,1.000268,0.999564,0.000009,1.000841,0.800000,0.800000,1.000000,0.000100000,0.000001113,0.073145,0.000000,0.190476,-0.193365,-0.007618,0.001245,0.802431,0.000000
49.699997,1.224529,597.164246,-0.000065,-0.009344,298.337524,1.000269,0.999563,0.000009,1.000840,0.800000,0.800000,1.000000,0.000100000,0.000001113,0.073139,0.000000,0.190476,-0.193444,-0.007625,0.001248,0.802453,0.000000
49.799999,1.223814,597.185425,-0.000066,-0.009423,298.342163,1.000270,0.999562,0.000009,1.000879,0.800000,0.800000,1.000000,0.000100000,0.000001113,0.073133,0.000000,0.190476,-0.193519,-0.007632,0.001251,0.802474,0.000000
49.899998,1.223108,597.205872,-0.000066,-0.009500,298.346680,1.000270,0.999561,0.000009,1.000841,0.800000,0.800000,1.000000,0.000100000,0.000001113,0.073126,0.000000,0.190476,-0.193592,-0.007638,0.001254,0.802494,0.000000
50.000000,1.222407,597.225586,-0.000067,-0.009574,298.351135,1.000271,0.999560,0.000009,1.000876,0.800000,0.800000,1.000000,0.000100000,0.000001113,0.073119,0.000000,0.190476,-0.193663,-0.007644,0.001257,0.802513,0.000000
50.099998,1.221714,597.244568,-0.000068,-0.009645,298.355469,1.000272,0.999559,0.000009,1.000841,0.800000,0.800000,1.000000,0.000100000,0.000001113,0.073113,0.000000,0.190476,-0.193731,-0.007651,0.001260,0.802532,0.000000
50.199997,1.221027,597.262817,-0.000068,-0.009713,298.359711,1.000272,0.999558,0.000009,1.000840,0.800000,0.800000,1.000000,0.000100000,0.000001113,0.073106,0.000000,0.190476,-0.193796,-0.007657,0.001263,0.802550,0.000000
50.299999,1.220348,597.280457,-0.000068,-0.009779,298.363861,1.000273,0.999557,0.000009,1.000879,0.800000,0.800000,1.000000,0.000100000,0.000001113,0.073099,0.000000,0.190476,-0.193859,-0.007663,0.001266,0.802567,0.000000
50.399998,1.219674,597.297302,-0.000069,-0.009842,298.367889,1.000273,0.999556,0.000009,1.000841,0.800000,0.800000,1.000000,0.000100000,0.000001113,0.073092,0.000000,0.190476,-0.193919,-0.007668,0.001269,0.802584,0.000000
50.500000,1.219009,597.313538,-0.000069,-0.009903,298.371857,1.000274,0.999555,0.000009,1.000878,0.800000,0.800000,1.000000,0.000100000,0.000001113,0.073085,0.000000,0.190476,-0.193977,-0.007674,0.001272,0.802600,0.000000
50.599999,1.218349,597.329102,-0.000070,-0.009961,298.375732,1.000275,0.999554,0.000009,1.000841,0.800000,0.800000,1.000000,0.000100000,0.000001113,0.073078,0.000000,0.190476,-0.194032,-0.007680,0.001275,0.802615,0.000000
50.699997,1.217696,597.343933,-0.000070,-0.010016,298.379517,1.000275,0.999553,0.000009,1.000841,0.800000,0.800000,1.000000,0.000100000,0.000001113,0.073071,0.000000,0.190476,-0.194085,-0.007685,0.001278,0.802629,0.000000
50.799999,1.217051,597.358154,-0.000070,-0.010070,298.383209,1.000276,0.999552,0.000009,1.000878,0.800000,0.800000,1.000000,0.000100000,0.000001113,0.073064,0.000000,0.190476,-0.194136,-0.007690,0.001280,0.802643,0.000000
50.899998,1.216412,597.371765,-0.000071,-0.010121,298.386780,1.000277,0.999551,0.000009,1.000838,0.800000,0.800000,1.000000,0.000100000,0.000001113,0.073057,0.000000,0.190476,-0.194185,-0.007695,0.001283,0.802657,0.000000
51.000000,1.215778,597.384644,-0.000071,-0.010169,298.390320,1.000277,0.999550,0.000009,1.000879,0.800000,0.800000,1.000000,0.000100000,0.000001113,0.073049,0.000000,0.190476,-0.194231,-0.007700,0.001286,0.802669,0.000000
51.099998,1.215153,597.396973,-0.000072,-0.010215,298.393738,1.000278,0.999549,0.000009,1.000841,0.800000,0.800000,1.000000,0.000100000,0.000001113,0.073042,0.000000,0.190476,-0.194275,-0.007705,0.001289,0.802681,0.000000
51.199997,1.214533,597.408630,-0.000072,-0.010258,298.397064,1.000278,0.999548,0.000009,1.000840,0.800000,0.800000,1.000000,0.000100000,0.000001113,0.073035,0.000000,0.190476,-0.194317,-0.007710,0.001292,0.802693,0.000000
51.299999,1.213920,597.419678,-0.000072,-0.010300,298.400330,1.000279,0.999547,0.000009,1.000879,0.800000,0.800000,1.000000,0.000100000,0.000001113,0.073027,0.000000,0.190476,-0.194356,-0.007715,0.001295,0.802704,0.000000
51.399998,1.213315,597.430115,-0.000072,-0.010339,298.403473,1.000280,0.999546,0.000009,1.000840,0.800000,0.800000,1.000000,0.000100000,0.000001113,0.073020,0.000000,0.190476,-0.194393,-0.007719,0.001298,0.802714,0.000000
51.500000,1.212715,597.440002,-0.000073,-0.010375,298.406555,1.000280,0.999545,0.000009,1.000879,0.800000,0.800000,1.000000,0.000100000,0.000001113,0.073012,0.000000,0.190476,-0.194429,-0.007724,0.001300,0.802724,0.000000
51.599999,1.212122,597.449280,-0.000073,-0.010410,298.409576,1.000281,0.999544,0.000009,1.000841,0.800000,0.800000,1.000000,0.000100000,0.000001113,0.073004,0.000000,0.190476,-0.194462,-0.007728,0.001303,0.802733,0.000000
51.699997,1.211534,597.457947,-0.000073,-0.010442,298.412476,1.000281,0.999543,0.000009,1.000841,0.800000,0.800000,1.000000,0.000100000,0.000001113,0.072997,0.000000,0.190476,-0.194493,-0.007732,0.001306,0.802741,0.000000
51.799999,1.210953,597.466064,-0.000073,-0.010473,298.415314,1.000282,0.999542,0.000009,1.000876,0.800000,0.800000,1.000000,0.000100000,0.000001113,0.072989,0.000000,0.190476,-0.194522,-0.007736,0.001309,0.802749,0.000000
51.899998,1.210379,597.473572,-0.000074,-0.010500,298.418091,1.000283,0.999541,0.000009,1.000840,0.800000,0.800000,1.000000,0.000100000,0.000001113,0.072981,0.000000,0.190476,-0.194548,-0.007740,0.001312,0.802756,0.000000
52.000000,1.209812,597.480530,-0.000074,-0.010526,298.420776,1.000283,0.999540,0.000009,1.000878,0.800000,0.800000,1.000000,0.000100000,0.000001113,0.072974,0.000000,0.190476,-0.194573,-0.007744,0.001314,0.802763,0.000000
52.099998,1.209250,597.487000,-0.000074,-0.010551,298.423370,1.000284,0.999539,0.000009,1.000841,0.800000,0.800000,1.000000,0.000100000,0.000001113,0.072966,0.000000,0.190476,-0.194596,-0.007748,0.001317,0.802770,0.000000
52.199997,1.208695,597.492859,-0.000074,-0.010572,298.425903,1.000285,0.999538,0.000009,1.000841,0.800000,0.800000,1.000000,0.000100000,0.000001113,0.072958,0.000000,0.190476,-0.194617,-0.007751,0.001320,0.802775,0.000000
52.299999,1.208146,597.498230,-0.000074,-0.010592,298.428345,1.000285,0.999537,0.000009,1.000879,0.800000,0.800000,1.000000,0.000100000,0.000001113,0.072950,0.000000,0.190476,-0.194637,-0.007755,0.001323,0.802780,0.000000
52.399998,1.207604,597.503052,-0.000074,-0.010610,298.430725,1.000286,0.999536,0.000009,1.000841,0.800000,0.800000,1.000000,0.000100000,0.000001113,0.072942,0.000000,0.190476,-0.194654,-0.007758,0.001325,0.802785,0.000000
52.500000,1.207067,597.507324,-0.000074,-0.010626,298.433014,1.000286,0.999535,0.000009,1.000879,0.800000,0.800000,1.000000,0.000100000,0.000001113,0.072934,0.000000,0.190476,-0.194669,-0.007761,0.001328,0.802789,0.000000
52.599999,1.206537,597.511108,-0.000074,-0.010640,298.435242,1.000287,0.999534,0.000009,1.000841,0.800000,0.800000,1.000000,0.000100000,0.000001113,0.072926,0.000000,0.190476,-0.194683,-0.007765,0.001331,0.802793,0.000000
52.699997,1.206014,597.514404,-0.000075,-0.010652,298.437378,1.000288,0.999533,0.000009,1.000838,0.800000,0.800000,1.000000,0.000100000,0.000001113,0.072918,0.000000,0.190476,-0.194694,-0.007768,0.001334,0.802796,0.000000
52.799999,1.205497,597.517151,-0.000075,-0.010662,298.439453,1.000288,0.999532,0.000009,1.000879,0.800000,0.800000,1.000000,0.000100000,0.000001113,0.072910,0.000000,0.190476,-0.194704,-0.007771,0.001336,0.802799,0.000000
52.899998,1.204983,597.519470,-0.000075,-0.010670,298.441467,1.000289,0.999531,0.000009,1.000840,0.800000,0.800000,1.000000,0.000100000,0.000001113,0.072902,0.000000,0.190476,-0.194712,-0.007774,0.001339,0.802801,0.000000
53.000000,1.204476,597.521240,-0.000075,-0.010677,298.443420,1.000289,0.999530,0.000009,1.000879,0.800000,0.800000,1.000000,0.000100000,0.000001113,0.072894,0.000000,0.190476,-0.194719,-0.007776,0.001342,0.802803,0.000000
53.099998,1.203978,597.522583,-0.000075,-0.010681,298.445282,1.000290,0.999529,0.000009,1.000840,0.800000,0.800000,1.000000,0.000100000,0.000001113,0.072886,0.000000,0.190476,-0.194724,-0.007779,0.001345,0.802804,0.000000
53.199997,1.203483,597.523438,-0.000075,-0.010684,298.447083,1.000290,0.999528,0.000009,1.000841,0.800000,0.800000,1.000000,0.000100000,0.000001113,0.072878,0.000000,0.190476,-0.194727,-0.007782,0.001347,0.802805,0.000000
53.299999,1.202997,597.523865,-0.000075,-0.010686,298.448822,1.000291,0.999528,0.000009,1.000880,0.800000,0.800000,1.000000,0.000100000,0.000001113,0.072870,0.000000,0.190476,-0.194728,-0.007784,0.001350,0.802805,0.000000
53.399998,1.202514,597.523804,-0.000075,-0.010685,298.450470,1.000292,0.999527,0.000009,1.000841,0.800000,0.800000,1.000000,0.000100000,0.000001113,0.072861,0.000000,0.190476,-0.194728,-0.007786,0.001353,0.802805,0.000000
53.500000,1.202035,597.523315,-0.000075,-0.010683,298.452087,1.000292,0.999526,0.000009,1.000878,0.800000,0.800000,1.000000,0.000100000,0.000001113,0.072853,0.000000,0.190476,-0.194726,-0.007789,0.001355,0.802804,0.000000
53.599999,1.201565,597.522339,-0.000075,-0.010679,298.453613,1.000293,0.999525,0.000010,1.000839,0.800000,0.800000,1.000000,0.000100000,0.000001113,0.072845,0.000000,0.190476,-0.194723,-0.007791,0.001358,0.802803,0.000000
53.699997,1.201101,597.520935,-0.000075,-0.010673,298.455078,1.000293,0.999524,0.000010,1.000840,0.800000,0.800000,1.000000,0.000100000,0.000001113,0.072837,0.000000,0.190476,-0.194718,-0.007793,0.001361,0.802802,0.000000
53.799999,1.200642,597.519165,-0.000075,-0.010667,298.456482,1.000294,0.999523,0.000010,1.000878,0.800000,0.800000,1.000000,0.000100000,0.000001113,0.072828,0.000000,0.190476,-0.194711,-0.007795,0.001363,0.802800,0.000000
53.899998,1.200191,597.516907,-0.000075,-0.010658,298.457825,1.000294,0.999522,0.000010,1.000841,0.800000,0.800000,1.000000,0.000100000,0.000001113,0.072820,0.000000,0.190476,-0.194703,-0.007797,0.001366,0.802798,0.000000
54.000000,1.199743,597.514282,-0.000075,-0.010648,298.459137,1.000295,0.999521,0.000010,1.000878,0.800000,0.800000,1.000000,0.000100000,0.000001113,0.072812,0.000000,0.190476,-0.194694,-0.007799,0.001369,0.802795,0.000000
54.099998,1.199300,597.511230,-0.000074,-0.010636,298.460358,1.000296,0.999520,0.000010,1.000841,0.800000,0.800000,1.000000,0.000100000,0.000001113,0.072803,0.000000,0.190476,-0.194683,-0.007801,0.001371,0.802792,0.000000
54.199997,1.198864,597.507751,-0.000074,-0.010622,298.461517,1.000296,0.999519,0.000010,1.000840,0.800000,0.800000,1.000000,0.000100000,0.000001113,0.072795,0.000000,0.190476,-0.194671,-0.007802,0.001374,0.802788,0.000000
54.299999,1.198432,597.503906,-0.000074,-0.010608,298.462616,1.000297,0.999518,0.000010,1.000879,0.800000,0.800000,1.000000,0.000100000,0.000001113,0.072787,0.000000,0.190476,-0.194657,-0.007804,0.001377,0.802785,0.000000
54.399998,1.198008,597.499695,-0.000074,-0.010591,298.463654,1.000297,0.999517,0.000010,1.000841,0.800000,0.800000,1.000000,0.000100000,0.000001113,0.072778,0.000000,0.190476,-0.194642,-0.007805,0.001379,0.802780,0.000000
54.500000,1.197588,597.495056,-0.000074,-0.010574,298.464630,1.000298,0.999516,0.000010,1.000876,0.800000,0.800000,1.000000,0.000100000,0.000001113,0.072770,0.000000,0.190476,-0.194625,-0.007807,0.001382,0.802776,0.000000
54.599999,1.197176,597.490112,-0.000074,-0.010555,298.465576,1.000299,0.999516,0.000010,1.000841,0.800000,0.800000,1.000000,0.000100000,0.000001113,0.072761,0.000000,0.190476,-0.194608,-0.007808,0.001384,0.802771,0.000000
54.699997,1.196767,597.484741,-0.000074,-0.010534,298.466431,1.000299,0.999515,0.000010,1.000841,0.800000,0.800000,1.000000,0.000100000,0.000001113,0.072753,0.000000,0.190476,-0.194588,-0.007809,0.001387,0.802765,0.000000
54.799999,1.196363,597.479004,-0.000074,-0.010512,298.467255,1.000300,0.999514,0.000010,1.000879,0.800000,0.800000,1.000000,0.000100000,0.000001113,0.072745,0.000000,0.190476,-0.194568,-0.007810,0.001390,0.802760,0.000000
54.899998,1.195965,597.472961,-0.000073,-0.010489,298.468018,1.000300,0.999513,0.000010,1.000840,0.800000,0.800000,1.000000,0.000100000,0.000001113,0.072736,0.000000,0.190476,-0.194546,-0.007811,0.001392,0.802753,0.000000
55.000000,1.195573,597.466492,-0.000073,-0.010464,298.468719,1.000301,0.999512,0.000010,1.000879,0.800000,0.800000,1.000000,0.000100000,0.000001113,0.072728,0.000000,0.190476,-0.194523,-0.007812,0.001395,0.802747,0.000000
55.099998,1.195187,597.459778,-0.000073,-0.010439,298.469360,1.000301,0.999511,0.000010,1.000840,0.800000,0.800000,1.000000,0.000100000,0.000001113,0.072719,0.000000,0.190476,-0.194499,-0.007813,0.001397,0.802740,0.000000
55.199997,1.194805,597.452637,-0.000073,-0.010411,298.469971,1.000302,0.999510,0.000010,1.000841,0.800000,0.800000,1.000000,0.000100000,0.000001113,0.072711,0.000000,0.190476,-0.194474,-0.007814,0.001400,0.802733,0.000000
55.299999,1.194427,597.445190,-0.000073,-0.010383,298.470520,1.000302,0.999509,0.000010,1.000879,0.800000,0.800000,1.000000,0.000100000,0.000001113,0.072702,0.000000,0.190476,-0.194447,-0.007815,0.001403,0.802726,0.000000
55.399998,1.194057,597.437439,-0.000072,-0.010354,298.471008,1.000303,0.999508,0.000010,1.000838,0.800000,0.800000,1.000000,0.000100000,0.000001113,0.072694,0.000000,0.190476,-0.194419,-0.007816,0.001405,0.802718,0.000000
55.500000,1.193691,597.429382,-0.000072,-0.010323,298.471466,1.000304,0.999507,0.000010,1.000879,0.800000,0.800000,1.000000,0.000100000,0.000001113,0.072685,0.000000,0.190476,-0.194391,-0.007816,0.001408,0.802710,0.000000
55.599999,1.193329,597.420959,-0.000072,-0.010291,298.471863,1.000304,0.999506,0.000010,1.000840,0.800000,0.800000,1.000000,0.000100000,0.000001113,0.072677,0.000000,0.190476,-0.194361,-0.007817,0.001410,0.802701,0.000000
55.699997,1.192973,597.412292,-0.000072,-0.010258,298.472199,1.000305,0.999506,0.000010,1.000841,0.800000,0.800000,1.000000,0.000100000,0.000001113,0.072669,0.000000,0.190476,-0.194330,-0.007817,0.001413,0.802693,0.000000
55.799999,1.192622,597.403259,-0.000072,-0.010223,298.472504,1.000305,0.999505,0.000010,1.000879,0.800000,0.800000,1.000000,0.000100000,0.000001113,0.072660,0.000000,0.190476,-0.194297,-0.007818,0.001415,0.802684,0.000000
55.899998,1.192277,597.393982,-0.000071,-0.010188,298.472748,1.000306,0.999504,0.000010,1.000841,0.800000,0.800000,1.000000,0.000100000,0.000001113,0.072652,0.000000,0.190476,-0.194264,-0.007818,0.001418,0.802674,0.000000
56.000000,1.191935,597.384399,-0.000071,-0.010152,298.472961,1.000306,0.999503,0.000010,1.000879,0.800000,0.800000,1.000000,0.000100000,0.000001113,0.072643,0.000000,0.190476,-0.194230,-0.007819,0.001420,0.802665,0.000000
56.099998,1.191599,597.374512,-0.000071,-0.010114,298.473114,1.000307,0.999502,0.000010,1.000840,0.800000,0.800000,1.000000,0.000100000,0.000001113,0.072635,0.000000,0.190476,-0.194195,-0.007819,0.001423,0.802655,0.000000
56.199997,1.191270,597.364380,-0.000071,-0.010075,298.473236,1.000307,0.999501,0.000010,1.000841,0.800000,0.800000,1.000000,0.000100000,0.000001113,0.072626,0.000000,0.190476,-0.194158,-0.007819,0.001426,0.802645,0.000000
56.299999,1.190943,597.353943,-0.000070,-0.010036,298.473297,1.000308,0.999500,0.000010,1.000876,0.800000,0.800000,1.000000,0.000100000,0.000001113,0.072618,0.000000,0.190476,-0.194121,-0.007819,0.001428,0.802634,0.000000
56.399998,1.190621,597.343262,-0.000070,-0.009995,298.473328,1.000308,0.999499,0.000010,1.000840,0.800000,0.800000,1.000000,0.000100000,0.000001113,0.072609,0.000000,0.190476,-0.194083,-0.007819,0.001431,0.802624,0.000000
56.500000,1.190305,597.332275,-0.000070,-0.009953,298.473328,1.000309,0.999498,0.000010,1.000879,0.800000,0.800000,1.000000,0.000100000,0.000001113,0.072601,0.000000,0.190476,-0.194044,-0.007819,0.001433,0.802613,0.000000
56.599999,1.189994,597.321045,-0.000069,-0.009911,298.473267,1.000310,0.999498,0.000010,1.000841,0.800000,0.800000,1.000000,0.000100000,0.000001113,0.072593,0.000000,0.190476,-0.194004,-0.007819,0.001436,0.802602,0.000000
56.699997,1.189688,597.309570,-0.000069,-0.009867,298.473145,1.000310,0.999497,0.000010,1.000841,0.800000,0.800000,1.000000,0.000100000,0.000001113,0.072584,0.000000,0.190476,-0.193963,-0.007819,0.001438,0.802590,0.000000
56.799999,1.189385,597.297852,-0.000069,-0.009822,298.473022,1.000311,0.999496,0.000010,1.000878,0.800000,0.800000,1.000000,0.000100000,0.000001113,0.072576,0.000000,0.190476,-0.193921,-0.007819,0.001441,0.802578,0.000000
56.899998,1.189087,597.285950,-0.000068,-0.009777,298.472809,1.000311,0.999495,0.000010,1.000841,0.800000,0.800000,1.000000,0.000100000,0.000001113,0.072567,0.000000,0.190476,-0.193878,-0.007818,0.001443,0.802567,0.000000
57.000000,1.188795,597.273743,-0.000068,-0.009731,298.472595,1.000312,0.999494,0.000010,1.000879,0.800000,0.800000,1.000000,0.000100000,0.000001113,0.072559,0.000000,0.190476,-0.193835,-0.007818,0.001446,0.802554,0.000000
57.099998,1.188507,597.261292,-0.000068,-0.009683,298.472321,1.000312,0.999493,0.000010,1.000841,0.800000,0.800000,1.000000,0.000100000,0.000001113,0.072551,0.000000,0.190476,-0.193790,-0.007818,0.001448,0.802542,0.000000
57.199997,1.188223,597.248657,-0.000067,-0.009635,298.472015,1.000313,0.999492,0.000010,1.000837,0.800000,0.800000,1.000000,0.000100000,0.000001113,0.072542,0.000000,0.190476,-0.193745,-0.007817,0.001451,0.802529,0.000000
57.299999,1.187943,597.235779,-0.000067,-0.009586,298.471680,1.000313,0.999491,0.000010,1.000879,0.800000,0.800000,1.000000,0.000100000,0.000001113,0.072534,0.000000,0.190476,-0.193699,-0.007817,0.001453,0.802516,0.000000
57.399998,1.187670,597.222717,-0.000067,-0.009537,298.471313,1.000314,0.999491,0.000010,1.000841,0.800000,0.800000,1.000000,0.000100000,0.000001113,0.072526,0.000000,0.190476,-0.193653,-0.007816,0.001456,0.802503,0.000000
57.500000,1.187399,597.209412,-0.000066,-0.009486,298.470886,1.000314,0.999490,0.000010,1.000879,0.800000,0.800000,1.000000,0.000100000,0.000001113,0.072517,0.000000,0.190476,-0.193605,-0.007816,0.001458,0.802490,0.000000
57.599999,1.187134,597.195862,-0.000066,-0.009434,298.470428,1.000315,0.999489,0.000010,1.000840,0.800000,0.800000,1.000000,0.000100000,0.000001113,0.072509,0.000000,0.190476,-0.193557,-0.007815,0.001461,0.802477,0.000000
57.699997,1.186872,597.182190,-0.000066,-0.009382,298.469940,1.000315,0.999488,0.000010,1.000841,0.800000,0.800000,1.000000,0.000100000,0.000001113,0.072501,0.000000,0.190476,-0.193508,-0.007814,0.001463,0.802463,0.000000
57.799999,1.186615,597.168274,-0.000065,-0.009329,298.469421,1.000316,0.999487,0.000010,1.000879,0.800000,0.800000,1.000000,0.000100000,0.000001113,0.072493,0.000000,0.190476,-0.193458,-0.007813,0.001466,0.802449,0.000000
57.899998,1.186363,597.154175,-0.000065,-0.009276,298.468872,1.000317,0.999486,0.000010,1.000841,0.800000,0.800000,1.000000,0.000100000,0.000001113,0.072484,0.000000,0.190476,-0.193408,-0.007813,0.001468,0.802435,0.000000
58.000000,1.186113,597.139893,-0.000065,-0.009222,298.468262,1.000317,0.999485,0.000010,1.000878,0.800000,0.800000,1.000000,0.000100000,0.000001113,0.072476,0.000000,0.190476,-0.193357,-0.007812,0.001471,0.802421,0.000000
58.099998,1.185871,597.125427,-0.000064,-0.009167,298.467651,1.000318,0.999485,0.000010,1.000838,0.800000,0.800000,1.000000,0.000100000,0.000001113,0.072468,0.000000,0.190476,-0.193305,-0.007811,0.001473,0.802406,0.000000
58.199997,1.185631,597.110779,-0.000064,-0.009111,298.466980,1.000318,0.999484,0.000010,1.000841,0.800000,0.800000,1.000000,0.000100000,0.000001113,0.072460,0.000000,0.190476,-0.193253,-0.007810,0.001475,0.802392,0.000000
58.299999,1.185394,597.095947,-0.000063,-0.009054,298.466309,1.000319,0.999483,0.000010,1.000878,0.800000,0.800000,1.000000,0.000100000,0.000001113,0.072451,0.000000,0.190476,-0.193200,-0.007809,0.001478,0.802377,0.000000
58.399998,1.185163,597.080933,-0.000063,-0.008997,298.465576,1.000319,0.999482,0.000010,1.000842,0.800000,0.800000,1.000000,0.000100000,0.000001113,0.072443,0.000000,0.190476,-0.193146,-0.007808,0.001480,0.802362,0.000000
58.500000,1.184936,597.065796,-0.000063,-0.008940,298.464813,1.000320,0.999481,0.000010,1.000878,0.800000,0.800000,1.000000,0.000100000,0.000001113,0.072435,0.000000,0.190476,-0.193092,-0.007807,0.001483,0.802347,0.000000
58.599999,1.184712,597.050476,-0.000062,-0.008882,298.464050,1.000320,0.999480,0.000010,1.000841,0.800000,0.800000,1.000000,0.000100000,0.000001113,0.072427,0.000000,0.190476,-0.193037,-0.007806,0.001485,0.802331,0.000000
58.699997,1.184493,597.035034,-0.000062,-0.008823,298.463226,1.000321,0.999479,0.000010,1.000841,0.800000,0.800000,1.000000,0.000100000,0.000001113,0.072419,0.000000,0.190476,-0.192982,-0.007805,0.001488,0.802316,0.000000
58.799999,1.184278,597.019409,-0.000061,-0.008763,298.462372,1.000321,0.999478,0.000010,1.000878,0.800000,0.800000,1.000000,0.000100000,0.000001113,0.072411,0.000000,0.190476,-0.192926,-0.007803,0.001490,0.802300,0.000000
58.899998,1.184067,597.003601,-0.000061,-0.008703,298.461517,1.000322,0.999478,0.000010,1.000840,0.800000,0.800000,1.000000,0.000100000,0.000001113,0.072403,0.000000,0.190476,-0.192870,-0.007802,0.001493,0.802285,0.000000
59.000000,1.183859,596.987671,-0.000060,-0.008643,298.460602,1.000322,0.999477,0.000010,1.000877,0.800000,0.800000,1.000000,0.000100000,0.000001113,0.072395,0.000000,0.190476,-0.192813,-0.007801,0.001495,0.802269,0.000000
59.099998,1.183656,596.971619,-0.000060,-0.008581,298.459686,1.000323,0.999476,0.000010,1.000840,0.800000,0.800000,1.000000,0.000100000,0.000001113,0.072387,0.000000,0.190476,-0.192756,-0.007800,0.001497,0.802253,0.000000
59.199997,1.183456,596.955444,-0.000060,-0.008520,298.458740,1.000323,0.999475,0.000010,1.000841,0.800000,0.800000,1.000000,0.000100000,0.000001113,0.072379,0.000000,0.190476,-0.192698,-0.007798,0.001500,0.802237,0.000000
59.299999,1.183262,596.939148,-0.000059,-0.008458,298.457764,1.000324,0.999474,0.000011,1.000878,0.800000,0.800000,1.000000,0.000100000,0.000001113,0.072371,0.000000,0.190476,-0.192640,-0.007797,0.001502,0.802220,0.000000
59.399998,1.183069,596.922668,-0.000059,-0.008395,298.456757,1.000324,0.999473,0.000011,1.000841,0.800000,0.800000,1.000000,0.000100000,0.000001113,0.072363,0.000000,0.190476,-0.192581,-0.007795,0.001505,0.802204,0.000000
59.500000,1.182881,596.906128,-0.000058,-0.008332,298.455719,1.000325,0.999473,0.000011,1.000878,0.800000,0.800000,1.000000,0.000100000,0.000001113,0.072355,0.000000,0.190476,-0.192522,-0.007794,0.001507,0.802187,0.000000
59.599999,1.182697,596.889404,-0.000058,-0.008268,298.454651,1.000326,0.999472,0.000011,1.000841,0.800000,0.800000,1.000000,0.000100000,0.000001113,0.072347,0.000000,0.190476,-0.192462,-0.007792,0.001510,0.802171,0.000000
59.699997,1.182517,596.872620,-0.000057,-0.008205,298.453583,1.000326,0.999471,0.000011,1.000840,0.800000,0.800000,1.000000,0.000100000,0.000001113,0.072340,0.000000,0.190476,-0.192402,-0.007791,0.001512,0.802154,0.000000
59.799999,1.182340,596.855713,-0.000057,-0.008140,298.452454,1.000327,0.999470,0.000011,1.000879,0.800000,0.800000,1.000000,0.000100000,0.000001113,0.072332,0.000000,0.190476,-0.192342,-0.007789,0.001514,0.802137,0.000000
59.899998,1.182167,596.838684,-0.000057,-0.008075,298.451324,1.000327,0.999469,0.000011,1.000837,0.800000,0.800000,1.000000,0.000100000,0.000001113,0.072324,0.000000,0.190476,-0.192281,-0.007788,0.001517,0.802120,0.000000
60.000000,1.181997,596.821533,-0.000056,-0.008010,298.450195,1.000328,0.999468,0.000011,1.000879,0.800000,0.800000,1.000000,0.000100000,0.000001113,0.072316,0.000000,0.190476,-0.192220,-0.007786,0.001519,0.802103,0.000000
60.099998,1.181831,596.804260,-0.000056,-0.007944,298.449005,1.000328,0.999467,0.000011,1.000841,0.800000,0.800000,1.000000,0.000100000,0.000001113,0.072308,0.000000,0.190476,-0.192158,-0.007784,0.001522,0.802085,0.000000
60.199997,1.181668,596.786987,-0.000055,-0.007878,298.447815,1.000329,0.999467,0.000011,1.000841,0.800000,0.800000,1.000000,0.000100000,0.000001113,0.072301,0.000000,0.190476,-0.192096,-0.007783,0.001524,0.802068,0.000000
60.299999,1.181509,596.769531,-0.000055,-0.007812,298.446594,1.000329,0.999466,0.000011,1.000878,0.800000,0.800000,1.000000,0.000100000,0.000001113,0.072293,0.000000,0.190476,-0.192034,-0.007781,0.001526,0.802051,0.000000
60.399998,1.181354,596.752014,-0.000054,-0.007745,298.445343,1.000330,0.999465,0.000011,1.000841,0.800000,0.800000,1.000000,0.000100000,0.000001113,0.072285,0.000000,0.190476,-0.191971,-0.007779,0.001529,0.802033,0.000000
60.500000,1.181202,596.734436,-0.000054,-0.007678,298.444092,1.000330,0.999464,0.000011,1.000879,0.800000,0.800000,1.000000,0.000100000,0.000001113,0.072278,0.000000,0.190476,-0.191909,-0.007777,0.001531,0.802016,0.000000
60.599999,1.181053,596.716736,-0.000053,-0.007611,298.442810,1.000331,0.999463,0.000011,1.000841,0.800000,0.800000,1.000000,0.000100000,0.000001113,0.072270,0.000000,0.190476,-0.191845,-0.007775,0.001534,0.801998,0.000000
60.699997,1.180908,596.698975,-0.000053,-0.007543,298.441498,1.000331,0.999462,0.000011,1.000841,0.800000,0.800000,1.000000,0.000100000,0.000001113,0.072263,0.000000,0.190476,-0.191782,-0.007774,0.001536,0.801980,0.000000
60.799999,1.180766,596.681152,-0.000052,-0.007475,298.440186,1.000332,0.999462,0.000011,1.000875,0.800000,0.800000,1.000000,0.000100000,0.000001113,0.072255,0.000000,0.190476,-0.191718,-0.007772,0.001538,0.801962,0.000000
60.899998,1.180627,596.663269,-0.000052,-0.007407,298.438843,1.000332,0.999461,0.000011,1.000841,0.800000,0.800000,1.000000,0.000100000,0.000001113,0.072248,0.000000,0.190476,-0.191655,-0.007770,0.001541,0.801944,0.000000
61.000000,1.180492,596.645264,-0.000051,-0.007339,298.437500,1.000333,0.999460,0.000011,1.000879,0.800000,0.800000,1.000000,0.000100000,0.000001113,0.072240,0.000000,0.190476,-0.191590,-0.007768,0.001543,0.801926,0.000000
61.099998,1.180360,596.627258,-0.000051,-0.007270,298.436127,1.000333,0.999459,0.000011,1.000841,0.800000,0.800000,1.000000,0.000100000,0.000001113,0.072233,0.000000,0.190476,-0.191526,-0.007766,0.001545,0.801908,0.000000
61.199997,1.180231,596.609131,-0.000050,-0.007201,298.434723,1.000334,0.999458,0.000011,1.000841,0.800000,0.800000,1.000000,0.000100000,0.000001113,0.072226,0.000000,0.190476,-0.191461,-0.007764,0.001548,0.801890,0.000000
61.299999,1.180106,596.590942,-0.000050,-0.007131,298.433319,1.000334,0.999457,0.000011,1.000878,0.800000,0.800000,1.000000,0.000100000,0.000001113,0.072218,0.000000,0.190476,-0.191396,-0.007762,0.001550,0.801872,0.000000
61.399998,1.179983,596.572754,-0.000049,-0.007062,298.431885,1.000335,0.999457,0.000011,1.000841,0.800000,0.800000,1.000000,0.000100000,0.000001113,0.072211,0.000000,0.190476,-0.191331,-0.007760,0.001553,0.801854,0.000000
61.500000,1.179864,596.554443,-0.000049,-0.006992,298.430450,1.000335,0.999456,0.000011,1.000879,0.800000,0.800000,1.000000,0.000100000,0.000001113,0.072204,0.000000,0.190476,-0.191266,-0.007758,0.001555,0.801836,0.000000
61.599999,1.179747,596.536133,-0.000048,-0.006922,298.428986,1.000336,0.999455,0.000011,1.000840,0.800000,0.800000,1.000000,0.000100000,0.000001113,0.072196,0.000000,0.190476,-0.191200,-0.007756,0.001557,0.801817,0.000000
61.699997,1.179635,596.517761,-0.000048,-0.006852,298.427521,1.000336,0.999454,0.000011,1.000839,0.800000,0.800000,1.000000,0.000100000,0.000001113,0.072189,0.000000,0.190476,-0.191135,-0.007754,0.001560,0.801799,0.000000
61.799999,1.179525,596.499390,-0.000047,-0.006782,298.426056,1.000337,0.999453,0.000011,1.000878,0.800000,0.800000,1.000000,0.000100000,0.000001113,0.072182,0.000000,0.190476,-0.191069,-0.007752,0.001562,0.801780,0.000000
61.899998,1.179417,596.480896,-0.000047,-0.006712,298.424530,1.000337,0.999452,0.000011,1.000841,0.800000,0.800000,1.000000,0.000100000,0.000001113,0.072175,0.000000,0.190476,-0.191003,-0.007749,0.001565,0.801762,0.000000
62.000000,1.179313,596.462402,-0.000046,-0.006641,298.423035,1.000338,0.999452,0.000011,1.000879,0.800000,0.800000,1.000000,0.000100000,0.000001113,0.072168,0.000000,0.190476,-0.190937,-0.007747,0.001567,0.801743,0.000000
62.099998,1.179212,596.443909,-0.000046,-0.006570,298.421509,1.000338,0.999451,0.000011,1.000840,0.800000,0.800000,1.000000,0.000100000,0.000001113,0.072161,0.000000,0.190476,-0.190871,-0.007745,0.001569,0.801725,0.000000
62.199997,1.179114,596.425354,-0.000045,-0.006499,298.419952,1.000339,0.999450,0.000011,1.000841,0.800000,0.800000,1.000000,0.000100000,0.000001113,0.072154,0.000000,0.190476,-0.190805,-0.007743,0.001572,0.801706,0.000000
62.299999,1.179018,596.406738,-0.000045,-0.006428,298.418396,1.000340,0.999449,0.000011,1.000879,0.800000,0.800000,1.000000,0.000100000,0.000001113,0.072147,0.000000,0.190476,-0.190738,-0.007741,0.001574,0.801688,0.000000
62.399998,1.178926,596.388123,-0.000045,-0.006357,298.416840,1.000340,0.999448,0.000011,1.000841,0.800000,0.800000,1.000000,0.000100000,0.000001113,0.072140,0.000000,0.190476,-0.190672,-0.007738,0.001576,0.801669,0.000000
62.500000,1.178836,596.369507,-0.000044,-0.006286,298.415253,1.000341,0.999447,0.000011,1.000878,0.800000,0.800000,1.000000,0.000100000,0.000001113,0.072133,0.000000,0.190476,-0.190605,-0.007736,0.001579,0.801650,0.000000
62.599999,1.178749,596.350830,-0.000044,-0.006215,298.413666,1.000341,0.999447,0.000011,1.000838,0.800000,0.800000,1.000000,0.000100000,0.000001113,0.072126,0.000000,0.190476,-0.190539,-0.007734,0.001581,0.801631,0.000000
62.699997,1.178666,596.332153,-0.000043,-0.006144,298.412048,1.000342,0.999446,0.000011,1.000840,0.800000,0.800000,1.000000,0.000100000,0.000001113,0.072119,0.000000,0.190476,-0.190472,-0.007731,0.001583,0.801613,0.000000
62.799999,1.178584,596.313477,-0.000043,-0.006072,298.410461,1.000342,0.999445,0.000011,1.000880,0.800000,0.800000,1.000000,0.000100000,0.000001113,0.072112,0.000000,0.190476,-0.190405,-0.007729,0.001586,0.801594,0.000000
62.899998,1.178505,596.294739,-0.000042,-0.006001,298.408813,1.000343,0.999444,0.000011,1.000841,0.800000,0.800000,1.000000,0.000100000,0.000001113,0.072106,0.000000,0.190476,-0.190338,-0.007727,0.001588,0.801575,0.000000
63.000000,1.178429,596.276001,-0.000042,-0.005929,298.407196,1.000343,0.999443,0.000011,1.000879,0.800000,0.800000,1.000000,0.000100000,0.000001113,0.072099,0.000000,0.190476,-0.190271,-0.007725,0.001591,0.801556,0.000000
63.099998,1.178356,596.257324,-0.000041,-0.005857,298.405548,1.000344,0.999442,0.000011,1.000840,0.800000,0.800000,1.000000,0.000100000,0.000001113,0.072092,0.000000,0.190476,-0.190205,-0.007722,0.001593,0.801538,0.000000
63.199997,1.178284,596.238586,-0.000041,-0.005786,298.403900,1.000344,0.999442,0.000011,1.000841,0.800000,0.800000,1.000000,0.000100000,0.000001113,0.072085,0.000000,0.190476,-0.190138,-0.007720,0.001595,0.801519,0.000000
63.299999,1.178217,596.219849,-0.000040,-0.005714,298.402222,1.000345,0.999441,0.000011,1.000879,0.800000,0.800000,1.000000,0.000100000,0.000001113,0.072079,0.000000,0.190476,-0.190071,-0.007717,0.001598,0.801500,0.000000
63.399998,1.178150,596.201111,-0.000039,-0.005643,298.400574,1.000345,0.999440,0.000011,1.000840,0.800000,0.800000,1.000000,0.000100000,0.000001113,0.072072,0.000000,0.190476,-0.190004,-0.007715,0.001600,0.801481,0.000000
63.500000,1.178087,596.182373,-0.000039,-0.005571,298.398895,1.000346,0.999439,0.000011,1.000876,0.800000,0.800000,1.000000,0.000100000,0.000001113,0.072066,0.000000,0.190476,-0.189937,-0.007713,0.001602,0.801462,0.000000
63.599999,1.178026,596.163635,-0.000038,-0.005499,298.397186,1.000346,0.999438,0.000011,1.000841,0.800000,0.800000,1.000000,0.000100000,0.000001113,0.072059,0.000000,0.190476,-0.189870,-0.007710,0.001605,0.801444,0.000000
63.699997,1.177968,596.144897,-0.000038,-0.005427,298.395508,1.000347,0.999438,0.000011,1.000841,0.800000,0.800000,1.000000,0.000100000,0.000001113,0.072053,0.000000,0.190476,-0.189803,-0.007708,0.001607,0.801425,0.000000
63.799999,1.177913,596.126221,-0.000037,-0.005356,298.393799,1.000347,0.999437,0.000011,1.000879,0.800000,0.800000,1.000000,0.000100000,0.000001113,0.072046,0.000000,0.190476,-0.189737,-0.007705,0.001609,0.801406,0.000000
63.899998,1.177859,596.107483,-0.000037,-0.005284,298.392090,1.000348,0.999436,0.000011,1.000840,0.800000,0.800000,1.000000,0.000100000,0.000001113,0.072040,0.000000,0.190476,-0.189670,-0.007703,0.001612,0.801387,0.000000
64.000000,1.177809,596.088806,-0.000036,-0.005213,298.390381,1.000348,0.999435,0.000011,1.000878,0.800000,0.800000,1.000000,0.000100000,0.000001113,0.072034,0.000000,0.190476,-0.189603,-0.007701,0.001614,0.801368,0.000000
64.099998,1.177760,596.070129,-0.000036,-0.005141,298.388641,1.000349,0.999434,0.000011,1.000841,0.800000,0.800000,1.000000,0.000100000,0.000001113,0.072027,0.000000,0.190476,-0.189536,-0.007698,0.001616,0.801350,0.000000
64.199997,1.177713,596.051453,-0.000035,-0.005070,298.386932,1.000349,0.999433,0.000011,1.000840,0.800000,0.800000,1.000000,0.000100000,0.000001113,0.072021,0.000000,0.190476,-0.189469,-0.007696,0.001619,0.801331,0.000000
64.299995,1.177670,596.032837,-0.000035,-0.004998,298.385193,1.000350,0.999433,0.000011,1.000841,0.800000,0.800000,1.000000,0.000100000,0.000001113,0.072015,0.000000,0.190476,-0.189403,-0.007693,0.001621,0.801312,0.000000
64.400002,1.177628,596.014221,-0.000034,-0.004927,298.383453,1.000350,0.999432,0.000011,1.000915,0.800000,0.800000,1.000000,0.000100000,0.000001113,0.072009,0.000000,0.190476,-0.189337,-0.007691,0.001624,0.801293,0.000000
64.500000,1.177588,595.995606,-0.000034,-0.004856,298.381714,1.000351,0.999431,0.000011,1.000840,0.800000,0.800000,1.000000,0.000100000,0.000001113,0.072003,0.000000,0.190476,-0.189270,-0.007688,0.001626,0.801275,0.000000
64.599999,1.177552,595.977051,-0.000033,-0.004785,298.379944,1.000351,0.999430,0.000011,1.000841,0.800000,0.800000,1.000000,0.000100000,0.000001113,0.071996,0.000000,0.190476,-0.189204,-0.007686,0.001628,0.801256,0.000000
64.699997,1.177517,595.958496,-0.000033,-0.004714,298.378204,1.000352,0.999429,0.000011,1.000840,0.800000,0.800000,1.000000,0.000100000,0.000001113,0.071990,0.000000,0.190476,-0.189137,-0.007683,0.001631,0.801237,0.000000
64.799995,1.177484,595.940002,-0.000032,-0.004643,298.376434,1.000352,0.999428,0.000011,1.000840,0.800000,0.800000,1.000000,0.000100000,0.000001113,0.071984,0.000000,0.190476,-0.189071,-0.007681,0.001633,0.801219,0.000000
64.900002,1.177454,595.921509,-0.000032,-0.004572,298.374664,1.000353,0.999428,0.000011,1.000917,0.800000,0.800000,1.000000,0.000100000,0.000001113,0.071978,0.000000,0.190476,-0.189005,-0.007678,0.001635,0.801200,0.000000
65.000000,1.177424,595.903015,-0.000032,-0.004501,298.372894,1.000353,0.999427,0.000011,1.000841,0.800000,0.800000,1.000000,0.000100000,0.000001113,0.071972,0.000000,0.190476,-0.188939,-0.007676,0.001638,0.801182,0.000000
65.099998,1.177399,595.884644,-0.000031,-0.004430,298.371124,1.000354,0.999426,0.000011,1.000841,0.800000,0.800000,1.000000,0.000100000,0.000001113,0.071967,0.000000,0.190476,-0.188874,-0.007673,0.001640,0.801163,0.000000
65.199997,1.177374,595.866272,-0.000031,-0.004360,298.369354,1.000354,0.999425,0.000011,1.000841,0.800000,0.800000,1.000000,0.000100000,0.000001113,0.071961,0.000000,0.190476,-0.188808,-0.007671,0.001642,0.801145,0.000000
65.299995,1.177352,595.847900,-0.000030,-0.004289,298.367584,1.000355,0.999424,0.000012,1.000837,0.800000,0.800000,1.000000,0.000100000,0.000001113,0.071955,0.000000,0.190476,-0.188742,-0.007668,0.001645,0.801126,0.000000
65.400002,1.177331,595.829590,-0.000030,-0.004219,298.365814,1.000355,0.999424,0.000012,1.000917,0.800000,0.800000,1.000000,0.000100000,0.000001113,0.071949,0.000000,0.190476,-0.188677,-0.007665,0.001647,0.801108,0.000000
65.500000,1.177313,595.811340,-0.000029,-0.004149,298.364014,1.000356,0.999423,0.000012,1.000840,0.800000,0.800000,1.000000,0.000100000,0.000001113,0.071943,0.000000,0.190476,-0.188612,-0.007663,0.001649,0.801089,0.000000
65.599999,1.177296,595.793152,-0.000029,-0.004079,298.362244,1.000356,0.999422,0.000012,1.000841,0.800000,0.800000,1.000000,0.000100000,0.000001113,0.071938,0.000000,0.190476,-0.188547,-0.007660,0.001652,0.801071,0.000000
65.699997,1.177282,595.774963,-0.000028,-0.004009,298.360443,1.000357,0.999421,0.000012,1.000841,0.800000,0.800000,1.000000,0.000100000,0.000001113,0.071932,0.000000,0.190476,-0.188482,-0.007658,0.001654,0.801052,0.000000
65.799995,1.177269,595.756836,-0.000028,-0.003940,298.358673,1.000357,0.999420,0.000012,1.000841,0.800000,0.800000,1.000000,0.000100000,0.000001113,0.071927,0.000000,0.190476,-0.188417,-0.007655,0.001656,0.801034,0.000000
65.900002,1.177257,595.738770,-0.000027,-0.003870,298.356873,1.000358,0.999419,0.000012,1.000917,0.800000,0.800000,1.000000,0.000100000,0.000001113,0.071921,0.000000,0.190476,-0.188353,-0.007653,0.001659,0.801016,0.000000
66.000000,1.177249,595.720764,-0.000027,-0.003801,298.355072,1.000358,0.999419,0.000012,1.000841,0.800000,0.800000,1.000000,0.000100000,0.000001113,0.071915,0.000000,0.190476,-0.188288,-0.007650,0.001661,0.800998,0.000000
66.099998,1.177243,595.702820,-0.000026,-0.003732,298.353302,1.000359,0.999418,0.000012,1.000840,0.800000,0.800000,1.000000,0.000100000,0.000001113,0.071910,0.000000,0.190476,-0.188224,-0.007648,0.001663,0.800980,0.000000
66.199997,1.177236,595.684876,-0.000026,-0.003663,298.351501,1.000359,0.999417,0.000012,1.000838,0.800000,0.800000,1.000000,0.000100000,0.000001113,0.071905,0.000000,0.190476,-0.188160,-0.007645,0.001666,0.800962,0.000000
66.299995,1.177234,595.667053,-0.000025,-0.003594,298.349701,1.000360,0.999416,0.000012,1.000841,0.800000,0.800000,1.000000,0.000100000,0.000001113,0.071899,0.000000,0.190476,-0.188097,-0.007642,0.001668,0.800944,0.000000
66.400002,1.177233,595.649231,-0.000025,-0.003526,298.347931,1.000360,0.999415,0.000012,1.000917,0.800000,0.800000,1.000000,0.000100000,0.000001113,0.071894,0.000000,0.190476,-0.188033,-0.007640,0.001670,0.800926,0.000000
66.500000,1.177232,595.631470,-0.000024,-0.003458,298.346130,1.000361,0.999415,0.000012,1.000840,0.800000,0.800000,1.000000,0.000100000,0.000001113,0.071888,0.000000,0.190476,-0.187970,-0.007637,0.001673,0.800908,0.000000
66.599999,1.177234,595.613770,-0.000024,-0.003389,298.344330,1.000361,0.999414,0.000012,1.000840,0.800000,0.800000,1.000000,0.000100000,0.000001113,0.071883,0.000000,0.190476,-0.187906,-0.007635,0.001675,0.800890,0.000000
66.699997,1.177237,595.596130,-0.000023,-0.003322,298.342560,1.000362,0.999413,0.000012,1.000840,0.800000,0.800000,1.000000,0.000100000,0.000001113,0.071878,0.000000,0.190476,-0.187843,-0.007632,0.001677,0.800872,0.000000
66.799995,1.177242,595.578613,-0.000023,-0.003254,298.340759,1.000362,0.999412,0.000012,1.000841,0.800000,0.800000,1.000000,0.000100000,0.000001113,0.071873,0.000000,0.190476,-0.187781,-0.007630,0.001680,0.800854,0.000000
66.900002,1.177249,595.561096,-0.000022,-0.003187,298.338959,1.000363,0.999411,0.000012,1.000916,0.800000,0.800000,1.000000,0.000100000,0.000001113,0.071868,0.000000,0.190476,-0.187718,-0.007627,0.001682,0.800837,0.000000
67.000000,1.177257,595.543640,-0.000022,-0.003119,298.337189,1.000363,0.999410,0.000012,1.000842,0.800000,0.800000,1.000000,0.000100000,0.000001113,0.071863,0.000000,0.190476,-0.187656,-0.007625,0.001685,0.800819,0.000000
67.099998,1.177266,595.526306,-0.000021,-0.003053,298.335388,1.000364,0.999410,0.000012,1.000837,0.800000,0.800000,1.000000,0.000100000,0.000001113,0.071857,0.000000,0.190476,-0.187594,-0.007622,0.001687,0.800801,0.000000
67.199997,1.177277,595.508972,-0.000021,-0.002986,298.333618,1.000364,0.999409,0.000012,1.000841,0.800000,0.800000,1.000000,0.000100000,0.000001113,0.071852,0.000000,0.190476,-0.187532,-0.007619,0.001689,0.800784,0.000000
67.299995,1.177289,595.491760,-0.000020,-0.002919,298.331818,1.000365,0.999408,0.000012,1.000841,0.800000,0.800000,1.000000,0.000100000,0.000001113,0.071847,0.000000,0.190476,-0.187471,-0.007617,0.001692,0.800766,0.000000
67.400002,1.177304,595.474548,-0.000020,-0.002853,298.330048,1.000365,0.999407,0.000012,1.000917,0.800000,0.800000,1.000000,0.000100000,0.000001113,0.071843,0.000000,0.190476,-0.187409,-0.007614,0.001694,0.800749,0.000000
67.500000,1.177320,595.457459,-0.000020,-0.002787,298.328247,1.000366,0.999406,0.000012,1.000841,0.800000,0.800000,1.000000,0.000100000,0.000001113,0.071838,0.000000,0.190476,-0.187348,-0.007612,0.001696,0.800732,0.000000
67.599999,1.177338,595.440430,-0.000019,-0.002721,298.326477,1.000366,0.999406,0.000012,1.000841,0.800000,0.800000,1.000000,0.000100000,0.000001113,0.071833,0.000000,0.190476,-0.187287,-0.007609,0.001699,0.800714,0.000000
67.699997,1.177356,595.423523,-0.000019,-0.002656,298.324707,1.000367,0.999405,0.000012,1.000841,0.800000,0.800000,1.000000,0.000100000,0.000001113,0.071828,0.000000,0.190476,-0.187227,-0.007607,0.001701,0.800697,0.000000
67.799995,1.177378,595.406616,-0.000018,-0.002591,298.322937,1.000368,0.999404,0.000012,1.000841,0.800000,0.800000,1.000000,0.000100000,0.000001113,0.071823,0.000000,0.190476,-0.187166,-0.007604,0.001703,0.800680,0.000000
67.900002,1.177400,595.389832,-0.000018,-0.002526,298.321167,1.000368,0.999403,0.000012,1.000917,0.800000,0.800000,1.000000,0.000100000,0.000001113,0.071818,0.000000,0.190476,-0.187107,-0.007602,0.001706,0.800663,0.000000
68.000000,1.177421,595.373108,-0.000017,-0.002462,298.319397,1.000368,0.999402,0.000012,1.000837,0.800000,0.800000,1.000000,0.000100000,0.000001113,0.071814,0.000000,0.190476,-0.187047,-0.007599,0.001708,0.800646,0.000000
68.099998,1.177446,595.356445,-0.000017,-0.002397,298.317627,1.000369,0.999401,0.000012,1.000841,0.800000,0.800000,1.000000,0.000100000,0.000001113,0.071809,0.000000,0.190476,-0.186987,-0.007597,0.001710,0.800629,0.000000
68.199997,1.177473,595.339905,-0.000016,-0.002333,298.315887,1.000370,0.999401,0.000012,1.000841,0.800000,0.800000,1.000000,0.000100000,0.000001113,0.071805,0.000000,0.190476,-0.186928,-0.007594,0.001713,0.800613,0.000000
68.299995,1.177500,595.323364,-0.000016,-0.002269,298.314117,1.000370,0.999400,0.000012,1.000841,0.800000,0.800000,1.000000,0.000100000,0.000001113,0.071800,0.000000,0.190476,-0.186869,-0.007592,0.001715,0.800596,0.000000
68.400002,1.177528,595.307007,-0.000015,-0.002206,298.312378,1.000371,0.999399,0.000012,1.000917,0.800000,0.800000,1.000000,0.000100000,0.000001113,0.071795,0.000000,0.190476,-0.186811,-0.007589,0.001717,0.800579,0.000000
68.500000,1.177560,595.290649,-0.000015,-0.002143,298.310638,1.000371,0.999398,0.000012,1.000840,0.800000,0.800000,1.000000,0.000100000,0.000001113,0.071791,0.000000,0.190476,-0.186752,-0.007587,0.001720,0.800563,0.000000
68.599999,1.177588,595.274414,-0.000015,-0.002080,298.308899,1.000372,0.999397,0.000012,1.000841,0.800000,0.800000,1.000000,0.000100000,0.000001113,0.071787,0.000000,0.190476,-0.186694,-0.007584,0.001722,0.800546,0.000000
68.699997,1.177622,595.258240,-0.000014,-0.002017,298.307159,1.000372,0.999396,0.000012,1.000841,0.800000,0.800000,1.000000,0.000100000,0.000001113,0.071782,0.000000,0.190476,-0.186637,-0.007582,0.001724,0.800530,0.000000
68.799995,1.177655,595.242188,-0.000014,-0.001955,298.305420,1.000373,0.999396,0.000012,1.000840,0.800000,0.800000,1.000000,0.000100000,0.000001113,0.071778,0.000000,0.190476,-0.186579,-0.007579,0.001727,0.800513,0.000000
68.900002,1.177688,595.226135,-0.000013,-0.001893,298.303680,1.000373,0.999395,0.000012,1.000914,0.800000,0.800000,1.000000,0.000100000,0.000001113,0.071774,0.000000,0.190476,-0.186522,-0.007577,0.001729,0.800497,0.000000
69.000000,1.177726,595.210266,-0.000013,-0.001832,298.301971,1.000374,0.999394,0.000012,1.000841,0.800000,0.800000,1.000000,0.000100000,0.000001113,0.071769,0.000000,0.190476,-0.186465,-0.007574,0.001731,0.800481,0.000000
69.099998,1.177761,595.194458,-0.000012,-0.001770,298.300232,1.000374,0.999393,0.000012,1.000841,0.800000,0.800000,1.000000,0.000100000,0.000001113,0.071765,0.000000,0.190476,-0.186409,-0.007572,0.001734,0.800465,0.000000
69.199997,1.177799,595.178711,-0.000012,-0.001709,298.298523,1.000375,0.999392,0.000012,1.000840,0.800000,0.800000,1.000000,0.000100000,0.000001113,0.071761,0.000000,0.190476,-0.186353,-0.007569,0.001736,0.800449,0.000000
69.299995,1.177841,595.163025,-0.000012,-0.001648,298.296814,1.000375,0.999392,0.000012,1.000841,0.800000,0.800000,1.000000,0.000100000,0.000001113,0.071757,0.000000,0.190476,-0.186297,-0.007567,0.001738,0.800433,0.000000
69.400002,1.177881,595.147461,-0.000011,-0.001588,298.295105,1.000376,0.999391,0.000012,1.000917,0.800000,0.800000,1.000000,0.000100000,0.000001113,0.071753,0.000000,0.190476,-0.186241,-0.007564,0.001741,0.800417,0.000000
69.500000,1.177921,595.132019,-0.000011,-0.001528,298.293396,1.000376,0.999390,0.000012,1.000840,0.800000,0.800000,1.000000,0.000100000,0.000001113,0.071748,0.000000,0.190476,-0.186186,-0.007562,0.001743,0.800401,0.000000
69.599999,1.177965,595.116638,-0.000010,-0.001468,298.291718,1.000377,0.999389,0.000012,1.000841,0.800000,0.800000,1.000000,0.000100000,0.000001113,0.071744,0.000000,0.190476,-0.186131,-0.007560,0.001746,0.800386,0.000000
69.699997,1.178008,595.101318,-0.000010,-0.001409,298.290039,1.000377,0.999388,0.000012,1.000842,0.800000,0.800000,1.000000,0.000100000,0.000001113,0.071740,0.000000,0.190476,-0.186076,-0.007557,0.001748,0.800370,0.000000
69.799995,1.178052,595.086121,-0.000009,-0.001350,298.288361,1.000378,0.999387,0.000012,1.000837,0.800000,0.800000,1.000000,0.000100000,0.000001113,0.071737,0.000000,0.190476,-0.186022,-0.007555,0.001750,0.800354,0.000000
69.900002,1.178098,595.071045,-0.000009,-0.001291,298.286682,1.000378,0.999387,0.000012,1.000916,0.800000,0.800000,1.000000,0.000100000,0.000001113,0.071733,0.000000,0.190476,-0.185968,-0.007552,0.001753,0.800339,0.000000
70.000000,1.178146,595.056030,-0.000009,-0.001233,298.285004,1.000379,0.999386,0.000012,1.000841,0.800000,0.800000,1.000000,0.000100000,0.000001113,0.071729,0.000000,0.190476,-0.185914,-0.007550,0.001755,0.800324,0.000000
70.099998,1.178194,595.041077,-0.000008,-0.001175,298.283325,1.000379,0.999385,0.000012,1.000840,0.800000,0.800000,1.000000,0.000100000,0.000001113,0.071725,0.000000,0.190476,-0.185861,-0.007548,0.001757,0.800308,0.000000
70.199997,1.178241,595.026306,-0.000008,-0.001117,298.281677,1.000380,0.999384,0.000012,1.000840,0.800000,0.800000,1.000000,0.000100000,0.000001113,0.071721,0.000000,0.190476,-0.185808,-0.007545,0.001760,0.800293,0.000000
70.299995,1.178291,595.011536,-0.000007,-0.001060,298.280029,1.000380,0.999383,0.000012,1.000841,0.800000,0.800000,1.000000,0.000100000,0.000001113,0.071717,0.000000,0.190476,-0.185755,-0.007543,0.001762,0.800278,0.000000
70.400002,1.178340,594.996887,-0.000007,-0.001003,298.278381,1.000381,0.999383,0.000012,1.000917,0.800000,0.800000,1.000000,0.000100000,0.000001113,0.071714,0.000000,0.190476,-0.185703,-0.007541,0.001764,0.800263,0.000000
70.500000,1.178391,594.982361,-0.000007,-0.000946,298.276764,1.000381,0.999382,0.000012,1.000841,0.800000,0.800000,1.000000,0.000100000,0.000001113,0.071710,0.000000,0.190476,-0.185651,-0.007538,0.001767,0.800249,0.000000
70.599999,1.178443,594.967896,-0.000006,-0.000890,298.275116,1.000382,0.999381,0.000012,1.000841,0.800000,0.800000,1.000000,0.000100000,0.000001113,0.071706,0.000000,0.190476,-0.185600,-0.007536,0.001769,0.800234,0.000000
70.699997,1.178496,594.953552,-0.000006,-0.000834,298.273499,1.000382,0.999380,0.000012,1.000837,0.800000,0.800000,1.000000,0.000100000,0.000001113,0.071703,0.000000,0.190476,-0.185548,-0.007534,0.001771,0.800219,0.000000
70.799995,1.178550,594.939331,-0.000005,-0.000779,298.271881,1.000383,0.999379,0.000012,1.000841,0.800000,0.800000,1.000000,0.000100000,0.000001113,0.071699,0.000000,0.190476,-0.185498,-0.007531,0.001774,0.800204,0.000000
70.900002,1.178605,594.925171,-0.000005,-0.000723,298.270264,1.000383,0.999378,0.000012,1.000917,0.800000,0.800000,1.000000,0.000100000,0.000001113,0.071696,0.000000,0.190476,-0.185447,-0.007529,0.001776,0.800190,0.000000
71.000000,1.178660,594.911133,-0.000005,-0.000668,298.268677,1.000384,0.999378,0.000012,1.000841,0.800000,0.800000,1.000000,0.000100000,0.000001113,0.071692,0.000000,0.190476,-0.185397,-0.007527,0.001779,0.800176,0.000000
71.099998,1.178718,594.897156,-0.000004,-0.000614,298.267090,1.000384,0.999377,0.000012,1.000841,0.800000,0.800000,1.000000,0.000100000,0.000001113,0.071689,0.000000,0.190476,-0.185347,-0.007524,0.001781,0.800161,0.000000
71.199997,1.178774,594.883301,-0.000004,-0.000560,298.265503,1.000385,0.999376,0.000012,1.000840,0.800000,0.800000,1.000000,0.000100000,0.000001113,0.071685,0.000000,0.190476,-0.185298,-0.007522,0.001783,0.800147,0.000000
71.299995,1.178830,594.869507,-0.000004,-0.000506,298.263916,1.000385,0.999375,0.000012,1.000841,0.800000,0.800000,1.000000,0.000100000,0.000001113,0.071682,0.000000,0.190476,-0.185248,-0.007520,0.001786,0.800133,0.000000
71.400002,1.178891,594.855835,-0.000003,-0.000453,298.262360,1.000386,0.999374,0.000013,1.000916,0.800000,0.800000,1.000000,0.000100000,0.000001113,0.071679,0.000000,0.190476,-0.185199,-0.007518,0.001788,0.800119,0.000000
71.500000,1.178949,594.842285,-0.000003,-0.000400,298.260773,1.000386,0.999373,0.000013,1.000841,0.800000,0.800000,1.000000,0.000100000,0.000001113,0.071675,0.000000,0.190476,-0.185151,-0.007515,0.001790,0.800105,0.000000
71.599999,1.179008,594.828857,-0.000002,-0.000347,298.259216,1.000387,0.999373,0.000013,1.000838,0.800000,0.800000,1.000000,0.000100000,0.000001113,0.071672,0.000000,0.190476,-0.185103,-0.007513,0.001793,0.800091,0.000000
71.699997,1.179069,594.815491,-0.000002,-0.000295,298.257690,1.000387,0.999372,0.000013,1.000840,0.800000,0.800000,1.000000,0.000100000,0.000001113,0.071669,0.000000,0.190476,-0.185055,-0.007511,0.001795,0.800077,0.000000
71.799995,1.179131,594.802246,-0.000002,-0.000243,298.256134,1.000388,0.999371,0.000013,1.000841,0.800000,0.800000,1.000000,0.000100000,0.000001113,0.071666,0.000000,0.190476,-0.185008,-0.007509,0.001798,0.800064,0.000000
71.900002,1.179193,594.789063,-0.000001,-0.000191,298.254608,1.000388,0.999370,0.000013,1.000917,0.800000,0.800000,1.000000,0.000100000,0.000001113,0.071663,0.000000,0.190476,-0.184961,-0.007507,0.001800,0.800050,0.000000
72.000000,1.179257,594.776001,-0.000001,-0.000140,298.253082,1.000389,0.999369,0.000013,1.000841,0.800000,0.800000,1.000000,0.000100000,0.000001113,0.071660,0.000000,0.190476,-0.184914,-0.007504,0.001802,0.800037,0.000000
72.099998,1.179317,594.763062,-0.000001,-0.000089,298.251587,1.000389,0.999368,0.000013,1.000841,0.800000,0.800000,1.000000,0.000100000,0.000001113,0.071657,0.000000,0.190476,-0.184868,-0.007502,0.001804,0.800024,0.000000
72.199997,1.179381,594.750183,-0.000000,-0.000039,298.250061,1.000390,0.999368,0.000013,1.000841,0.800000,0.800000,1.000000,0.000100000,0.000001113,0.071654,0.000000,0.190476,-0.184822,-0.007500,0.001807,0.800010,0.000000
72.299995,1.179444,594.737427,0.000000,0.000011,298.248566,1.000390,0.999367,0.000013,1.000840,0.800000,0.800000,1.000000,0.000100000,0.000001113,0.071651,0.000000,0.190476,-0.184777,-0.007498,0.001809,0.799997,0.000000
72.400002,1.179510,594.724793,0.000000,0.000061,298.247070,1.000391,0.999366,0.000013,1.000915,0.800000,0.800000,1.000000,0.000100000,0.000001113,0.071648,0.000000,0.190476,-0.184731,-0.007496,0.001812,0.799984,0.000000
72.500000,1.179574,594.712219,0.000001,0.000110,298.245605,1.000391,0.999365,0.000013,1.000838,0.800000,0.800000,1.000000,0.000100000,0.000001113,0.071645,0.000000,0.190476,-0.184686,-0.007494,0.001814,0.799971,0.000000
72.599999,1.179643,594.699768,0.000001,0.000159,298.244141,1.000392,0.999364,0.000013,1.000840,0.800000,0.800000,1.000000,0.000100000,0.000001113,0.071642,0.000000,0.190476,-0.184642,-0.007492,0.001816,0.799958,0.000000
72.699997,1.179707,594.687439,0.000001,0.000208,298.242676,1.000393,0.999363,0.000013,1.000842,0.800000,0.800000,1.000000,0.000100000,0.000001113,0.071639,0.000000,0.190476,-0.184598,-0.007490,0.001819,0.799946,0.000000
72.799995,1.179774,594.675232,0.000002,0.000256,298.241211,1.000393,0.999363,0.000013,1.000840,0.800000,0.800000,1.000000,0.000100000,0.000001113,0.071636,0.000000,0.190476,-0.184554,-0.007487,0.001821,0.799933,0.000000
72.900002,1.179844,594.663086,0.000002,0.000304,298.239777,1.000394,0.999362,0.000013,1.000918,0.800000,0.800000,1.000000,0.000100000,0.000001113,0.071634,0.000000,0.190476,-0.184511,-0.007485,0.001824,0.799920,0.000000
73.000000,1.179910,594.651062,0.000002,0.000351,298.238342,1.000394,0.999361,0.000013,1.000841,0.800000,0.800000,1.000000,0.000100000,0.000001113,0.071631,0.000000,0.190476,-0.184468,-0.007483,0.001826,0.799908,0.000000
73.099998,1.179980,594.639099,0.000003,0.000398,298.236908,1.000395,0.999360,0.000013,1.000841,0.800000,0.800000,1.000000,0.000100000,0.000001113,0.071628,0.000000,0.190476,-0.184425,-0.007481,0.001828,0.799896,0.000000
73.199997,1.180047,594.627258,0.000003,0.000445,298.235474,1.000395,0.999359,0.000013,1.000840,0.800000,0.800000,1.000000,0.000100000,0.000001113,0.071625,0.000000,0.190476,-0.184383,-0.007479,0.001831,0.799883,0.000000
73.299995,1.180116,594.615540,0.000003,0.000491,298.234070,1.000396,0.999358,0.000013,1.000840,0.800000,0.800000,1.000000,0.000100000,0.000001113,0.071623,0.000000,0.190476,-0.184341,-0.007477,0.001833,0.799871,0.000000
73.400002,1.180187,594.603943,0.000004,0.000537,298.232666,1.000396,0.999358,0.000013,1.000914,0.800000,0.800000,1.000000,0.000100000,0.000001113,0.071620,0.000000,0.190476,-0.184300,-0.007475,0.001835,0.799859,0.000000
73.500000,1.180259,594.592407,0.000004,0.000582,298.231293,1.000397,0.999357,0.000013,1.000841,0.800000,0.800000,1.000000,0.000100000,0.000001113,0.071618,0.000000,0.190476,-0.184259,-0.007473,0.001838,0.799847,0.000000
73.599999,1.180328,594.580994,0.000004,0.000628,298.229889,1.000397,0.999356,0.000013,1.000841,0.800000,0.800000,1.000000,0.000100000,0.000001113,0.071615,0.000000,0.190476,-0.184218,-0.007471,0.001840,0.799835,0.000000
73.699997,1.180397,594.569702,0.000005,0.000672,298.228516,1.000398,0.999355,0.000013,1.000841,0.800000,0.800000,1.000000,0.000100000,0.000001113,0.071613,0.000000,0.190476,-0.184178,-0.007469,0.001843,0.799824,0.000000
73.799995,1.180470,594.558472,0.000005,0.000717,298.227173,1.000398,0.999354,0.000013,1.000841,0.800000,0.800000,1.000000,0.000100000,0.000001113,0.071610,0.000000,0.190476,-0.184137,-0.007467,0.001845,0.799812,0.000000
73.900002,1.180543,594.547363,0.000005,0.000761,298.225800,1.000399,0.999353,0.000013,1.000917,0.800000,0.800000,1.000000,0.000100000,0.000001113,0.071608,0.000000,0.190476,-0.184098,-0.007465,0.001847,0.799800,0.000000
74.000000,1.180616,594.536377,0.000006,0.000804,298.224457,1.000399,0.999353,0.000013,1.000840,0.800000,0.800000,1.000000,0.000100000,0.000001113,0.071606,0.000000,0.190476,-0.184058,-0.007464,0.001850,0.799789,0.000000
74.099998,1.180688,594.525513,0.000006,0.000847,298.223114,1.000400,0.999352,0.000013,1.000841,0.800000,0.800000,1.000000,0.000100000,0.000001113,0.071603,0.000000,0.190476,-0.184020,-0.007462,0.001852,0.799778,0.000000
74.199997,1.180761,594.514709,0.000006,0.000890,298.221802,1.000400,0.999351,0.000013,1.000840,0.800000,0.800000,1.000000,0.000100000,0.000001113,0.071601,0.000000,0.190476,-0.183981,-0.007460,0.001855,0.799766,0.000000
74.299995,1.180834,594.504028,0.000007,0.000933,298.220490,1.000401,0.999350,0.000013,1.000837,0.800000,0.800000,1.000000,0.000100000,0.000001113,0.071599,0.000000,0.190476,-0.183943,-0.007458,0.001857,0.799755,0.000000
74.400002,1.180906,594.493408,0.000007,0.000975,298.219177,1.000401,0.999349,0.000013,1.000918,0.800000,0.800000,1.000000,0.000100000,0.000001113,0.071596,0.000000,0.190476,-0.183905,-0.007456,0.001859,0.799744,0.000000
74.500000,1.180980,594.482971,0.000007,0.001016,298.217865,1.000402,0.999348,0.000013,1.000841,0.800000,0.800000,1.000000,0.000100000,0.000001113,0.071594,0.000000,0.190476,-0.183868,-0.007454,0.001862,0.799733,0.000000
74.599999,1.181054,594.472595,0.000007,0.001058,298.216583,1.000402,0.999348,0.000013,1.000840,0.800000,0.800000,1.000000,0.000100000,0.000001113,0.071592,0.000000,0.190476,-0.183831,-0.007452,0.001864,0.799722,0.000000
74.699997,1.181128,594.462280,0.000008,0.001099,298.215302,1.000403,0.999347,0.000013,1.000841,0.800000,0.800000,1.000000,0.000100000,0.000001113,0.071590,0.000000,0.190476,-0.183794,-0.007450,0.001866,0.799712,0.000000
74.799995,1.181201,594.452148,0.000008,0.001139,298.214050,1.000403,0.999346,0.000013,1.000841,0.800000,0.800000,1.000000,0.000100000,0.000001113,0.071588,0.000000,0.190476,-0.183758,-0.007449,0.001869,0.799701,0.000000
74.900002,1.181277,594.442078,0.000008,0.001179,298.212799,1.000404,0.999345,0.000013,1.000917,0.800000,0.800000,1.000000,0.000100000,0.000001113,0.071586,0.000000,0.190476,-0.183722,-0.007447,0.001871,0.799691,0.000000
75.000000,1.181354,594.432068,0.000009,0.001219,298.211548,1.000404,0.999344,0.000013,1.000840,0.800000,0.800000,1.000000,0.000100000,0.000001113,0.071584,0.000000,0.190476,-0.183686,-0.007445,0.001874,0.799680,0.000000
75.099998,1.181427,594.422241,0.000009,0.001258,298.210297,1.000405,0.999343,0.000013,1.000841,0.800000,0.800000,1.000000,0.000100000,0.000001113,0.071582,0.000000,0.190476,-0.183651,-0.007443,0.001876,0.799670,0.000000
75.199997,1.181505,594.412476,0.000009,0.001297,298.209076,1.000405,0.999343,0.000013,1.000837,0.800000,0.800000,1.000000,0.000100000,0.000001113,0.071580,0.000000,0.190476,-0.183616,-0.007442,0.001878,0.799659,0.000000
75.299995,1.181578,594.402832,0.000009,0.001336,298.207855,1.000406,0.999342,0.000013,1.000841,0.800000,0.800000,1.000000,0.000100000,0.000001113,0.071578,0.000000,0.190476,-0.183582,-0.007440,0.001881,0.799649,0.000000
75.400002,1.181653,594.393250,0.000010,0.001374,298.206635,1.000407,0.999341,0.000013,1.000918,0.800000,0.800000,1.000000,0.000100000,0.000001113,0.071576,0.000000,0.190476,-0.183547,-0.007438,0.001883,0.799639,0.000000
75.500000,1.181731,594.383789,0.000010,0.001412,298.205444,1.000407,0.999340,0.000013,1.000840,0.800000,0.800000,1.000000,0.000100000,0.000001113,0.071574,0.000000,0.190476,-0.183514,-0.007436,0.001886,0.799629,0.000000
75.599999,1.181809,594.374451,0.000010,0.001450,298.204254,1.000408,0.999339,0.000013,1.000841,0.800000,0.800000,1.000000,0.000100000,0.000001113,0.071572,0.000000,0.190476,-0.183480,-0.007435,0.001888,0.799620,0.000000
75.699997,1.181883,594.365234,0.000010,0.001487,298.203064,1.000408,0.999338,0.000013,1.000841,0.800000,0.800000,1.000000,0.000100000,0.000001113,0.071570,0.000000,0.190476,-0.183447,-0.007433,0.001890,0.799610,0.000000
75.799995,1.181960,594.356079,0.000011,0.001524,298.201904,1.000409,0.999338,0.000013,1.000840,0.800000,0.800000,1.000000,0.000100000,0.000001113,0.071569,0.000000,0.190476,-0.183415,-0.007431,0.001893,0.799600,0.000000
75.900002,1.182039,594.347046,0.000011,0.001560,298.200745,1.000409,0.999337,0.000013,1.000916,0.800000,0.800000,1.000000,0.000100000,0.000001113,0.071567,0.000000,0.190476,-0.183382,-0.007430,0.001895,0.799591,0.000000
76.000000,1.182113,594.338074,0.000011,0.001596,298.199585,1.000410,0.999336,0.000013,1.000841,0.800000,0.800000,1.000000,0.000100000,0.000001113,0.071565,0.000000,0.190476,-0.183350,-0.007428,0.001898,0.799581,0.000000
76.099998,1.182191,594.329224,0.000011,0.001631,298.198456,1.000410,0.999335,0.000013,1.000837,0.800000,0.800000,1.000000,0.000100000,0.000001113,0.071563,0.000000,0.190476,-0.183319,-0.007426,0.001900,0.799572,0.000000
76.199997,1.182267,594.320496,0.000012,0.001667,298.197327,1.000411,0.999334,0.000013,1.000841,0.800000,0.800000,1.000000,0.000100000,0.000001113,0.071562,0.000000,0.190476,-0.183287,-0.007425,0.001902,0.799563,0.000000
76.299995,1.182346,594.311829,0.000012,0.001702,298.196198,1.000411,0.999333,0.000013,1.000841,0.800000,0.800000,1.000000,0.000100000,0.000001113,0.071560,0.000000,0.190476,-0.183257,-0.007423,0.001905,0.799553,0.000000
76.400002,1.182423,594.303284,0.000012,0.001736,298.195068,1.000412,0.999332,0.000013,1.000916,0.800000,0.800000,1.000000,0.000100000,0.000001113,0.071559,0.000000,0.190476,-0.183226,-0.007422,0.001907,0.799544,0.000000
76.500000,1.182500,594.294861,0.000012,0.001770,298.193970,1.000412,0.999332,0.000013,1.000841,0.800000,0.800000,1.000000,0.000100000,0.000001113,0.071557,0.000000,0.190476,-0.183196,-0.007420,0.001910,0.799535,0.000000
76.599999,1.182577,594.286560,0.000013,0.001804,298.192902,1.000413,0.999331,0.000013,1.000840,0.800000,0.800000,1.000000,0.000100000,0.000001113,0.071555,0.000000,0.190476,-0.183166,-0.007418,0.001912,0.799527,0.000000
76.699997,1.182653,594.278320,0.000013,0.001837,298.191803,1.000413,0.999330,0.000013,1.000840,0.800000,0.800000,1.000000,0.000100000,0.000001113,0.071554,0.000000,0.190476,-0.183137,-0.007417,0.001915,0.799518,0.000000
76.799995,1.182733,594.270142,0.000013,0.001870,298.190735,1.000414,0.999329,0.000013,1.000841,0.800000,0.800000,1.000000,0.000100000,0.000001113,0.071552,0.000000,0.190476,-0.183108,-0.007415,0.001917,0.799509,0.000000
76.900002,1.182810,594.262085,0.000013,0.001903,298.189667,1.000414,0.999328,0.000013,1.000917,0.800000,0.800000,1.000000,0.000100000,0.000001113,0.071551,0.000000,0.190476,-0.183079,-0.007414,0.001919,0.799500,0.000000
77.000000,1.182887,594.254150,0.000014,0.001935,298.188629,1.000415,0.999327,0.000013,1.000838,0.800000,0.800000,1.000000,0.000100000,0.000001113,0.071550,0.000000,0.190476,-0.183051,-0.007412,0.001922,0.799492,0.000000
77.099998,1.182964,594.246338,0.000014,0.001967,298.187592,1.000415,0.999327,0.000013,1.000841,0.800000,0.800000,1.000000,0.000100000,0.000001113,0.071548,0.000000,0.190476,-0.183023,-0.007411,0.001924,0.799484,0.000000
77.199997,1.183043,594.238586,0.000014,0.001999,298.186554,1.000416,0.999326,0.000013,1.000841,0.800000,0.800000,1.000000,0.000100000,0.000001113,0.071547,0.000000,0.190476,-0.182995,-0.007409,0.001927,0.799475,0.000000
77.299995,1.183121,594.230896,0.000014,0.002030,298.185547,1.000416,0.999325,0.000014,1.000840,0.800000,0.800000,1.000000,0.000100000,0.000001113,0.071545,0.000000,0.190476,-0.182967,-0.007408,0.001929,0.799467,0.000000
77.400002,1.183198,594.223389,0.000014,0.002061,298.184509,1.000417,0.999324,0.000014,1.000917,0.800000,0.800000,1.000000,0.000100000,0.000001113,0.071544,0.000000,0.190476,-0.182941,-0.007406,0.001931,0.799459,0.000000
77.500000,1.183275,594.215881,0.000015,0.002092,298.183533,1.000417,0.999323,0.000014,1.000841,0.800000,0.800000,1.000000,0.000100000,0.000001113,0.071543,0.000000,0.190476,-0.182914,-0.007405,0.001934,0.799451,0.000000
77.599999,1.183353,594.208557,0.000015,0.002121,298.182526,1.000418,0.999322,0.000014,1.000840,0.800000,0.800000,1.000000,0.000100000,0.000001113,0.071542,0.000000,0.190476,-0.182888,-0.007404,0.001936,0.799443,0.000000
77.699997,1.183430,594.201294,0.000015,0.002151,298.181549,1.000419,0.999321,0.000014,1.000841,0.800000,0.800000,1.000000,0.000100000,0.000001113,0.071540,0.000000,0.190476,-0.182862,-0.007402,0.001939,0.799435,0.000000
77.799995,1.183507,594.194153,0.000015,0.002180,298.180573,1.000419,0.999321,0.000014,1.000840,0.800000,0.800000,1.000000,0.000100000,0.000001113,0.071539,0.000000,0.190476,-0.182836,-0.007401,0.001941,0.799428,0.000000
77.900002,1.183586,594.187073,0.000015,0.002210,298.179626,1.000420,0.999320,0.000014,1.000914,0.800000,0.800000,1.000000,0.000100000,0.000001113,0.071538,0.000000,0.190476,-0.182811,-0.007399,0.001943,0.799420,0.000000
78.000000,1.183661,594.180054,0.000016,0.002239,298.178650,1.000420,0.999319,0.000014,1.000841,0.800000,0.800000,1.000000,0.000100000,0.000001113,0.071537,0.000000,0.190476,-0.182786,-0.007398,0.001946,0.799412,0.000000
78.099998,1.183739,594.173218,0.000016,0.002267,298.177734,1.000421,0.999318,0.000014,1.000841,0.800000,0.800000,1.000000,0.000100000,0.000001113,0.071536,0.000000,0.190476,-0.182761,-0.007397,0.001948,0.799405,0.000000
78.199997,1.183818,594.166443,0.000016,0.002295,298.176788,1.000421,0.999317,0.000014,1.000840,0.800000,0.800000,1.000000,0.000100000,0.000001113,0.071535,0.000000,0.190476,-0.182737,-0.007395,0.001951,0.799398,0.000000
78.299995,1.183895,594.159729,0.000016,0.002322,298.175873,1.000422,0.999316,0.000014,1.000840,0.800000,0.800000,1.000000,0.000100000,0.000001113,0.071534,0.000000,0.190476,-0.182713,-0.007394,0.001953,0.799391,0.000000
78.400002,1.183972,594.153137,0.000016,0.002350,298.174957,1.000422,0.999316,0.000014,1.000917,0.800000,0.800000,1.000000,0.000100000,0.000001113,0.071533,0.000000,0.190476,-0.182690,-0.007393,0.001956,0.799383,0.000000
78.500000,1.184049,594.146606,0.000017,0.002377,298.174042,1.000423,0.999315,0.000014,1.000841,0.800000,0.800000,1.000000,0.000100000,0.000001113,0.071532,0.000000,0.190476,-0.182666,-0.007391,0.001958,0.799376,0.000000
78.599999,1.184125,594.140198,0.000017,0.002403,298.173157,1.000423,0.999314,0.000014,1.000841,0.800000,0.800000,1.000000,0.000100000,0.000001113,0.071531,0.000000,0.190476,-0.182644,-0.007390,0.001960,0.799369,0.000000
78.699997,1.184201,594.133911,0.000017,0.002429,298.172272,1.000424,0.999313,0.000014,1.000840,0.800000,0.800000,1.000000,0.000100000,0.000001113,0.071530,0.000000,0.190476,-0.182621,-0.007389,0.001963,0.799362,0.000000
78.799995,1.184279,594.127686,0.000017,0.002455,298.171417,1.000424,0.999312,0.000014,1.000838,0.800000,0.800000,1.000000,0.000100000,0.000001113,0.071529,0.000000,0.190476,-0.182599,-0.007388,0.001965,0.799356,0.000000
78.900002,1.184354,594.121521,0.000017,0.002481,298.170532,1.000425,0.999311,0.000014,1.000917,0.800000,0.800000,1.000000,0.000100000,0.000001113,0.071528,0.000000,0.190476,-0.182577,-0.007386,0.001968,0.799349,0.000000
79.000000,1.184433,594.115479,0.000018,0.002506,298.169678,1.000425,0.999310,0.000014,1.000841,0.800000,0.800000,1.000000,0.000100000,0.000001113,0.071527,0.000000,0.190476,-0.182555,-0.007385,0.001970,0.799342,0.000000
79.099998,1.184507,594.109558,0.000018,0.002531,298.168854,1.000426,0.999310,0.000014,1.000841,0.800000,0.800000,1.000000,0.000100000,0.000001113,0.071526,0.000000,0.190476,-0.182534,-0.007384,0.001973,0.799336,0.000000
79.199997,1.184583,594.103699,0.000018,0.002556,298.167999,1.000426,0.999309,0.000014,1.000840,0.800000,0.800000,1.000000,0.000100000,0.000001113,0.071525,0.000000,0.190476,-0.182513,-0.007383,0.001975,0.799329,0.000000
79.299995,1.184659,594.097900,0.000018,0.002580,298.167175,1.000427,0.999308,0.000014,1.000840,0.800000,0.800000,1.000000,0.000100000,0.000001113,0.071524,0.000000,0.190476,-0.182492,-0.007382,0.001978,0.799323,0.000000
79.400002,1.184735,594.092224,0.000018,0.002604,298.166382,1.000427,0.999307,0.000014,1.000917,0.800000,0.800000,1.000000,0.000100000,0.000001113,0.071524,0.000000,0.190476,-0.182472,-0.007381,0.001980,0.799317,0.000000
79.500000,1.184811,594.086670,0.000018,0.002627,298.165558,1.000428,0.999306,0.000014,1.000841,0.800000,0.800000,1.000000,0.000100000,0.000001113,0.071523,0.000000,0.190476,-0.182452,-0.007379,0.001982,0.799310,0.000000
79.599999,1.184888,594.081177,0.000019,0.002650,298.164764,1.000429,0.999305,0.000014,1.000841,0.800000,0.800000,1.000000,0.000100000,0.000001113,0.071522,0.000000,0.190476,-0.182433,-0.007378,0.001985,0.799304,0.000000
79.699997,1.184964,594.075745,0.000019,0.002673,298.163971,1.000429,0.999304,0.000014,1.000837,0.800000,0.800000,1.000000,0.000100000,0.000001113,0.071521,0.000000,0.190476,-0.182413,-0.007377,0.001987,0.799298,0.000000
79.799995,1.185038,594.070435,0.000019,0.002696,298.163208,1.000430,0.999304,0.000014,1.000841,0.800000,0.800000,1.000000,0.000100000,0.000001113,0.071521,0.000000,0.190476,-0.182394,-0.007376,0.001990,0.799292,0.000000
79.900002,1.185114,594.065186,0.000019,0.002718,298.162445,1.000430,0.999303,0.000014,1.000917,0.800000,0.800000,1.000000,0.000100000,0.000001113,0.071520,0.000000,0.190476,-0.182376,-0.007375,0.001992,0.799287,0.000000
80.000000,1.185187,594.059998,0.000019,0.002740,298.161682,1.000431,0.999302,0.000014,1.000841,0.800000,0.800000,1.000000,0.000100000,0.000001113,0.071519,0.000000,0.190476,-0.182357,-0.007374,0.001995,0.799281,0.000000
80.099998,1.180746,594.052917,-0.000008,-0.001091,298.160950,1.000431,0.999301,0.000014,1.000840,0.798987,0.750000,1.000000,0.000100000,0.000001113,0.071518,0.000000,0.186616,-0.182332,-0.007373,0.001997,0.799273,0.000000
80.199997,1.176041,594.041504,-0.000034,-0.004907,298.160187,1.000432,0.999300,0.000014,1.000844,0.797973,0.750000,1.000000,0.000100000,0.000001113,0.071516,0.000000,0.182756,-0.182291,-0.007372,0.001999,0.799262,0.000000
80.299995,1.171228,594.025757,-0.000061,-0.008708,298.159393,1.000432,0.999299,0.000014,1.000840,0.796960,0.750000,1.000000,0.000100000,0.000001113,0.071514,0.000000,0.178896,-0.182235,-0.007371,0.002002,0.799246,0.000000
80.400002,1.166320,594.005432,-0.000087,-0.012492,298.158569,1.000433,0.999299,0.000014,1.000917,0.795947,0.750000,1.000000,0.000100000,0.000001113,0.071510,0.000000,0.175036,-0.182162,-0.007369,0.002004,0.799226,0.000000
80.500000,1.161330,593.980652,-0.000114,-0.016260,298.157684,1.000433,0.999298,0.000014,1.000840,0.794934,0.750000,1.000000,0.000100000,0.000001113,0.071506,0.000000,0.171176,-0.182074,-0.007368,0.002006,0.799202,0.000000
80.599999,1.156268,593.951233,-0.000140,-0.020011,298.156738,1.000434,0.999297,0.000014,1.000838,0.793920,0.750000,1.000000,0.000100000,0.000001113,0.071501,0.000000,0.167316,-0.181969,-0.007367,0.002008,0.799173,0.000000
80.699997,1.151144,593.917175,-0.000166,-0.023747,298.155701,1.000434,0.999296,0.000014,1.000840,0.792907,0.750000,1.000000,0.000100000,0.000001113,0.071495,0.000000,0.163456,-0.181847,-0.007365,0.002010,0.799141,0.000000
80.799995,1.145965,593.878479,-0.000192,-0.027465,298.154572,1.000434,0.999296,0.000014,1.000841,0.791894,0.750000,1.000000,0.000100000,0.000001113,0.071488,0.000000,0.159595,-0.181709,-0.007364,0.002012,0.799103,0.000000
80.900002,1.140737,593.835022,-0.000218,-0.031166,298.153320,1.000435,0.999295,0.000014,1.000917,0.790881,0.750000,1.000000,0.000100000,0.000001113,0.071480,0.000000,0.155736,-0.181554,-0.007362,0.002014,0.799062,0.000000
81.000000,1.135466,593.786865,-0.000244,-0.034850,298.151917,1.000435,0.999294,0.000014,1.000840,0.789867,0.750000,1.000000,0.000100000,0.000001113,0.071471,0.000000,0.151875,-0.181382,-0.007360,0.002016,0.799015,0.000000
81.099998,1.130158,593.733948,-0.000270,-0.038518,298.150391,1.000436,0.999294,0.000014,1.000841,0.788854,0.750000,1.000000,0.000100000,0.000001113,0.071462,0.000000,0.148015,-0.181193,-0.007358,0.002018,0.798965,0.000000
81.199997,1.124818,593.676270,-0.000295,-0.042167,298.148712,1.000436,0.999293,0.000014,1.000841,0.787841,0.750000,1.000000,0.000100000,0.000001113,0.071451,0.000000,0.144155,-0.180987,-0.007355,0.002019,0.798910,0.000000
81.299995,1.119448,593.613770,-0.000321,-0.045800,298.146851,1.000436,0.999293,0.000014,1.000841,0.786827,0.750000,1.000000,0.000100000,0.000001113,0.071440,0.000000,0.140295,-0.180763,-0.007353,0.002021,0.798850,0.000000
81.400002,1.114053,593.546570,-0.000346,-0.049416,298.144806,1.000437,0.999292,0.000014,1.000917,0.785814,0.750000,1.000000,0.000100000,0.000001113,0.071428,0.000000,0.136435,-0.180523,-0.007350,0.002022,0.798786,0.000000
81.500000,1.108637,593.474487,-0.000371,-0.053014,298.142578,1.000437,0.999292,0.000014,1.000837,0.784801,0.750000,1.000000,0.000100000,0.000001113,0.071415,0.000000,0.132575,-0.180266,-0.007347,0.002024,0.798717,0.000000
81.599999,1.103202,593.397644,-0.000396,-0.056595,298.140137,1.000437,0.999291,0.000014,1.000841,0.783788,0.750000,1.000000,0.000100000,0.000001113,0.071401,0.000000,0.128715,-0.179992,-0.007343,0.002025,0.798644,0.000000
81.699997,1.097752,593.316040,-0.000421,-0.060158,298.137482,1.000438,0.999291,0.000014,1.000841,0.782774,0.750000,1.000000,0.000100000,0.000001113,0.071386,0.000000,0.124854,-0.179700,-0.007339,0.002027,0.798566,0.000000
81.799995,1.092289,593.229614,-0.000446,-0.063704,298.134583,1.000438,0.999290,0.000014,1.000841,0.781761,0.750000,1.000000,0.000100000,0.000001113,0.071370,0.000000,0.120995,-0.179391,-0.007335,0.002028,0.798483,0.000000
81.900002,1.086816,593.138428,-0.000471,-0.067233,298.131470,1.000438,0.999290,0.000014,1.000917,0.780748,0.750000,1.000000,0.000100000,0.000001113,0.071354,0.000000,0.117134,-0.179066,-0.007331,0.002029,0.798396,0.000000
82.000000,1.081335,593.042419,-0.000495,-0.070745,298.128113,1.000438,0.999289,0.000014,1.000840,0.779734,0.750000,1.000000,0.000100000,0.000001113,0.071336,0.000000,0.113274,-0.178723,-0.007326,0.002030,0.798305,0.000000
82.099998,1.075847,592.941711,-0.000520,-0.074239,298.124481,1.000439,0.999289,0.000014,1.000841,0.778721,0.750000,1.000000,0.000100000,0.000001113,0.071318,0.000000,0.109414,-0.178363,-0.007321,0.002031,0.798209,0.000000
82.199997,1.070356,592.836243,-0.000544,-0.077716,298.120605,1.000439,0.999289,0.000014,1.000841,0.777708,0.750000,1.000000,0.000100000,0.000001113,0.071299,0.000000,0.105554,-0.177987,-0.007315,0.002032,0.798108,0.000000
82.299995,1.064862,592.726013,-0.000568,-0.081175,298.116455,1.000439,0.999288,0.000014,1.000842,0.776695,0.750000,1.000000,0.000100000,0.000001113,0.071279,0.000000,0.101694,-0.177593,-0.007309,0.002033,0.798003,0.000000
82.400002,1.059368,592.611084,-0.000592,-0.084618,298.112030,1.000439,0.999288,0.000014,1.000914,0.775681,0.750000,1.000000,0.000100000,0.000001113,0.071258,0.000000,0.097834,-0.177182,-0.007303,0.002034,0.797894,0.000000
82.500000,1.053875,592.491455,-0.000616,-0.088043,298.107300,1.000439,0.999288,0.000014,1.000840,0.774668,0.750000,1.000000,0.000100000,0.000001113,0.071237,0.000000,0.093974,-0.176755,-0.007296,0.002035,0.797779,0.000000
82.599999,1.048385,592.367126,-0.000640,-0.091451,298.102295,1.000440,0.999288,0.000014,1.000841,0.773655,0.750000,1.000000,0.000100000,0.000001113,0.071214,0.000000,0.090113,-0.176311,-0.007289,0.002035,0.797661,0.000000
82.699997,1.042898,592.238159,-0.000664,-0.094843,298.096985,1.000440,0.999288,0.000014,1.000841,0.772642,0.750000,1.000000,0.000100000,0.000001113,0.071191,0.000000,0.086254,-0.175851,-0.007281,0.002036,0.797538,0.000000
82.799995,1.037418,592.104553,-0.000688,-0.098217,298.091339,1.000440,0.999287,0.000014,1.000841,0.771628,0.750000,1.000000,0.000100000,0.000001113,0.071167,0.000000,0.082393,-0.175373,-0.007273,0.002036,0.797410,0.000000
82.900002,1.031943,591.966309,-0.000711,-0.101575,298.085419,1.000440,0.999287,0.000014,1.000917,0.770615,0.750000,1.000000,0.000100000,0.000001113,0.071142,0.000000,0.078533,-0.174880,-0.007265,0.002037,0.797278,0.000000
83.000000,1.026477,591.823486,-0.000734,-0.104915,298.079132,1.000440,0.999287,0.000014,1.000840,0.769602,0.750000,1.000000,0.000100000,0.000001113,0.071117,0.000000,0.074673,-0.174370,-0.007256,0.002037,0.797142,0.000000
83.099998,1.021019,591.676025,-0.000758,-0.108239,298.072571,1.000440,0.999287,0.000014,1.000840,0.768588,0.750000,1.000000,0.000100000,0.000001113,0.071090,0.000000,0.070813,-0.173843,-0.007247,0.002037,0.797001,0.000000
83.199997,1.015571,591.524109,-0.000781,-0.111547,298.065643,1.000440,0.999287,0.000014,1.000842,0.767575,0.750000,1.000000,0.000100000,0.000001113,0.071063,0.000000,0.066953,-0.173300,-0.007237,0.002038,0.796856,0.000000
83.299995,1.010134,591.367615,-0.000804,-0.114837,298.058411,1.000440,0.999287,0.000014,1.000837,0.766562,0.750000,1.000000,0.000100000,0.000001113,0.071035,0.000000,0.063093,-0.172741,-0.007226,0.002038,0.796707,0.000000
83.400002,1.004709,591.206604,-0.000827,-0.118111,298.050812,1.000440,0.999287,0.000014,1.000917,0.765549,0.750000,1.000000,0.000100000,0.000001113,0.071006,0.000000,0.059233,-0.172166,-0.007215,0.002038,0.796553,0.000000
83.500000,0.999296,591.041199,-0.000850,-0.121370,298.042877,1.000440,0.999287,0.000014,1.000841,0.764535,0.750000,1.000000,0.000100000,0.000001113,0.070977,0.000000,0.055372,-0.171576,-0.007204,0.002038,0.796395,0.000000
83.599999,0.993897,590.871277,-0.000872,-0.124611,298.034576,1.000440,0.999287,0.000014,1.000840,0.763522,0.750000,1.000000,0.000100000,0.000001113,0.070946,0.000000,0.051513,-0.170969,-0.007192,0.002038,0.796232,0.000000
83.699997,0.988512,590.697022,-0.000895,-0.127836,298.025940,1.000440,0.999287,0.000014,1.000840,0.762509,0.750000,1.000000,0.000100000,0.000001113,0.070915,0.000000,0.047652,-0.170347,-0.007180,0.002038,0.796066,0.000000
83.799995,0.983142,590.518311,-0.000917,-0.131046,298.016968,1.000440,0.999287,0.000014,1.000841,0.761495,0.750000,1.000000,0.000100000,0.000001113,0.070883,0.000000,0.043792,-0.169708,-0.007167,0.002037,0.795895,0.000000
83.900002,0.977788,590.335266,-0.000940,-0.134239,298.007599,1.000440,0.999287,0.000014,1.000916,0.760482,0.750000,1.000000,0.000100000,0.000001113,0.070851,0.000000,0.039932,-0.169055,-0.007154,0.002037,0.795720,0.000000
84.000000,0.972450,590.147888,-0.000962,-0.137416,297.997894,1.000440,0.999287,0.000014,1.000841,0.759469,0.750000,1.000000,0.000100000,0.000001113,0.070818,0.000000,0.036072,-0.168385,-0.007140,0.002037,0.795541,0.000000
84.099998,0.967129,589.956238,-0.000984,-0.140578,297.987824,1.000440,0.999287,0.000014,1.000841,0.758456,0.750000,1.000000,0.000100000,0.000001113,0.070784,0.000000,0.032212,-0.167701,-0.007125,0.002036,0.795357,0.000000
84.199997,0.961826,589.760315,-0.001006,-0.143724,297.977356,1.000440,0.999287,0.000014,1.000837,0.757442,0.750000,1.000000,0.000100000,0.000001113,0.070749,0.000000,0.028352,-0.167001,-0.007111,0.002036,0.795170,0.000000
84.299995,0.956540,589.560181,-0.001028,-0.146855,297.966553,1.000440,0.999288,0.000014,1.000841,0.756429,0.750000,1.000000,0.000100000,0.000001113,0.070713,0.000000,0.024492,-0.166286,-0.007095,0.002035,0.794978,0.000000
84.400002,0.951273,589.355835,-0.001050,-0.149970,297.955353,1.000439,0.999288,0.000014,1.000917,0.755416,0.750000,1.000000,0.000100000,0.000001113,0.070677,0.000000,0.020631,-0.165557,-0.007079,0.002035,0.794783,0.000000
84.500000,0.946026,589.147339,-0.001071,-0.153069,297.943787,1.000439,0.999288,0.000014,1.000841,0.754402,0.750000,1.000000,0.000100000,0.000001113,0.070641,0.000000,0.016772,-0.164812,-0.007063,0.002034,0.794583,0.000000
84.599999,0.940798,588.934692,-0.001093,-0.156153,297.931854,1.000439,0.999288,0.000014,1.000840,0.753389,0.750000,1.000000,0.000100000,0.000001113,0.070603,0.000000,0.012911,-0.164052,-0.007046,0.002033,0.794380,0.000000
84.699997,0.935590,588.717957,-0.001115,-0.159223,297.919556,1.000439,0.999289,0.000014,1.000841,0.752376,0.750000,1.000000,0.000100000,0.000001113,0.070565,0.000000,0.009051,-0.163278,-0.007028,0.002032,0.794172,0.000000
84.799995,0.930403,588.497131,-0.001136,-0.162277,297.906860,1.000439,0.999289,0.000014,1.000840,0.751363,0.750000,1.000000,0.000100000,0.000001113,0.070526,0.000000,0.005191,-0.162490,-0.007010,0.002031,0.793960,0.000000
84.900002,0.925236,588.272278,-0.001157,-0.165316,297.893768,1.000439,0.999289,0.000014,1.000916,0.750349,0.750000,1.000000,0.000100000,0.000001113,0.070487,0.000000,0.001331,-0.161687,-0.006991,0.002030,0.793745,0.000000
85.000000,0.922032,588.044006,-0.001161,-0.165814,297.880310,1.000438,0.999290,0.000014,1.000841,0.750000,0.750000,1.000000,0.000100000,0.000001113,0.070447,0.000000,0.000000,-0.160871,-0.006972,0.002029,0.793526,0.000000
85.099998,0.920042,587.814453,-0.001155,-0.164975,297.866486,1.000438,0.999290,0.000014,1.000837,0.750000,0.750000,1.000000,0.000100000,0.000001113,0.070407,0.000000,0.000000,-0.160052,-0.006952,0.002028,0.793306,0.000000
85.199997,0.918133,587.583923,-0.001149,-0.164133,297.852295,1.000438,0.999290,0.000014,1.000841,0.750000,0.750000,1.000000,0.000100000,0.000001113,0.070367,0.000000,0.000000,-0.159228,-0.006932,0.002027,0.793085,0.000000
85.299995,0.916296,587.352417,-0.001143,-0.163287,297.837769,1.000438,0.999291,0.000014,1.000842,0.750000,0.750000,1.000000,0.000100000,0.000001113,0.070326,0.000000,0.000000,-0.158401,-0.006911,0.002026,0.792863,0.000000
85.400002,0.914526,587.120117,-0.001137,-0.162437,297.822876,1.000437,0.999291,0.000014,1.000917,0.750000,0.750000,1.000000,0.000100000,0.000001113,0.070286,0.000000,0.000000,-0.157572,-0.006890,0.002025,0.792640,0.000000
85.500000,0.912816,586.886963,-0.001131,-0.161584,297.807648,1.000437,0.999292,0.000014,1.000840,0.750000,0.750000,1.000000,0.000100000,0.000001113,0.070246,0.000000,0.000000,-0.156739,-0.006868,0.002024,0.792416,0.000000
85.599999,0.911162,586.653137,-0.001125,-0.160727,297.792114,1.000437,0.999292,0.000014,1.000841,0.750000,0.750000,1.000000,0.000100000,0.000001113,0.070205,0.000000,0.000000,-0.155904,-0.006846,0.002022,0.792191,0.000000
85.699997,0.909561,586.418579,-0.001119,-0.159868,297.776245,1.000437,0.999293,0.000014,1.000841,0.750000,0.750000,1.000000,0.000100000,0.000001113,0.070165,0.000000,0.000000,-0.155066,-0.006823,0.002021,0.791965,0.000000
85.799995,0.908008,586.183411,-0.001113,-0.159007,297.760101,1.000436,0.999293,0.000014,1.000840,0.750000,0.750000,1.000000,0.000100000,0.000001113,0.070125,0.000000,0.000000,-0.154226,-0.006800,0.002020,0.791739,0.000000
85.900002,0.906503,585.947632,-0.001107,-0.158142,297.743622,1.000436,0.999293,0.000014,1.000917,0.750000,0.750000,1.000000,0.000100000,0.000001113,0.070084,0.000000,0.000000,-0.153384,-0.006777,0.002019,0.791512,0.000000
86.000000,0.905041,585.711304,-0.001101,-0.157276,297.726898,1.000436,0.999294,0.000014,1.000838,0.750000,0.750000,1.000000,0.000100000,0.000001113,0.070044,0.000000,0.000000,-0.152540,-0.006753,0.002018,0.791285,0.000000
86.099998,0.903620,585.474426,-0.001095,-0.156406,297.709869,1.000435,0.999294,0.000014,1.000840,0.750000,0.750000,1.000000,0.000100000,0.000001113,0.070004,0.000000,0.000000,-0.151694,-0.006728,0.002016,0.791057,0.000000
86.199997,0.902240,585.237122,-0.001089,-0.155536,297.692596,1.000435,0.999295,0.000014,1.000842,0.750000,0.750000,1.000000,0.000100000,0.000001113,0.069963,0.000000,0.000000,-0.150847,-0.006704,0.002015,0.790828,0.000000
86.299995,0.900898,584.999390,-0.001083,-0.154663,297.675049,1.000435,0.999295,0.000014,1.000840,0.750000,0.750000,1.000000,0.000100000,0.000001113,0.069923,0.000000,0.000000,-0.149998,-0.006679,0.002014,0.790599,0.000000
86.400002,0.899593,584.761292,-0.001077,-0.153788,297.657257,1.000435,0.999296,0.000014,1.000917,0.750000,0.750000,1.000000,0.000100000,0.000001113,0.069883,0.000000,0.000000,-0.149147,-0.006653,0.002012,0.790369,0.000000
86.500000,0.898323,584.522766,-0.001070,-0.152912,297.639221,1.000434,0.999296,0.000014,1.000841,0.750000,0.750000,1.000000,0.000100000,0.000001113,0.069843,0.000000,0.000000,-0.148296,-0.006627,0.002011,0.790139,0.000000
86.599999,0.897087,584.283997,-0.001064,-0.152035,297.620941,1.000434,0.999297,0.000014,1.000840,0.750000,0.750000,1.000000,0.000100000,0.000001113,0.069802,0.000000,0.000000,-0.147443,-0.006601,0.002010,0.789909,0.000000
86.699997,0.895885,584.044861,-0.001058,-0.151156,297.602448,1.000434,0.999297,0.000014,1.000840,0.750000,0.750000,1.000000,0.000100000,0.000001113,0.069762,0.000000,0.000000,-0.146589,-0.006575,0.002008,0.789678,0.000000
86.799995,0.894714,583.805481,-0.001052,-0.150275,297.583740,1.000433,0.999298,0.000014,1.000841,0.750000,0.750000,1.000000,0.000100000,0.000001113,0.069722,0.000000,0.000000,-0.145734,-0.006548,0.002007,0.789447,0.000000
86.900002,0.893575,583.565857,-0.001046,-0.149394,297.564819,1.000433,0.999298,0.000014,1.000914,0.750000,0.750000,1.000000,0.000100000,0.000001113,0.069682,0.000000,0.000000,-0.144878,-0.006521,0.002005,0.789216,0.000000
87.000000,0.892466,583.326050,-0.001040,-0.148512,297.545715,1.000433,0.999299,0.000014,1.000840,0.750000,0.750000,1.000000,0.000100000,0.000001113,0.069642,0.000000,0.000000,-0.144022,-0.006494,0.002004,0.788984,0.000000
87.099998,0.891386,583.086060,-0.001033,-0.147628,297.526367,1.000433,0.999299,0.000014,1.000841,0.750000,0.750000,1.000000,0.000100000,0.000001113,0.069603,0.000000,0.000000,-0.143165,-0.006466,0.002002,0.788752,0.000000
87.199997,0.890335,582.845886,-0.001027,-0.146744,297.506866,1.000432,0.999300,0.000014,1.000840,0.750000,0.750000,1.000000,0.000100000,0.000001113,0.069563,0.000000,0.000000,-0.142307,-0.006438,0.002001,0.788520,0.000000
87.299995,0.889312,582.605591,-0.001021,-0.145859,297.487183,1.000432,0.999300,0.000014,1.000840,0.750000,0.750000,1.000000,0.000100000,0.000001113,0.069523,0.000000,0.000000,-0.141449,-0.006410,0.001999,0.788288,0.000000
87.400002,0.888316,582.365234,-0.001015,-0.144974,297.467316,1.000432,0.999301,0.000014,1.000918,0.750000,0.750000,1.000000,0.000100000,0.000001113,0.069484,0.000000,0.000000,-0.140590,-0.006382,0.001998,0.788056,0.000000
87.500000,0.887346,582.124756,-0.001009,-0.144088,297.447266,1.000431,0.999301,0.000014,1.000841,0.750000,0.750000,1.000000,0.000100000,0.000001113,0.069444,0.000000,0.000000,-0.139731,-0.006353,0.001996,0.787823,0.000000
87.599999,0.886404,581.884277,-0.001002,-0.143202,297.427063,1.000431,0.999302,0.000014,1.000841,0.750000,0.750000,1.000000,0.000100000,0.000001113,0.069405,0.000000,0.000000,-0.138872,-0.006324,0.001995,0.787591,0.000000
87.699997,0.885486,581.643738,-0.000996,-0.142315,297.406708,1.000431,0.999302,0.000014,1.000841,0.750000,0.750000,1.000000,0.000100000,0.000001113,0.069366,0.000000,0.000000,-0.138013,-0.006295,0.001993,0.787358,0.000000
87.799995,0.884594,581.403198,-0.000990,-0.141429,297.386200,1.000430,0.999303,0.000014,1.000838,0.750000,0.750000,1.000000,0.000100000,0.000001113,0.069327,0.000000,0.000000,-0.137154,-0.006266,0.001992,0.787125,0.000000
87.900002,0.883726,581.162659,-0.000984,-0.140542,297.365540,1.000430,0.999303,0.000014,1.000916,0.750000,0.750000,1.000000,0.000100000,0.000001113,0.069287,0.000000,0.000000,-0.136295,-0.006236,0.001990,0.786892,0.000000
88.000000,0.882882,580.922180,-0.000978,-0.139655,297.344757,1.000430,0.999304,0.000014,1.000841,0.750000,0.750000,1.000000,0.000100000,0.000001113,0.069249,0.000000,0.000000,-0.135436,-0.006207,0.001989,0.786659,0.000000
88.099998,0.882062,580.681763,-0.000971,-0.138768,297.323822,1.000429,0.999305,0.000014,1.000841,0.750000,0.750000,1.000000,0.000100000,0.000001113,0.069210,0.000000,0.000000,-0.134578,-0.006177,0.001987,0.786427,0.000000
88.199997,0.881265,580.441467,-0.000965,-0.137881,297.302765,1.000429,0.999305,0.000014,1.000839,0.750000,0.750000,1.000000,0.000100000,0.000001113,0.069171,0.000000,0.000000,-0.133720,-0.006147,0.001985,0.786194,0.000000
88.299995,0.880491,580.201233,-0.000959,-0.136994,297.281586,1.000429,0.999306,0.000014,1.000841,0.750000,0.750000,1.000000,0.000100000,0.000001113,0.069132,0.000000,0.000000,-0.132862,-0.006117,0.001984,0.785961,0.000000
88.400002,0.879740,579.961121,-0.000953,-0.136108,297.260315,1.000428,0.999306,0.000014,1.000917,0.750000,0.750000,1.000000,0.000100000,0.000001113,0.069094,0.000000,0.000000,-0.132004,-0.006086,0.001982,0.785728,0.000000
88.500000,0.879010,579.721191,-0.000947,-0.135222,297.238892,1.000428,0.999307,0.000014,1.000841,0.750000,0.750000,1.000000,0.000100000,0.000001113,0.069056,0.000000,0.000000,-0.131147,-0.006056,0.001981,0.785496,0.000000
88.599999,0.878302,579.481384,-0.000940,-0.134337,297.217377,1.000428,0.999307,0.000014,1.000841,0.750000,0.750000,1.000000,0.000100000,0.000001113,0.069018,0.000000,0.000000,-0.130291,-0.006025,0.001979,0.785263,0.000000
88.699997,0.877616,579.241760,-0.000934,-0.133452,297.195770,1.000427,0.999308,0.000014,1.000838,0.750000,0.750000,1.000000,0.000100000,0.000001113,0.068979,0.000000,0.000000,-0.129435,-0.005994,0.001977,0.785031,0.000000
88.799995,0.876951,579.002380,-0.000928,-0.132567,297.174072,1.000427,0.999309,0.000014,1.000840,0.750000,0.750000,1.000000,0.000100000,0.000001113,0.068942,0.000000,0.000000,-0.128580,-0.005963,0.001976,0.784799,0.000000
88.900002,0.876306,578.763184,-0.000922,-0.131684,297.152252,1.000427,0.999309,0.000014,1.000917,0.750000,0.750000,1.000000,0.000100000,0.000001113,0.068904,0.000000,0.000000,-0.127726,-0.005932,0.001974,0.784567,0.000000
89.000000,0.875682,578.524231,-0.000916,-0.130801,297.130371,1.000426,0.999310,0.000014,1.000840,0.750000,0.750000,1.000000,0.000100000,0.000001113,0.068866,0.000000,0.000000,-0.126872,-0.005901,0.001972,0.784335,0.000000
89.099998,0.875077,578.285522,-0.000909,-0.129918,297.108368,1.000426,0.999310,0.000014,1.000841,0.750000,0.750000,1.000000,0.000100000,0.000001113,0.068829,0.000000,0.000000,-0.126020,-0.005869,0.001971,0.784104,0.000000
89.199997,0.874493,578.047119,-0.000903,-0.129037,297.086334,1.000425,0.999311,0.000014,1.000841,0.750000,0.750000,1.000000,0.000100000,0.000001113,0.068791,0.000000,0.000000,-0.125168,-0.005838,0.001969,0.783872,0.000000
89.299995,0.873928,577.808960,-0.000897,-0.128157,297.064178,1.000425,0.999312,0.000014,1.000840,0.750000,0.750000,1.000000,0.000100000,0.000001113,0.068754,0.000000,0.000000,-0.124318,-0.005806,0.001967,0.783641,0.000000
89.400002,0.873382,577.571167,-0.000891,-0.127277,297.041992,1.000425,0.999312,0.000014,1.000916,0.750000,0.750000,1.000000,0.000100000,0.000001113,0.068717,0.000000,0.000000,-0.123468,-0.005774,0.001965,0.783410,0.000000
89.500000,0.872855,577.333679,-0.000885,-0.126399,297.019714,1.000424,0.999313,0.000014,1.000842,0.750000,0.750000,1.000000,0.000100000,0.000001113,0.068680,0.000000,0.000000,-0.122620,-0.005742,0.001964,0.783180,0.000000
89.599999,0.872347,577.096497,-0.000879,-0.125522,296.997376,1.000424,0.999313,0.000014,1.000837,0.750000,0.750000,1.000000,0.000100000,0.000001113,0.068644,0.000000,0.000000,-0.121773,-0.005711,0.001962,0.782949,0.000000
89.699997,0.871857,576.859680,-0.000873,-0.124646,296.974976,1.000424,0.999314,0.000014,1.000840,0.750000,0.750000,1.000000,0.000100000,0.000001113,0.068607,0.000000,0.000000,-0.120927,-0.005679,0.001960,0.782719,0.000000
89.799995,0.871385,576.623291,-0.000866,-0.123771,296.952515,1.000423,0.999315,0.000014,1.000841,0.750000,0.750000,1.000000,0.000100000,0.000001113,0.068571,0.000000,0.000000,-0.120083,-0.005646,0.001959,0.782490,0.000000
89.900002,0.870931,576.387207,-0.000860,-0.122897,296.930023,1.000423,0.999315,0.000014,1.000917,0.750000,0.750000,1.000000,0.000100000,0.000001113,0.068534,0.000000,0.000000,-0.119240,-0.005614,0.001957,0.782261,0.000000
90.000000,0.870494,576.151611,-0.000854,-0.122026,296.907471,1.000422,0.999316,0.000014,1.000841,0.750000,0.750000,1.000000,0.000100000,0.000001113,0.068498,0.000000,0.000000,-0.118399,-0.005582,0.001955,0.782032,0.000000
90.099998,0.870075,575.916382,-0.000848,-0.121155,296.884857,1.000422,0.999316,0.000014,1.000841,0.750000,0.750000,1.000000,0.000100000,0.000001113,0.068462,0.000000,0.000000,-0.117559,-0.005550,0.001953,0.781803,0.000000
90.199997,0.869673,575.681580,-0.000842,-0.120286,296.862244,1.000422,0.999317,0.000014,1.000840,0.750000,0.750000,1.000000,0.000100000,0.000001113,0.068427,0.000000,0.000000,-0.116720,-0.005517,0.001952,0.781575,0.000000
90.299995,0.869288,575.447205,-0.000836,-0.119418,296.839539,1.000421,0.999318,0.000014,1.000841,0.750000,0.750000,1.000000,0.000100000,0.000001113,0.068391,0.000000,0.000000,-0.115883,-0.005485,0.001950,0.781347,0.000000
90.400002,0.868919,575.213318,-0.000830,-0.118552,296.816834,1.000421,0.999318,0.000014,1.000917,0.750000,0.750000,1.000000,0.000100000,0.000001113,0.068356,0.000000,0.000000,-0.115048,-0.005453,0.001948,0.781120,0.000000
90.500000,0.868567,574.979919,-0.000824,-0.117688,296.794098,1.000421,0.999319,0.000014,1.000838,0.750000,0.750000,1.000000,0.000100000,0.000001113,0.068321,0.000000,0.000000,-0.114214,-0.005420,0.001946,0.780893,0.000000
90.599999,0.868231,574.746948,-0.000818,-0.116825,296.771332,1.000420,0.999319,0.000014,1.000840,0.750000,0.750000,1.000000,0.000100000,0.000001113,0.068285,0.000000,0.000000,-0.113382,-0.005388,0.001944,0.780667,0.000000
90.699997,0.867910,574.514526,-0.000812,-0.115964,296.748505,1.000420,0.999320,0.000014,1.000842,0.750000,0.750000,1.000000,0.000100000,0.000001113,0.068251,0.000000,0.000000,-0.112552,-0.005355,0.001943,0.780441,0.000000
90.799995,0.867606,574.282593,-0.000806,-0.115105,296.725708,1.000419,0.999321,0.000014,1.000840,0.750000,0.750000,1.000000,0.000100000,0.000001113,0.068216,0.000000,0.000000,-0.111724,-0.005322,0.001941,0.780215,0.000000
90.899994,0.867317,574.051208,-0.000800,-0.114248,296.702850,1.000419,0.999321,0.000014,1.000840,0.750000,0.750000,1.000000,0.000100000,0.000001113,0.068181,0.000000,0.000000,-0.110897,-0.005290,0.001939,0.779990,0.000000
91.000000,0.867044,573.820313,-0.000794,-0.113392,296.679993,1.000419,0.999322,0.000014,1.000918,0.750000,0.750000,1.000000,0.000100000,0.000001113,0.068147,0.000000,0.000000,-0.110073,-0.005257,0.001937,0.779765,0.000000
91.099998,0.866785,573.590027,-0.000788,-0.112539,296.657135,1.000418,0.999323,0.000014,1.000840,0.750000,0.750000,1.000000,0.000100000,0.000001113,0.068113,0.000000,0.000000,-0.109250,-0.005224,0.001936,0.779541,0.000000
91.199997,0.866541,573.360230,-0.000782,-0.111687,296.634247,1.000418,0.999323,0.000014,1.000841,0.750000,0.750000,1.000000,0.000100000,0.000001113,0.068079,0.000000,0.000000,-0.108429,-0.005192,0.001934,0.779318,0.000000
91.299995,0.866312,573.131042,-0.000776,-0.110838,296.611328,1.000418,0.999324,0.000014,1.000841,0.750000,0.750000,1.000000,0.000100000,0.000001113,0.068045,0.000000,0.000000,-0.107611,-0.005159,0.001932,0.779095,0.000000
91.399994,0.866098,572.902466,-0.000770,-0.109991,296.588440,1.000417,0.999324,0.000014,1.000838,0.750000,0.750000,1.000000,0.000100000,0.000001113,0.068012,0.000000,0.000000,-0.106795,-0.005126,0.001930,0.778873,0.000000
91.500000,0.865898,572.674439,-0.000764,-0.109145,296.565552,1.000417,0.999325,0.000013,1.000916,0.750000,0.750000,1.000000,0.000100000,0.000001113,0.067978,0.000000,0.000000,-0.105980,-0.005094,0.001928,0.778651,0.000000
91.599999,0.865711,572.447022,-0.000758,-0.108302,296.542633,1.000416,0.999326,0.000013,1.000841,0.750000,0.750000,1.000000,0.000100000,0.000001113,0.067945,0.000000,0.000000,-0.105168,-0.005061,0.001927,0.778429,0.000000
91.699997,0.865539,572.220215,-0.000752,-0.107461,296.519714,1.000416,0.999326,0.000013,1.000841,0.750000,0.750000,1.000000,0.000100000,0.000001113,0.067912,0.000000,0.000000,-0.104358,-0.005028,0.001925,0.778209,0.000000
91.799995,0.865380,571.994080,-0.000746,-0.106623,296.496826,1.000416,0.999327,0.000013,1.000840,0.750000,0.750000,1.000000,0.000100000,0.000001113,0.067879,0.000000,0.000000,-0.103550,-0.004995,0.001923,0.777989,0.000000
91.899994,0.865235,571.768555,-0.000741,-0.105786,296.473938,1.000415,0.999328,0.000013,1.000841,0.750000,0.750000,1.000000,0.000100000,0.000001113,0.067847,0.000000,0.000000,-0.102745,-0.004963,0.001921,0.777769,0.000000
92.000000,0.865104,571.543701,-0.000735,-0.104953,296.451050,1.000415,0.999328,0.000013,1.000917,0.750000,0.750000,1.000000,0.000100000,0.000001113,0.067814,0.000000,0.000000,-0.101942,-0.004930,0.001919,0.777550,0.000000
92.099998,0.864985,571.319458,-0.000729,-0.104121,296.428162,1.000414,0.999329,0.000013,1.000840,0.750000,0.750000,1.000000,0.000100000,0.000001113,0.067782,0.000000,0.000000,-0.101141,-0.004897,0.001917,0.777332,0.000000
92.199997,0.864879,571.095886,-0.000723,-0.103291,296.405304,1.000414,0.999330,0.000013,1.000841,0.750000,0.750000,1.000000,0.000100000,0.000001113,0.067750,0.000000,0.000000,-0.100342,-0.004865,0.001916,0.777114,0.000000
92.299995,0.864787,570.873047,-0.000717,-0.102465,296.382446,1.000414,0.999330,0.000013,1.000838,0.750000,0.750000,1.000000,0.000100000,0.000001113,0.067718,0.000000,0.000000,-0.099547,-0.004832,0.001914,0.776897,0.000000
92.399994,0.864706,570.650818,-0.000711,-0.101640,296.359619,1.000413,0.999331,0.000013,1.000840,0.750000,0.750000,1.000000,0.000100000,0.000001113,0.067687,0.000000,0.000000,-0.098753,-0.004799,0.001912,0.776681,0.000000
92.500000,0.864639,570.429321,-0.000706,-0.100819,296.336823,1.000413,0.999331,0.000013,1.000917,0.750000,0.750000,1.000000,0.000100000,0.000001113,0.067655,0.000000,0.000000,-0.097962,-0.004767,0.001910,0.776465,0.000000
92.599999,0.864583,570.208557,-0.000700,-0.099999,296.314026,1.000412,0.999332,0.000013,1.000840,0.750000,0.750000,1.000000,0.000100000,0.000001113,0.067624,0.000000,0.000000,-0.097173,-0.004734,0.001908,0.776250,0.000000
92.699997,0.864540,569.988464,-0.000694,-0.099183,296.291260,1.000412,0.999333,0.000013,1.000840,0.750000,0.750000,1.000000,0.000100000,0.000001113,0.067593,0.000000,0.000000,-0.096387,-0.004702,0.001906,0.776035,0.000000
92.799995,0.864509,569.769104,-0.000689,-0.098369,296.268524,1.000412,0.999333,0.000013,1.000842,0.750000,0.750000,1.000000,0.000100000,0.000001113,0.067562,0.000000,0.000000,-0.095604,-0.004669,0.001905,0.775822,0.000000
92.899994,0.864489,569.550476,-0.000683,-0.097557,296.245789,1.000411,0.999334,0.000013,1.000840,0.750000,0.750000,1.000000,0.000100000,0.000001113,0.067532,0.000000,0.000000,-0.094823,-0.004637,0.001903,0.775609,0.000000
93.000000,0.864481,569.332642,-0.000677,-0.096749,296.223114,1.000411,0.999335,0.000013,1.000916,0.750000,0.750000,1.000000,0.000100000,0.000001113,0.067501,0.000000,0.000000,-0.094045,-0.004604,0.001901,0.775396,0.000000
93.099998,0.864485,569.115479,-0.000672,-0.095942,296.200439,1.000411,0.999335,0.000013,1.000841,0.750000,0.750000,1.000000,0.000100000,0.000001113,0.067471,0.000000,0.000000,-0.093270,-0.004572,0.001899,0.775185,0.000000
93.199997,0.864499,568.899109,-0.000666,-0.095139,296.177826,1.000410,0.999336,0.000013,1.000837,0.750000,0.750000,1.000000,0.000100000,0.000001113,0.067441,0.000000,0.000000,-0.092497,-0.004540,0.001897,0.774974,0.000000
93.299995,0.864525,568.683472,-0.000660,-0.094339,296.155243,1.000410,0.999337,0.000013,1.000841,0.750000,0.750000,1.000000,0.000100000,0.000001113,0.067411,0.000000,0.000000,-0.091727,-0.004507,0.001896,0.774764,0.000000
93.399994,0.864562,568.468628,-0.000655,-0.093541,296.132690,1.000409,0.999337,0.000013,1.000840,0.750000,0.750000,1.000000,0.000100000,0.000001113,0.067382,0.000000,0.000000,-0.090959,-0.004475,0.001894,0.774555,0.000000
93.500000,0.864610,568.254578,-0.000649,-0.092746,296.110168,1.000409,0.999338,0.000013,1.000918,0.750000,0.750000,1.000000,0.000100000,0.000001113,0.067352,0.000000,0.000000,-0.090195,-0.004443,0.001892,0.774346,0.000000
93.599999,0.864668,568.041260,-0.000644,-0.091954,296.087677,1.000409,0.999338,0.000013,1.000840,0.750000,0.750000,1.000000,0.000100000,0.000001113,0.067323,0.000000,0.000000,-0.089433,-0.004411,0.001890,0.774138,0.000000
93.699997,0.864738,567.828796,-0.000638,-0.091165,296.065247,1.000408,0.999339,0.000013,1.000841,0.750000,0.750000,1.000000,0.000100000,0.000001113,0.067294,0.000000,0.000000,-0.088674,-0.004379,0.001888,0.773931,0.000000
93.799995,0.864817,567.617065,-0.000633,-0.090379,296.042847,1.000408,0.999340,0.000013,1.000841,0.750000,0.750000,1.000000,0.000100000,0.000001113,0.067265,0.000000,0.000000,-0.087918,-0.004347,0.001886,0.773724,0.000000
93.899994,0.864907,567.406189,-0.000627,-0.089595,296.020477,1.000407,0.999340,0.000013,1.000841,0.750000,0.750000,1.000000,0.000100000,0.000001113,0.067237,0.000000,0.000000,-0.087165,-0.004315,0.001885,0.773519,0.000000
94.000000,0.865006,567.196106,-0.000622,-0.088815,295.998169,1.000407,0.999341,0.000013,1.000917,0.750000,0.750000,1.000000,0.000100000,0.000001113,0.067209,0.000000,0.000000,-0.086415,-0.004283,0.001883,0.773314,0.000000
94.099998,0.865116,566.986877,-0.000616,-0.088038,295.975922,1.000407,0.999342,0.000013,1.000837,0.750000,0.750000,1.000000,0.000100000,0.000001113,0.067180,0.000000,0.000000,-0.085667,-0.004251,0.001881,0.773110,0.000000
94.199997,0.865236,566.778442,-0.000611,-0.087264,295.953705,1.000406,0.999342,0.000013,1.000841,0.750000,0.750000,1.000000,0.000100000,0.000001113,0.067152,0.000000,0.000000,-0.084923,-0.004220,0.001879,0.772907,0.000000
94.299995,0.865365,566.570801,-0.000605,-0.086492,295.931549,1.000406,0.999343,0.000013,1.000840,0.750000,0.750000,1.000000,0.000100000,0.000001113,0.067125,0.000000,0.000000,-0.084181,-0.004188,0.001877,0.772704,0.000000
94.399994,0.865504,566.364075,-0.000600,-0.085724,295.909424,1.000406,0.999344,0.000013,1.000841,0.750000,0.750000,1.000000,0.000100000,0.000001113,0.067097,0.000000,0.000000,-0.083443,-0.004156,0.001876,0.772503,0.000000
94.500000,0.865652,566.158142,-0.000595,-0.084959,295.887360,1.000405,0.999344,0.000013,1.000917,0.750000,0.750000,1.000000,0.000100000,0.000001113,0.067070,0.000000,0.000000,-0.082708,-0.004125,0.001874,0.772302,0.000000
94.599999,0.865810,565.953064,-0.000589,-0.084197,295.865356,1.000405,0.999345,0.000013,1.000841,0.750000,0.750000,1.000000,0.000100000,0.000001113,0.067043,0.000000,0.000000,-0.081975,-0.004093,0.001872,0.772102,0.000000
94.699997,0.865977,565.748840,-0.000584,-0.083438,295.843384,1.000404,0.999346,0.000013,1.000840,0.750000,0.750000,1.000000,0.000100000,0.000001113,0.067016,0.000000,0.000000,-0.081246,-0.004062,0.001870,0.771902,0.000000
94.799995,0.866152,565.545532,-0.000579,-0.082682,295.821503,1.000404,0.999346,0.000013,1.000841,0.750000,0.750000,1.000000,0.000100000,0.000001113,0.066989,0.000000,0.000000,-0.080520,-0.004031,0.001868,0.771704,0.000000
94.899994,0.866337,565.343018,-0.000574,-0.081930,295.799652,1.000404,0.999347,0.000013,1.000841,0.750000,0.750000,1.000000,0.000100000,0.000001113,0.066963,0.000000,0.000000,-0.079796,-0.004000,0.001866,0.771507,0.000000
95.000000,0.866530,565.141418,-0.000568,-0.081180,295.777863,1.000403,0.999347,0.000013,1.000913,0.750000,0.750000,1.000000,0.000100000,0.000001113,0.066937,0.000000,0.000000,-0.079076,-0.003968,0.001865,0.771310,0.000000
95.099998,0.866733,564.940674,-0.000563,-0.080434,295.756134,1.000403,0.999348,0.000013,1.000840,0.750000,0.750000,1.000000,0.000100000,0.000001113,0.066911,0.000000,0.000000,-0.078360,-0.003937,0.001863,0.771114,0.000000
95.199997,0.866943,564.740784,-0.000558,-0.079691,295.734467,1.000402,0.999349,0.000013,1.000841,0.750000,0.750000,1.000000,0.000100000,0.000001113,0.066885,0.000000,0.000000,-0.077646,-0.003906,0.001861,0.770919,0.000000
95.299995,0.867162,564.541809,-0.000553,-0.078951,295.712860,1.000402,0.999349,0.000013,1.000840,0.750000,0.750000,1.000000,0.000100000,0.000001113,0.066859,0.000000,0.000000,-0.076935,-0.003876,0.001859,0.770725,0.000000
95.399994,0.867390,564.343750,-0.000548,-0.078215,295.691315,1.000402,0.999350,0.000013,1.000841,0.750000,0.750000,1.000000,0.000100000,0.000001113,0.066834,0.000000,0.000000,-0.076228,-0.003845,0.001857,0.770531,0.000000
95.500000,0.867625,564.146545,-0.000542,-0.077482,295.669861,1.000401,0.999351,0.000013,1.000917,0.750000,0.750000,1.000000,0.000100000,0.000001113,0.066809,0.000000,0.000000,-0.075523,-0.003814,0.001856,0.770339,0.000000
95.599999,0.867868,563.950256,-0.000537,-0.076752,295.648438,1.000401,0.999351,0.000013,1.000841,0.750000,0.750000,1.000000,0.000100000,0.000001113,0.066784,0.000000,0.000000,-0.074822,-0.003783,0.001854,0.770147,0.000000
95.699997,0.868120,563.754883,-0.000532,-0.076025,295.627106,1.000401,0.999352,0.000013,1.000840,0.750000,0.750000,1.000000,0.000100000,0.000001113,0.066759,0.000000,0.000000,-0.074125,-0.003753,0.001852,0.769957,0.000000
95.799995,0.868379,563.560425,-0.000527,-0.075302,295.605804,1.000400,0.999352,0.000013,1.000841,0.750000,0.750000,1.000000,0.000100000,0.000001113,0.066734,0.000000,0.000000,-0.073430,-0.003723,0.001850,0.769767,0.000000
95.899994,0.868645,563.366882,-0.000522,-0.074583,295.584595,1.000400,0.999353,0.000013,1.000838,0.750000,0.750000,1.000000,0.000100000,0.000001113,0.066710,0.000000,0.000000,-0.072739,-0.003692,0.001849,0.769578,0.000000
96.000000,0.868920,563.174194,-0.000517,-0.073866,295.563446,1.000399,0.999354,0.000013,1.000917,0.750000,0.750000,1.000000,0.000100000,0.000001113,0.066686,0.000000,0.000000,-0.072051,-0.003662,0.001847,0.769390,0.000000
96.099998,0.869202,562.982483,-0.000512,-0.073153,295.542389,1.000399,0.999354,0.000013,1.000842,0.750000,0.750000,1.000000,0.000100000,0.000001113,0.066662,0.000000,0.000000,-0.071366,-0.003632,0.001845,0.769203,0.000000
96.199997,0.869491,562.791687,-0.000507,-0.072443,295.521393,1.000399,0.999355,0.000013,1.000840,0.750000,0.750000,1.000000,0.000100000,0.000001113,0.066638,0.000000,0.000000,-0.070685,-0.003602,0.001843,0.769016,0.000000
96.299995,0.869787,562.601807,-0.000502,-0.071737,295.500458,1.000398,0.999355,0.000013,1.000841,0.750000,0.750000,1.000000,0.000100000,0.000001113,0.066615,0.000000,0.000000,-0.070006,-0.003572,0.001842,0.768831,0.000000
96.399994,0.870091,562.412842,-0.000497,-0.071034,295.479584,1.000398,0.999356,0.000013,1.000840,0.750000,0.750000,1.000000,0.000100000,0.000001113,0.066591,0.000000,0.000000,-0.069332,-0.003542,0.001840,0.768646,0.000000
96.500000,0.870401,562.224854,-0.000492,-0.070335,295.458801,1.000397,0.999357,0.000013,1.000917,0.750000,0.750000,1.000000,0.000100000,0.000001113,0.066568,0.000000,0.000000,-0.068660,-0.003513,0.001838,0.768463,0.000000
96.599999,0.870718,562.037781,-0.000487,-0.069639,295.438080,1.000397,0.999357,0.000013,1.000841,0.750000,0.750000,1.000000,0.000100000,0.000001113,0.066546,0.000000,0.000000,-0.067992,-0.003483,0.001836,0.768280,0.000000
96.699997,0.871042,561.851624,-0.000483,-0.068946,295.417450,1.000397,0.999358,0.000013,1.000841,0.750000,0.750000,1.000000,0.000100000,0.000001113,0.066523,0.000000,0.000000,-0.067327,-0.003453,0.001835,0.768098,0.000000
96.799995,0.871373,561.666443,-0.000478,-0.068257,295.396881,1.000396,0.999359,0.000013,1.000837,0.750000,0.750000,1.000000,0.000100000,0.000001113,0.066500,0.000000,0.000000,-0.066666,-0.003424,0.001833,0.767917,0.000000
96.899994,0.871711,561.482239,-0.000473,-0.067572,295.376404,1.000396,0.999359,0.000013,1.000840,0.750000,0.750000,1.000000,0.000100000,0.000001113,0.066478,0.000000,0.000000,-0.066008,-0.003395,0.001831,0.767738,0.000000
97.000000,0.872055,561.298889,-0.000468,-0.066890,295.355988,1.000396,0.999360,0.000013,1.000918,0.750000,0.750000,1.000000,0.000100000,0.000001113,0.066456,0.000000,0.000000,-0.065353,-0.003366,0.001829,0.767558,0.000000
97.099998,0.872405,561.116577,-0.000463,-0.066211,295.335663,1.000395,0.999360,0.000013,1.000841,0.750000,0.750000,1.000000,0.000100000,0.000001113,0.066434,0.000000,0.000000,-0.064702,-0.003337,0.001828,0.767380,0.000000
97.199997,0.872761,560.935181,-0.000459,-0.065536,295.315399,1.000395,0.999361,0.000013,1.000840,0.750000,0.750000,1.000000,0.000100000,0.000001113,0.066413,0.000000,0.000000,-0.064054,-0.003308,0.001826,0.767203,0.000000
97.299995,0.873124,560.754761,-0.000454,-0.064865,295.295227,1.000395,0.999362,0.000013,1.000841,0.750000,0.750000,1.000000,0.000100000,0.000001113,0.066391,0.000000,0.000000,-0.063410,-0.003279,0.001824,0.767027,0.000000
97.399994,0.873493,560.575317,-0.000449,-0.064197,295.275147,1.000394,0.999362,0.000013,1.000840,0.750000,0.750000,1.000000,0.000100000,0.000001113,0.066370,0.000000,0.000000,-0.062769,-0.003250,0.001823,0.766852,0.000000
97.500000,0.873867,560.396790,-0.000445,-0.063532,295.255127,1.000394,0.999363,0.000013,1.000917,0.750000,0.750000,1.000000,0.000100000,0.000001113,0.066349,0.000000,0.000000,-0.062131,-0.003222,0.001821,0.766677,0.000000
97.599999,0.874248,560.219238,-0.000440,-0.062871,295.235199,1.000394,0.999363,0.000013,1.000840,0.750000,0.750000,1.000000,0.000100000,0.000001113,0.066328,0.000000,0.000000,-0.061497,-0.003193,0.001819,0.766504,0.000000
97.699997,0.874634,560.042664,-0.000435,-0.062214,295.215332,1.000393,0.999364,0.000013,1.000838,0.750000,0.750000,1.000000,0.000100000,0.000001113,0.066308,0.000000,0.000000,-0.060867,-0.003165,0.001817,0.766331,0.000000
97.799995,0.875026,559.867065,-0.000431,-0.061560,295.195557,1.000393,0.999365,0.000013,1.000841,0.750000,0.750000,1.000000,0.000100000,0.000001113,0.066287,0.000000,0.000000,-0.060240,-0.003137,0.001816,0.766160,0.000000
97.899994,0.875423,559.692383,-0.000426,-0.060910,295.175873,1.000392,0.999365,0.000013,1.000840,0.750000,0.750000,1.000000,0.000100000,0.000001113,0.066267,0.000000,0.000000,-0.059616,-0.003108,0.001814,0.765989,0.000000
98.000000,0.875826,559.518738,-0.000422,-0.060264,295.156281,1.000392,0.999366,0.000013,1.000917,0.750000,0.750000,1.000000,0.000100000,0.000001113,0.066247,0.000000,0.000000,-0.058995,-0.003080,0.001812,0.765819,0.000000
98.099998,0.876234,559.346069,-0.000417,-0.059621,295.136749,1.000392,0.999366,0.000013,1.000841,0.750000,0.750000,1.000000,0.000100000,0.000001113,0.066228,0.000000,0.000000,-0.058379,-0.003052,0.001811,0.765650,0.000000
98.199997,0.876648,559.174316,-0.000413,-0.058981,295.117340,1.000391,0.999367,0.000013,1.000841,0.750000,0.750000,1.000000,0.000100000,0.000001113,0.066208,0.000000,0.000000,-0.057765,-0.003025,0.001809,0.765483,0.000000
98.299995,0.877067,559.003601,-0.000408,-0.058345,295.097992,1.000391,0.999367,0.000013,1.000841,0.750000,0.750000,1.000000,0.000100000,0.000001113,0.066189,0.000000,0.000000,-0.057156,-0.002997,0.001807,0.765316,0.000000
98.399994,0.877490,558.833801,-0.000404,-0.057713,295.078705,1.000391,0.999368,0.000013,1.000840,0.750000,0.750000,1.000000,0.000100000,0.000001113,0.066169,0.000000,0.000000,-0.056549,-0.002970,0.001806,0.765150,0.000000
98.500000,0.877919,558.665039,-0.000400,-0.057085,295.059540,1.000390,0.999369,0.000013,1.000917,0.750000,0.750000,1.000000,0.000100000,0.000001113,0.066151,0.000000,0.000000,-0.055947,-0.002942,0.001804,0.764985,0.000000
98.599999,0.878353,558.497253,-0.000395,-0.056460,295.040466,1.000390,0.999369,0.000013,1.000838,0.750000,0.750000,1.000000,0.000100000,0.000001113,0.066132,0.000000,0.000000,-0.055347,-0.002915,0.001802,0.764821,0.000000
98.699997,0.878792,558.330383,-0.000391,-0.055838,295.021454,1.000390,0.999370,0.000013,1.000841,0.750000,0.750000,1.000000,0.000100000,0.000001113,0.066113,0.000000,0.000000,-0.054751,-0.002888,0.001801,0.764658,0.000000
98.799995,0.879235,558.164551,-0.000387,-0.055221,295.002533,1.000389,0.999370,0.000013,1.000840,0.750000,0.750000,1.000000,0.000100000,0.000001113,0.066095,0.000000,0.000000,-0.054159,-0.002861,0.001799,0.764495,0.000000
98.899994,0.879683,557.999695,-0.000382,-0.054607,294.983704,1.000389,0.999371,0.000013,1.000841,0.750000,0.750000,1.000000,0.000100000,0.000001113,0.066077,0.000000,0.000000,-0.053570,-0.002834,0.001798,0.764334,0.000000
99.000000,0.880136,557.835815,-0.000378,-0.053996,294.964966,1.000389,0.999372,0.000013,1.000916,0.750000,0.750000,1.000000,0.000100000,0.000001113,0.066059,0.000000,0.000000,-0.052985,-0.002807,0.001796,0.764174,0.000000
99.099998,0.880593,557.672974,-0.000374,-0.053390,294.946320,1.000388,0.999372,0.000013,1.000841,0.750000,0.750000,1.000000,0.000100000,0.000001113,0.066041,0.000000,0.000000,-0.052403,-0.002780,0.001794,0.764015,0.000000
99.199997,0.881054,557.511047,-0.000370,-0.052787,294.927765,1.000388,0.999373,0.000013,1.000841,0.750000,0.750000,1.000000,0.000100000,0.000001113,0.066024,0.000000,0.000000,-0.051825,-0.002754,0.001793,0.763856,0.000000
99.299995,0.881520,557.350159,-0.000365,-0.052187,294.909302,1.000387,0.999373,0.000013,1.000841,0.750000,0.750000,1.000000,0.000100000,0.000001113,0.066006,0.000000,0.000000,-0.051251,-0.002728,0.001791,0.763699,0.000000
99.399994,0.881990,557.190186,-0.000361,-0.051591,294.890900,1.000387,0.999374,0.000013,1.000841,0.750000,0.750000,1.000000,0.000100000,0.000001113,0.065989,0.000000,0.000000,-0.050679,-0.002701,0.001790,0.763543,0.000000
99.500000,0.882463,557.031250,-0.000357,-0.050999,294.872620,1.000387,0.999374,0.000013,1.000914,0.750000,0.750000,1.000000,0.000100000,0.000001113,0.065972,0.000000,0.000000,-0.050112,-0.002675,0.001788,0.763387,0.000000
99.599999,0.882941,556.873352,-0.000353,-0.050411,294.854431,1.000386,0.999375,0.000013,1.000840,0.750000,0.750000,1.000000,0.000100000,0.000001113,0.065955,0.000000,0.000000,-0.049548,-0.002649,0.001786,0.763233,0.000000
99.699997,0.883423,556.716370,-0.000349,-0.049826,294.836304,1.000386,0.999375,0.000012,1.000841,0.750000,0.750000,1.000000,0.000100000,0.000001113,0.065939,0.000000,0.000000,-0.048987,-0.002623,0.001785,0.763079,0.000000
99.799995,0.883909,556.560364,-0.000345,-0.049244,294.818298,1.000386,0.999376,0.000012,1.000841,0.750000,0.750000,1.000000,0.000100000,0.000001113,0.065923,0.000000,0.000000,-0.048430,-0.002598,0.001783,0.762927,0.000000
99.899994,0.884399,556.405396,-0.000341,-0.048667,294.800354,1.000385,0.999377,0.000012,1.000841,0.750000,0.750000,1.000000,0.000100000,0.000001113,0.065906,0.000000,0.000000,-0.047876,-0.002572,0.001781,0.762775,0.000000
100.000000,0.884893,556.251404,-0.000337,-0.048093,294.782532,1.000385,0.999377,0.000012,1.000916,0.750000,0.750000,1.000000,0.000100000,0.000001113,0.065890,0.000000,0.000000,-0.047326,-0.002546,0.001780,0.762624,0.000000
100.099998,0.885390,556.098450,-0.000333,-0.047523,294.764801,1.000385,0.999378,0.000012,1.000842,0.750000,0.750000,1.000000,0.000100000,0.000001113,0.065875,0.000000,0.000000,-0.046780,-0.002521,0.001778,0.762475,0.000000
100.199997,0.885890,555.946411,-0.000329,-0.046956,294.747162,1.000384,0.999378,0.000012,1.000841,0.750000,0.750000,1.000000,0.000100000,0.000001113,0.065859,0.000000,0.000000,-0.046237,-0.002496,0.001777,0.762326,0.000000
100.299995,0.886395,555.795410,-0.000325,-0.046393,294.729584,1.000384,0.999379,0.000012,1.000841,0.750000,0.750000,1.000000,0.000100000,0.000001113,0.065844,0.000000,0.000000,-0.045698,-0.002471,0.001775,0.762178,0.000000
100.399994,0.886902,555.645325,-0.000321,-0.045834,294.712128,1.000384,0.999379,0.000012,1.000837,0.750000,0.750000,1.000000,0.000100000,0.000001113,0.065829,0.000000,0.000000,-0.045162,-0.002446,0.001774,0.762031,0.000000
100.500000,0.887413,555.496338,-0.000317,-0.045279,294.694763,1.000383,0.999380,0.000012,1.000918,0.750000,0.750000,1.000000,0.000100000,0.000001113,0.065814,0.000000,0.000000,-0.044630,-0.002421,0.001772,0.761886,0.000000
100.599999,0.887927,555.348267,-0.000313,-0.044727,294.677490,1.000383,0.999380,0.000012,1.000840,0.750000,0.750000,1.000000,0.000100000,0.000001113,0.065799,0.000000,0.000000,-0.044101,-0.002396,0.001771,0.761741,0.000000
100.699997,0.888444,555.201172,-0.000309,-0.044178,294.660309,1.000383,0.999381,0.000012,1.000841,0.750000,0.750000,1.000000,0.000100000,0.000001113,0.065784,0.000000,0.000000,-0.043576,-0.002372,0.001769,0.761597,0.000000
100.799995,0.888965,555.055115,-0.000305,-0.043634,294.643219,1.000383,0.999381,0.000012,1.000840,0.750000,0.750000,1.000000,0.000100000,0.000001113,0.065770,0.000000,0.000000,-0.043054,-0.002347,0.001768,0.761454,0.000000
100.899994,0.889488,554.910034,-0.000302,-0.043093,294.626221,1.000382,0.999382,0.000012,1.000841,0.750000,0.750000,1.000000,0.000100000,0.000001113,0.065755,0.000000,0.000000,-0.042536,-0.002323,0.001766,0.761312,0.000000
101.000000,0.890015,554.765930,-0.000298,-0.042555,294.609345,1.000382,0.999382,0.000012,1.000917,0.750000,0.750000,1.000000,0.000100000,0.000001113,0.065741,0.000000,0.000000,-0.042021,-0.002299,0.001765,0.761171,0.000000
101.099998,0.890544,554.622803,-0.000294,-0.042022,294.592529,1.000382,0.999383,0.000012,1.000841,0.750000,0.750000,1.000000,0.000100000,0.000001113,0.065728,0.000000,0.000000,-0.041510,-0.002275,0.001763,0.761031,0.000000
101.199997,0.891076,554.480652,-0.000290,-0.041492,294.575836,1.000381,0.999383,0.000012,1.000840,0.750000,0.750000,1.000000,0.000100000,0.000001113,0.065714,0.000000,0.000000,-0.041002,-0.002251,0.001762,0.760892,0.000000
101.299995,0.891611,554.339478,-0.000287,-0.040965,294.559204,1.000381,0.999384,0.000012,1.000838,0.750000,0.750000,1.000000,0.000100000,0.000001113,0.065700,0.000000,0.000000,-0.040498,-0.002227,0.001760,0.760753,0.000000
101.399994,0.892148,554.199341,-0.000283,-0.040443,294.542694,1.000381,0.999384,0.000012,1.000841,0.750000,0.750000,1.000000,0.000100000,0.000001113,0.065687,0.000000,0.000000,-0.039998,-0.002204,0.001759,0.760616,0.000000
101.500000,0.892688,554.060181,-0.000279,-0.039924,294.526276,1.000380,0.999385,0.000012,1.000917,0.750000,0.750000,1.000000,0.000100000,0.000001113,0.065674,0.000000,0.000000,-0.039501,-0.002180,0.001757,0.760480,0.000000
101.599999,0.893231,553.921936,-0.000276,-0.039408,294.509949,1.000380,0.999385,0.000012,1.000841,0.750000,0.750000,1.000000,0.000100000,0.000001113,0.065661,0.000000,0.000000,-0.039007,-0.002157,0.001756,0.760345,0.000000
101.699997,0.893776,553.784729,-0.000272,-0.038896,294.493713,1.000380,0.999386,0.000012,1.000840,0.750000,0.750000,1.000000,0.000100000,0.000001113,0.065648,0.000000,0.000000,-0.038517,-0.002134,0.001755,0.760210,0.000000
101.799995,0.894323,553.648499,-0.000269,-0.038388,294.477570,1.000379,0.999386,0.000012,1.000841,0.750000,0.750000,1.000000,0.000100000,0.000001113,0.065636,0.000000,0.000000,-0.038030,-0.002111,0.001753,0.760077,0.000000
101.899994,0.894873,553.513245,-0.000265,-0.037884,294.461548,1.000379,0.999387,0.000012,1.000841,0.750000,0.750000,1.000000,0.000100000,0.000001113,0.065623,0.000000,0.000000,-0.037547,-0.002088,0.001752,0.759944,0.000000
102.000000,0.895425,553.378967,-0.000262,-0.037383,294.445587,1.000379,0.999387,0.000012,1.000916,0.750000,0.750000,1.000000,0.000100000,0.000001113,0.065611,0.000000,0.000000,-0.037068,-0.002065,0.001750,0.759813,0.000000
102.099998,0.895979,553.245667,-0.000258,-0.036885,294.429749,1.000378,0.999388,0.000012,1.000841,0.750000,0.750000,1.000000,0.000100000,0.000001113,0.065599,0.000000,0.000000,-0.036592,-0.002042,0.001749,0.759682,0.000000
102.199997,0.896535,553.113281,-0.000255,-0.036391,294.414001,1.000378,0.999388,0.000012,1.000838,0.750000,0.750000,1.000000,0.000100000,0.000001113,0.065587,0.000000,0.000000,-0.036119,-0.002020,0.001747,0.759553,0.000000
102.299995,0.897094,552.981934,-0.000251,-0.035901,294.398346,1.000378,0.999389,0.000012,1.000840,0.750000,0.750000,1.000000,0.000100000,0.000001113,0.065575,0.000000,0.000000,-0.035650,-0.001998,0.001746,0.759424,0.000000
102.399994,0.897654,552.851563,-0.000248,-0.035415,294.382782,1.000378,0.999389,0.000012,1.000842,0.750000,0.750000,1.000000,0.000100000,0.000001113,0.065564,0.000000,0.000000,-0.035184,-0.001975,0.001745,0.759296,0.000000
102.500000,0.898216,552.722107,-0.000245,-0.034932,294.367310,1.000377,0.999390,0.000012,1.000917,0.750000,0.750000,1.000000,0.000100000,0.000001113,0.065552,0.000000,0.000000,-0.034722,-0.001953,0.001743,0.759170,0.000000
102.599999,0.898780,552.593689,-0.000241,-0.034453,294.351959,1.000377,0.999390,0.000012,1.000840,0.750000,0.750000,1.000000,0.000100000,0.000001113,0.065541,0.000000,0.000000,-0.034263,-0.001931,0.001742,0.759044,0.000000
102.699997,0.899346,552.466187,-0.000238,-0.033977,294.336700,1.000377,0.999391,0.000012,1.000841,0.750000,0.750000,1.000000,0.000100000,0.000001113,0.065530,0.000000,0.000000,-0.033808,-0.001910,0.001741,0.758919,0.000000
102.799995,0.899914,552.339661,-0.000235,-0.033505,294.321503,1.000376,0.999391,0.000012,1.000841,0.750000,0.750000,1.000000,0.000100000,0.000001113,0.065519,0.000000,0.000000,-0.033356,-0.001888,0.001739,0.758795,0.000000
102.899994,0.900483,552.214111,-0.000231,-0.033036,294.306427,1.000376,0.999392,0.000012,1.000841,0.750000,0.750000,1.000000,0.000100000,0.000001113,0.065509,0.000000,0.000000,-0.032908,-0.001866,0.001738,0.758672,0.000000
103.000000,0.901054,552.089539,-0.000228,-0.032571,294.291473,1.000376,0.999392,0.000012,1.000917,0.750000,0.750000,1.000000,0.000100000,0.000001113,0.065498,0.000000,0.000000,-0.032463,-0.001845,0.001737,0.758550,0.000000
103.099998,0.901626,551.965881,-0.000225,-0.032110,294.276581,1.000376,0.999393,0.000012,1.000838,0.750000,0.750000,1.000000,0.000100000,0.000001113,0.065488,0.000000,0.000000,-0.032021,-0.001824,0.001735,0.758429,0.000000
103.199997,0.902200,551.843262,-0.000222,-0.031652,294.261780,1.000375,0.999393,0.000012,1.000841,0.750000,0.750000,1.000000,0.000100000,0.000001113,0.065478,0.000000,0.000000,-0.031583,-0.001803,0.001734,0.758309,0.000000
103.299995,0.902775,551.721497,-0.000218,-0.031197,294.247101,1.000375,0.999394,0.000012,1.000840,0.750000,0.750000,1.000000,0.000100000,0.000001113,0.065468,0.000000,0.000000,-0.031148,-0.001782,0.001733,0.758189,0.000000
103.399994,0.903352,551.600769,-0.000215,-0.030747,294.232513,1.000375,0.999394,0.000012,1.000841,0.750000,0.750000,1.000000,0.000100000,0.000001113,0.065458,0.000000,0.000000,-0.030717,-0.001761,0.001731,0.758071,0.000000
103.500000,0.903929,551.480957,-0.000212,-0.030299,294.218018,1.000374,0.999395,0.000012,1.000917,0.750000,0.750000,1.000000,0.000100000,0.000001113,0.065448,0.000000,0.000000,-0.030289,-0.001740,0.001730,0.757954,0.000000
103.599999,0.904509,551.362061,-0.000209,-0.029855,294.203613,1.000374,0.999395,0.000012,1.000841,0.750000,0.750000,1.000000,0.000100000,0.000001113,0.065439,0.000000,0.000000,-0.029865,-0.001719,0.001729,0.757837,0.000000
103.699997,0.905089,551.244202,-0.000206,-0.029415,294.189301,1.000374,0.999395,0.000012,1.000841,0.750000,0.750000,1.000000,0.000100000,0.000001113,0.065430,0.000000,0.000000,-0.029444,-0.001699,0.001727,0.757721,0.000000
103.799995,0.905670,551.127197,-0.000203,-0.028978,294.175110,1.000374,0.999396,0.000012,1.000841,0.750000,0.750000,1.000000,0.000100000,0.000001113,0.065420,0.000000,0.000000,-0.029026,-0.001679,0.001726,0.757607,0.000000
103.899994,0.906253,551.011169,-0.000200,-0.028545,294.160980,1.000373,0.999396,0.000012,1.000841,0.750000,0.750000,1.000000,0.000100000,0.000001113,0.065411,0.000000,0.000000,-0.028611,-0.001659,0.001725,0.757493,0.000000
104.000000,0.906836,550.896118,-0.000197,-0.028115,294.146973,1.000373,0.999397,0.000012,1.000913,0.750000,0.750000,1.000000,0.000100000,0.000001113,0.065403,0.000000,0.000000,-0.028200,-0.001639,0.001724,0.757380,0.000000
104.099998,0.907421,550.781982,-0.000194,-0.027689,294.133057,1.000373,0.999397,0.000012,1.000842,0.750000,0.750000,1.000000,0.000100000,0.000001113,0.065394,0.000000,0.000000,-0.027793,-0.001619,0.001722,0.757268,0.000000
104.199997,0.908006,550.668762,-0.000191,-0.027266,294.119232,1.000373,0.999398,0.000012,1.000840,0.750000,0.750000,1.000000,0.000100000,0.000001113,0.065386,0.000000,0.000000,-0.027388,-0.001599,0.001721,0.757157,0.000000
104.299995,0.908592,550.556519,-0.000188,-0.026847,294.105499,1.000372,0.999398,0.000012,1.000840,0.750000,0.750000,1.000000,0.000100000,0.000001113,0.065377,0.000000,0.000000,-0.026988,-0.001579,0.001720,0.757047,0.000000
104.399994,0.909179,550.445190,-0.000185,-0.026431,294.091888,1.000372,0.999399,0.000012,1.000841,0.750000,0.750000,1.000000,0.000100000,0.000001113,0.065369,0.000000,0.000000,-0.026590,-0.001560,0.001718,0.756938,0.000000
104.500000,0.909767,550.334778,-0.000182,-0.026019,294.078339,1.000372,0.999399,0.000012,1.000916,0.750000,0.750000,1.000000,0.000100000,0.000001113,0.065361,0.000000,0.000000,-0.026196,-0.001540,0.001717,0.756830,0.000000
104.599999,0.910355,550.225281,-0.000179,-0.025610,294.064911,1.000371,0.999399,0.000012,1.000841,0.750000,0.750000,1.000000,0.000100000,0.000001113,0.065353,0.000000,0.000000,-0.025805,-0.001521,0.001716,0.756723,0.000000
104.699997,0.910944,550.116699,-0.000176,-0.025204,294.051544,1.000371,0.999400,0.000012,1.000841,0.750000,0.750000,1.000000,0.000100000,0.000001113,0.065345,0.000000,0.000000,-0.025417,-0.001502,0.001715,0.756616,0.000000
104.799995,0.911533,550.009094,-0.000174,-0.024802,294.038300,1.000371,0.999400,0.000012,1.000840,0.750000,0.750000,1.000000,0.000100000,0.000001113,0.065338,0.000000,0.000000,-0.025032,-0.001483,0.001714,0.756511,0.000000
104.899994,0.912123,549.902344,-0.000171,-0.024403,294.025146,1.000371,0.999401,0.000012,1.000837,0.750000,0.750000,1.000000,0.000100000,0.000001113,0.065330,0.000000,0.000000,-0.024651,-0.001464,0.001713,0.756406,0.000000
105.000000,0.912714,549.796570,-0.000168,-0.024008,294.012115,1.000371,0.999401,0.000012,1.000918,0.750000,0.750000,1.000000,0.000100000,0.000001113,0.065323,0.000000,0.000000,-0.024273,-0.001446,0.001711,0.756302,0.000000
105.099998,0.913304,549.691711,-0.000165,-0.023616,293.999146,1.000370,0.999401,0.000012,1.000840,0.750000,0.750000,1.000000,0.000100000,0.000001113,0.065316,0.000000,0.000000,-0.023899,-0.001427,0.001710,0.756199,0.000000
105.199997,0.913895,549.587708,-0.000163,-0.023228,293.986267,1.000370,0.999402,0.000012,1.000841,0.750000,0.750000,1.000000,0.000100000,0.000001113,0.065309,0.000000,0.000000,-0.023528,-0.001409,0.001709,0.756097,0.000000
105.299995,0.914487,549.484619,-0.000160,-0.022842,293.973511,1.000370,0.999402,0.000012,1.000841,0.750000,0.750000,1.000000,0.000100000,0.000001113,0.065302,0.000000,0.000000,-0.023159,-0.001391,0.001708,0.755996,0.000000
105.399994,0.915079,549.382507,-0.000157,-0.022461,293.960815,1.000370,0.999403,0.000012,1.000840,0.750000,0.750000,1.000000,0.000100000,0.000001113,0.065296,0.000000,0.000000,-0.022795,-0.001373,0.001707,0.755896,0.000000
105.500000,0.915671,549.281250,-0.000155,-0.022082,293.948242,1.000369,0.999403,0.000012,1.000917,0.750000,0.750000,1.000000,0.000100000,0.000001113,0.065289,0.000000,0.000000,-0.022433,-0.001355,0.001706,0.755797,0.000000
105.599999,0.916263,549.180847,-0.000152,-0.021707,293.935761,1.000369,0.999404,0.000012,1.000841,0.750000,0.750000,1.000000,0.000100000,0.000001113,0.065283,0.000000,0.000000,-0.022074,-0.001337,0.001704,0.755698,0.000000
105.699997,0.916855,549.081421,-0.000149,-0.021335,293.923370,1.000369,0.999404,0.000012,1.000840,0.750000,0.750000,1.000000,0.000100000,0.000001113,0.065276,0.000000,0.000000,-0.021719,-0.001319,0.001703,0.755600,0.000000
105.799995,0.917447,548.982849,-0.000147,-0.020967,293.911072,1.000368,0.999404,0.000012,1.000837,0.750000,0.750000,1.000000,0.000100000,0.000001113,0.065270,0.000000,0.000000,-0.021367,-0.001302,0.001702,0.755504,0.000000
105.899994,0.918039,548.885193,-0.000144,-0.020602,293.898865,1.000368,0.999405,0.000012,1.000842,0.750000,0.750000,1.000000,0.000100000,0.000001113,0.065264,0.000000,0.000000,-0.021019,-0.001284,0.001701,0.755408,0.000000
106.000000,0.918631,548.788391,-0.000142,-0.020240,293.886749,1.000368,0.999405,0.000012,1.000916,0.750000,0.750000,1.000000,0.000100000,0.000001113,0.065259,0.000000,0.000000,-0.020673,-0.001267,0.001700,0.755313,0.000000
106.099998,0.919224,548.692444,-0.000139,-0.019881,293.874725,1.000368,0.999405,0.000012,1.000841,0.750000,0.750000,1.000000,0.000100000,0.000001113,0.065253,0.000000,0.000000,-0.020330,-0.001250,0.001699,0.755219,0.000000
106.199997,0.919816,548.597473,-0.000137,-0.019526,293.862824,1.000368,0.999406,0.000012,1.000841,0.750000,0.750000,1.000000,0.000100000,0.000001113,0.065248,0.000000,0.000000,-0.019991,-0.001233,0.001698,0.755126,0.000000
106.299995,0.920407,548.503296,-0.000134,-0.019174,293.850983,1.000367,0.999406,0.000012,1.000840,0.750000,0.750000,1.000000,0.000100000,0.000001113,0.065242,0.000000,0.000000,-0.019655,-0.001216,0.001697,0.755033,0.000000
106.399994,0.920999,548.410034,-0.000132,-0.018825,293.839233,1.000367,0.999407,0.000012,1.000841,0.750000,0.750000,1.000000,0.000100000,0.000001113,0.065237,0.000000,0.000000,-0.019322,-0.001199,0.001695,0.754942,0.000000
106.500000,0.921590,548.317627,-0.000129,-0.018479,293.827606,1.000367,0.999407,0.000012,1.000917,0.750000,0.750000,1.000000,0.000100000,0.000001113,0.065232,0.000000,0.000000,-0.018992,-0.001182,0.001694,0.754851,0.000000
106.599999,0.922181,548.226074,-0.000127,-0.018137,293.816040,1.000367,0.999407,0.000012,1.000840,0.750000,0.750000,1.000000,0.000100000,0.000001113,0.065227,0.000000,0.000000,-0.018665,-0.001166,0.001693,0.754761,0.000000
106.699997,0.922772,548.135437,-0.000125,-0.017798,293.804596,1.000366,0.999408,0.000012,1.000838,0.750000,0.750000,1.000000,0.000100000,0.000001113,0.065222,0.000000,0.000000,-0.018341,-0.001149,0.001692,0.754672,0.000000
106.799995,0.923362,548.045654,-0.000122,-0.017462,293.793243,1.000366,0.999408,0.000012,1.000840,0.750000,0.750000,1.000000,0.000100000,0.000001113,0.065217,0.000000,0.000000,-0.018020,-0.001133,0.001691,0.754584,0.000000
106.899994,0.923952,547.956665,-0.000120,-0.017129,293.781952,1.000366,0.999408,0.000012,1.000841,0.750000,0.750000,1.000000,0.000100000,0.000001113,0.065213,0.000000,0.000000,-0.017702,-0.001117,0.001690,0.754496,0.000000
107.000000,0.924541,547.868591,-0.000118,-0.016800,293.770783,1.000366,0.999409,0.000012,1.000917,0.750000,0.750000,1.000000,0.000100000,0.000001113,0.065208,0.000000,0.000000,-0.017388,-0.001101,0.001689,0.754410,0.000000
107.099998,0.925130,547.781372,-0.000115,-0.016473,293.759674,1.000366,0.999409,0.000012,1.000842,0.750000,0.750000,1.000000,0.000100000,0.000001113,0.065204,0.000000,0.000000,-0.017076,-0.001085,0.001688,0.754324,0.000000
107.199997,0.925718,547.694946,-0.000113,-0.016150,293.748688,1.000365,0.999410,0.000012,1.000840,0.750000,0.750000,1.000000,0.000100000,0.000001113,0.065200,0.000000,0.000000,-0.016768,-0.001070,0.001687,0.754239,0.000000
107.299995,0.926305,547.609436,-0.000111,-0.015830,293.737762,1.000365,0.999410,0.000012,1.000841,0.750000,0.750000,1.000000,0.000100000,0.000001113,0.065196,0.000000,0.000000,-0.016462,-0.001054,0.001686,0.754155,0.000000
107.399994,0.926892,547.524719,-0.000109,-0.015513,293.726959,1.000365,0.999410,0.000012,1.000840,0.750000,0.750000,1.000000,0.000100000,0.000001113,0.065192,0.000000,0.000000,-0.016160,-0.001039,0.001685,0.754072,0.000000
107.500000,0.927478,547.440857,-0.000106,-0.015199,293.716217,1.000365,0.999411,0.000012,1.000918,0.750000,0.750000,1.000000,0.000100000,0.000001113,0.065188,0.000000,0.000000,-0.015860,-0.001023,0.001684,0.753990,0.000000
107.599999,0.928064,547.357849,-0.000104,-0.014889,293.705597,1.000365,0.999411,0.000012,1.000837,0.750000,0.750000,1.000000,0.000100000,0.000001113,0.065185,0.000000,0.000000,-0.015564,-0.001008,0.001683,0.753908,0.000000
107.699997,0.928649,547.275635,-0.000102,-0.014581,293.695038,1.000364,0.999411,0.000012,1.000841,0.750000,0.750000,1.000000,0.000100000,0.000001113,0.065181,0.000000,0.000000,-0.015270,-0.000993,0.001682,0.753827,0.000000
107.799995,0.929232,547.194275,-0.000100,-0.014276,293.684601,1.000364,0.999412,0.000012,1.000841,0.750000,0.750000,1.000000,0.000100000,0.000001113,0.065178,0.000000,0.000000,-0.014980,-0.000978,0.001681,0.753747,0.000000
107.899994,0.929815,547.113709,-0.000098,-0.013975,293.674225,1.000364,0.999412,0.000012,1.000840,0.750000,0.750000,1.000000,0.000100000,0.000001113,0.065174,0.000000,0.000000,-0.014692,-0.000963,0.001680,0.753668,0.000000
108.000000,0.930397,547.033997,-0.000096,-0.013676,293.663940,1.000364,0.999412,0.000012,1.000917,0.750000,0.750000,1.000000,0.000100000,0.000001113,0.065171,0.000000,0.000000,-0.014407,-0.000948,0.001679,0.753590,0.000000
108.099998,0.930979,546.955078,-0.000094,-0.013381,293.653748,1.000363,0.999413,0.000012,1.000841,0.750000,0.750000,1.000000,0.000100000,0.000001113,0.065168,0.000000,0.000000,-0.014125,-0.000934,0.001678,0.753512,0.000000
108.199997,0.931559,546.876953,-0.000092,-0.013088,293.643677,1.000363,0.999413,0.000012,1.000840,0.750000,0.750000,1.000000,0.000100000,0.000001113,0.065165,0.000000,0.000000,-0.013846,-0.000920,0.001677,0.753436,0.000000
108.299995,0.932138,546.799683,-0.000090,-0.012799,293.633667,1.000363,0.999413,0.000012,1.000841,0.750000,0.750000,1.000000,0.000100000,0.000001113,0.065163,0.000000,0.000000,-0.013570,-0.000905,0.001677,0.753360,0.000000
108.399994,0.932716,546.723206,-0.000088,-0.012512,293.623718,1.000363,0.999414,0.000012,1.000840,0.750000,0.750000,1.000000,0.000100000,0.000001113,0.065160,0.000000,0.000000,-0.013297,-0.000891,0.001676,0.753284,0.000000
108.500000,0.933293,546.647522,-0.000086,-0.012229,293.613892,1.000363,0.999414,0.000012,1.000914,0.750000,0.750000,1.000000,0.000100000,0.000001113,0.065157,0.000000,0.000000,-0.013027,-0.000877,0.001675,0.753210,0.000000
108.599999,0.933869,546.572632,-0.000084,-0.011949,293.604157,1.000363,0.999414,0.000012,1.000841,0.750000,0.750000,1.000000,0.000100000,0.000001113,0.065155,0.000000,0.000000,-0.012759,-0.000863,0.001674,0.753136,0.000000
108.699997,0.934444,546.498535,-0.000082,-0.011671,293.594482,1.000362,0.999414,0.000012,1.000841,0.750000,0.750000,1.000000,0.000100000,0.000001113,0.065153,0.000000,0.000000,-0.012495,-0.000849,0.001673,0.753064,0.000000
108.799995,0.935017,546.425232,-0.000080,-0.011397,293.584930,1.000362,0.999415,0.000012,1.000839,0.750000,0.750000,1.000000,0.000100000,0.000001113,0.065150,0.000000,0.000000,-0.012233,-0.000836,0.001672,0.752992,0.000000
108.899994,0.935590,546.352722,-0.000078,-0.011125,293.575439,1.000362,0.999415,0.000012,1.000842,0.750000,0.750000,1.000000,0.000100000,0.000001113,0.065148,0.000000,0.000000,-0.011974,-0.000822,0.001671,0.752920,0.000000
109.000000,0.936161,546.281006,-0.000076,-0.010856,293.566040,1.000362,0.999415,0.000012,1.000916,0.750000,0.750000,1.000000,0.000100000,0.000001113,0.065146,0.000000,0.000000,-0.011718,-0.000809,0.001670,0.752850,0.000000
109.099998,0.936731,546.210083,-0.000074,-0.010590,293.556732,1.000362,0.999416,0.000012,1.000840,0.750000,0.750000,1.000000,0.000100000,0.000001113,0.065145,0.000000,0.000000,-0.011465,-0.000795,0.001669,0.752780,0.000000
109.199997,0.937299,546.139893,-0.000072,-0.010327,293.547485,1.000361,0.999416,0.000012,1.000842,0.750000,0.750000,1.000000,0.000100000,0.000001113,0.065143,0.000000,0.000000,-0.011214,-0.000782,0.001669,0.752711,0.000000
109.299995,0.937866,546.070496,-0.000070,-0.010067,293.538361,1.000361,0.999416,0.000012,1.000840,0.750000,0.750000,1.000000,0.000100000,0.000001113,0.065141,0.000000,0.000000,-0.010966,-0.000769,0.001668,0.752643,0.000000
109.399994,0.938432,546.001831,-0.000069,-0.009810,293.529297,1.000361,0.999417,0.000012,1.000837,0.750000,0.750000,1.000000,0.000100000,0.000001113,0.065140,0.000000,0.000000,-0.010721,-0.000756,0.001667,0.752575,0.000000
109.500000,0.938997,545.933960,-0.000067,-0.009556,293.520325,1.000361,0.999417,0.000012,1.000917,0.750000,0.750000,1.000000,0.000100000,0.000001113,0.065138,0.000000,0.000000,-0.010478,-0.000743,0.001666,0.752508,0.000000
109.599999,0.939559,545.866821,-0.000065,-0.009304,293.511444,1.000361,0.999417,0.000012,1.000840,0.750000,0.750000,1.000000,0.000100000,0.000001113,0.065137,0.000000,0.000000,-0.010239,-0.000731,0.001665,0.752442,0.000000
109.699997,0.940121,545.800476,-0.000063,-0.009055,293.502625,1.000360,0.999418,0.000012,1.000841,0.750000,0.750000,1.000000,0.000100000,0.000001113,0.065136,0.000000,0.000000,-0.010002,-0.000718,0.001664,0.752377,0.000000
109.799995,0.940681,545.734863,-0.000062,-0.008809,293.493927,1.000360,0.999418,0.000012,1.000841,0.750000,0.750000,1.000000,0.000100000,0.000001113,0.065135,0.000000,0.000000,-0.009767,-0.000706,0.001664,0.752312,0.000000
109.899994,0.941240,545.670044,-0.000060,-0.008566,293.485291,1.000360,0.999418,0.000012,1.000841,0.750000,0.750000,1.000000,0.000100000,0.000001113,0.065134,0.000000,0.000000,-0.009536,-0.000693,0.001663,0.752249,0.000000
110.000000,0.941796,545.605896,-0.000058,-0.008326,293.476746,1.000360,0.999418,0.000012,1.000917,0.750000,0.750000,1.000000,0.000100000,0.000001113,0.065133,0.000000,0.000000,-0.009307,-0.000681,0.001662,0.752185,0.000000
110.099998,0.942351,545.542542,-0.000057,-0.008088,293.468262,1.000360,0.999419,0.000012,1.000841,0.750000,0.750000,1.000000,0.000100000,0.000001113,0.065132,0.000000,0.000000,-0.009081,-0.000669,0.001661,0.752123,0.000000
110.199997,0.942905,545.479858,-0.000055,-0.007853,293.459869,1.000360,0.999419,0.000012,1.000841,0.750000,0.750000,1.000000,0.000100000,0.000001113,0.065131,0.000000,0.000000,-0.008857,-0.000657,0.001660,0.752061,0.000000
110.299995,0.943457,545.417969,-0.000053,-0.007621,293.451569,1.000360,0.999419,0.000012,1.000837,0.750000,0.750000,1.000000,0.000100000,0.000001113,0.065131,0.000000,0.000000,-0.008636,-0.000645,0.001660,0.752001,0.000000
110.399994,0.944007,545.356812,-0.000052,-0.007392,293.443359,1.000359,0.999419,0.000012,1.000841,0.750000,0.750000,1.000000,0.000100000,0.000001113,0.065130,0.000000,0.000000,-0.008417,-0.000633,0.001659,0.751940,0.000000
110.500000,0.944556,545.296326,-0.000050,-0.007165,293.435211,1.000359,0.999420,0.000012,1.000917,0.750000,0.750000,1.000000,0.000100000,0.000001113,0.065130,0.000000,0.000000,-0.008201,-0.000622,0.001658,0.751881,0.000000
110.599999,0.945103,545.236572,-0.000049,-0.006941,293.427155,1.000359,0.999420,0.000012,1.000840,0.750000,0.750000,1.000000,0.000100000,0.000001113,0.065129,0.000000,0.000000,-0.007988,-0.000610,0.001657,0.751822,0.000000
110.699997,0.945648,545.177551,-0.000047,-0.006719,293.419189,1.000359,0.999420,0.000012,1.000841,0.750000,0.750000,1.000000,0.000100000,0.000001113,0.065129,0.000000,0.000000,-0.007777,-0.000599,0.001657,0.751764,0.000000
110.799995,0.946191,545.119263,-0.000046,-0.006501,293.411285,1.000359,0.999420,0.000012,1.000841,0.750000,0.750000,1.000000,0.000100000,0.000001113,0.065129,0.000000,0.000000,-0.007569,-0.000588,0.001656,0.751706,0.000000
110.899994,0.946733,545.061646,-0.000044,-0.006284,293.403473,1.000359,0.999421,0.000012,1.000840,0.750000,0.750000,1.000000,0.000100000,0.000001113,0.065129,0.000000,0.000000,-0.007363,-0.000576,0.001655,0.751650,0.000000
111.000000,0.947272,545.004761,-0.000042,-0.006071,293.395721,1.000358,0.999421,0.000012,1.000918,0.750000,0.750000,1.000000,0.000100000,0.000001113,0.065129,0.000000,0.000000,-0.007160,-0.000565,0.001654,0.751594,0.000000
111.099998,0.947810,544.948547,-0.000041,-0.005860,293.388062,1.000358,0.999421,0.000012,1.000841,0.750000,0.750000,1.000000,0.000100000,0.000001113,0.065129,0.000000,0.000000,-0.006959,-0.000554,0.001654,0.751538,0.000000
111.199997,0.948346,544.893005,-0.000040,-0.005651,293.380493,1.000358,0.999422,0.000012,1.000838,0.750000,0.750000,1.000000,0.000100000,0.000001113,0.065130,0.000000,0.000000,-0.006761,-0.000544,0.001653,0.751483,0.000000
111.299995,0.948880,544.838196,-0.000038,-0.005446,293.372986,1.000358,0.999422,0.000012,1.000841,0.750000,0.750000,1.000000,0.000100000,0.000001113,0.065130,0.000000,0.000000,-0.006565,-0.000533,0.001652,0.751429,0.000000
111.399994,0.949412,544.784058,-0.000037,-0.005242,293.365570,1.000358,0.999422,0.000012,1.000840,0.750000,0.750000,1.000000,0.000100000,0.000001113,0.065131,0.000000,0.000000,-0.006372,-0.000522,0.001652,0.751376,0.000000
111.500000,0.949942,544.730591,-0.000035,-0.005042,293.358215,1.000358,0.999422,0.000012,1.000918,0.750000,0.750000,1.000000,0.000100000,0.000001113,0.065131,0.000000,0.000000,-0.006181,-0.000512,0.001651,0.751323,0.000000
111.599999,0.950471,544.677856,-0.000034,-0.004844,293.350952,1.000358,0.999422,0.000012,1.000840,0.750000,0.750000,1.000000,0.000100000,0.000001113,0.065132,0.000000,0.000000,-0.005992,-0.000501,0.001650,0.751271,0.000000
111.699997,0.950997,544.625732,-0.000033,-0.004648,293.343781,1.000357,0.999423,0.000012,1.000841,0.750000,0.750000,1.000000,0.000100000,0.000001113,0.065132,0.000000,0.000000,-0.005806,-0.000491,0.001650,0.751220,0.000000
111.799995,0.951521,544.574280,-0.000031,-0.004455,293.336670,1.000357,0.999423,0.000012,1.000841,0.750000,0.750000,1.000000,0.000100000,0.000001113,0.065133,0.000000,0.000000,-0.005622,-0.000481,0.001649,0.751169,0.000000
111.899994,0.952043,544.523560,-0.000030,-0.004264,293.329620,1.000357,0.999423,0.000012,1.000841,0.750000,0.750000,1.000000,0.000100000,0.000001113,0.065134,0.000000,0.000000,-0.005441,-0.000471,0.001648,0.751119,0.000000
112.000000,0.952563,544.473450,-0.000029,-0.004076,293.322662,1.000357,0.999423,0.000012,1.000917,0.750000,0.750000,1.000000,0.000100000,0.000001113,0.065135,0.000000,0.000000,-0.005262,-0.000461,0.001648,0.751070,0.000000
112.099998,0.953081,544.424011,-0.000027,-0.003890,293.315796,1.000357,0.999424,0.000012,1.000837,0.750000,0.750000,1.000000,0.000100000,0.000001113,0.065136,0.000000,0.000000,-0.005086,-0.000451,0.001647,0.751021,0.000000
112.199997,0.953597,544.375183,-0.000026,-0.003707,293.308990,1.000357,0.999424,0.000012,1.000841,0.750000,0.750000,1.000000,0.000100000,0.000001113,0.065137,0.000000,0.000000,-0.004911,-0.000441,0.001646,0.750973,0.000000
112.299995,0.954110,544.327026,-0.000025,-0.003526,293.302246,1.000357,0.999424,0.000012,1.000841,0.750000,0.750000,1.000000,0.000100000,0.000001113,0.065138,0.000000,0.000000,-0.004739,-0.000432,0.001646,0.750925,0.000000
112.399994,0.954622,544.279541,-0.000023,-0.003347,293.295593,1.000356,0.999424,0.000012,1.000841,0.750000,0.750000,1.000000,0.000100000,0.000001113,0.065140,0.000000,0.000000,-0.004570,-0.000422,0.001645,0.750879,0.000000
112.500000,0.955131,544.232666,-0.000022,-0.003171,293.289001,1.000356,0.999424,0.000012,1.000917,0.750000,0.750000,1.000000,0.000100000,0.000001113,0.065141,0.000000,0.000000,-0.004402,-0.000413,0.001644,0.750832,0.000000
112.599999,0.955638,544.186462,-0.000021,-0.002997,293.282501,1.000356,0.999425,0.000012,1.000841,0.750000,0.750000,1.000000,0.000100000,0.000001113,0.065143,0.000000,0.000000,-0.004237,-0.000404,0.001644,0.750787,0.000000
112.699997,0.956143,544.140869,-0.000020,-0.002826,293.276062,1.000356,0.999425,0.000012,1.000841,0.750000,0.750000,1.000000,0.000100000,0.000001113,0.065144,0.000000,0.000000,-0.004075,-0.000394,0.001643,0.750742,0.000000
112.799995,0.956646,544.095886,-0.000019,-0.002657,293.269684,1.000356,0.999425,0.000011,1.000841,0.750000,0.750000,1.000000,0.000100000,0.000001113,0.065146,0.000000,0.000000,-0.003914,-0.000385,0.001643,0.750697,0.000000
112.899994,0.957147,544.051575,-0.000017,-0.002490,293.263397,1.000356,0.999425,0.000011,1.000840,0.750000,0.750000,1.000000,0.000100000,0.000001113,0.065147,0.000000,0.000000,-0.003756,-0.000376,0.001642,0.750654,0.000000
113.000000,0.957645,544.007813,-0.000016,-0.002325,293.257172,1.000356,0.999426,0.000011,1.000915,0.750000,0.750000,1.000000,0.000100000,0.000001113,0.065149,0.000000,0.000000,-0.003599,-0.000367,0.001641,0.750610,0.000000
113.099998,0.958141,543.964722,-0.000015,-0.002163,293.251038,1.000356,0.999426,0.000011,1.000840,0.750000,0.750000,1.000000,0.000100000,0.000001113,0.065151,0.000000,0.000000,-0.003445,-0.000359,0.001641,0.750568,0.000000
113.199997,0.958634,543.922241,-0.000014,-0.002003,293.244965,1.000355,0.999426,0.000011,1.000840,0.750000,0.750000,1.000000,0.000100000,0.000001113,0.065153,0.000000,0.000000,-0.003294,-0.000350,0.001640,0.750526,0.000000
113.299995,0.959126,543.880371,-0.000013,-0.001846,293.238953,1.000355,0.999426,0.000011,1.000841,0.750000,0.750000,1.000000,0.000100000,0.000001113,0.065155,0.000000,0.000000,-0.003144,-0.000341,0.001640,0.750485,0.000000
113.399994,0.959615,543.839050,-0.000012,-0.001690,293.233032,1.000355,0.999426,0.000011,1.000841,0.750000,0.750000,1.000000,0.000100000,0.000001113,0.065157,0.000000,0.000000,-0.002997,-0.000333,0.001639,0.750444,0.000000
113.500000,0.960101,543.798340,-0.000011,-0.001537,293.227173,1.000355,0.999427,0.000011,1.000917,0.750000,0.750000,1.000000,0.000100000,0.000001113,0.065159,0.000000,0.000000,-0.002851,-0.000325,0.001639,0.750403,0.000000
113.599999,0.960586,543.758301,-0.000010,-0.001387,293.221375,1.000355,0.999427,0.000011,1.000841,0.750000,0.750000,1.000000,0.000100000,0.000001113,0.065161,0.000000,0.000000,-0.002708,-0.000316,0.001638,0.750364,0.000000
113.699997,0.961068,543.718750,-0.000009,-0.001238,293.215637,1.000355,0.999427,0.000011,1.000841,0.750000,0.750000,1.000000,0.000100000,0.000001113,0.065164,0.000000,0.000000,-0.002567,-0.000308,0.001637,0.750325,0.000000
113.799995,0.961547,543.679871,-0.000008,-0.001091,293.209991,1.000355,0.999427,0.000011,1.000840,0.750000,0.750000,1.000000,0.000100000,0.000001113,0.065166,0.000000,0.000000,-0.002428,-0.000300,0.001637,0.750286,0.000000
113.899994,0.962025,543.641541,-0.000007,-0.000947,293.204407,1.000355,0.999427,0.000011,1.000837,0.750000,0.750000,1.000000,0.000100000,0.000001113,0.065168,0.000000,0.000000,-0.002291,-0.000292,0.001636,0.750249,0.000000
114.000000,0.962499,543.603760,-0.000006,-0.000805,293.198883,1.000355,0.999427,0.000011,1.000917,0.750000,0.750000,1.000000,0.000100000,0.000001113,0.065171,0.000000,0.000000,-0.002156,-0.000284,0.001636,0.750211,0.000000
114.099998,0.962972,543.566589,-0.000005,-0.000665,293.193451,1.000354,0.999428,0.000011,1.000841,0.750000,0.750000,1.000000,0.000100000,0.000001113,0.065173,0.000000,0.000000,-0.002024,-0.000276,0.001635,0.750174,0.000000
114.199997,0.963442,543.529968,-0.000004,-0.000527,293.188049,1.000354,0.999428,0.000011,1.000840,0.750000,0.750000,1.000000,0.000100000,0.000001113,0.065176,0.000000,0.000000,-0.001893,-0.000269,0.001635,0.750138,0.000000
114.299995,0.963909,543.493897,-0.000003,-0.000391,293.182739,1.000354,0.999428,0.000011,1.000840,0.750000,0.750000,1.000000,0.000100000,0.000001113,0.065178,0.000000,0.000000,-0.001764,-0.000261,0.001634,0.750103,0.000000
114.399994,0.964374,543.458374,-0.000002,-0.000257,293.177490,1.000354,0.999428,0.000011,1.000841,0.750000,0.750000,1.000000,0.000100000,0.000001113,0.065181,0.000000,0.000000,-0.001637,-0.000254,0.001634,0.750067,0.000000
114.500000,0.964837,543.423462,-0.000001,-0.000125,293.172302,1.000354,0.999428,0.000011,1.000917,0.750000,0.750000,1.000000,0.000100000,0.000001113,0.065184,0.000000,0.000000,-0.001512,-0.000246,0.001633,0.750033,0.000000
114.599999,0.965297,543.389038,0.000000,0.000005,293.167206,1.000354,0.999429,0.000011,1.000842,0.750000,0.750000,1.000000,0.000100000,0.000001113,0.065187,0.000000,0.000000,-0.001389,-0.000239,0.001633,0.749999,0.000000
114.699997,0.965754,543.355225,0.000001,0.000132,293.162140,1.000354,0.999429,0.000011,1.000838,0.750000,0.750000,1.000000,0.000100000,0.000001113,0.065190,0.000000,0.000000,-0.001269,-0.000232,0.001632,0.749965,0.000000
114.799995,0.966209,543.321899,0.000002,0.000258,293.157166,1.000354,0.999429,0.000011,1.000837,0.750000,0.750000,1.000000,0.000100000,0.000001113,0.065193,0.000000,0.000000,-0.001150,-0.000225,0.001632,0.749932,0.000000
114.899994,0.966662,543.289185,0.000003,0.000381,293.152222,1.000354,0.999429,0.000011,1.000841,0.750000,0.750000,1.000000,0.000100000,0.000001113,0.065196,0.000000,0.000000,-0.001033,-0.000217,0.001631,0.749900,0.000000
115.000000,0.967112,543.256958,0.000004,0.000503,293.147369,1.000353,0.999429,0.000011,1.000917,0.750000,0.750000,1.000000,0.000100000,0.000001113,0.065199,0.000000,0.000000,-0.000918,-0.000211,0.001631,0.749868,0.000000
115.099998,0.967559,543.225220,0.000004,0.000623,293.142578,1.000353,0.999429,0.000011,1.000840,0.750000,0.750000,1.000000,0.000100000,0.000001113,0.065202,0.000000,0.000000,-0.000804,-0.000204,0.001631,0.749837,0.000000
115.199997,0.968005,543.194092,0.000005,0.000740,293.137848,1.000353,0.999429,0.000011,1.000841,0.750000,0.750000,1.000000,0.000100000,0.000001113,0.065205,0.000000,0.000000,-0.000693,-0.000197,0.001630,0.749806,0.000000
115.299995,0.968447,543.163452,0.000006,0.000856,293.133179,1.000353,0.999430,0.000011,1.000840,0.750000,0.750000,1.000000,0.000100000,0.000001113,0.065208,0.000000,0.000000,-0.000584,-0.000190,0.001630,0.749775,0.000000
115.399994,0.968887,543.133301,0.000007,0.000970,293.128571,1.000353,0.999430,0.000011,1.000841,0.750000,0.750000,1.000000,0.000100000,0.000001113,0.065212,0.000000,0.000000,-0.000476,-0.000184,0.001629,0.749746,0.000000
115.500000,0.969324,543.103699,0.000008,0.001081,293.124023,1.000353,0.999430,0.000011,1.000918,0.750000,0.750000,1.000000,0.000100000,0.000001113,0.065215,0.000000,0.000000,-0.000370,-0.000177,0.001629,0.749716,0.000000
115.599999,0.969758,543.074585,0.000008,0.001191,293.119568,1.000353,0.999430,0.000011,1.000840,0.750000,0.750000,1.000000,0.000100000,0.000001113,0.065218,0.000000,0.000000,-0.000266,-0.000171,0.001628,0.749687,0.000000
115.699997,0.970191,543.046021,0.000009,0.001299,293.115143,1.000353,0.999430,0.000011,1.000838,0.750000,0.750000,1.000000,0.000100000,0.000001113,0.065222,0.000000,0.000000,-0.000164,-0.000164,0.001628,0.749659,0.000000
115.799995,0.970620,543.017883,0.000010,0.001405,293.110779,1.000353,0.999430,0.000011,1.000841,0.750000,0.750000,1.000000,0.000100000,0.000001113,0.065225,0.000000,0.000000,-0.000064,-0.000158,0.001628,0.749631,0.000000
115.899994,0.971047,542.990295,0.000011,0.001510,293.106476,1.000353,0.999431,0.000011,1.000840,0.750000,0.750000,1.000000,0.000100000,0.000001113,0.065229,0.000000,0.000000,0.000035,-0.000152,0.001627,0.749604,0.000000
116.000000,0.971471,542.963196,0.000011,0.001612,293.102234,1.000353,0.999431,0.000011,1.000915,0.750000,0.750000,1.000000,0.000100000,0.000001113,0.065232,0.000000,0.000000,0.000131,-0.000146,0.001627,0.749577,0.000000
116.099998,0.971893,542.936585,0.000012,0.001713,293.098053,1.000353,0.999431,0.000011,1.000841,0.750000,0.750000,1.000000,0.000100000,0.000001113,0.065236,0.000000,0.000000,0.000226,-0.000140,0.001626,0.749550,0.000000
116.199997,0.972312,542.910461,0.000013,0.001812,293.093933,1.000352,0.999431,0.000011,1.000841,0.750000,0.750000,1.000000,0.000100000,0.000001113,0.065240,0.000000,0.000000,0.000320,-0.000134,0.001626,0.749524,0.000000
116.299995,0.972728,542.884827,0.000013,0.001908,293.089874,1.000352,0.999431,0.000011,1.000840,0.750000,0.750000,1.000000,0.000100000,0.000001113,0.065243,0.000000,0.000000,0.000411,-0.000128,0.001626,0.749499,0.000000
116.399994,0.973142,542.859619,0.000014,0.002004,293.085876,1.000352,0.999431,0.000011,1.000840,0.750000,0.750000,1.000000,0.000100000,0.000001113,0.065247,0.000000,0.000000,0.000501,-0.000123,0.001625,0.749474,0.000000
116.500000,0.973553,542.834961,0.000015,0.002097,293.081940,1.000352,0.999431,0.000011,1.000918,0.750000,0.750000,1.000000,0.000100000,0.000001113,0.065251,0.000000,0.000000,0.000589,-0.000117,0.001625,0.749450,0.000000
116.599999,0.973961,542.810730,0.000015,0.002189,293.078064,1.000352,0.999431,0.000011,1.000837,0.750000,0.750000,1.000000,0.000100000,0.000001113,0.065255,0.000000,0.000000,0.000676,-0.000112,0.001624,0.749425,0.000000
116.699997,0.974368,542.786926,0.000016,0.002279,293.074219,1.000352,0.999432,0.000011,1.000842,0.750000,0.750000,1.000000,0.000100000,0.000001113,0.065259,0.000000,0.000000,0.000761,-0.000106,0.001624,0.749402,0.000000
116.799995,0.974771,542.763672,0.000017,0.002367,293.070465,1.000352,0.999432,0.000011,1.000841,0.750000,0.750000,1.000000,0.000100000,0.000001113,0.065263,0.000000,0.000000,0.000844,-0.000101,0.001624,0.749379,0.000000
116.899994,0.975171,542.740784,0.000017,0.002454,293.066742,1.000352,0.999432,0.000011,1.000841,0.750000,0.750000,1.000000,0.000100000,0.000001113,0.065267,0.000000,0.000000,0.000926,-0.000095,0.001623,0.749356,0.000000
117.000000,0.975569,542.718384,0.000018,0.002539,293.063080,1.000352,0.999432,0.000011,1.000917,0.750000,0.750000,1.000000,0.000100000,0.000001113,0.065271,0.000000,0.000000,0.001006,-0.000090,0.001623,0.749334,0.000000
117.099998,0.975964,542.696472,0.000018,0.002622,293.059479,1.000352,0.999432,0.000011,1.000840,0.750000,0.750000,1.000000,0.000100000,0.000001113,0.065275,0.000000,0.000000,0.001084,-0.000085,0.001623,0.749312,0.000000
117.199997,0.976356,542.674988,0.000019,0.002703,293.055939,1.000352,0.999432,0.000011,1.000841,0.750000,0.750000,1.000000,0.000100000,0.000001113,0.065279,0.000000,0.000000,0.001161,-0.000080,0.001622,0.749290,0.000000
117.299995,0.976747,542.653931,0.000019,0.002783,293.052429,1.000352,0.999432,0.000011,1.000841,0.750000,0.750000,1.000000,0.000100000,0.000001113,0.065283,0.000000,0.000000,0.001236,-0.000075,0.001622,0.749269,0.000000
117.399994,0.977134,542.633301,0.000020,0.002861,293.048981,1.000352,0.999432,0.000011,1.000841,0.750000,0.750000,1.000000,0.000100000,0.000001113,0.065288,0.000000,0.000000,0.001310,-0.000070,0.001622,0.749249,0.000000
117.500000,0.977517,542.613098,0.000021,0.002938,293.045624,1.000352,0.999433,0.000011,1.000913,0.750000,0.750000,1.000000,0.000100000,0.000001113,0.065292,0.000000,0.000000,0.001382,-0.000065,0.001621,0.749229,0.000000
117.599999,0.977899,542.593323,0.000021,0.003013,293.042267,1.000351,0.999433,0.000011,1.000842,0.750000,0.750000,1.000000,0.000100000,0.000001113,0.065296,0.000000,0.000000,0.001452,-0.000060,0.001621,0.749209,0.000000
117.699997,0.978279,542.573975,0.000022,0.003087,293.039001,1.000351,0.999433,0.000011,1.000839,0.750000,0.750000,1.000000,0.000100000,0.000001113,0.065300,0.000000,0.000000,0.001522,-0.000056,0.001621,0.749190,0.000000
117.799995,0.978655,542.555054,0.000022,0.003158,293.035767,1.000351,0.999433,0.000011,1.000841,0.750000,0.750000,1.000000,0.000100000,0.000001113,0.065305,0.000000,0.000000,0.001589,-0.000051,0.001620,0.749171,0.000000
117.899994,0.979029,542.536560,0.000023,0.003229,293.032593,1.000351,0.999433,0.000011,1.000841,0.750000,0.750000,1.000000,0.000100000,0.000001113,0.065309,0.000000,0.000000,0.001655,-0.000047,0.001620,0.749152,0.000000
118.000000,0.979400,542.518494,0.000023,0.003297,293.029480,1.000351,0.999433,0.000011,1.000917,0.750000,0.750000,1.000000,0.000100000,0.000001113,0.065314,0.000000,0.000000,0.001720,-0.000042,0.001620,0.749134,0.000000
118.099998,0.979769,542.500793,0.000024,0.003365,293.026398,1.000351,0.999433,0.000011,1.000840,0.750000,0.750000,1.000000,0.000100000,0.000001113,0.065318,0.000000,0.000000,0.001783,-0.000038,0.001620,0.749117,0.000000
118.199997,0.980135,542.483521,0.000024,0.003430,293.023376,1.000351,0.999433,0.000011,1.000841,0.750000,0.750000,1.000000,0.000100000,0.000001113,0.065323,0.000000,0.000000,0.001845,-0.000033,0.001619,0.749100,0.000000
118.299995,0.980497,542.466675,0.000024,0.003495,293.020416,1.000351,0.999433,0.000011,1.000841,0.750000,0.750000,1.000000,0.000100000,0.000001113,0.065327,0.000000,0.000000,0.001905,-0.000029,0.001619,0.749083,0.000000
118.399994,0.980858,542.450195,0.000025,0.003557,293.017487,1.000351,0.999433,0.000011,1.000838,0.750000,0.750000,1.000000,0.000100000,0.000001113,0.065332,0.000000,0.000000,0.001964,-0.000025,0.001619,0.749066,0.000000
118.500000,0.981215,542.434082,0.000025,0.003619,293.014618,1.000351,0.999434,0.000011,1.000918,0.750000,0.750000,1.000000,0.000100000,0.000001113,0.065336,0.000000,0.000000,0.002021,-0.000021,0.001619,0.749050,0.000000
118.599999,0.981571,542.418396,0.000026,0.003678,293.011810,1.000351,0.999434,0.000011,1.000840,0.750000,0.750000,1.000000,0.000100000,0.000001113,0.065341,0.000000,0.000000,0.002077,-0.000017,0.001618,0.749034,0.000000
118.699997,0.981923,542.403076,0.000026,0.003737,293.009033,1.000351,0.999434,0.000011,1.000841,0.750000,0.750000,1.000000,0.000100000,0.000001113,0.065345,0.000000,0.000000,0.002132,-0.000013,0.001618,0.749019,0.000000
118.799995,0.982272,542.388184,0.000027,0.003794,293.006317,1.000351,0.999434,0.000011,1.000841,0.750000,0.750000,1.000000,0.000100000,0.000001113,0.065350,0.000000,0.000000,0.002185,-0.000009,0.001618,0.749004,0.000000
118.899994,0.982619,542.373596,0.000027,0.003849,293.003632,1.000351,0.999434,0.000011,1.000840,0.750000,0.750000,1.000000,0.000100000,0.000001113,0.065355,0.000000,0.000000,0.002237,-0.000005,0.001617,0.748990,0.000000
119.000000,0.982963,542.359436,0.000027,0.003903,293.001007,1.000351,0.999434,0.000011,1.000918,0.750000,0.750000,1.000000,0.000100000,0.000001113,0.065360,0.000000,0.000000,0.002288,-0.000001,0.001617,0.748975,0.000000
119.099998,0.983305,542.345642,0.000028,0.003956,292.998444,1.000351,0.999434,0.000011,1.000841,0.750000,0.750000,1.000000,0.000100000,0.000001113,0.065364,0.000000,0.000000,0.002337,0.000002,0.001617,0.748961,0.000000
119.199997,0.983643,542.332214,0.000028,0.004007,292.995911,1.000350,0.999434,0.000011,1.000839,0.750000,0.750000,1.000000,0.000100000,0.000001113,0.065369,0.000000,0.000000,0.002385,0.000006,0.001617,0.748948,0.000000
119.299995,0.983980,542.319153,0.000028,0.004057,292.993408,1.000350,0.999434,0.000011,1.000838,0.750000,0.750000,1.000000,0.000100000,0.000001113,0.065374,0.000000,0.000000,0.002432,0.000009,0.001616,0.748935,0.000000
119.399994,0.984313,542.306458,0.000029,0.004106,292.990967,1.000350,0.999434,0.000011,1.000840,0.750000,0.750000,1.000000,0.000100000,0.000001113,0.065379,0.000000,0.000000,0.002477,0.000013,0.001616,0.748922,0.000000
119.500000,0.984644,542.294067,0.000029,0.004153,292.988586,1.000350,0.999434,0.000011,1.000917,0.750000,0.750000,1.000000,0.000100000,0.000001113,0.065384,0.000000,0.000000,0.002521,0.000016,0.001616,0.748910,0.000000
119.599999,0.984972,542.282043,0.000029,0.004200,292.986237,1.000350,0.999435,0.000011,1.000841,0.750000,0.750000,1.000000,0.000100000,0.000001113,0.065389,0.000000,0.000000,0.002564,0.000020,0.001616,0.748898,0.000000
119.699997,0.985298,542.270386,0.000030,0.004244,292.983948,1.000350,0.999435,0.000011,1.000840,0.750000,0.750000,1.000000,0.000100000,0.000001113,0.065393,0.000000,0.000000,0.002606,0.000023,0.001616,0.748886,0.000000
119.799995,0.985621,542.259094,0.000030,0.004288,292.981689,1.000350,0.999435,0.000011,1.000840,0.750000,0.750000,1.000000,0.000100000,0.000001113,0.065398,0.000000,0.000000,0.002646,0.000026,0.001615,0.748875,0.000000
119.899994,0.985941,542.248108,0.000030,0.004330,292.979462,1.000350,0.999435,0.000011,1.000841,0.750000,0.750000,1.000000,0.000100000,0.000001113,0.065403,0.000000,0.000000,0.002685,0.000029,0.001615,0.748863,0.000000
120.000000,0.986259,542.237488,0.000031,0.004371,292.977295,1.000350,0.999435,0.000011,1.000917,0.750000,0.750000,1.000000,0.000100000,0.000001113,0.065408,0.000000,0.000000,0.002723,0.000032,0.001615,0.748853,0.000000
120.099998,0.986573,542.227173,0.000031,0.004410,292.975159,1.000350,0.999435,0.000011,1.000840,0.750000,0.750000,1.000000,0.000100000,0.000001113,0.065413,0.000000,0.000000,0.002760,0.000035,0.001615,0.748842,0.000000
120.199997,0.986886,542.217224,0.000031,0.004449,292.973084,1.000350,0.999435,0.000011,1.000839,0.750000,0.750000,1.000000,0.000100000,0.000001113,0.065418,0.000000,0.000000,0.002796,0.000038,0.001615,0.748832,0.000000
120.299995,0.987195,542.207581,0.000031,0.004486,292.971039,1.000350,0.999435,0.000011,1.000840,0.750000,0.750000,1.000000,0.000100000,0.000001113,0.065423,0.000000,0.000000,0.002830,0.000041,0.001614,0.748822,0.000000
120.399994,0.987501,542.198242,0.000032,0.004522,292.969055,1.000350,0.999435,0.000011,1.000840,0.750000,0.750000,1.000000,0.000100000,0.000001113,0.065428,0.000000,0.000000,0.002863,0.000044,0.001614,0.748813,0.000000
120.500000,0.987805,542.189270,0.000032,0.004556,292.967072,1.000350,0.999435,0.000011,1.000917,0.750000,0.750000,1.000000,0.000100000,0.000001113,0.065433,0.000000,0.000000,0.002895,0.000047,0.001614,0.748804,0.000000
120.599999,0.988107,542.180542,0.000032,0.004590,292.965179,1.000350,0.999435,0.000011,1.000842,0.750000,0.750000,1.000000,0.000100000,0.000001113,0.065439,0.000000,0.000000,0.002927,0.000050,0.001614,0.748795,0.000000
120.699997,0.988407,542.172180,0.000032,0.004623,292.963287,1.000350,0.999435,0.000011,1.000840,0.750000,0.750000,1.000000,0.000100000,0.000001113,0.065444,0.000000,0.000000,0.002956,0.000052,0.001614,0.748787,0.000000
120.799995,0.988703,542.164124,0.000033,0.004654,292.961456,1.000350,0.999435,0.000011,1.000841,0.750000,0.750000,1.000000,0.000100000,0.000001113,0.065449,0.000000,0.000000,0.002985,0.000055,0.001613,0.748778,0.000000
120.899994,0.988997,542.156372,0.000033,0.004684,292.959656,1.000350,0.999435,0.000011,1.000841,0.750000,0.750000,1.000000,0.000100000,0.000001113,0.065454,0.000000,0.000000,0.003013,0.000058,0.001613,0.748771,0.000000
121.000000,0.989287,542.148865,0.000033,0.004713,292.957916,1.000350,0.999435,0.000011,1.000916,0.750000,0.750000,1.000000,0.000100000,0.000001113,0.065459,0.000000,0.000000,0.003040,0.000060,0.001613,0.748763,0.000000
121.099998,0.989576,542.141724,0.000033,0.004741,292.956207,1.000350,0.999436,0.000011,1.000839,0.750000,0.750000,1.000000,0.000100000,0.000001113,0.065464,0.000000,0.000000,0.003065,0.000063,0.001613,0.748756,0.000000
121.199997,0.989861,542.134888,0.000033,0.004767,292.954529,1.000350,0.999436,0.000011,1.000840,0.750000,0.750000,1.000000,0.000100000,0.000001113,0.065469,0.000000,0.000000,0.003090,0.000065,0.001613,0.748749,0.000000
121.299995,0.990146,542.128296,0.000034,0.004793,292.952881,1.000350,0.999436,0.000011,1.000840,0.750000,0.750000,1.000000,0.000100000,0.000001113,0.065475,0.000000,0.000000,0.003113,0.000067,0.001613,0.748742,0.000000
121.399994,0.990426,542.122009,0.000034,0.004818,292.951294,1.000350,0.999436,0.000011,1.000841,0.750000,0.750000,1.000000,0.000100000,0.000001113,0.065480,0.000000,0.000000,0.003136,0.000070,0.001613,0.748735,0.000000
121.500000,0.990705,542.116028,0.000034,0.004841,292.949738,1.000350,0.999436,0.000011,1.000918,0.750000,0.750000,1.000000,0.000100000,0.000001113,0.065485,0.000000,0.000000,0.003157,0.000072,0.001612,0.748729,0.000000
121.599999,0.990981,542.110291,0.000034,0.004864,292.948212,1.000350,0.999436,0.000011,1.000840,0.750000,0.750000,1.000000,0.000100000,0.000001113,0.065490,0.000000,0.000000,0.003178,0.000074,0.001612,0.748723,0.000000
121.699997,0.991254,542.104858,0.000034,0.004885,292.946747,1.000350,0.999436,0.000011,1.000840,0.750000,0.750000,1.000000,0.000100000,0.000001113,0.065496,0.000000,0.000000,0.003197,0.000076,0.001612,0.748718,0.000000
121.799995,0.991524,542.099670,0.000034,0.004906,292.945282,1.000350,0.999436,0.000011,1.000841,0.750000,0.750000,1.000000,0.000100000,0.000001113,0.065501,0.000000,0.000000,0.003215,0.000078,0.001612,0.748712,0.000000
121.899994,0.991793,542.094788,0.000034,0.004925,292.943878,1.000350,0.999436,0.000011,1.000841,0.750000,0.750000,1.000000,0.000100000,0.000001113,0.065506,0.000000,0.000000,0.003233,0.000080,0.001612,0.748707,0.000000
122.000000,0.992057,542.090149,0.000035,0.004943,292.942505,1.000350,0.999436,0.000011,1.000914,0.750000,0.750000,1.000000,0.000100000,0.000001113,0.065511,0.000000,0.000000,0.003249,0.000082,0.001612,0.748702,0.000000
122.099998,0.992320,542.085754,0.000035,0.004961,292.941162,1.000350,0.999436,0.000011,1.000841,0.750000,0.750000,1.000000,0.000100000,0.000001113,0.065517,0.000000,0.000000,0.003265,0.000084,0.001612,0.748698,0.000000
122.199997,0.992581,542.081665,0.000035,0.004977,292.939850,1.000350,0.999436,0.000011,1.000840,0.750000,0.750000,1.000000,0.000100000,0.000001113,0.065522,0.000000,0.000000,0.003280,0.000086,0.001612,0.748693,0.000000
122.299995,0.992838,542.077820,0.000035,0.004993,292.938599,1.000350,0.999436,0.000011,1.000840,0.750000,0.750000,1.000000,0.000100000,0.000001113,0.065527,0.000000,0.000000,0.003294,0.000088,0.001611,0.748689,0.000000
122.399994,0.993095,542.074219,0.000035,0.005007,292.937347,1.000349,0.999436,0.000011,1.000840,0.750000,0.750000,1.000000,0.000100000,0.000001113,0.065532,0.000000,0.000000,0.003306,0.000090,0.001611,0.748686,0.000000
122.500000,0.993347,542.070862,0.000035,0.005021,292.936157,1.000349,0.999436,0.000011,1.000917,0.750000,0.750000,1.000000,0.000100000,0.000001113,0.065538,0.000000,0.000000,0.003318,0.000091,0.001611,0.748682,0.000000
122.599999,0.993595,542.067810,0.000035,0.005033,292.934998,1.000349,0.999436,0.000011,1.000841,0.750000,0.750000,1.000000,0.000100000,0.000001113,0.065543,0.000000,0.000000,0.003329,0.000093,0.001611,0.748679,0.000000
122.699997,0.993845,542.064941,0.000035,0.005045,292.933868,1.000349,0.999436,0.000011,1.000840,0.750000,0.750000,1.000000,0.000100000,0.000001113,0.065548,0.000000,0.000000,0.003339,0.000094,0.001611,0.748676,0.000000
122.799995,0.994090,542.062317,0.000035,0.005056,292.932770,1.000349,0.999436,0.000011,1.000841,0.750000,0.750000,1.000000,0.000100000,0.000001113,0.065554,0.000000,0.000000,0.003349,0.000096,0.001611,0.748673,0.000000
122.899994,0.994333,542.059998,0.000035,0.005065,292.931702,1.000349,0.999436,0.000011,1.000838,0.750000,0.750000,1.000000,0.000100000,0.000001113,0.065559,0.000000,0.000000,0.003357,0.000098,0.001611,0.748670,0.000000
123.000000,0.994575,542.057861,0.000036,0.005075,292.930664,1.000349,0.999436,0.000011,1.000917,0.750000,0.750000,1.000000,0.000100000,0.000001113,0.065565,0.000000,0.000000,0.003365,0.000099,0.001611,0.748668,0.000000
123.099998,0.994811,542.055969,0.000036,0.005083,292.929688,1.000349,0.999436,0.000011,1.000841,0.750000,0.750000,1.000000,0.000100000,0.000001113,0.065570,0.000000,0.000000,0.003372,0.000100,0.001611,0.748666,0.000000
123.199997,0.995047,542.054260,0.000036,0.005090,292.928711,1.000349,0.999436,0.000011,1.000840,0.750000,0.750000,1.000000,0.000100000,0.000001113,0.065575,0.000000,0.000000,0.003378,0.000102,0.001611,0.748664,0.000000
123.299995,0.995281,542.052856,0.000036,0.005096,292.927765,1.000349,0.999436,0.000011,1.000841,0.750000,0.750000,1.000000,0.000100000,0.000001113,0.065581,0.000000,0.000000,0.003383,0.000103,0.001610,0.748662,0.000000
123.399994,0.995512,542.051636,0.000036,0.005102,292.926880,1.000349,0.999436,0.000011,1.000840,0.750000,0.750000,1.000000,0.000100000,0.000001113,0.065586,0.000000,0.000000,0.003387,0.000104,0.001610,0.748661,0.000000
123.500000,0.995740,542.050598,0.000036,0.005107,292.925995,1.000349,0.999436,0.000011,1.000918,0.750000,0.750000,1.000000,0.000100000,0.000001113,0.065591,0.000000,0.000000,0.003391,0.000106,0.001610,0.748660,0.000000
123.599999,0.995966,542.049866,0.000036,0.005110,292.925140,1.000349,0.999436,0.000011,1.000841,0.750000,0.750000,1.000000,0.000100000,0.000001113,0.065597,0.000000,0.000000,0.003393,0.000107,0.001610,0.748658,0.000000
123.699997,0.996189,542.049316,0.000036,0.005113,292.924347,1.000349,0.999437,0.000011,1.000840,0.750000,0.750000,1.000000,0.000100000,0.000001113,0.065602,0.000000,0.000000,0.003395,0.000108,0.001610,0.748658,0.000000
123.799995,0.996411,542.048950,0.000036,0.005116,292.923553,1.000349,0.999437,0.000011,1.000838,0.750000,0.750000,1.000000,0.000100000,0.000001113,0.065607,0.000000,0.000000,0.003397,0.000109,0.001610,0.748657,0.000000
123.899994,0.996629,542.048767,0.000036,0.005118,292.922791,1.000349,0.999437,0.000011,1.000840,0.750000,0.750000,1.000000,0.000100000,0.000001113,0.065613,0.000000,0.000000,0.003397,0.000110,0.001610,0.748657,0.000000
124.000000,0.996844,542.048828,0.000036,0.005118,292.922089,1.000349,0.999437,0.000011,1.000917,0.750000,0.750000,1.000000,0.000100000,0.000001113,0.065618,0.000000,0.000000,0.003397,0.000111,0.001610,0.748656,0.000000
124.099998,0.997058,542.049133,0.000036,0.005118,292.921387,1.000349,0.999437,0.000011,1.000840,0.750000,0.750000,1.000000,0.000100000,0.000001113,0.065624,0.000000,0.000000,0.003396,0.000112,0.001610,0.748657,0.000000
124.199997,0.997270,542.049561,0.000036,0.005118,292.920715,1.000349,0.999437,0.000011,1.000841,0.750000,0.750000,1.000000,0.000100000,0.000001113,0.065629,0.000000,0.000000,0.003394,0.000113,0.001610,0.748657,0.000000
124.299995,0.997481,542.050232,0.000036,0.005116,292.920074,1.000349,0.999437,0.000011,1.000840,0.750000,0.750000,1.000000,0.000100000,0.000001113,0.065634,0.000000,0.000000,0.003392,0.000114,0.001610,0.748657,0.000000
124.399994,0.997687,542.051086,0.000036,0.005114,292.919464,1.000349,0.999437,0.000011,1.000841,0.750000,0.750000,1.000000,0.000100000,0.000001113,0.065640,0.000000,0.000000,0.003389,0.000115,0.001610,0.748658,0.000000
124.500000,0.997891,542.052124,0.000036,0.005111,292.918884,1.000349,0.999437,0.000011,1.000916,0.750000,0.750000,1.000000,0.000100000,0.000001113,0.065645,0.000000,0.000000,0.003385,0.000116,0.001610,0.748658,0.000000
124.599999,0.998094,542.053406,0.000036,0.005107,292.918335,1.000349,0.999437,0.000011,1.000840,0.750000,0.750000,1.000000,0.000100000,0.000001113,0.065650,0.000000,0.000000,0.003381,0.000117,0.001609,0.748659,0.000000
124.699997,0.998295,542.054810,0.000036,0.005103,292.917786,1.000349,0.999437,0.000011,1.000839,0.750000,0.750000,1.000000,0.000100000,0.000001113,0.065656,0.000000,0.000000,0.003376,0.000117,0.001609,0.748661,0.000000
124.799995,0.998491,542.056396,0.000036,0.005098,292.917297,1.000349,0.999437,0.000011,1.000840,0.750000,0.750000,1.000000,0.000100000,0.000001113,0.065661,0.000000,0.000000,0.003370,0.000118,0.001609,0.748662,0.000000
124.899994,0.998688,542.058228,0.000036,0.005092,292.916809,1.000349,0.999437,0.000011,1.000841,0.750000,0.750000,1.000000,0.000100000,0.000001113,0.065667,0.000000,0.000000,0.003363,0.000119,0.001609,0.748663,0.000000
125.000000,0.998881,542.060181,0.000036,0.005085,292.916351,1.000349,0.999437,0.000011,1.000917,0.750000,0.750000,1.000000,0.000100000,0.000001113,0.065672,0.000000,0.000000,0.003356,0.000119,0.001609,0.748665,0.000000
125.099998,0.999072,542.062317,0.000036,0.005078,292.915924,1.000349,0.999437,0.000011,1.000841,0.750000,0.750000,1.000000,0.000100000,0.000001113,0.065677,0.000000,0.000000,0.003349,0.000120,0.001609,0.748667,0.000000
125.199997,0.999262,542.064636,0.000035,0.005071,292.915527,1.000349,0.999437,0.000011,1.000841,0.750000,0.750000,1.000000,0.000100000,0.000001113,0.065683,0.000000,0.000000,0.003341,0.000121,0.001609,0.748669,0.000000
125.299995,0.999446,542.067078,0.000035,0.005062,292.915161,1.000349,0.999437,0.000011,1.000840,0.750000,0.750000,1.000000,0.000100000,0.000001113,0.065688,0.000000,0.000000,0.003332,0.000121,0.001609,0.748671,0.000000
125.399994,0.999630,542.069763,0.000035,0.005053,292.914825,1.000349,0.999437,0.000011,1.000841,0.750000,0.750000,1.000000,0.000100000,0.000001113,0.065693,0.000000,0.000000,0.003322,0.000122,0.001609,0.748673,0.000000
125.500000,0.999814,542.072571,0.000035,0.005044,292.914490,1.000349,0.999437,0.000011,1.000917,0.750000,0.750000,1.000000,0.000100000,0.000001113,0.065699,0.000000,0.000000,0.003312,0.000122,0.001609,0.748676,0.000000
125.599999,0.999994,542.075500,0.000035,0.005034,292.914185,1.000349,0.999437,0.000011,1.000838,0.750000,0.750000,1.000000,0.000100000,0.000001113,0.065704,0.000000,0.000000,0.003302,0.000123,0.001609,0.748679,0.000000
125.699997,1.000170,542.078674,0.000035,0.005023,292.913910,1.000349,0.999437,0.000011,1.000841,0.750000,0.750000,1.000000,0.000100000,0.000001113,0.065709,0.000000,0.000000,0.003290,0.000123,0.001609,0.748682,0.000000
125.799995,1.000345,542.081909,0.000035,0.005011,292.913666,1.000349,0.999437,0.000011,1.000840,0.750000,0.750000,1.000000,0.000100000,0.000001113,0.065715,0.000000,0.000000,0.003279,0.000123,0.001609,0.748684,0.000000
125.899994,1.000520,542.085388,0.000035,0.004999,292.913422,1.000349,0.999437,0.000011,1.000841,0.750000,0.750000,1.000000,0.000100000,0.000001113,0.065720,0.000000,0.000000,0.003266,0.000124,0.001609,0.748688,0.000000
126.000000,1.000690,542.088989,0.000035,0.004987,292.913208,1.000349,0.999437,0.000011,1.000917,0.750000,0.750000,1.000000,0.000100000,0.000001113,0.065725,0.000000,0.000000,0.003254,0.000124,0.001609,0.748691,0.000000
126.099998,1.000859,542.092712,0.000035,0.004974,292.913025,1.000349,0.999437,0.000011,1.000840,0.750000,0.750000,1.000000,0.000100000,0.000001113,0.065730,0.000000,0.000000,0.003240,0.000124,0.001609,0.748694,0.000000
126.199997,1.001026,542.096619,0.000035,0.004960,292.912872,1.000349,0.999437,0.000011,1.000841,0.750000,0.750000,1.000000,0.000100000,0.000001113,0.065736,0.000000,0.000000,0.003226,0.000124,0.001609,0.748698,0.000000
126.299995,1.001191,542.100647,0.000035,0.004946,292.912720,1.000349,0.999437,0.000011,1.000841,0.750000,0.750000,1.000000,0.000100000,0.000001113,0.065741,0.000000,0.000000,0.003212,0.000125,0.001609,0.748702,0.000000
126.399994,1.001354,542.104797,0.000035,0.004931,292.912598,1.000349,0.999437,0.000011,1.000841,0.750000,0.750000,1.000000,0.000100000,0.000001113,0.065746,0.000000,0.000000,0.003197,0.000125,0.001609,0.748706,0.000000
126.500000,1.001514,542.109131,0.000034,0.004916,292.912506,1.000349,0.999437,0.000011,1.000914,0.750000,0.750000,1.000000,0.000100000,0.000001113,0.065752,0.000000,0.000000,0.003182,0.000125,0.001609,0.748710,0.000000
126.599999,1.001673,542.113586,0.000034,0.004900,292.912415,1.000349,0.999437,0.000011,1.000840,0.750000,0.750000,1.000000,0.000100000,0.000001113,0.065757,0.000000,0.000000,0.003166,0.000125,0.001609,0.748714,0.000000
126.699997,1.001830,542.118164,0.000034,0.004884,292.912354,1.000349,0.999437,0.000011,1.000840,0.750000,0.750000,1.000000,0.000100000,0.000001113,0.065762,0.000000,0.000000,0.003149,0.000125,0.001609,0.748718,0.000000
126.799995,1.001984,542.122864,0.000034,0.004867,292.912323,1.000349,0.999437,0.000011,1.000841,0.750000,0.750000,1.000000,0.000100000,0.000001113,0.065767,0.000000,0.000000,0.003133,0.000125,0.001609,0.748722,0.000000
126.899994,1.002137,542.127686,0.000034,0.004850,292.912323,1.000349,0.999437,0.000011,1.000841,0.750000,0.750000,1.000000,0.000100000,0.000001113,0.065773,0.000000,0.000000,0.003115,0.000125,0.001609,0.748727,0.000000
127.000000,1.002287,542.132690,0.000034,0.004832,292.912323,1.000349,0.999437,0.000011,1.000917,0.750000,0.750000,1.000000,0.000100000,0.000001113,0.065778,0.000000,0.000000,0.003098,0.000125,0.001609,0.748732,0.000000
127.099998,1.002434,542.137756,0.000034,0.004814,292.912323,1.000349,0.999437,0.000011,1.000841,0.750000,0.750000,1.000000,0.000100000,0.000001113,0.065783,0.000000,0.000000,0.003079,0.000125,0.001609,0.748736,0.000000
127.199997,1.002582,542.142944,0.000034,0.004795,292.912384,1.000349,0.999437,0.000011,1.000840,0.750000,0.750000,1.000000,0.000100000,0.000001113,0.065788,0.000000,0.000000,0.003061,0.000125,0.001609,0.748741,0.000000
127.299995,1.002725,542.148315,0.000033,0.004776,292.912445,1.000349,0.999437,0.000011,1.000842,0.750000,0.750000,1.000000,0.000100000,0.000001113,0.065793,0.000000,0.000000,0.003042,0.000125,0.001609,0.748746,0.000000
127.399994,1.002867,542.153748,0.000033,0.004757,292.912506,1.000349,0.999437,0.000011,1.000837,0.750000,0.750000,1.000000,0.000100000,0.000001113,0.065799,0.000000,0.000000,0.003022,0.000125,0.001609,0.748751,0.000000
127.500000,1.003008,542.159363,0.000033,0.004736,292.912628,1.000349,0.999437,0.000011,1.000916,0.750000,0.750000,1.000000,0.000100000,0.000001113,0.065804,0.000000,0.000000,0.003002,0.000125,0.001609,0.748757,0.000000
127.599999,1.003147,542.165039,0.000033,0.004716,292.912720,1.000349,0.999437,0.000011,1.000841,0.750000,0.750000,1.000000,0.000100000,0.000001113,0.065809,0.000000,0.000000,0.002982,0.000125,0.001609,0.748762,0.000000
127.699997,1.003282,542.170837,0.000033,0.004695,292.912872,1.000349,0.999437,0.000011,1.000840,0.750000,0.750000,1.000000,0.000100000,0.000001113,0.065814,0.000000,0.000000,0.002961,0.000124,0.001609,0.748768,0.000000
127.799995,1.003417,542.176697,0.000033,0.004674,292.913025,1.000349,0.999437,0.000011,1.000841,0.750000,0.750000,1.000000,0.000100000,0.000001113,0.065819,0.000000,0.000000,0.002940,0.000124,0.001609,0.748773,0.000000
127.899994,1.003551,542.182739,0.000033,0.004652,292.913178,1.000349,0.999437,0.000011,1.000840,0.750000,0.750000,1.000000,0.000100000,0.000001113,0.065824,0.000000,0.000000,0.002919,0.000124,0.001609,0.748779,0.000000
128.000000,1.003680,542.188843,0.000032,0.004630,292.913391,1.000349,0.999437,0.000011,1.000918,0.750000,0.750000,1.000000,0.000100000,0.000001113,0.065829,0.000000,0.000000,0.002897,0.000124,0.001609,0.748785,0.000000
128.099991,1.003811,542.195068,0.000032,0.004608,292.913574,1.000349,0.999437,0.000011,1.000765,0.750000,0.750000,1.000000,0.000100000,0.000001113,0.065835,0.000000,0.000000,0.002875,0.000123,0.001609,0.748790,0.000000
128.199997,1.003937,542.201355,0.000032,0.004585,292.913788,1.000349,0.999437,0.000011,1.000917,0.750000,0.750000,1.000000,0.000100000,0.000001113,0.065840,0.000000,0.000000,0.002852,0.000123,0.001609,0.748796,0.000000
128.300003,1.004061,542.207764,0.000032,0.004562,292.914032,1.000349,0.999437,0.000011,1.000914,0.750000,0.750000,1.000000,0.000100000,0.000001113,0.065845,0.000000,0.000000,0.002829,0.000123,0.001609,0.748803,0.000000
128.399994,1.004184,542.214294,0.000032,0.004538,292.914307,1.000349,0.999437,0.000011,1.000764,0.750000,0.750000,1.000000,0.000100000,0.000001113,0.065850,0.000000,0.000000,0.002806,0.000122,0.001610,0.748809,0.000000
128.500000,1.004306,542.220886,0.000032,0.004514,292.914551,1.000349,0.999437,0.000011,1.000917,0.750000,0.750000,1.000000,0.000100000,0.000001113,0.065855,0.000000,0.000000,0.002783,0.000122,0.001610,0.748815,0.000000
128.599991,1.004426,542.227600,0.000031,0.004490,292.914856,1.000349,0.999437,0.000011,1.000763,0.750000,0.750000,1.000000,0.000100000,0.000001113,0.065860,0.000000,0.000000,0.002759,0.000122,0.001610,0.748821,0.000000
128.699997,1.004544,542.234375,0.000031,0.004465,292.915131,1.000349,0.999437,0.000011,1.000918,0.750000,0.750000,1.000000,0.000100000,0.000001113,0.065865,0.000000,0.000000,0.002734,0.000121,0.001610,0.748828,0.000000
128.800003,1.004659,542.241272,0.000031,0.004440,292.915466,1.000349,0.999437,0.000011,1.000917,0.750000,0.750000,1.000000,0.000100000,0.000001113,0.065870,0.000000,0.000000,0.002710,0.000121,0.001610,0.748834,0.000000
128.899994,1.004773,542.248230,0.000031,0.004415,292.915802,1.000349,0.999437,0.000011,1.000764,0.750000,0.750000,1.000000,0.000100000,0.000001113,0.065875,0.000000,0.000000,0.002685,0.000120,0.001610,0.748841,0.000000
129.000000,1.004887,542.255249,0.000031,0.004389,292.916138,1.000349,0.999437,0.000011,1.000918,0.750000,0.750000,1.000000,0.000100000,0.000001113,0.065880,0.000000,0.000000,0.002660,0.000120,0.001610,0.748848,0.000000
129.099991,1.004997,542.262390,0.000031,0.004363,292.916504,1.000349,0.999437,0.000011,1.000764,0.750000,0.750000,1.000000,0.000100000,0.000001113,0.065885,0.000000,0.000000,0.002634,0.000119,0.001610,0.748855,0.000000
129.199997,1.005105,542.269592,0.000030,0.004337,292.916870,1.000349,0.999437,0.000011,1.000914,0.750000,0.750000,1.000000,0.000100000,0.000001113,0.065890,0.000000,0.000000,0.002609,0.000119,0.001610,0.748861,0.000000
129.300003,1.005212,542.276917,0.000030,0.004311,292.917267,1.000349,0.999437,0.000011,1.000918,0.750000,0.750000,1.000000,0.000100000,0.000001113,0.065895,0.000000,0.000000,0.002582,0.000118,0.001610,0.748868,0.000000
129.399994,1.005318,542.284241,0.000030,0.004284,292.917664,1.000349,0.999437,0.000011,1.000764,0.750000,0.750000,1.000000,0.000100000,0.000001113,0.065899,0.000000,0.000000,0.002556,0.000118,0.001610,0.748875,0.000000
129.500000,1.005422,542.291687,0.000030,0.004257,292.918060,1.000349,0.999436,0.000011,1.000917,0.750000,0.750000,1.000000,0.000100000,0.000001113,0.065904,0.000000,0.000000,0.002530,0.000117,0.001610,0.748883,0.000000
129.599991,1.005524,542.299194,0.000030,0.004230,292.918488,1.000349,0.999436,0.000011,1.000765,0.750000,0.750000,1.000000,0.000100000,0.000001113,0.065909,0.000000,0.000000,0.002503,0.000116,0.001610,0.748890,0.000000
129.699997,1.005623,542.306763,0.000029,0.004202,292.918945,1.000349,0.999436,0.000011,1.000917,0.750000,0.750000,1.000000,0.000100000,0.000001113,0.065914,0.000000,0.000000,0.002476,0.000116,0.001610,0.748897,0.000000
129.800003,1.005721,542.314453,0.000029,0.004174,292.919373,1.000349,0.999436,0.000011,1.000917,0.750000,0.750000,1.000000,0.000100000,0.000001113,0.065919,0.000000,0.000000,0.002448,0.000115,0.001610,0.748904,0.000000
129.899994,1.005819,542.322144,0.000029,0.004146,292.919861,1.000350,0.999436,0.000011,1.000764,0.750000,0.750000,1.000000,0.000100000,0.000001113,0.065924,0.000000,0.000000,0.002421,0.000114,0.001610,0.748912,0.000000
130.000000,1.005916,542.329956,0.000029,0.004117,292.920319,1.000350,0.999436,0.000011,1.000918,0.750000,0.750000,1.000000,0.000100000,0.000001113,0.065929,0.000000,0.000000,0.002393,0.000114,0.001610,0.748919,0.000000
130.099991,1.006007,542.337769,0.000029,0.004089,292.920807,1.000350,0.999436,0.000011,1.000761,0.750000,0.750000,1.000000,0.000100000,0.000001113,0.065933,0.000000,0.000000,0.002365,0.000113,0.001611,0.748927,0.000000
130.199997,1.006101,542.345703,0.000028,0.004060,292.921326,1.000350,0.999436,0.000011,1.000917,0.750000,0.750000,1.000000,0.000100000,0.000001113,0.065938,0.000000,0.000000,0.002337,0.000112,0.001611,0.748934,0.000000
130.300003,1.006190,542.353638,0.000028,0.004031,292.921845,1.000350,0.999436,0.000011,1.000917,0.750000,0.750000,1.000000,0.000100000,0.000001113,0.065943,0.000000,0.000000,0.002308,0.000112,0.001611,0.748942,0.000000
130.399994,1.006280,542.361694,0.000028,0.004001,292.922363,1.000350,0.999436,0.000011,1.000764,0.750000,0.750000,1.000000,0.000100000,0.000001113,0.065948,0.000000,0.000000,0.002280,0.000111,0.001611,0.748950,0.000000
130.500000,1.006366,542.369751,0.000028,0.003972,292.922882,1.000350,0.999436,0.000011,1.000917,0.750000,0.750000,1.000000,0.000100000,0.000001113,0.065952,0.000000,0.000000,0.002251,0.000110,0.001611,0.748957,0.000000
130.599991,1.006451,542.377869,0.000028,0.003942,292.923431,1.000350,0.999436,0.000011,1.000764,0.750000,0.750000,1.000000,0.000100000,0.000001113,0.065957,0.000000,0.000000,0.002222,0.000109,0.001611,0.748965,0.000000
130.699997,1.006536,542.386108,0.000027,0.003912,292.924011,1.000350,0.999436,0.000011,1.000917,0.750000,0.750000,1.000000,0.000100000,0.000001113,0.065962,0.000000,0.000000,0.002192,0.000109,0.001611,0.748973,0.000000
130.800003,1.006618,542.394348,0.000027,0.003882,292.924561,1.000350,0.999436,0.000011,1.000918,0.750000,0.750000,1.000000,0.000100000,0.000001113,0.065966,0.000000,0.000000,0.002163,0.000108,0.001611,0.748981,0.000000
130.899994,1.006700,542.402649,0.000027,0.003851,292.925140,1.000350,0.999436,0.000011,1.000763,0.750000,0.750000,1.000000,0.000100000,0.000001113,0.065971,0.000000,0.000000,0.002133,0.000107,0.001611,0.748989,0.000000
131.000000,1.006780,542.410950,0.000027,0.003821,292.925720,1.000350,0.999436,0.000011,1.000915,0.750000,0.750000,1.000000,0.000100000,0.000001113,0.065976,0.000000,0.000000,0.002104,0.000106,0.001611,0.748997,0.000000
131.099991,1.006858,542.419373,0.000027,0.003790,292.926331,1.000350,0.999436,0.000011,1.000764,0.750000,0.750000,1.000000,0.000100000,0.000001113,0.065980,0.000000,0.000000,0.002074,0.000105,0.001611,0.749005,0.000000
131.199997,1.006933,542.427795,0.000026,0.003759,292.926941,1.000350,0.999436,0.000011,1.000917,0.750000,0.750000,1.000000,0.000100000,0.000001113,0.065985,0.000000,0.000000,0.002044,0.000104,0.001611,0.749013,0.000000
131.300003,1.007007,542.436279,0.000026,0.003728,292.927551,1.000350,0.999436,0.000011,1.000916,0.750000,0.750000,1.000000,0.000100000,0.000001113,0.065989,0.000000,0.000000,0.002013,0.000103,0.001611,0.749021,0.000000
131.399994,1.007081,542.444763,0.000026,0.003697,292.928192,1.000350,0.999436,0.000011,1.000765,0.750000,0.750000,1.000000,0.000100000,0.000001113,0.065994,0.000000,0.000000,0.001983,0.000103,0.001611,0.749030,0.000000
131.500000,1.007153,542.453369,0.000026,0.003665,292.928833,1.000350,0.999436,0.000011,1.000916,0.750000,0.750000,1.000000,0.000100000,0.000001113,0.065999,0.000000,0.000000,0.001952,0.000102,0.001611,0.749038,0.000000
131.599991,1.007225,542.461975,0.000025,0.003634,292.929474,1.000350,0.999436,0.000011,1.000765,0.750000,0.750000,1.000000,0.000100000,0.000001113,0.066003,0.000000,0.000000,0.001922,0.000101,0.001612,0.749046,0.000000
131.699997,1.007293,542.470581,0.000025,0.003602,292.930115,1.000350,0.999436,0.000011,1.000917,0.750000,0.750000,1.000000,0.000100000,0.000001113,0.066008,0.000000,0.000000,0.001891,0.000100,0.001612,0.749054,0.000000
131.800003,1.007360,542.479248,0.000025,0.003570,292.930786,1.000350,0.999436,0.000011,1.000916,0.750000,0.750000,1.000000,0.000100000,0.000001113,0.066012,0.000000,0.000000,0.001860,0.000099,0.001612,0.749063,0.000000
131.899994,1.007428,542.487976,0.000025,0.003538,292.931458,1.000350,0.999436,0.000011,1.000761,0.750000,0.750000,1.000000,0.000100000,0.000001113,0.066016,0.000000,0.000000,0.001829,0.000098,0.001612,0.749071,0.000000
132.000000,1.007491,542.496704,0.000025,0.003506,292.932129,1.000350,0.999436,0.000011,1.000917,0.750000,0.750000,1.000000,0.000100000,0.000001113,0.066021,0.000000,0.000000,0.001797,0.000097,0.001612,0.749080,0.000000
132.099991,1.007555,542.505493,0.000024,0.003474,292.932800,1.000350,0.999436,0.000011,1.000764,0.750000,0.750000,1.000000,0.000100000,0.000001113,0.066025,0.000000,0.000000,0.001766,0.000096,0.001612,0.749088,0.000000
132.199997,1.007616,542.514282,0.000024,0.003442,292.933502,1.000350,0.999436,0.000011,1.000917,0.750000,0.750000,1.000000,0.000100000,0.000001113,0.066030,0.000000,0.000000,0.001735,0.000095,0.001612,0.749097,0.000000
132.300003,1.007678,542.523132,0.000024,0.003409,292.934204,1.000350,0.999436,0.000011,1.000918,0.750000,0.750000,1.000000,0.000100000,0.000001113,0.066034,0.000000,0.000000,0.001703,0.000094,0.001612,0.749105,0.000000
132.399994,1.007736,542.531982,0.000024,0.003377,292.934906,1.000350,0.999436,0.000011,1.000763,0.750000,0.750000,1.000000,0.000100000,0.000001113,0.066039,0.000000,0.000000,0.001671,0.000093,0.001612,0.749114,0.000000
132.500000,1.007797,542.540894,0.000023,0.003344,292.935638,1.000350,0.999436,0.000011,1.000918,0.750000,0.750000,1.000000,0.000100000,0.000001113,0.066043,0.000000,0.000000,0.001640,0.000092,0.001612,0.749122,0.000000
132.599991,1.007851,542.549805,0.000023,0.003311,292.936371,1.000350,0.999436,0.000011,1.000764,0.750000,0.750000,1.000000,0.000100000,0.000001113,0.066047,0.000000,0.000000,0.001608,0.000091,0.001612,0.749131,0.000000
132.699997,1.007906,542.558777,0.000023,0.003278,292.937073,1.000350,0.999436,0.000011,1.000917,0.750000,0.750000,1.000000,0.000100000,0.000001113,0.066051,0.000000,0.000000,0.001576,0.000090,0.001612,0.749140,0.000000
132.800003,1.007963,542.567688,0.000023,0.003245,292.937836,1.000350,0.999436,0.000011,1.000915,0.750000,0.750000,1.000000,0.000100000,0.000001113,0.066056,0.000000,0.000000,0.001544,0.000089,0.001613,0.749148,0.000000
132.899994,1.008014,542.576721,0.000022,0.003212,292.938568,1.000350,0.999436,0.000011,1.000764,0.750000,0.750000,1.000000,0.000100000,0.000001113,0.066060,0.000000,0.000000,0.001512,0.000088,0.001613,0.749157,0.000000
133.000000,1.008065,542.585693,0.000022,0.003179,292.939331,1.000350,0.999436,0.000011,1.000917,0.750000,0.750000,1.000000,0.000100000,0.000001113,0.066064,0.000000,0.000000,0.001480,0.000087,0.001613,0.749166,0.000000
133.099991,1.008116,542.594727,0.000022,0.003146,292.940064,1.000350,0.999436,0.000011,1.000764,0.750000,0.750000,1.000000,0.000100000,0.000001113,0.066068,0.000000,0.000000,0.001447,0.000086,0.001613,0.749174,0.000000
133.199997,1.008166,542.603760,0.000022,0.003113,292.940826,1.000350,0.999436,0.000011,1.000917,0.750000,0.750000,1.000000,0.000100000,0.000001113,0.066073,0.000000,0.000000,0.001415,0.000085,0.001613,0.749183,0.000000
133.300003,1.008213,542.612793,0.000022,0.003079,292.941589,1.000350,0.999436,0.000011,1.000917,0.750000,0.750000,1.000000,0.000100000,0.000001113,0.066077,0.000000,0.000000,0.001383,0.000083,0.001613,0.749192,0.000000
133.399994,1.008259,542.621887,0.000021,0.003046,292.942383,1.000350,0.999435,0.000011,1.000765,0.750000,0.750000,1.000000,0.000100000,0.000001113,0.066081,0.000000,0.000000,0.001350,0.000082,0.001613,0.749200,0.000000
133.500000,1.008304,542.630981,0.000021,0.003012,292.943146,1.000350,0.999435,0.000011,1.000917,0.750000,0.750000,1.000000,0.000100000,0.000001113,0.066085,0.000000,0.000000,0.001318,0.000081,0.001613,0.749209,0.000000
133.599991,1.008349,542.640076,0.000021,0.002979,292.943939,1.000350,0.999435,0.000011,1.000764,0.750000,0.750000,1.000000,0.000100000,0.000001113,0.066089,0.000000,0.000000,0.001285,0.000080,0.001613,0.749218,0.000000
133.699997,1.008393,542.649170,0.000021,0.002945,292.944733,1.000350,0.999435,0.000011,1.000914,0.750000,0.750000,1.000000,0.000100000,0.000001113,0.066093,0.000000,0.000000,0.001253,0.000079,0.001613,0.749227,0.000000
133.800003,1.008435,542.658264,0.000020,0.002912,292.945526,1.000350,0.999435,0.000011,1.000918,0.750000,0.750000,1.000000,0.000100000,0.000001113,0.066097,0.000000,0.000000,0.001220,0.000078,0.001613,0.749236,0.000000
133.899994,1.008475,542.667419,0.000020,0.002878,292.946320,1.000350,0.999435,0.000011,1.000765,0.750000,0.750000,1.000000,0.000100000,0.000001113,0.066101,0.000000,0.000000,0.001188,0.000077,0.001614,0.749244,0.000000
134.000000,1.008514,542.676575,0.000020,0.002844,292.947113,1.000350,0.999435,0.000011,1.000917,0.750000,0.750000,1.000000,0.000100000,0.000001113,0.066105,0.000000,0.000000,0.001155,0.000076,0.001614,0.749253,0.000000
134.099991,1.008551,542.685669,0.000020,0.002811,292.947937,1.000350,0.999435,0.000011,1.000764,0.750000,0.750000,1.000000,0.000100000,0.000001113,0.066109,0.000000,0.000000,0.001123,0.000074,0.001614,0.749262,0.000000
134.199997,1.008588,542.694824,0.000019,0.002777,292.948761,1.000350,0.999435,0.000011,1.000917,0.750000,0.750000,1.000000,0.000100000,0.000001113,0.066113,0.000000,0.000000,0.001090,0.000073,0.001614,0.749271,0.000000
134.300003,1.008626,542.703980,0.000019,0.002743,292.949554,1.000350,0.999435,0.000011,1.000916,0.750000,0.750000,1.000000,0.000100000,0.000001113,0.066117,0.000000,0.000000,0.001057,0.000072,0.001614,0.749280,0.000000
134.399994,1.008659,542.713135,0.000019,0.002709,292.950378,1.000350,0.999435,0.000011,1.000765,0.750000,0.750000,1.000000,0.000100000,0.000001113,0.066121,0.000000,0.000000,0.001025,0.000071,0.001614,0.749289,0.000000
134.500000,1.008693,542.722290,0.000019,0.002676,292.951202,1.000350,0.999435,0.000011,1.000917,0.750000,0.750000,1.000000,0.000100000,0.000001113,0.066125,0.000000,0.000000,0.000992,0.000070,0.001614,0.749298,0.000000
134.599991,1.008727,542.731506,0.000018,0.002642,292.952026,1.000350,0.999435,0.000011,1.000761,0.750000,0.750000,1.000000,0.000100000,0.000001113,0.066129,0.000000,0.000000,0.000959,0.000069,0.001614,0.749307,0.000000
134.699997,1.008758,542.740662,0.000018,0.002608,292.952881,1.000350,0.999435,0.000011,1.000918,0.750000,0.750000,1.000000,0.000100000,0.000001113,0.066133,0.000000,0.000000,0.000926,0.000067,0.001614,0.749315,0.000000
134.800003,1.008789,542.749817,0.000018,0.002574,292.953705,1.000350,0.999435,0.000011,1.000917,0.750000,0.750000,1.000000,0.000100000,0.000001113,0.066137,0.000000,0.000000,0.000894,0.000066,0.001614,0.749324,0.000000
134.899994,1.008818,542.758972,0.000018,0.002540,292.954559,1.000350,0.999435,0.000011,1.000764,0.750000,0.750000,1.000000,0.000100000,0.000001113,0.066141,0.000000,0.000000,0.000861,0.000065,0.001614,0.749333,0.000000
135.000000,1.008848,542.768127,0.000018,0.002506,292.955383,1.000350,0.999435,0.000011,1.000918,0.750000,0.750000,1.000000,0.000100000,0.000001113,0.066145,0.000000,0.000000,0.000828,0.000064,0.001615,0.749342,0.000000
135.099991,1.008875,542.777283,0.000017,0.002473,292.956238,1.000351,0.999435,0.000011,1.000765,0.750000,0.750000,1.000000,0.000100000,0.000001113,0.066148,0.000000,0.000000,0.000795,0.000063,0.001615,0.749351,0.000000
135.199997,1.008901,542.786438,0.000017,0.002439,292.957092,1.000351,0.999435,0.000011,1.000917,0.750000,0.750000,1.000000,0.000100000,0.000001113,0.066152,0.000000,0.000000,0.000763,0.000061,0.001615,0.749360,0.000000
135.300003,1.008926,542.795593,0.000017,0.002405,292.957947,1.000351,0.999435,0.000011,1.000916,0.750000,0.750000,1.000000,0.000100000,0.000001113,0.066156,0.000000,0.000000,0.000730,0.000060,0.001615,0.749369,0.000000
135.399994,1.008950,542.804688,0.000017,0.002371,292.958801,1.000351,0.999435,0.000011,1.000765,0.750000,0.750000,1.000000,0.000100000,0.000001113,0.066160,0.000000,0.000000,0.000698,0.000059,0.001615,0.749378,0.000000
135.500000,1.008974,542.813843,0.000016,0.002338,292.959656,1.000351,0.999435,0.000011,1.000914,0.750000,0.750000,1.000000,0.000100000,0.000001113,0.066163,0.000000,0.000000,0.000665,0.000058,0.001615,0.749386,0.000000
135.599991,1.008997,542.822998,0.000016,0.002304,292.960510,1.000351,0.999435,0.000011,1.000764,0.750000,0.750000,1.000000,0.000100000,0.000001113,0.066167,0.000000,0.000000,0.000632,0.000056,0.001615,0.749395,0.000000
135.699997,1.009018,542.832092,0.000016,0.002270,292.961365,1.000351,0.999435,0.000011,1.000917,0.750000,0.750000,1.000000,0.000100000,0.000001113,0.066171,0.000000,0.000000,0.000600,0.000055,0.001615,0.749404,0.000000
135.800003,1.009039,542.841187,0.000016,0.002237,292.962219,1.000351,0.999435,0.000011,1.000917,0.750000,0.750000,1.000000,0.000100000,0.000001113,0.066174,0.000000,0.000000,0.000567,0.000054,0.001615,0.749413,0.000000
135.899994,1.009059,542.850281,0.000015,0.002203,292.963104,1.000351,0.999435,0.000011,1.000765,0.750000,0.750000,1.000000,0.000100000,0.000001113,0.066178,0.000000,0.000000,0.000535,0.000053,0.001615,0.749422,0.000000
136.000000,1.009078,542.859375,0.000015,0.002169,292.963959,1.000351,0.999435,0.000011,1.000916,0.750000,0.750000,1.000000,0.000100000,0.000001113,0.066181,0.000000,0.000000,0.000502,0.000051,0.001616,0.749431,0.000000
136.099991,1.009095,542.868469,0.000015,0.002136,292.964844,1.000351,0.999435,0.000011,1.000765,0.750000,0.750000,1.000000,0.000100000,0.000001113,0.066185,0.000000,0.000000,0.000470,0.000050,0.001616,0.749439,0.000000
136.199997,1.009111,542.877502,0.000015,0.002102,292.965698,1.000351,0.999435,0.000011,1.000917,0.750000,0.750000,1.000000,0.000100000,0.000001113,0.066189,0.000000,0.000000,0.000437,0.000049,0.001616,0.749448,0.000000
136.300003,1.009128,542.886536,0.000014,0.002069,292.966583,1.000351,0.999434,0.000011,1.000917,0.750000,0.750000,1.000000,0.000100000,0.000001113,0.066192,0.000000,0.000000,0.000405,0.000048,0.001616,0.749457,0.000000
136.399994,1.009143,542.895569,0.000014,0.002035,292.967438,1.000351,0.999434,0.000011,1.000762,0.750000,0.750000,1.000000,0.000100000,0.000001113,0.066196,0.000000,0.000000,0.000373,0.000047,0.001616,0.749466,0.000000
136.500000,1.009158,542.904602,0.000014,0.002002,292.968323,1.000351,0.999434,0.000011,1.000917,0.750000,0.750000,1.000000,0.000100000,0.000001113,0.066199,0.000000,0.000000,0.000341,0.000045,0.001616,0.749474,0.000000
136.599991,1.009172,542.913574,0.000014,0.001969,292.969208,1.000351,0.999434,0.000011,1.000764,0.750000,0.750000,1.000000,0.000100000,0.000001113,0.066203,0.000000,0.000000,0.000309,0.000044,0.001616,0.749483,0.000000
136.699997,1.009182,542.922546,0.000014,0.001936,292.970093,1.000351,0.999434,0.000011,1.000916,0.750000,0.750000,1.000000,0.000100000,0.000001113,0.066206,0.000000,0.000000,0.000277,0.000043,0.001616,0.749492,0.000000
136.800003,1.009195,542.931519,0.000013,0.001903,292.970947,1.000351,0.999434,0.000011,1.000918,0.750000,0.750000,1.000000,0.000100000,0.000001113,0.066209,0.000000,0.000000,0.000245,0.000042,0.001616,0.749501,0.000000
136.899994,1.009205,542.940491,0.000013,0.001869,292.971832,1.000351,0.999434,0.000011,1.000765,0.750000,0.750000,1.000000,0.000100000,0.000001113,0.066213,0.000000,0.000000,0.000213,0.000040,0.001616,0.749509,0.000000
137.000000,1.009215,542.949402,0.000013,0.001836,292.972717,1.000351,0.999434,0.000011,1.000917,0.750000,0.750000,1.000000,0.000100000,0.000001113,0.066216,0.000000,0.000000,0.000181,0.000039,0.001617,0.749518,0.000000
137.099991,1.009225,542.958313,0.000013,0.001803,292.973602,1.000351,0.999434,0.000011,1.000765,0.750000,0.750000,1.000000,0.000100000,0.000001113,0.066220,0.000000,0.000000,0.000149,0.000038,0.001617,0.749527,0.000000
137.199997,1.009233,542.967224,0.000012,0.001770,292.974487,1.000351,0.999434,0.000011,1.000916,0.750000,0.750000,1.000000,0.000100000,0.000001113,0.066223,0.000000,0.000000,0.000117,0.000036,0.001617,0.749535,0.000000
137.300003,1.009241,542.976074,0.000012,0.001738,292.975372,1.000351,0.999434,0.000011,1.000915,0.750000,0.750000,1.000000,0.000100000,0.000001113,0.066226,0.000000,0.000000,0.000085,0.000035,0.001617,0.749544,0.000000
137.399994,1.009248,542.984924,0.000012,0.001705,292.976257,1.000351,0.999434,0.000011,1.000764,0.750000,0.750000,1.000000,0.000100000,0.000001113,0.066229,0.000000,0.000000,0.000054,0.000034,0.001617,0.749552,0.000000
137.500000,1.009254,542.993713,0.000012,0.001672,292.977142,1.000351,0.999434,0.000011,1.000917,0.750000,0.750000,1.000000,0.000100000,0.000001113,0.066233,0.000000,0.000000,0.000022,0.000033,0.001617,0.749561,0.000000
137.599991,1.009257,543.002502,0.000011,0.001640,292.978027,1.000351,0.999434,0.000011,1.000764,0.750000,0.750000,1.000000,0.000100000,0.000001113,0.066236,0.000000,0.000000,-0.000009,0.000031,0.001617,0.749570,0.000000
137.699997,1.009264,543.011292,0.000011,0.001607,292.978912,1.000351,0.999434,0.000011,1.000919,0.750000,0.750000,1.000000,0.000100000,0.000001113,0.066239,0.000000,0.000000,-0.000040,0.000030,0.001617,0.749578,0.000000
137.800003,1.009267,543.020020,0.000011,0.001575,292.979767,1.000351,0.999434,0.000011,1.000917,0.750000,0.750000,1.000000,0.000100000,0.000001113,0.066242,0.000000,0.000000,-0.000071,0.000029,0.001617,0.749587,0.000000
137.899994,1.009270,543.028748,0.000011,0.001542,292.980652,1.000351,0.999434,0.000011,1.000764,0.750000,0.750000,1.000000,0.000100000,0.000001113,0.066246,0.000000,0.000000,-0.000103,0.000028,0.001617,0.749595,0.000000
138.000000,1.009273,543.037476,0.000011,0.001510,292.981537,1.000351,0.999434,0.000011,1.000918,0.750000,0.750000,1.000000,0.000100000,0.000001113,0.066249,0.000000,0.000000,-0.000134,0.000026,0.001618,0.749604,0.000000
138.099991,1.009273,543.046143,0.000010,0.001478,292.982422,1.000351,0.999434,0.000011,1.000764,0.750000,0.750000,1.000000,0.000100000,0.000001113,0.066252,0.000000,0.000000,-0.000165,0.000025,0.001618,0.749612,0.000000
138.199997,1.009276,543.054810,0.000010,0.001446,292.983307,1.000351,0.999434,0.000011,1.000914,0.750000,0.750000,1.000000,0.000100000,0.000001113,0.066255,0.000000,0.000000,-0.000196,0.000024,0.001618,0.749620,0.000000
138.300003,1.009276,543.063416,0.000010,0.001414,292.984192,1.000351,0.999434,0.000011,1.000917,0.750000,0.750000,1.000000,0.000100000,0.000001113,0.066258,0.000000,0.000000,-0.000226,0.000023,0.001618,0.749629,0.000000
138.399994,1.009275,543.072021,0.000010,0.001382,292.985077,1.000351,0.999434,0.000011,1.000764,0.750000,0.750000,1.000000,0.000100000,0.000001113,0.066261,0.000000,0.000000,-0.000257,0.000021,0.001618,0.749637,0.000000
138.500000,1.009275,543.080566,0.000009,0.001350,292.985962,1.000351,0.999434,0.000011,1.000917,0.750000,0.750000,1.000000,0.000100000,0.000001113,0.066264,0.000000,0.000000,-0.000288,0.000020,0.001618,0.749646,0.000000
138.599991,1.009271,543.089111,0.000009,0.001319,292.986847,1.000351,0.999434,0.000011,1.000765,0.750000,0.750000,1.000000,0.000100000,0.000001113,0.066267,0.000000,0.000000,-0.000318,0.000019,0.001618,0.749654,0.000000
138.699997,1.009270,543.097595,0.000009,0.001287,292.987701,1.000351,0.999434,0.000011,1.000917,0.750000,0.750000,1.000000,0.000100000,0.000001113,0.066270,0.000000,0.000000,-0.000349,0.000018,0.001618,0.749662,0.000000
138.800003,1.009267,543.106079,0.000009,0.001256,292.988586,1.000352,0.999434,0.000011,1.000917,0.750000,0.750000,1.000000,0.000100000,0.000001113,0.066273,0.000000,0.000000,-0.000379,0.000016,0.001619,0.749670,0.000000
138.899994,1.009263,543.114502,0.000009,0.001225,292.989471,1.000352,0.999433,0.000011,1.000765,0.750000,0.750000,1.000000,0.000100000,0.000001113,0.066276,0.000000,0.000000,-0.000409,0.000015,0.001619,0.749678,0.000000
139.000000,1.009257,543.122925,0.000008,0.001193,292.990356,1.000352,0.999433,0.000011,1.000917,0.750000,0.750000,1.000000,0.000100000,0.000001113,0.066279,0.000000,0.000000,-0.000439,0.000014,0.001619,0.749687,0.000000
139.099991,1.009253,543.131287,0.000008,0.001163,292.991211,1.000352,0.999433,0.000011,1.000760,0.750000,0.750000,1.000000,0.000100000,0.000001113,0.066282,0.000000,0.000000,-0.000469,0.000013,0.001619,0.749695,0.000000
139.199997,1.009246,543.139648,0.000008,0.001131,292.992096,1.000352,0.999433,0.000011,1.000918,0.750000,0.750000,1.000000,0.000100000,0.000001113,0.066285,0.000000,0.000000,-0.000499,0.000011,0.001619,0.749703,0.000000
139.300003,1.009242,543.147949,0.000008,0.001101,292.992950,1.000352,0.999433,0.000011,1.000917,0.750000,0.750000,1.000000,0.000100000,0.000001113,0.066288,0.000000,0.000000,-0.000528,0.000010,0.001619,0.749711,0.000000
139.399994,1.009235,543.156250,0.000007,0.001070,292.993835,1.000352,0.999433,0.000011,1.000764,0.750000,0.750000,1.000000,0.000100000,0.000001113,0.066291,0.000000,0.000000,-0.000558,0.000009,0.001619,0.749719,0.000000
139.500000,1.009228,543.164490,0.000007,0.001039,292.994690,1.000352,0.999433,0.000011,1.000918,0.750000,0.750000,1.000000,0.000100000,0.000001113,0.066293,0.000000,0.000000,-0.000587,0.000008,0.001619,0.749727,0.000000
139.599991,1.009217,543.172730,0.000007,0.001009,292.995575,1.000352,0.999433,0.000011,1.000764,0.750000,0.750000,1.000000,0.000100000,0.000001113,0.066296,0.000000,0.000000,-0.000617,0.000006,0.001619,0.749735,0.000000
139.699997,1.009210,543.180908,0.000007,0.000979,292.996429,1.000352,0.999433,0.000011,1.000917,0.750000,0.750000,1.000000,0.000100000,0.000001113,0.066299,0.000000,0.000000,-0.000646,0.000005,0.001620,0.749743,0.000000
139.800003,1.009200,543.189026,0.000007,0.000948,292.997314,1.000352,0.999433,0.000011,1.000917,0.750000,0.750000,1.000000,0.000100000,0.000001113,0.066302,0.000000,0.000000,-0.000675,0.000004,0.001620,0.749751,0.000000
139.899994,1.009189,543.197144,0.000006,0.000918,292.998169,1.000352,0.999433,0.000011,1.000764,0.750000,0.750000,1.000000,0.000100000,0.000001113,0.066305,0.000000,0.000000,-0.000704,0.000003,0.001620,0.749759,0.000000
140.000000,1.009182,543.205200,0.000006,0.000888,292.999023,1.000352,0.999433,0.000011,1.000914,0.750000,0.750000,1.000000,0.000100000,0.000001113,0.066307,0.000000,0.000000,-0.000733,0.000001,0.001620,0.749767,0.000000
140.099991,1.009168,543.213257,0.000006,0.000858,292.999878,1.000352,0.999433,0.000011,1.000764,0.750000,0.750000,1.000000,0.000100000,0.000001113,0.066310,0.000000,0.000000,-0.000762,0.000000,0.001620,0.749775,0.000000
140.199997,1.009158,543.221252,0.000006,0.000829,293.000732,1.000352,0.999433,0.000011,1.000917,0.750000,0.750000,1.000000,0.000100000,0.000001113,0.066313,0.000000,0.000000,-0.000790,-0.000001,0.001620,0.749782,0.000000
140.300003,1.009145,543.229248,0.000006,0.000799,293.001587,1.000352,0.999433,0.000011,1.000918,0.750000,0.750000,1.000000,0.000100000,0.000001113,0.066315,0.000000,0.000000,-0.000819,-0.000002,0.001620,0.749790,0.000000
140.399994,1.009133,543.237183,0.000005,0.000770,293.002441,1.000352,0.999433,0.000011,1.000765,0.750000,0.750000,1.000000,0.000100000,0.000001113,0.066318,0.000000,0.000000,-0.000847,-0.000003,0.001620,0.749798,0.000000
140.500000,1.009119,543.245056,0.000005,0.000740,293.003296,1.000352,0.999433,0.000011,1.000917,0.750000,0.750000,1.000000,0.000100000,0.000001113,0.066321,0.000000,0.000000,-0.000875,-0.000005,0.001620,0.749806,0.000000
140.599991,1.009109,543.252930,0.000005,0.000711,293.004150,1.000352,0.999433,0.000011,1.000764,0.750000,0.750000,1.000000,0.000100000,0.000001113,0.066323,0.000000,0.000000,-0.000903,-0.000006,0.001620,0.749813,0.000000
140.699997,1.009092,543.260742,0.000005,0.000682,293.005005,1.000352,0.999433,0.000011,1.000917,0.750000,0.750000,1.000000,0.000100000,0.000001113,0.066326,0.000000,0.000000,-0.000931,-0.000007,0.001621,0.749821,0.000000
140.800003,1.009080,543.268494,0.000005,0.000653,293.005829,1.000352,0.999433,0.000011,1.000917,0.750000,0.750000,1.000000,0.000100000,0.000001113,0.066328,0.000000,0.000000,-0.000959,-0.000008,0.001621,0.749828,0.000000
140.899994,1.009064,543.276245,0.000004,0.000625,293.006683,1.000352,0.999433,0.000011,1.000761,0.750000,0.750000,1.000000,0.000100000,0.000001113,0.066331,0.000000,0.000000,-0.000987,-0.000010,0.001621,0.749836,0.000000
141.000000,1.009050,543.283936,0.000004,0.000596,293.007507,1.000352,0.999433,0.000011,1.000917,0.750000,0.750000,1.000000,0.000100000,0.000001113,0.066333,0.000000,0.000000,-0.001014,-0.000011,0.001621,0.749844,0.000000
141.099991,1.009033,543.291565,0.000004,0.000568,293.008362,1.000352,0.999433,0.000011,1.000764,0.750000,0.750000,1.000000,0.000100000,0.000001113,0.066336,0.000000,0.000000,-0.001041,-0.000012,0.001621,0.749851,0.000000
141.199997,1.009015,543.299194,0.000004,0.000539,293.009186,1.000352,0.999433,0.000011,1.000918,0.750000,0.750000,1.000000,0.000100000,0.000001113,0.066338,0.000000,0.000000,-0.001069,-0.000013,0.001621,0.749858,0.000000
141.300003,1.009001,543.306763,0.000004,0.000511,293.010010,1.000352,0.999433,0.000011,1.000917,0.750000,0.750000,1.000000,0.000100000,0.000001113,0.066341,0.000000,0.000000,-0.001096,-0.000014,0.001621,0.749866,0.000000
141.399994,1.008984,543.314331,0.000003,0.000483,293.010834,1.000352,0.999433,0.000011,1.000764,0.750000,0.750000,1.000000,0.000100000,0.000001113,0.066343,0.000000,0.000000,-0.001123,-0.000015,0.001621,0.749873,0.000000
141.500000,1.008965,543.321838,0.000003,0.000455,293.011658,1.000352,0.999433,0.000011,1.000917,0.750000,0.750000,1.000000,0.000100000,0.000001113,0.066346,0.000000,0.000000,-0.001149,-0.000017,0.001621,0.749880,0.000000
141.599991,1.008946,543.329285,0.000003,0.000428,293.012482,1.000352,0.999433,0.000011,1.000765,0.750000,0.750000,1.000000,0.000100000,0.000001113,0.066348,0.000000,0.000000,-0.001176,-0.000018,0.001621,0.749888,0.000000
141.699997,1.008929,543.336731,0.000003,0.000400,293.013306,1.000352,0.999432,0.000011,1.000917,0.750000,0.750000,1.000000,0.000100000,0.000001113,0.066350,0.000000,0.000000,-0.001203,-0.000019,0.001622,0.749895,0.000000
141.800003,1.008908,543.344055,0.000003,0.000373,293.014130,1.000352,0.999432,0.000011,1.000914,0.750000,0.750000,1.000000,0.000100000,0.000001113,0.066353,0.000000,0.000000,-0.001229,-0.000020,0.001622,0.749902,0.000000
141.899994,1.008891,543.351440,0.000002,0.000345,293.014954,1.000352,0.999432,0.000011,1.000764,0.750000,0.750000,1.000000,0.000100000,0.000001113,0.066355,0.000000,0.000000,-0.001255,-0.000021,0.001622,0.749909,0.000000
142.000000,1.008870,543.358704,0.000002,0.000318,293.015747,1.000352,0.999432,0.000011,1.000917,0.750000,0.750000,1.000000,0.000100000,0.000001113,0.066357,0.000000,0.000000,-0.001281,-0.000022,0.001622,0.749916,0.000000
142.099991,1.008850,543.365967,0.000002,0.000291,293.016571,1.000352,0.999432,0.000011,1.000764,0.750000,0.750000,1.000000,0.000100000,0.000001113,0.066360,0.000000,0.000000,-0.001307,-0.000024,0.001622,0.749924,0.000000
142.199997,1.008830,543.373169,0.000002,0.000265,293.017365,1.000352,0.999432,0.000011,1.000918,0.750000,0.750000,1.000000,0.000100000,0.000001113,0.066362,0.000000,0.000000,-0.001333,-0.000025,0.001622,0.749931,0.000000
142.300003,1.008812,543.380310,0.000002,0.000238,293.018158,1.000352,0.999432,0.000011,1.000917,0.750000,0.750000,1.000000,0.000100000,0.000001113,0.066364,0.000000,0.000000,-0.001358,-0.000026,0.001622,0.749938,0.000000
142.399994,1.008788,543.387451,0.000001,0.000211,293.018951,1.000352,0.999432,0.000011,1.000764,0.750000,0.750000,1.000000,0.000100000,0.000001113,0.066366,0.000000,0.000000,-0.001384,-0.000027,0.001622,0.749944,0.000000
142.500000,1.008767,543.394531,0.000001,0.000185,293.019745,1.000352,0.999432,0.000011,1.000918,0.750000,0.750000,1.000000,0.000100000,0.000001113,0.066369,0.000000,0.000000,-0.001409,-0.000028,0.001622,0.749951,0.000000
142.599991,1.008744,543.401550,0.000001,0.000159,293.020538,1.000353,0.999432,0.000011,1.000764,0.750000,0.750000,1.000000,0.000100000,0.000001113,0.066371,0.000000,0.000000,-0.001434,-0.000029,0.001622,0.749958,0.000000
142.699997,1.008724,543.408569,0.000001,0.000133,293.021332,1.000353,0.999432,0.000011,1.000914,0.750000,0.750000,1.000000,0.000100000,0.000001113,0.066373,0.000000,0.000000,-0.001459,-0.000030,0.001622,0.749965,0.000000
142.800003,1.008701,543.415527,0.000001,0.000107,293.022125,1.000353,0.999432,0.000011,1.000917,0.750000,0.750000,1.000000,0.000100000,0.000001113,0.066375,0.000000,0.000000,-0.001484,-0.000032,0.001623,0.749972,0.000000
142.899994,1.008677,543.422424,0.000001,0.000081,293.022919,1.000353,0.999432,0.000011,1.000764,0.750000,0.750000,1.000000,0.000100000,0.000001113,0.066377,0.000000,0.000000,-0.001509,-0.000033,0.001623,0.749979,0.000000
143.000000,1.008653,543.429260,0.000000,0.000056,293.023682,1.000353,0.999432,0.000011,1.000917,0.750000,0.750000,1.000000,0.000100000,0.000001113,0.066379,0.000000,0.000000,-0.001533,-0.000034,0.001623,0.749985,0.000000
143.099991,1.008633,543.436096,0.000000,0.000031,293.024445,1.000353,0.999432,0.000011,1.000765,0.750000,0.750000,1.000000,0.000100000,0.000001113,0.066381,0.000000,0.000000,-0.001557,-0.000035,0.001623,0.749992,0.000000
143.199997,1.008605,543.442871,0.000000,0.000005,293.025238,1.000353,0.999432,0.000011,1.000918,0.750000,0.750000,1.000000,0.000100000,0.000001113,0.066384,0.000000,0.000000,-0.001582,-0.000036,0.001623,0.749999,0.000000
143.300003,1.008585,543.449585,-0.000000,-0.000020,293.026001,1.000353,0.999432,0.000011,1.000916,0.750000,0.750000,1.000000,0.000100000,0.000001113,0.066386,0.000000,0.000000,-0.001606,-0.000037,0.001623,0.750005,0.000000
143.399994,1.008561,543.456299,-0.000000,-0.000045,293.026764,1.000353,0.999432,0.000011,1.000767,0.750000,0.750000,1.000000,0.000100000,0.000001113,0.066388,0.000000,0.000000,-0.001630,-0.000038,0.001623,0.750012,0.000000
143.500000,1.008533,543.462952,-0.000000,-0.000069,293.027527,1.000353,0.999432,0.000011,1.000917,0.750000,0.750000,1.000000,0.000100000,0.000001113,0.066390,0.000000,0.000000,-0.001653,-0.000039,0.001623,0.750018,0.000000
143.599991,1.008509,543.469543,-0.000001,-0.000094,293.028290,1.000353,0.999432,0.000011,1.000761,0.750000,0.750000,1.000000,0.000100000,0.000001113,0.066392,0.000000,0.000000,-0.001677,-0.000040,0.001623,0.750025,0.000000
143.699997,1.008485,543.476074,-0.000001,-0.000118,293.029022,1.000353,0.999432,0.000011,1.000918,0.750000,0.750000,1.000000,0.000100000,0.000001113,0.066394,0.000000,0.000000,-0.001700,-0.000041,0.001623,0.750031,0.000000
143.800003,1.008458,543.482605,-0.000001,-0.000143,293.029785,1.000353,0.999432,0.000011,1.000917,0.750000,0.750000,1.000000,0.000100000,0.000001113,0.066396,0.000000,0.000000,-0.001724,-0.000043,0.001624,0.750037,0.000000
143.899994,1.008433,543.489075,-0.000001,-0.000167,293.030518,1.000353,0.999432,0.000011,1.000764,0.750000,0.750000,1.000000,0.000100000,0.000001113,0.066398,0.000000,0.000000,-0.001747,-0.000044,0.001624,0.750044,0.000000
144.000000,1.008406,543.495483,-0.000001,-0.000190,293.031281,1.000353,0.999432,0.000011,1.000917,0.750000,0.750000,1.000000,0.000100000,0.000001113,0.066399,0.000000,0.000000,-0.001770,-0.000045,0.001624,0.750050,0.000000
144.099991,1.008382,543.501831,-0.000001,-0.000214,293.032013,1.000353,0.999432,0.000011,1.000765,0.750000,0.750000,1.000000,0.000100000,0.000001113,0.066401,0.000000,0.000000,-0.001792,-0.000046,0.001624,0.750056,0.000000
144.199997,1.008355,543.508179,-0.000002,-0.000238,293.032745,1.000353,0.999432,0.000011,1.000916,0.750000,0.750000,1.000000,0.000100000,0.000001113,0.066403,0.000000,0.000000,-0.001815,-0.000047,0.001624,0.750062,0.000000
144.300003,1.008327,543.514465,-0.000002,-0.000261,293.033478,1.000353,0.999432,0.000011,1.000917,0.750000,0.750000,1.000000,0.000100000,0.000001113,0.066405,0.000000,0.000000,-0.001837,-0.000048,0.001624,0.750069,0.000000
144.399994,1.008300,543.520691,-0.000002,-0.000284,293.034210,1.000353,0.999432,0.000011,1.000764,0.750000,0.750000,1.000000,0.000100000,0.000001113,0.066407,0.000000,0.000000,-0.001860,-0.000049,0.001624,0.750075,0.000000
144.500000,1.008275,543.526856,-0.000002,-0.000307,293.034912,1.000353,0.999432,0.000011,1.000914,0.750000,0.750000,1.000000,0.000100000,0.000001113,0.066409,0.000000,0.000000,-0.001882,-0.000050,0.001624,0.750081,0.000000
144.599991,1.008245,543.533020,-0.000002,-0.000330,293.035645,1.000353,0.999432,0.000011,1.000765,0.750000,0.750000,1.000000,0.000100000,0.000001113,0.066411,0.000000,0.000000,-0.001904,-0.000051,0.001624,0.750087,0.000000
144.699997,1.008217,543.539124,-0.000002,-0.000353,293.036346,1.000353,0.999431,0.000011,1.000917,0.750000,0.750000,1.000000,0.000100000,0.000001113,0.066412,0.000000,0.000000,-0.001925,-0.000052,0.001624,0.750093,0.000000
144.800003,1.008189,543.545166,-0.000003,-0.000376,293.037079,1.000353,0.999431,0.000011,1.000917,0.750000,0.750000,1.000000,0.000100000,0.000001113,0.066414,0.000000,0.000000,-0.001947,-0.000053,0.001624,0.750099,0.000000
144.899994,1.008163,543.551209,-0.000003,-0.000398,293.037781,1.000353,0.999431,0.000011,1.000765,0.750000,0.750000,1.000000,0.000100000,0.000001113,0.066416,0.000000,0.000000,-0.001969,-0.000054,0.001625,0.750104,0.000000
145.000000,1.008133,543.557129,-0.000003,-0.000420,293.038483,1.000353,0.999431,0.000011,1.000917,0.750000,0.750000,1.000000,0.000100000,0.000001113,0.066418,0.000000,0.000000,-0.001990,-0.000055,0.001625,0.750110,0.000000
145.099991,1.008104,543.563049,-0.000003,-0.000442,293.039185,1.000353,0.999431,0.000011,1.000764,0.750000,0.750000,1.000000,0.000100000,0.000001113,0.066419,0.000000,0.000000,-0.002011,-0.000056,0.001625,0.750116,0.000000
145.199997,1.008076,543.568909,-0.000003,-0.000464,293.039856,1.000353,0.999431,0.000011,1.000918,0.750000,0.750000,1.000000,0.000100000,0.000001113,0.066421,0.000000,0.000000,-0.002032,-0.000057,0.001625,0.750122,0.000000
145.300003,1.008046,543.574768,-0.000003,-0.000486,293.040558,1.000353,0.999431,0.000011,1.000916,0.750000,0.750000,1.000000,0.000100000,0.000001113,0.066423,0.000000,0.000000,-0.002053,-0.000058,0.001625,0.750127,0.000000
145.399994,1.008019,543.580566,-0.000004,-0.000507,293.041229,1.000353,0.999431,0.000011,1.000761,0.750000,0.750000,1.000000,0.000100000,0.000001113,0.066425,0.000000,0.000000,-0.002073,-0.000059,0.001625,0.750133,0.000000
145.500000,1.007991,543.586304,-0.000004,-0.000529,293.041931,1.000353,0.999431,0.000011,1.000918,0.750000,0.750000,1.000000,0.000100000,0.000001113,0.066426,0.000000,0.000000,-0.002094,-0.000060,0.001625,0.750139,0.000000
145.599991,1.007957,543.591980,-0.000004,-0.000550,293.042603,1.000353,0.999431,0.000011,1.000764,0.750000,0.750000,1.000000,0.000100000,0.000001113,0.066428,0.000000,0.000000,-0.002114,-0.000061,0.001625,0.750144,0.000000
145.699997,1.007930,543.597595,-0.000004,-0.000571,293.043274,1.000353,0.999431,0.000011,1.000916,0.750000,0.750000,1.000000,0.000100000,0.000001113,0.066429,0.000000,0.000000,-0.002134,-0.000062,0.001625,0.750150,0.000000
145.800003,1.007899,543.603210,-0.000004,-0.000592,293.043945,1.000353,0.999431,0.000011,1.000917,0.750000,0.750000,1.000000,0.000100000,0.000001113,0.066431,0.000000,0.000000,-0.002154,-0.000063,0.001625,0.750155,0.000000
145.899994,1.007872,543.608765,-0.000004,-0.000612,293.044617,1.000353,0.999431,0.000011,1.000764,0.750000,0.750000,1.000000,0.000100000,0.000001113,0.066433,0.000000,0.000000,-0.002174,-0.000064,0.001626,0.750161,0.000000
146.000000,1.007841,543.614258,-0.000004,-0.000633,293.045288,1.000353,0.999431,0.000011,1.000917,0.750000,0.750000,1.000000,0.000100000,0.000001113,0.066434,0.000000,0.000000,-0.002194,-0.000065,0.001626,0.750166,0.000000
146.099991,1.007810,543.619690,-0.000005,-0.000653,293.045929,1.000353,0.999431,0.000011,1.000765,0.750000,0.750000,1.000000,0.000100000,0.000001113,0.066436,0.000000,0.000000,-0.002213,-0.000066,0.001626,0.750171,0.000000
146.199997,1.007779,543.625122,-0.000005,-0.000673,293.046570,1.000353,0.999431,0.000011,1.000917,0.750000,0.750000,1.000000,0.000100000,0.000001113,0.066437,0.000000,0.000000,-0.002233,-0.000067,0.001626,0.750177,0.000000
146.300003,1.007748,543.630493,-0.000005,-0.000693,293.047241,1.000353,0.999431,0.000011,1.000914,0.750000,0.750000,1.000000,0.000100000,0.000001113,0.066439,0.000000,0.000000,-0.002252,-0.000067,0.001626,0.750182,0.000000
146.399994,1.007717,543.635803,-0.000005,-0.000713,293.047882,1.000353,0.999431,0.000011,1.000765,0.750000,0.750000,1.000000,0.000100000,0.000001113,0.066440,0.000000,0.000000,-0.002271,-0.000068,0.001626,0.750187,0.000000
146.500000,1.007690,543.641113,-0.000005,-0.000733,293.048523,1.000353,0.999431,0.000011,1.000917,0.750000,0.750000,1.000000,0.000100000,0.000001113,0.066442,0.000000,0.000000,-0.002290,-0.000069,0.001626,0.750192,0.000000
146.599991,1.007657,543.646301,-0.000005,-0.000752,293.049164,1.000353,0.999431,0.000011,1.000764,0.750000,0.750000,1.000000,0.000100000,0.000001113,0.066443,0.000000,0.000000,-0.002308,-0.000070,0.001626,0.750198,0.000000
146.699997,1.007625,543.651489,-0.000005,-0.000772,293.049774,1.000353,0.999431,0.000011,1.000917,0.750000,0.750000,1.000000,0.000100000,0.000001113,0.066445,0.000000,0.000000,-0.002327,-0.000071,0.001626,0.750203,0.000000
146.800003,1.007597,543.656616,-0.000006,-0.000791,293.050415,1.000353,0.999431,0.000011,1.000916,0.750000,0.750000,1.000000,0.000100000,0.000001113,0.066446,0.000000,0.000000,-0.002345,-0.000072,0.001626,0.750208,0.000000
146.899994,1.007564,543.661743,-0.000006,-0.000810,293.051025,1.000353,0.999431,0.000011,1.000764,0.750000,0.750000,1.000000,0.000100000,0.000001113,0.066448,0.000000,0.000000,-0.002363,-0.000073,0.001626,0.750213,0.000000
147.000000,1.007531,543.666809,-0.000006,-0.000829,293.051636,1.000353,0.999431,0.000011,1.000918,0.750000,0.750000,1.000000,0.000100000,0.000001113,0.066449,0.000000,0.000000,-0.002381,-0.000074,0.001626,0.750218,0.000000
147.099991,1.007502,543.671753,-0.000006,-0.000847,293.052277,1.000353,0.999431,0.000011,1.000763,0.750000,0.750000,1.000000,0.000100000,0.000001113,0.066451,0.000000,0.000000,-0.002399,-0.000075,0.001627,0.750222,0.000000
147.199997,1.007471,543.676758,-0.000006,-0.000866,293.052856,1.000353,0.999431,0.000011,1.000914,0.750000,0.750000,1.000000,0.000100000,0.000001113,0.066452,0.000000,0.000000,-0.002417,-0.000076,0.001627,0.750227,0.000000
147.300003,1.007437,543.681641,-0.000006,-0.000884,293.053467,1.000353,0.999431,0.000011,1.000918,0.750000,0.750000,1.000000,0.000100000,0.000001113,0.066453,0.000000,0.000000,-0.002434,-0.000076,0.001627,0.750232,0.000000
147.399994,1.007406,543.686523,-0.000006,-0.000902,293.054077,1.000353,0.999431,0.000011,1.000764,0.750000,0.750000,1.000000,0.000100000,0.000001113,0.066455,0.000000,0.000000,-0.002452,-0.000077,0.001627,0.750237,0.000000
147.500000,1.007375,543.691345,-0.000006,-0.000920,293.054688,1.000354,0.999431,0.000011,1.000916,0.750000,0.750000,1.000000,0.000100000,0.000001113,0.066456,0.000000,0.000000,-0.002469,-0.000078,0.001627,0.750242,0.000000
147.599991,1.007342,543.696106,-0.000007,-0.000938,293.055267,1.000354,0.999431,0.000011,1.000765,0.750000,0.750000,1.000000,0.000100000,0.000001113,0.066457,0.000000,0.000000,-0.002486,-0.000079,0.001627,0.750246,0.000000
147.699997,1.007311,543.700806,-0.000007,-0.000956,293.055847,1.000354,0.999431,0.000011,1.000917,0.750000,0.750000,1.000000,0.000100000,0.000001113,0.066459,0.000000,0.000000,-0.002503,-0.000080,0.001627,0.750251,0.000000
147.800003,1.007280,543.705505,-0.000007,-0.000973,293.056427,1.000354,0.999431,0.000011,1.000917,0.750000,0.750000,1.000000,0.000100000,0.000001113,0.066460,0.000000,0.000000,-0.002520,-0.000081,0.001627,0.750255,0.000000
147.899994,1.007246,543.710144,-0.000007,-0.000990,293.057007,1.000354,0.999431,0.000011,1.000765,0.750000,0.750000,1.000000,0.000100000,0.000001113,0.066461,0.000000,0.000000,-0.002536,-0.000081,0.001627,0.750260,0.000000
148.000000,1.007215,543.714783,-0.000007,-0.001008,293.057587,1.000354,0.999431,0.000011,1.000917,0.750000,0.750000,1.000000,0.000100000,0.000001113,0.066462,0.000000,0.000000,-0.002553,-0.000082,0.001627,0.750265,0.000000
148.099991,1.007183,543.719299,-0.000007,-0.001025,293.058167,1.000354,0.999431,0.000011,1.000761,0.750000,0.750000,1.000000,0.000100000,0.000001113,0.066464,0.000000,0.000000,-0.002569,-0.000083,0.001627,0.750269,0.000000
148.199997,1.007150,543.723816,-0.000007,-0.001042,293.058716,1.000354,0.999430,0.000011,1.000917,0.750000,0.750000,1.000000,0.000100000,0.000001113,0.066465,0.000000,0.000000,-0.002585,-0.000084,0.001627,0.750273,0.000000
148.300003,1.007117,543.728272,-0.000007,-0.001058,293.059296,1.000354,0.999430,0.000011,1.000918,0.750000,0.750000,1.000000,0.000100000,0.000001113,0.066466,0.000000,0.000000,-0.002601,-0.000085,0.001627,0.750278,0.000000
148.399994,1.007085,543.732666,-0.000008,-0.001075,293.059845,1.000354,0.999430,0.000011,1.000764,0.750000,0.750000,1.000000,0.000100000,0.000001113,0.066467,0.000000,0.000000,-0.002617,-0.000085,0.001628,0.750282,0.000000
148.500000,1.007052,543.737061,-0.000008,-0.001091,293.060394,1.000354,0.999430,0.000011,1.000917,0.750000,0.750000,1.000000,0.000100000,0.000001113,0.066468,0.000000,0.000000,-0.002632,-0.000086,0.001628,0.750286,0.000000
148.599991,1.007020,543.741394,-0.000008,-0.001107,293.060944,1.000354,0.999430,0.000011,1.000765,0.750000,0.750000,1.000000,0.000100000,0.000001113,0.066470,0.000000,0.000000,-0.002648,-0.000087,0.001628,0.750291,0.000000
148.699997,1.006990,543.745667,-0.000008,-0.001123,293.061493,1.000354,0.999430,0.000011,1.000917,0.750000,0.750000,1.000000,0.000100000,0.000001113,0.066471,0.000000,0.000000,-0.002663,-0.000088,0.001628,0.750295,0.000000
148.800003,1.006956,543.749878,-0.000008,-0.001139,293.062012,1.000354,0.999430,0.000011,1.000917,0.750000,0.750000,1.000000,0.000100000,0.000001113,0.066472,0.000000,0.000000,-0.002678,-0.000089,0.001628,0.750299,0.000000
148.899994,1.006925,543.754089,-0.000008,-0.001155,293.062561,1.000354,0.999430,0.000011,1.000765,0.750000,0.750000,1.000000,0.000100000,0.000001113,0.066473,0.000000,0.000000,-0.002693,-0.000089,0.001628,0.750303,0.000000
149.000000,1.006891,543.758240,-0.000008,-0.001170,293.063080,1.000354,0.999430,0.000011,1.000913,0.750000,0.750000,1.000000,0.000100000,0.000001113,0.066474,0.000000,0.000000,-0.002708,-0.000090,0.001628,0.750307,0.000000
149.099991,1.006860,543.762390,-0.000008,-0.001186,293.063599,1.000354,0.999430,0.000011,1.000764,0.750000,0.750000,1.000000,0.000100000,0.000001113,0.066475,0.000000,0.000000,-0.002723,-0.000091,0.001628,0.750311,0.000000
149.199997,1.006826,543.766418,-0.000008,-0.001201,293.064117,1.000354,0.999430,0.000011,1.000917,0.750000,0.750000,1.000000,0.000100000,0.000001113,0.066476,0.000000,0.000000,-0.002737,-0.000092,0.001628,0.750315,0.000000
149.300003,1.006794,543.770447,-0.000009,-0.001216,293.064636,1.000354,0.999430,0.000011,1.000916,0.750000,0.750000,1.000000,0.000100000,0.000001113,0.066477,0.000000,0.000000,-0.002752,-0.000092,0.001628,0.750319,0.000000
149.399994,1.006758,543.774414,-0.000009,-0.001231,293.065155,1.000354,0.999430,0.000011,1.000764,0.750000,0.750000,1.000000,0.000100000,0.000001113,0.066478,0.000000,0.000000,-0.002766,-0.000093,0.001628,0.750323,0.000000
149.500000,1.006727,543.778381,-0.000009,-0.001245,293.065674,1.000354,0.999430,0.000011,1.000917,0.750000,0.750000,1.000000,0.000100000,0.000001113,0.066480,0.000000,0.000000,-0.002780,-0.000094,0.001628,0.750327,0.000000
149.599991,1.006696,543.782227,-0.000009,-0.001260,293.066162,1.000354,0.999430,0.000011,1.000765,0.750000,0.750000,1.000000,0.000100000,0.000001113,0.066481,0.000000,0.000000,-0.002794,-0.000095,0.001628,0.750331,0.000000
149.699997,1.006663,543.786072,-0.000009,-0.001274,293.066681,1.000354,0.999430,0.000011,1.000917,0.750000,0.750000,1.000000,0.000100000,0.000001113,0.066482,0.000000,0.000000,-0.002807,-0.000095,0.001628,0.750335,0.000000
149.800003,1.006628,543.789917,-0.000009,-0.001289,293.067169,1.000354,0.999430,0.000011,1.000916,0.750000,0.750000,1.000000,0.000100000,0.000001113,0.066483,0.000000,0.000000,-0.002821,-0.000096,0.001629,0.750338,0.000000
149.899994,1.006597,543.793640,-0.000009,-0.001303,293.067657,1.000354,0.999430,0.000011,1.000762,0.750000,0.750000,1.000000,0.000100000,0.000001113,0.066484,0.000000,0.000000,-0.002834,-0.000097,0.001629,0.750342,0.000000
150.000000,1.006563,543.797363,-0.000009,-0.001316,293.068146,1.000354,0.999430,0.000011,1.000917,0.750000,0.750000,1.000000,0.000100000,0.000001113,0.066485,0.000000,0.000000,-0.002848,-0.000097,0.001629,0.750346,0.000000
150.099991,1.006533,543.801086,-0.000009,-0.001330,293.068634,1.000354,0.999430,0.000011,1.000764,0.750000,0.750000,1.000000,0.000100000,0.000001113,0.066485,0.000000,0.000000,-0.002861,-0.000098,0.001629,0.750349,0.000000
150.199997,1.006498,543.804688,-0.000009,-0.001344,293.069092,1.000354,0.999430,0.000011,1.000917,0.750000,0.750000,1.000000,0.000100000,0.000001113,0.066486,0.000000,0.000000,-0.002874,-0.000099,0.001629,0.750353,0.000000
150.300003,1.006464,543.808289,-0.000010,-0.001357,293.069580,1.000354,0.999430,0.000011,1.000918,0.750000,0.750000,1.000000,0.000100000,0.000001113,0.066487,0.000000,0.000000,-0.002887,-0.000099,0.001629,0.750356,0.000000
150.399994,1.006434,543.811829,-0.000010,-0.001371,293.070038,1.000354,0.999430,0.000011,1.000763,0.750000,0.750000,1.000000,0.000100000,0.000001113,0.066488,0.000000,0.000000,-0.002899,-0.000100,0.001629,0.750360,0.000000
150.500000,1.006400,543.815369,-0.000010,-0.001384,293.070496,1.000354,0.999430,0.000011,1.000918,0.750000,0.750000,1.000000,0.000100000,0.000001113,0.066489,0.000000,0.000000,-0.002912,-0.000101,0.001629,0.750363,0.000000
150.599991,1.006369,543.818848,-0.000010,-0.001397,293.070953,1.000354,0.999430,0.000011,1.000764,0.750000,0.750000,1.000000,0.000100000,0.000001113,0.066490,0.000000,0.000000,-0.002924,-0.000101,0.001629,0.750367,0.000000
150.699997,1.006338,543.822266,-0.000010,-0.001410,293.071411,1.000354,0.999430,0.000011,1.000918,0.750000,0.750000,1.000000,0.000100000,0.000001113,0.066491,0.000000,0.000000,-0.002937,-0.000102,0.001629,0.750370,0.000000
150.800003,1.006304,543.825623,-0.000010,-0.001422,293.071869,1.000354,0.999430,0.000011,1.000914,0.750000,0.750000,1.000000,0.000100000,0.000001113,0.066492,0.000000,0.000000,-0.002949,-0.000103,0.001629,0.750373,0.000000
150.899994,1.006272,543.828980,-0.000010,-0.001435,293.072327,1.000354,0.999430,0.000011,1.000764,0.750000,0.750000,1.000000,0.000100000,0.000001113,0.066493,0.000000,0.000000,-0.002961,-0.000103,0.001629,0.750377,0.000000
151.000000,1.006239,543.832275,-0.000010,-0.001447,293.072754,1.000354,0.999430,0.000011,1.000917,0.750000,0.750000,1.000000,0.000100000,0.000001113,0.066494,0.000000,0.000000,-0.002972,-0.000104,0.001629,0.750380,0.000000
151.099991,1.006205,543.835571,-0.000010,-0.001459,293.073181,1.000354,0.999430,0.000011,1.000765,0.750000,0.750000,1.000000,0.000100000,0.000001113,0.066494,0.000000,0.000000,-0.002984,-0.000105,0.001629,0.750383,0.000000
151.199997,1.006174,543.838745,-0.000010,-0.001471,293.073639,1.000354,0.999430,0.000011,1.000917,0.750000,0.750000,1.000000,0.000100000,0.000001113,0.066495,0.000000,0.000000,-0.002996,-0.000105,0.001629,0.750386,0.000000
151.300003,1.006140,543.841919,-0.000010,-0.001483,293.074066,1.000354,0.999430,0.000011,1.000918,0.750000,0.750000,1.000000,0.000100000,0.000001113,0.066496,0.000000,0.000000,-0.003007,-0.000106,0.001630,0.750389,0.000000
151.399994,1.006110,543.845093,-0.000010,-0.001495,293.074493,1.000354,0.999430,0.000011,1.000764,0.750000,0.750000,1.000000,0.000100000,0.000001113,0.066497,0.000000,0.000000,-0.003018,-0.000106,0.001630,0.750392,0.000000
151.500000,1.006076,543.848206,-0.000011,-0.001507,293.074890,1.000354,0.999430,0.000011,1.000917,0.750000,0.750000,1.000000,0.000100000,0.000001113,0.066498,0.000000,0.000000,-0.003029,-0.000107,0.001630,0.750396,0.000000
151.599991,1.006045,543.851257,-0.000011,-0.001518,293.075317,1.000354,0.999430,0.000011,1.000765,0.750000,0.750000,1.000000,0.000100000,0.000001113,0.066498,0.000000,0.000000,-0.003040,-0.000108,0.001630,0.750398,0.000000
151.699997,1.006014,543.854248,-0.000011,-0.001529,293.075714,1.000354,0.999430,0.000011,1.000914,0.750000,0.750000,1.000000,0.000100000,0.000001113,0.066499,0.000000,0.000000,-0.003051,-0.000108,0.001630,0.750401,0.000000
151.800003,1.005980,543.857239,-0.000011,-0.001541,293.076141,1.000354,0.999430,0.000011,1.000917,0.750000,0.750000,1.000000,0.000100000,0.000001113,0.066500,0.000000,0.000000,-0.003062,-0.000109,0.001630,0.750404,0.000000
151.899994,1.005949,543.860168,-0.000011,-0.001551,293.076538,1.000354,0.999430,0.000011,1.000765,0.750000,0.750000,1.000000,0.000100000,0.000001113,0.066501,0.000000,0.000000,-0.003072,-0.000109,0.001630,0.750407,0.000000
152.000000,1.005917,543.863098,-0.000011,-0.001562,293.076935,1.000354,0.999430,0.000011,1.000916,0.750000,0.750000,1.000000,0.000100000,0.000001113,0.066501,0.000000,0.000000,-0.003082,-0.000110,0.001630,0.750410,0.000000
152.099991,1.005885,543.865967,-0.000011,-0.001573,293.077332,1.000354,0.999429,0.000011,1.000765,0.750000,0.750000,1.000000,0.000100000,0.000001113,0.066502,0.000000,0.000000,-0.003093,-0.000110,0.001630,0.750413,0.000000
152.199997,1.005854,543.868774,-0.000011,-0.001584,293.077728,1.000354,0.999429,0.000011,1.000918,0.750000,0.750000,1.000000,0.000100000,0.000001113,0.066503,0.000000,0.000000,-0.003103,-0.000111,0.001630,0.750416,0.000000
152.300003,1.005823,543.871582,-0.000011,-0.001594,293.078094,1.000354,0.999429,0.000011,1.000916,0.750000,0.750000,1.000000,0.000100000,0.000001113,0.066504,0.000000,0.000000,-0.003113,-0.000112,0.001630,0.750418,0.000000
152.399994,1.005791,543.874329,-0.000011,-0.001604,293.078491,1.000354,0.999429,0.000011,1.000765,0.750000,0.750000,1.000000,0.000100000,0.000001113,0.066504,0.000000,0.000000,-0.003123,-0.000112,0.001630,0.750421,0.000000
152.500000,1.005759,543.877014,-0.000011,-0.001615,293.078857,1.000354,0.999429,0.000011,1.000918,0.750000,0.750000,1.000000,0.000100000,0.000001113,0.066505,0.000000,0.000000,-0.003132,-0.000113,0.001630,0.750424,0.000000
152.599991,1.005728,543.879700,-0.000011,-0.001625,293.079254,1.000354,0.999429,0.000011,1.000761,0.750000,0.750000,1.000000,0.000100000,0.000001113,0.066506,0.000000,0.000000,-0.003142,-0.000113,0.001630,0.750427,0.000000
152.699997,1.005697,543.882324,-0.000011,-0.001634,293.079620,1.000354,0.999429,0.000011,1.000917,0.750000,0.750000,1.000000,0.000100000,0.000001113,0.066506,0.000000,0.000000,-0.003151,-0.000114,0.001630,0.750429,0.000000
152.800003,1.005663,543.884949,-0.000012,-0.001644,293.079987,1.000355,0.999429,0.000011,1.000917,0.750000,0.750000,1.000000,0.000100000,0.000001113,0.066507,0.000000,0.000000,-0.003161,-0.000114,0.001630,0.750432,0.000000
152.899994,1.005633,543.887512,-0.000012,-0.001654,293.080353,1.000355,0.999429,0.000011,1.000764,0.750000,0.750000,1.000000,0.000100000,0.000001113,0.066508,0.000000,0.000000,-0.003170,-0.000115,0.001630,0.750434,0.000000
153.000000,1.005599,543.890015,-0.000012,-0.001663,293.080688,1.000355,0.999429,0.000011,1.000917,0.750000,0.750000,1.000000,0.000100000,0.000001113,0.066508,0.000000,0.000000,-0.003179,-0.000115,0.001631,0.750437,0.000000
153.099991,1.005571,543.892517,-0.000012,-0.001673,293.081055,1.000355,0.999429,0.000011,1.000765,0.750000,0.750000,1.000000,0.000100000,0.000001113,0.066509,0.000000,0.000000,-0.003188,-0.000116,0.001631,0.750439,0.000000
153.199997,1.005540,543.894959,-0.000012,-0.001682,293.081390,1.000355,0.999429,0.000011,1.000917,0.750000,0.750000,1.000000,0.000100000,0.000001113,0.066509,0.000000,0.000000,-0.003196,-0.000116,0.001631,0.750442,0.000000
153.300003,1.005507,543.897339,-0.000012,-0.001691,293.081757,1.000355,0.999429,0.000011,1.000917,0.750000,0.750000,1.000000,0.000100000,0.000001113,0.066510,0.000000,0.000000,-0.003205,-0.000117,0.001631,0.750444,0.000000
153.399994,1.005479,543.899719,-0.000012,-0.001700,293.082092,1.000355,0.999429,0.000011,1.000765,0.750000,0.750000,1.000000,0.000100000,0.000001113,0.066511,0.000000,0.000000,-0.003213,-0.000117,0.001631,0.750446,0.000000
153.500000,1.005445,543.902039,-0.000012,-0.001709,293.082428,1.000355,0.999429,0.000011,1.000914,0.750000,0.750000,1.000000,0.000100000,0.000001113,0.066511,0.000000,0.000000,-0.003222,-0.000118,0.001631,0.750448,0.000000
153.599991,1.005416,543.904358,-0.000012,-0.001717,293.082764,1.000355,0.999429,0.000011,1.000764,0.750000,0.750000,1.000000,0.000100000,0.000001113,0.066512,0.000000,0.000000,-0.003230,-0.000118,0.001631,0.750451,0.000000
153.699997,1.005384,543.906616,-0.000012,-0.001726,293.083069,1.000355,0.999429,0.000011,1.000917,0.750000,0.750000,1.000000,0.000100000,0.000001113,0.066512,0.000000,0.000000,-0.003238,-0.000119,0.001631,0.750453,0.000000
153.800003,1.005357,543.908875,-0.000012,-0.001734,293.083405,1.000355,0.999429,0.000011,1.000917,0.750000,0.750000,1.000000,0.000100000,0.000001113,0.066513,0.000000,0.000000,-0.003246,-0.000119,0.001631,0.750455,0.000000
153.899994,1.005323,543.911072,-0.000012,-0.001742,293.083740,1.000355,0.999429,0.000011,1.000764,0.750000,0.750000,1.000000,0.000100000,0.000001113,0.066513,0.000000,0.000000,-0.003254,-0.000120,0.001631,0.750457,0.000000
154.000000,1.005295,543.913208,-0.000012,-0.001750,293.084045,1.000355,0.999429,0.000011,1.000918,0.750000,0.750000,1.000000,0.000100000,0.000001113,0.066514,0.000000,0.000000,-0.003261,-0.000120,0.001631,0.750459,0.000000
154.099991,1.005262,543.915344,-0.000012,-0.001758,293.084351,1.000355,0.999429,0.000011,1.000763,0.750000,0.750000,1.000000,0.000100000,0.000001113,0.066514,0.000000,0.000000,-0.003269,-0.000121,0.001631,0.750462,0.000000
154.199997,1.005231,543.917419,-0.000012,-0.001766,293.084656,1.000355,0.999429,0.000011,1.000917,0.750000,0.750000,1.000000,0.000100000,0.000001113,0.066515,0.000000,0.000000,-0.003276,-0.000121,0.001631,0.750464,0.000000
154.300003,1.005204,543.919495,-0.000012,-0.001774,293.084961,1.000355,0.999429,0.000011,1.000917,0.750000,0.750000,1.000000,0.000100000,0.000001113,0.066515,0.000000,0.000000,-0.003284,-0.000121,0.001631,0.750466,0.000000
154.399994,1.005173,543.921509,-0.000012,-0.001782,293.085266,1.000355,0.999429,0.000011,1.000761,0.750000,0.750000,1.000000,0.000100000,0.000001113,0.066516,0.000000,0.000000,-0.003291,-0.000122,0.001631,0.750468,0.000000
154.500000,1.005142,543.923462,-0.000013,-0.001789,293.085571,1.000355,0.999429,0.000011,1.000918,0.750000,0.750000,1.000000,0.000100000,0.000001113,0.066516,0.000000,0.000000,-0.003298,-0.000122,0.001631,0.750470,0.000000
154.599991,1.005112,543.925415,-0.000013,-0.001796,293.085876,1.000355,0.999429,0.000011,1.000764,0.750000,0.750000,1.000000,0.000100000,0.000001113,0.066517,0.000000,0.000000,-0.003305,-0.000123,0.001631,0.750472,0.000000
154.699997,1.005083,543.927368,-0.000013,-0.001804,293.086151,1.000355,0.999429,0.000011,1.000917,0.750000,0.750000,1.000000,0.000100000,0.000001113,0.066517,0.000000,0.000000,-0.003312,-0.000123,0.001631,0.750473,0.000000
154.800003,1.005054,543.929260,-0.000013,-0.001811,293.086426,1.000355,0.999429,0.000011,1.000918,0.750000,0.750000,1.000000,0.000100000,0.000001113,0.066518,0.000000,0.000000,-0.003319,-0.000123,0.001631,0.750475,0.000000
154.899994,1.005023,543.931091,-0.000013,-0.001818,293.086731,1.000355,0.999429,0.000011,1.000764,0.750000,0.750000,1.000000,0.000100000,0.000001113,0.066518,0.000000,0.000000,-0.003325,-0.000124,0.001631,0.750477,0.000000
155.000000,1.004996,543.932922,-0.000013,-0.001825,293.087006,1.000355,0.999429,0.000011,1.000917,0.750000,0.750000,1.000000,0.000100000,0.000001113,0.066519,0.000000,0.000000,-0.003332,-0.000124,0.001632,0.750479,0.000000
155.099991,1.004965,543.934692,-0.000013,-0.001831,293.087280,1.000355,0.999429,0.000011,1.000764,0.750000,0.750000,1.000000,0.000100000,0.000001113,0.066519,0.000000,0.000000,-0.003338,-0.000125,0.001632,0.750481,0.000000
155.199997,1.004935,543.936462,-0.000013,-0.001838,293.087555,1.000355,0.999429,0.000011,1.000917,0.750000,0.750000,1.000000,0.000100000,0.000001113,0.066520,0.000000,0.000000,-0.003345,-0.000125,0.001632,0.750482,0.000000
155.300003,1.004907,543.938171,-0.000013,-0.001844,293.087799,1.000355,0.999429,0.000011,1.000913,0.750000,0.750000,1.000000,0.000100000,0.000001113,0.066520,0.000000,0.000000,-0.003351,-0.000125,0.001632,0.750484,0.000000
155.399994,1.004877,543.939819,-0.000013,-0.001851,293.088074,1.000355,0.999429,0.000011,1.000764,0.750000,0.750000,1.000000,0.000100000,0.000001113,0.066520,0.000000,0.000000,-0.003356,-0.000126,0.001632,0.750486,0.000000
155.500000,1.004852,543.941528,-0.000013,-0.001857,293.088348,1.000355,0.999429,0.000011,1.000917,0.750000,0.750000,1.000000,0.000100000,0.000001113,0.066521,0.000000,0.000000,-0.003363,-0.000126,0.001632,0.750487,0.000000
155.599991,1.004822,543.943115,-0.000013,-0.001863,293.088593,1.000355,0.999429,0.000011,1.000765,0.750000,0.750000,1.000000,0.000100000,0.000001113,0.066521,0.000000,0.000000,-0.003368,-0.000127,0.001632,0.750489,0.000000
155.699997,1.004792,543.944702,-0.000013,-0.001869,293.088837,1.000355,0.999429,0.000011,1.000917,0.750000,0.750000,1.000000,0.000100000,0.000001113,0.066521,0.000000,0.000000,-0.003374,-0.000127,0.001632,0.750491,0.000000
155.800003,1.004765,543.946289,-0.000013,-0.001875,293.089081,1.000355,0.999429,0.000011,1.000917,0.750000,0.750000,1.000000,0.000100000,0.000001113,0.066522,0.000000,0.000000,-0.003380,-0.000127,0.001632,0.750492,0.000000
155.899994,1.004737,543.947815,-0.000013,-0.001881,293.089325,1.000355,0.999429,0.000011,1.000764,0.750000,0.750000,1.000000,0.000100000,0.000001113,0.066522,0.000000,0.000000,-0.003385,-0.000128,0.001632,0.750494,0.000000
156.000000,1.004707,543.949280,-0.000013,-0.001886,293.089569,1.000355,0.999429,0.000011,1.000917,0.750000,0.750000,1.000000,0.000100000,0.000001113,0.066523,0.000000,0.000000,-0.003390,-0.000128,0.001632,0.750495,0.000000
156.099991,1.004679,543.950745,-0.000013,-0.001892,293.089813,1.000355,0.999429,0.000011,1.000765,0.750000,0.750000,1.000000,0.000100000,0.000001113,0.066523,0.000000,0.000000,-0.003396,-0.000128,0.001632,0.750497,0.000000
156.199997,1.004652,543.952210,-0.000013,-0.001897,293.090057,1.000355,0.999429,0.000011,1.000914,0.750000,0.750000,1.000000,0.000100000,0.000001113,0.066523,0.000000,0.000000,-0.003401,-0.000129,0.001632,0.750498,0.000000
156.300003,1.004622,543.953613,-0.000013,-0.001903,293.090271,1.000355,0.999429,0.000011,1.000917,0.750000,0.750000,1.000000,0.000100000,0.000001113,0.066524,0.000000,0.000000,-0.003406,-0.000129,0.001632,0.750499,0.000000
156.399994,1.004598,543.954956,-0.000013,-0.001908,293.090515,1.000355,0.999429,0.000011,1.000764,0.750000,0.750000,1.000000,0.000100000,0.000001113,0.066524,0.000000,0.000000,-0.003411,-0.000129,0.001632,0.750501,0.000000
156.500000,1.004567,543.956299,-0.000013,-0.001913,293.090729,1.000355,0.999429,0.000011,1.000917,0.750000,0.750000,1.000000,0.000100000,0.000001113,0.066524,0.000000,0.000000,-0.003415,-0.000130,0.001632,0.750502,0.000000
156.599991,1.004543,543.957642,-0.000013,-0.001918,293.090942,1.000355,0.999429,0.000011,1.000764,0.750000,0.750000,1.000000,0.000100000,0.000001113,0.066524,0.000000,0.000000,-0.003420,-0.000130,0.001632,0.750503,0.000000
156.699997,1.004513,543.958923,-0.000013,-0.001923,293.091156,1.000355,0.999429,0.000011,1.000917,0.750000,0.750000,1.000000,0.000100000,0.000001113,0.066525,0.000000,0.000000,-0.003425,-0.000130,0.001632,0.750505,0.000000
156.800003,1.004486,543.960144,-0.000013,-0.001927,293.091370,1.000355,0.999429,0.000011,1.000917,0.750000,0.750000,1.000000,0.000100000,0.000001113,0.066525,0.000000,0.000000,-0.003429,-0.000131,0.001632,0.750506,0.000000
156.899994,1.004458,543.961365,-0.000014,-0.001932,293.091583,1.000355,0.999429,0.000011,1.000765,0.750000,0.750000,1.000000,0.000100000,0.000001113,0.066525,0.000000,0.000000,-0.003433,-0.000131,0.001632,0.750507,0.000000
157.000000,1.004431,543.962585,-0.000014,-0.001936,293.091797,1.000355,0.999429,0.000011,1.000917,0.750000,0.750000,1.000000,0.000100000,0.000001113,0.066526,0.000000,0.000000,-0.003438,-0.000131,0.001632,0.750508,0.000000
157.099991,1.004407,543.963745,-0.000014,-0.001941,293.092011,1.000355,0.999429,0.000011,1.000761,0.750000,0.750000,1.000000,0.000100000,0.000001113,0.066526,0.000000,0.000000,-0.003442,-0.000131,0.001632,0.750509,0.000000
157.199997,1.004380,543.964905,-0.000014,-0.001945,293.092194,1.000355,0.999429,0.000011,1.000917,0.750000,0.750000,1.000000,0.000100000,0.000001113,0.066526,0.000000,0.000000,-0.003446,-0.000132,0.001632,0.750511,0.000000
157.300003,1.004350,543.966003,-0.000014,-0.001949,293.092407,1.000355,0.999429,0.000011,1.000916,0.750000,0.750000,1.000000,0.000100000,0.000001113,0.066526,0.000000,0.000000,-0.003450,-0.000132,0.001633,0.750512,0.000000
157.399994,1.004326,543.967102,-0.000014,-0.001954,293.092590,1.000355,0.999429,0.000011,1.000764,0.750000,0.750000,1.000000,0.000100000,0.000001113,0.066527,0.000000,0.000000,-0.003454,-0.000132,0.001633,0.750513,0.000000
157.500000,1.004298,543.968140,-0.000014,-0.001958,293.092773,1.000355,0.999429,0.000011,1.000917,0.750000,0.750000,1.000000,0.000100000,0.000001113,0.066527,0.000000,0.000000,-0.003458,-0.000133,0.001633,0.750514,0.000000
157.599991,1.004275,543.969177,-0.000014,-0.001961,293.092957,1.000355,0.999429,0.000011,1.000764,0.750000,0.750000,1.000000,0.000100000,0.000001113,0.066527,0.000000,0.000000,-0.003461,-0.000133,0.001633,0.750515,0.000000
157.699997,1.004247,543.970154,-0.000014,-0.001965,293.093140,1.000355,0.999429,0.000011,1.000916,0.750000,0.750000,1.000000,0.000100000,0.000001113,0.066527,0.000000,0.000000,-0.003465,-0.000133,0.001633,0.750516,0.000000
157.800003,1.004224,543.971130,-0.000014,-0.001969,293.093323,1.000355,0.999429,0.000011,1.000918,0.750000,0.750000,1.000000,0.000100000,0.000001113,0.066528,0.000000,0.000000,-0.003468,-0.000133,0.001633,0.750517,0.000000
157.899994,1.004196,543.972107,-0.000014,-0.001973,293.093506,1.000355,0.999429,0.000011,1.000764,0.750000,0.750000,1.000000,0.000100000,0.000001113,0.066528,0.000000,0.000000,-0.003472,-0.000134,0.001633,0.750518,0.000000
158.000000,1.004173,543.973022,-0.000014,-0.001976,293.093689,1.000355,0.999429,0.000011,1.000914,0.750000,0.750000,1.000000,0.000100000,0.000001113,0.066528,0.000000,0.000000,-0.003475,-0.000134,0.001633,0.750519,0.000000
158.099991,1.004145,543.973877,-0.000014,-0.001979,293.093842,1.000355,0.999429,0.000011,1.000764,0.750000,0.750000,1.000000,0.000100000,0.000001113,0.066528,0.000000,0.000000,-0.003478,-0.000134,0.001633,0.750520,0.000000
158.199997,1.004122,543.974793,-0.000014,-0.001983,293.094025,1.000355,0.999428,0.000011,1.000917,0.750000,0.750000,1.000000,0.000100000,0.000001113,0.066528,0.000000,0.000000,-0.003481,-0.000134,0.001633,0.750520,0.000000
158.300003,1.004094,543.975586,-0.000014,-0.001986,293.094177,1.000355,0.999428,0.000011,1.000918,0.750000,0.750000,1.000000,0.000100000,0.000001113,0.066529,0.000000,0.000000,-0.003484,-0.000135,0.001633,0.750521,0.000000
158.399994,1.004071,543.976440,-0.000014,-0.001989,293.094330,1.000355,0.999428,0.000011,1.000764,0.750000,0.750000,1.000000,0.000100000,0.000001113,0.066529,0.000000,0.000000,-0.003487,-0.000135,0.001633,0.750522,0.000000
158.500000,1.004043,543.977234,-0.000014,-0.001992,293.094482,1.000355,0.999428,0.000011,1.000916,0.750000,0.750000,1.000000,0.000100000,0.000001113,0.066529,0.000000,0.000000,-0.003490,-0.000135,0.001633,0.750523,0.000000
158.599991,1.004019,543.977966,-0.000014,-0.001995,293.094666,1.000355,0.999428,0.000011,1.000764,0.750000,0.750000,1.000000,0.000100000,0.000001113,0.066529,0.000000,0.000000,-0.003493,-0.000135,0.001633,0.750524,0.000000
158.699997,1.003993,543.978699,-0.000014,-0.001998,293.094788,1.000355,0.999428,0.000011,1.000918,0.750000,0.750000,1.000000,0.000100000,0.000001113,0.066529,0.000000,0.000000,-0.003495,-0.000135,0.001633,0.750524,0.000000
158.800003,1.003969,543.979431,-0.000014,-0.002000,293.094940,1.000355,0.999428,0.000011,1.000916,0.750000,0.750000,1.000000,0.000100000,0.000001113,0.066529,0.000000,0.000000,-0.003498,-0.000136,0.001633,0.750525,0.000000
158.899994,1.003948,543.980103,-0.000014,-0.002003,293.095093,1.000355,0.999428,0.000011,1.000761,0.750000,0.750000,1.000000,0.000100000,0.000001113,0.066530,0.000000,0.000000,-0.003500,-0.000136,0.001633,0.750526,0.000000
159.000000,1.003921,543.980774,-0.000014,-0.002006,293.095245,1.000355,0.999428,0.000011,1.000918,0.750000,0.750000,1.000000,0.000100000,0.000001113,0.066530,0.000000,0.000000,-0.003503,-0.000136,0.001633,0.750526,0.000000
159.099991,1.003897,543.981384,-0.000014,-0.002008,293.095367,1.000355,0.999428,0.000011,1.000763,0.750000,0.750000,1.000000,0.000100000,0.000001113,0.066530,0.000000,0.000000,-0.003505,-0.000136,0.001633,0.750527,0.000000
159.199997,1.003872,543.982056,-0.000014,-0.002010,293.095520,1.000355,0.999428,0.000011,1.000917,0.750000,0.750000,1.000000,0.000100000,0.000001113,0.066530,0.000000,0.000000,-0.003507,-0.000136,0.001633,0.750528,0.000000
159.300003,1.003850,543.982605,-0.000014,-0.002013,293.095642,1.000355,0.999428,0.000011,1.000918,0.750000,0.750000,1.000000,0.000100000,0.000001113,0.066530,0.000000,0.000000,-0.003509,-0.000137,0.001633,0.750528,0.000000
159.399994,1.003826,543.983154,-0.000014,-0.002015,293.095764,1.000355,0.999428,0.000011,1.000764,0.750000,0.750000,1.000000,0.000100000,0.000001113,0.066530,0.000000,0.000000,-0.003511,-0.000137,0.001633,0.750529,0.000000
159.500000,1.003804,543.983704,-0.000014,-0.002017,293.095917,1.000355,0.999428,0.000011,1.000917,0.750000,0.750000,1.000000,0.000100000,0.000001113,0.066530,0.000000,0.000000,-0.003513,-0.000137,0.001633,0.750529,0.000000
159.599991,1.003778,543.984253,-0.000014,-0.002019,293.096039,1.000355,0.999428,0.000011,1.000765,0.750000,0.750000,1.000000,0.000100000,0.000001113,0.066530,0.000000,0.000000,-0.003515,-0.000137,0.001633,0.750530,0.000000
159.699997,1.003754,543.984741,-0.000014,-0.002021,293.096161,1.000355,0.999428,0.000011,1.000916,0.750000,0.750000,1.000000,0.000100000,0.000001113,0.066530,0.000000,0.000000,-0.003517,-0.000137,0.001634,0.750530,0.000000
159.800003,1.003734,543.985230,-0.000014,-0.002023,293.096283,1.000355,0.999428,0.000011,1.000914,0.750000,0.750000,1.000000,0.000100000,0.000001113,0.066531,0.000000,0.000000,-0.003519,-0.000138,0.001634,0.750531,0.000000
159.899994,1.003708,543.985657,-0.000014,-0.002024,293.096375,1.000355,0.999428,0.000011,1.000765,0.750000,0.750000,1.000000,0.000100000,0.000001113,0.066531,0.000000,0.000000,-0.003520,-0.000138,0.001634,0.750531,0.000000
160.000000,1.003686,543.986084,-0.000014,-0.002026,293.096497,1.000355,0.999428,0.000011,1.000916,0.750000,0.750000,1.000000,0.000100000,0.000001113,0.066531,0.000000,0.000000,-0.003522,-0.000138,0.001634,0.750532,0.000000
160.099991,1.003662,543.986511,-0.000014,-0.002028,293.096619,1.000355,0.999428,0.000011,1.000765,0.750000,0.750000,1.000000,0.000100000,0.000001113,0.066531,0.000000,0.000000,-0.003523,-0.000138,0.001634,0.750532,0.000000
160.199997,1.003642,543.986877,-0.000014,-0.002029,293.096710,1.000355,0.999428,0.000011,1.000917,0.750000,0.750000,1.000000,0.000100000,0.000001113,0.066531,0.000000,0.000000,-0.003525,-0.000138,0.001634,0.750533,0.000000
160.300003,1.003622,543.987244,-0.000014,-0.002031,293.096832,1.000355,0.999428,0.000011,1.000916,0.750000,0.750000,1.000000,0.000100000,0.000001113,0.066531,0.000000,0.000000,-0.003526,-0.000138,0.001634,0.750533,0.000000
160.399994,1.003595,543.987549,-0.000014,-0.002032,293.096924,1.000355,0.999428,0.000011,1.000765,0.750000,0.750000,1.000000,0.000100000,0.000001113,0.066531,0.000000,0.000000,-0.003527,-0.000138,0.001634,0.750533,0.000000
160.500000,1.003574,543.987915,-0.000014,-0.002033,293.097015,1.000355,0.999428,0.000011,1.000917,0.750000,0.750000,1.000000,0.000100000,0.000001113,0.066531,0.000000,0.000000,-0.003528,-0.000139,0.001634,0.750534,0.000000
160.599991,1.003550,543.988159,-0.000014,-0.002034,293.097107,1.000355,0.999428,0.000011,1.000765,0.750000,0.750000,1.000000,0.000100000,0.000001113,0.066531,0.000000,0.000000,-0.003529,-0.000139,0.001634,0.750534,0.000000
160.699997,1.003530,543.988464,-0.000014,-0.002035,293.097229,1.000355,0.999428,0.000011,1.000913,0.750000,0.750000,1.000000,0.000100000,0.000001113,0.066531,0.000000,0.000000,-0.003530,-0.000139,0.001634,0.750534,0.000000
160.800003,1.003510,543.988709,-0.000014,-0.002036,293.097321,1.000355,0.999428,0.000011,1.000917,0.750000,0.750000,1.000000,0.000100000,0.000001113,0.066531,0.000000,0.000000,-0.003531,-0.000139,0.001634,0.750535,0.000000
160.899994,1.003489,543.988953,-0.000014,-0.002037,293.097382,1.000355,0.999428,0.000011,1.000764,0.750000,0.750000,1.000000,0.000100000,0.000001113,0.066531,0.000000,0.000000,-0.003532,-0.000139,0.001634,0.750535,0.000000
161.000000,1.003465,543.989136,-0.000014,-0.002038,293.097473,1.000355,0.999428,0.000011,1.000917,0.750000,0.750000,1.000000,0.000100000,0.000001113,0.066531,0.000000,0.000000,-0.003533,-0.000139,0.001634,0.750535,0.000000
161.099991,1.003445,543.989319,-0.000014,-0.002039,293.097565,1.000355,0.999428,0.000011,1.000764,0.750000,0.750000,1.000000,0.000100000,0.000001113,0.066531,0.000000,0.000000,-0.003533,-0.000139,0.001634,0.750535,0.000000
161.199997,1.003425,543.989502,-0.000014,-0.002040,293.097656,1.000355,0.999428,0.000011,1.000917,0.750000,0.750000,1.000000,0.000100000,0.000001113,0.066531,0.000000,0.000000,-0.003534,-0.000140,0.001634,0.750535,0.000000
161.300003,1.003404,543.989685,-0.000014,-0.002040,293.097717,1.000355,0.999428,0.000011,1.000917,0.750000,0.750000,1.000000,0.000100000,0.000001113,0.066531,0.000000,0.000000,-0.003535,-0.000140,0.001634,0.750536,0.000000
161.399994,1.003384,543.989807,-0.000014,-0.002041,293.097809,1.000355,0.999428,0.000011,1.000764,0.750000,0.750000,1.000000,0.000100000,0.000001113,0.066531,0.000000,0.000000,-0.003535,-0.000140,0.001634,0.750536,0.000000
161.500000,1.003360,543.989929,-0.000014,-0.002041,293.097870,1.000355,0.999428,0.000011,1.000917,0.750000,0.750000,1.000000,0.000100000,0.000001113,0.066531,0.000000,0.000000,-0.003535,-0.000140,0.001634,0.750536,0.000000
161.599991,1.003340,543.989990,-0.000014,-0.002042,293.097961,1.000355,0.999428,0.000011,1.000761,0.750000,0.750000,1.000000,0.000100000,0.000001113,0.066531,0.000000,0.000000,-0.003536,-0.000140,0.001634,0.750536,0.000000
161.699997,1.003319,543.990112,-0.000014,-0.002042,293.098022,1.000355,0.999428,0.000011,1.000918,0.750000,0.750000,1.000000,0.000100000,0.000001113,0.066532,0.000000,0.000000,-0.003536,-0.000140,0.001634,0.750536,0.000000
161.800003,1.003299,543.990112,-0.000014,-0.002042,293.098084,1.000355,0.999428,0.000011,1.000916,0.750000,0.750000,1.000000,0.000100000,0.000001113,0.066532,0.000000,0.000000,-0.003536,-0.000140,0.001634,0.750536,0.000000
161.899994,1.003278,543.990173,-0.000014,-0.002043,293.098145,1.000355,0.999428,0.000011,1.000765,0.750000,0.750000,1.000000,0.000100000,0.000001113,0.066532,0.000000,0.000000,-0.003536,-0.000140,0.001634,0.750536,0.000000
162.000000,1.003260,543.990173,-0.000014,-0.002043,293.098206,1.000355,0.999428,0.000011,1.000917,0.750000,0.750000,1.000000,0.000100000,0.000001113,0.066532,0.000000,0.000000,-0.003536,-0.000140,0.001634,0.750536,0.000000
162.099991,1.003241,543.990173,-0.000014,-0.002043,293.098267,1.000355,0.999428,0.000011,1.000764,0.750000,0.750000,1.000000,0.000100000,0.000001113,0.066531,0.000000,0.000000,-0.003536,-0.000140,0.001634,0.750536,0.000000
162.199997,1.003221,543.990173,-0.000014,-0.002043,293.098328,1.000356,0.999428,0.000011,1.000917,0.750000,0.750000,1.000000,0.000100000,0.000001113,0.066531,0.000000,0.000000,-0.003536,-0.000140,0.001634,0.750536,0.000000
162.300003,1.003200,543.990112,-0.000014,-0.002042,293.098389,1.000356,0.999428,0.000011,1.000917,0.750000,0.750000,1.000000,0.000100000,0.000001113,0.066531,0.000000,0.000000,-0.003536,-0.000141,0.001634,0.750536,0.000000
162.399994,1.003180,543.990051,-0.000014,-0.002042,293.098419,1.000356,0.999428,0.000011,1.000765,0.750000,0.750000,1.000000,0.000100000,0.000001113,0.066531,0.000000,0.000000,-0.003536,-0.000141,0.001634,0.750536,0.000000
162.500000,1.003163,543.989990,-0.000014,-0.002042,293.098480,1.000356,0.999428,0.000011,1.000914,0.750000,0.750000,1.000000,0.000100000,0.000001113,0.066531,0.000000,0.000000,-0.003536,-0.000141,0.001634,0.750536,0.000000
162.599991,1.003142,543.989929,-0.000014,-0.002042,293.098541,1.000356,0.999428,0.000011,1.000764,0.750000,0.750000,1.000000,0.000100000,0.000001113,0.066531,0.000000,0.000000,-0.003535,-0.000141,0.001634,0.750536,0.000000
162.699997,1.003122,543.989807,-0.000014,-0.002042,293.098572,1.000356,0.999428,0.000011,1.000917,0.750000,0.750000,1.000000,0.000100000,0.000001113,0.066531,0.000000,0.000000,-0.003535,-0.000141,0.001634,0.750536,0.000000
162.800003,1.003105,543.989685,-0.000014,-0.002041,293.098633,1.000356,0.999428,0.000011,1.000918,0.750000,0.750000,1.000000,0.000100000,0.000001113,0.066531,0.000000,0.000000,-0.003535,-0.000141,0.001634,0.750536,0.000000
162.899994,1.003088,543.989563,-0.000014,-0.002041,293.098663,1.000356,0.999428,0.000011,1.000764,0.750000,0.750000,1.000000,0.000100000,0.000001113,0.066531,0.000000,0.000000,-0.003534,-0.000141,0.001634,0.750536,0.000000
163.000000,1.003068,543.989380,-0.000014,-0.002040,293.098694,1.000356,0.999428,0.000011,1.000917,0.750000,0.750000,1.000000,0.000100000,0.000001113,0.066531,0.000000,0.000000,-0.003533,-0.000141,0.001634,0.750536,0.000000
163.099991,1.003051,543.989197,-0.000014,-0.002040,293.098724,1.000356,0.999428,0.000011,1.000764,0.750000,0.750000,1.000000,0.000100000,0.000001113,0.066531,0.000000,0.000000,-0.003533,-0.000141,0.001634,0.750535,0.000000
163.199997,1.003030,543.989014,-0.000014,-0.002039,293.098755,1.000356,0.999428,0.000011,1.000918,0.750000,0.750000,1.000000,0.000100000,0.000001113,0.066531,0.000000,0.000000,-0.003532,-0.000141,0.001634,0.750535,0.000000
163.300003,1.003013,543.988831,-0.000014,-0.002038,293.098816,1.000356,0.999428,0.000011,1.000917,0.750000,0.750000,1.000000,0.000100000,0.000001113,0.066531,0.000000,0.000000,-0.003532,-0.000141,0.001634,0.750535,0.000000
163.399994,1.002993,543.988586,-0.000014,-0.002038,293.098846,1.000356,0.999428,0.000011,1.000760,0.750000,0.750000,1.000000,0.000100000,0.000001113,0.066531,0.000000,0.000000,-0.003531,-0.000141,0.001634,0.750535,0.000000
163.500000,1.002979,543.988342,-0.000014,-0.002036,293.098846,1.000356,0.999428,0.000011,1.000917,0.750000,0.750000,1.000000,0.000100000,0.000001113,0.066531,0.000000,0.000000,-0.003530,-0.000141,0.001635,0.750535,0.000000
163.599991,1.002959,543.988098,-0.000014,-0.002036,293.098877,1.000356,0.999428,0.000011,1.000765,0.750000,0.750000,1.000000,0.000100000,0.000001113,0.066531,0.000000,0.000000,-0.003529,-0.000141,0.001635,0.750534,0.000000
163.699997,1.002942,543.987854,-0.000014,-0.002035,293.098907,1.000356,0.999428,0.000011,1.000917,0.750000,0.750000,1.000000,0.000100000,0.000001113,0.066531,0.000000,0.000000,-0.003528,-0.000141,0.001635,0.750534,0.000000
163.800003,1.002925,543.987549,-0.000014,-0.002034,293.098938,1.000356,0.999428,0.000011,1.000917,0.750000,0.750000,1.000000,0.000100000,0.000001113,0.066531,0.000000,0.000000,-0.003527,-0.000141,0.001635,0.750534,0.000000
163.899994,1.002908,543.987244,-0.000014,-0.002033,293.098938,1.000356,0.999428,0.000011,1.000764,0.750000,0.750000,1.000000,0.000100000,0.000001113,0.066531,0.000000,0.000000,-0.003526,-0.000141,0.001635,0.750534,0.000000
164.000000,1.002888,543.986939,-0.000014,-0.002032,293.098969,1.000356,0.999428,0.000011,1.000917,0.750000,0.750000,1.000000,0.000100000,0.000001113,0.066531,0.000000,0.000000,-0.003525,-0.000141,0.001635,0.750533,0.000000
164.099991,1.002874,543.986572,-0.000014,-0.002030,293.098999,1.000356,0.999428,0.000011,1.000765,0.750000,0.750000,1.000000,0.000100000,0.000001113,0.066530,0.000000,0.000000,-0.003523,-0.000141,0.001635,0.750533,0.000000
164.199997,1.002857,543.986267,-0.000014,-0.002029,293.098999,1.000356,0.999428,0.000011,1.000917,0.750000,0.750000,1.000000,0.000100000,0.000001113,0.066530,0.000000,0.000000,-0.003522,-0.000141,0.001635,0.750533,0.000000
164.300003,1.002837,543.985901,-0.000014,-0.002028,293.098999,1.000356,0.999428,0.000011,1.000913,0.750000,0.750000,1.000000,0.000100000,0.000001113,0.066530,0.000000,0.000000,-0.003521,-0.000141,0.001635,0.750532,0.000000
164.399994,1.002823,543.985535,-0.000014,-0.002027,293.099030,1.000356,0.999428,0.000011,1.000765,0.750000,0.750000,1.000000,0.000100000,0.000001113,0.066530,0.000000,0.000000,-0.003520,-0.000141,0.001635,0.750532,0.000000
164.500000,1.002806,543.985107,-0.000014,-0.002025,293.099030,1.000356,0.999428,0.000011,1.000917,0.750000,0.750000,1.000000,0.000100000,0.000001113,0.066530,0.000000,0.000000,-0.003518,-0.000141,0.001635,0.750532,0.000000
164.599991,1.002789,543.984741,-0.000014,-0.002024,293.099030,1.000356,0.999428,0.000011,1.000765,0.750000,0.750000,1.000000,0.000100000,0.000001113,0.066530,0.000000,0.000000,-0.003517,-0.000141,0.001635,0.750531,0.000000
164.699997,1.002773,543.984314,-0.000014,-0.002022,293.099030,1.000356,0.999428,0.000011,1.000917,0.750000,0.750000,1.000000,0.000100000,0.000001113,0.066530,0.000000,0.000000,-0.003515,-0.000141,0.001635,0.750531,0.000000
164.800003,1.002755,543.983887,-0.000014,-0.002021,293.099060,1.000356,0.999428,0.000011,1.000917,0.750000,0.750000,1.000000,0.000100000,0.000001113,0.066530,0.000000,0.000000,-0.003514,-0.000142,0.001635,0.750530,0.000000
164.899994,1.002741,543.983460,-0.000014,-0.002019,293.099060,1.000356,0.999428,0.000011,1.000764,0.750000,0.750000,1.000000,0.000100000,0.000001113,0.066530,0.000000,0.000000,-0.003512,-0.000142,0.001635,0.750530,0.000000
165.000000,1.002724,543.982971,-0.000014,-0.002017,293.099060,1.000356,0.999428,0.000011,1.000916,0.750000,0.750000,1.000000,0.000100000,0.000001113,0.066530,0.000000,0.000000,-0.003511,-0.000142,0.001635,0.750530,0.000000
165.099991,1.002711,543.982544,-0.000014,-0.002016,293.099030,1.000356,0.999428,0.000011,1.000765,0.750000,0.750000,1.000000,0.000100000,0.000001113,0.066530,0.000000,0.000000,-0.003509,-0.000141,0.001635,0.750529,0.000000
165.199997,1.002694,543.982056,-0.000014,-0.002014,293.099030,1.000356,0.999428,0.000011,1.000913,0.750000,0.750000,1.000000,0.000100000,0.000001113,0.066529,0.000000,0.000000,-0.003507,-0.000141,0.001635,0.750529,0.000000
165.300003,1.002680,543.981567,-0.000014,-0.002012,293.099030,1.000356,0.999428,0.000011,1.000918,0.750000,0.750000,1.000000,0.000100000,0.000001113,0.066529,0.000000,0.000000,-0.003506,-0.000141,0.001635,0.750528,0.000000
165.399994,1.002663,543.981079,-0.000014,-0.002010,293.099030,1.000356,0.999428,0.000011,1.000765,0.750000,0.750000,1.000000,0.000100000,0.000001113,0.066529,0.000000,0.000000,-0.003504,-0.000141,0.001635,0.750528,0.000000
165.500000,1.002650,543.980530,-0.000014,-0.002008,293.099030,1.000356,0.999428,0.000011,1.000916,0.750000,0.750000,1.000000,0.000100000,0.000001113,0.066529,0.000000,0.000000,-0.003502,-0.000141,0.001635,0.750527,0.000000
165.599991,1.002633,543.979981,-0.000014,-0.002006,293.098999,1.000356,0.999428,0.000011,1.000765,0.750000,0.750000,1.000000,0.000100000,0.000001113,0.066529,0.000000,0.000000,-0.003500,-0.000141,0.001635,0.750527,0.000000
165.699997,1.002619,543.979492,-0.000014,-0.002005,293.098999,1.000356,0.999428,0.000011,1.000916,0.750000,0.750000,1.000000,0.000100000,0.000001113,0.066529,0.000000,0.000000,-0.003498,-0.000141,0.001635,0.750526,0.000000
165.800003,1.002605,543.978882,-0.000014,-0.002003,293.098969,1.000356,0.999428,0.000011,1.000917,0.750000,0.750000,1.000000,0.000100000,0.000001113,0.066529,0.000000,0.000000,-0.003496,-0.000141,0.001635,0.750526,0.000000
165.899994,1.002589,543.978333,-0.000014,-0.002001,293.098969,1.000356,0.999428,0.000011,1.000765,0.750000,0.750000,1.000000,0.000100000,0.000001113,0.066529,0.000000,0.000000,-0.003494,-0.000141,0.001635,0.750525,0.000000
166.000000,1.002575,543.977783,-0.000014,-0.001999,293.098938,1.000356,0.999428,0.000011,1.000917,0.750000,0.750000,1.000000,0.000100000,0.000001113,0.066528,0.000000,0.000000,-0.003492,-0.000141,0.001635,0.750525,0.000000
166.099991,1.002558,543.977173,-0.000014,-0.001996,293.098938,1.000356,0.999428,0.000011,1.000761,0.750000,0.750000,1.000000,0.000100000,0.000001113,0.066528,0.000000,0.000000,-0.003490,-0.000141,0.001635,0.750524,0.000000
166.199997,1.002544,543.976563,-0.000014,-0.001994,293.098907,1.000356,0.999428,0.000011,1.000917,0.750000,0.750000,1.000000,0.000100000,0.000001113,0.066528,0.000000,0.000000,-0.003488,-0.000141,0.001635,0.750523,0.000000
166.300003,1.002533,543.975952,-0.000014,-0.001992,293.098877,1.000356,0.999428,0.000011,1.000917,0.750000,0.750000,1.000000,0.000100000,0.000001113,0.066528,0.000000,0.000000,-0.003486,-0.000141,0.001635,0.750523,0.000000
166.399994,1.002517,543.975342,-0.000014,-0.001990,293.098846,1.000356,0.999428,0.000011,1.000764,0.750000,0.750000,1.000000,0.000100000,0.000001113,0.066528,0.000000,0.000000,-0.003483,-0.000141,0.001635,0.750522,0.000000
166.500000,1.002504,543.974731,-0.000014,-0.001987,293.098846,1.000356,0.999428,0.000011,1.000918,0.750000,0.750000,1.000000,0.000100000,0.000001113,0.066528,0.000000,0.000000,-0.003481,-0.000141,0.001635,0.750522,0.000000
166.599991,1.002490,543.974060,-0.000014,-0.001985,293.098816,1.000356,0.999428,0.000011,1.000764,0.750000,0.750000,1.000000,0.000100000,0.000001113,0.066528,0.000000,0.000000,-0.003479,-0.000141,0.001635,0.750521,0.000000
166.699997,1.002476,543.973450,-0.000014,-0.001983,293.098785,1.000356,0.999428,0.000011,1.000916,0.750000,0.750000,1.000000,0.000100000,0.000001113,0.066527,0.000000,0.000000,-0.003477,-0.000141,0.001635,0.750520,0.000000
166.800003,1.002463,543.972778,-0.000014,-0.001980,293.098755,1.000356,0.999428,0.000011,1.000918,0.750000,0.750000,1.000000,0.000100000,0.000001113,0.066527,0.000000,0.000000,-0.003474,-0.000141,0.001635,0.750520,0.000000
166.899994,1.002449,543.972107,-0.000014,-0.001978,293.098724,1.000356,0.999428,0.000011,1.000764,0.750000,0.750000,1.000000,0.000100000,0.000001113,0.066527,0.000000,0.000000,-0.003472,-0.000141,0.001635,0.750519,0.000000
167.000000,1.002439,543.971436,-0.000014,-0.001975,293.098694,1.000356,0.999428,0.000011,1.000913,0.750000,0.750000,1.000000,0.000100000,0.000001113,0.066527,0.000000,0.000000,-0.003469,-0.000141,0.001635,0.750519,0.000000
167.099991,1.002422,543.970703,-0.000014,-0.001973,293.098663,1.000356,0.999428,0.000011,1.000765,0.750000,0.750000,1.000000,0.000100000,0.000001113,0.066527,0.000000,0.000000,-0.003467,-0.000141,0.001635,0.750518,0.000000
167.199997,1.002410,543.970032,-0.000014,-0.001970,293.098602,1.000356,0.999428,0.000011,1.000917,0.750000,0.750000,1.000000,0.000100000,0.000001113,0.066527,0.000000,0.000000,-0.003464,-0.000141,0.001635,0.750517,0.000000
167.300003,1.002398,543.969299,-0.000014,-0.001968,293.098572,1.000356,0.999428,0.000011,1.000917,0.750000,0.750000,1.000000,0.000100000,0.000001113,0.066527,0.000000,0.000000,-0.003462,-0.000141,0.001635,0.750516,0.000000
167.399994,1.002385,543.968567,-0.000014,-0.001965,293.098541,1.000356,0.999428,0.000011,1.000764,0.750000,0.750000,1.000000,0.000100000,0.000001113,0.066526,0.000000,0.000000,-0.003459,-0.000141,0.001635,0.750516,0.000000
167.500000,1.002371,543.967835,-0.000014,-0.001962,293.098511,1.000356,0.999428,0.000011,1.000916,0.750000,0.750000,1.000000,0.000100000,0.000001113,0.066526,0.000000,0.000000,-0.003457,-0.000141,0.001635,0.750515,0.000000
167.599991,1.002358,543.967102,-0.000014,-0.001959,293.098450,1.000356,0.999428,0.000011,1.000765,0.750000,0.750000,1.000000,0.000100000,0.000001113,0.066526,0.000000,0.000000,-0.003454,-0.000141,0.001635,0.750514,0.000000
167.699997,1.002347,543.966370,-0.000014,-0.001957,293.098419,1.000356,0.999428,0.000011,1.000917,0.750000,0.750000,1.000000,0.000100000,0.000001113,0.066526,0.000000,0.000000,-0.003451,-0.000141,0.001635,0.750514,0.000000
167.800003,1.002337,543.965576,-0.000014,-0.001954,293.098358,1.000356,0.999428,0.000011,1.000917,0.750000,0.750000,1.000000,0.000100000,0.000001113,0.066526,0.000000,0.000000,-0.003448,-0.000141,0.001635,0.750513,0.000000
167.899994,1.002324,543.964844,-0.000014,-0.001951,293.098328,1.000356,0.999428,0.000011,1.000761,0.750000,0.750000,1.000000,0.000100000,0.000001113,0.066526,0.000000,0.000000,-0.003446,-0.000140,0.001635,0.750512,0.000000
168.000000,1.002313,543.964050,-0.000014,-0.001948,293.098267,1.000356,0.999428,0.000011,1.000917,0.750000,0.750000,1.000000,0.000100000,0.000001113,0.066525,0.000000,0.000000,-0.003443,-0.000140,0.001635,0.750511,0.000000
168.099991,1.002300,543.963257,-0.000014,-0.001945,293.098236,1.000356,0.999428,0.000011,1.000765,0.750000,0.750000,1.000000,0.000100000,0.000001113,0.066525,0.000000,0.000000,-0.003440,-0.000140,0.001635,0.750511,0.000000
168.199997,1.002286,543.962463,-0.000014,-0.001942,293.098175,1.000356,0.999428,0.000011,1.000917,0.750000,0.750000,1.000000,0.000100000,0.000001113,0.066525,0.000000,0.000000,-0.003437,-0.000140,0.001635,0.750510,0.000000
168.300003,1.002276,543.961670,-0.000014,-0.001940,293.098145,1.000356,0.999428,0.000011,1.000917,0.750000,0.750000,1.000000,0.000100000,0.000001113,0.066525,0.000000,0.000000,-0.003435,-0.000140,0.001635,0.750509,0.000000
168.399994,1.002266,543.960876,-0.000014,-0.001937,293.098084,1.000356,0.999428,0.000011,1.000764,0.750000,0.750000,1.000000,0.000100000,0.000001113,0.066525,0.000000,0.000000,-0.003432,-0.000140,0.001635,0.750508,0.000000
168.500000,1.002252,543.960083,-0.000014,-0.001934,293.098022,1.000356,0.999428,0.000011,1.000917,0.750000,0.750000,1.000000,0.000100000,0.000001113,0.066524,0.000000,0.000000,-0.003429,-0.000140,0.001635,0.750508,0.000000
168.599991,1.002242,543.959229,-0.000014,-0.001931,293.097961,1.000356,0.999428,0.000011,1.000764,0.750000,0.750000,1.000000,0.000100000,0.000001113,0.066524,0.000000,0.000000,-0.003426,-0.000140,0.001635,0.750507,0.000000
168.699997,1.002232,543.958435,-0.000013,-0.001928,293.097931,1.000356,0.999428,0.000011,1.000916,0.750000,0.750000,1.000000,0.000100000,0.000001113,0.066524,0.000000,0.000000,-0.003423,-0.000140,0.001635,0.750506,0.000000
168.800003,1.002222,543.957581,-0.000013,-0.001925,293.097870,1.000356,0.999428,0.000011,1.000915,0.750000,0.750000,1.000000,0.000100000,0.000001113,0.066524,0.000000,0.000000,-0.003420,-0.000140,0.001635,0.750505,0.000000
168.899994,1.002208,543.956726,-0.000013,-0.001921,293.097809,1.000356,0.999428,0.000011,1.000764,0.750000,0.750000,1.000000,0.000100000,0.000001113,0.066524,0.000000,0.000000,-0.003417,-0.000140,0.001635,0.750504,0.000000
169.000000,1.002198,543.955872,-0.000013,-0.001918,293.097748,1.000356,0.999428,0.000011,1.000918,0.750000,0.750000,1.000000,0.000100000,0.000001113,0.066524,0.000000,0.000000,-0.003414,-0.000140,0.001635,0.750503,0.000000
169.099991,1.002187,543.955017,-0.000013,-0.001915,293.097687,1.000356,0.999428,0.000011,1.000764,0.750000,0.750000,1.000000,0.000100000,0.000001113,0.066523,0.000000,0.000000,-0.003411,-0.000140,0.001635,0.750503,0.000000
169.199997,1.002175,543.954163,-0.000013,-0.001912,293.097626,1.000356,0.999428,0.000011,1.000917,0.750000,0.750000,1.000000,0.000100000,0.000001113,0.066523,0.000000,0.000000,-0.003408,-0.000139,0.001635,0.750502,0.000000
169.300003,1.002164,543.953247,-0.000013,-0.001908,293.097565,1.000356,0.999428,0.000011,1.000917,0.750000,0.750000,1.000000,0.000100000,0.000001113,0.066523,0.000000,0.000000,-0.003404,-0.000139,0.001635,0.750501,0.000000
169.399994,1.002155,543.952393,-0.000013,-0.001905,293.097504,1.000356,0.999428,0.000011,1.000764,0.750000,0.750000,1.000000,0.000100000,0.000001113,0.066523,0.000000,0.000000,-0.003401,-0.000139,0.001635,0.750500,0.000000
169.500000,1.002145,543.951538,-0.000013,-0.001902,293.097443,1.000356,0.999428,0.000011,1.000917,0.750000,0.750000,1.000000,0.000100000,0.000001113,0.066523,0.000000,0.000000,-0.003398,-0.000139,0.001635,0.750499,0.000000
169.599991,1.002137,543.950623,-0.000013,-0.001899,293.097382,1.000356,0.999428,0.000011,1.000764,0.750000,0.750000,1.000000,0.000100000,0.000001113,0.066522,0.000000,0.000000,-0.003395,-0.000139,0.001635,0.750498,0.000000
169.699997,1.002126,543.949707,-0.000013,-0.001895,293.097321,1.000356,0.999428,0.000011,1.000914,0.750000,0.750000,1.000000,0.000100000,0.000001113,0.066522,0.000000,0.000000,-0.003392,-0.000139,0.001635,0.750498,0.000000
169.800003,1.002116,543.948792,-0.000013,-0.001892,293.097260,1.000356,0.999428,0.000011,1.000917,0.750000,0.750000,1.000000,0.000100000,0.000001113,0.066522,0.000000,0.000000,-0.003389,-0.000139,0.001635,0.750497,0.000000
169.899994,1.002106,543.947876,-0.000013,-0.001889,293.097168,1.000356,0.999428,0.000011,1.000764,0.750000,0.750000,1.000000,0.000100000,0.000001113,0.066522,0.000000,0.000000,-0.003385,-0.000139,0.001635,0.750496,0.000000
170.000000,1.002096,543.946960,-0.000013,-0.001885,293.097107,1.000356,0.999428,0.000011,1.000918,0.750000,0.750000,1.000000,0.000100000,0.000001113,0.066522,0.000000,0.000000,-0.003382,-0.000139,0.001635,0.750495,0.000000
170.099991,1.002086,543.946045,-0.000013,-0.001882,293.097046,1.000356,0.999428,0.000011,1.000764,0.750000,0.750000,1.000000,0.000100000,0.000001113,0.066521,0.000000,0.000000,-0.003379,-0.000139,0.001635,0.750494,0.000000
170.199997,1.002075,543.945129,-0.000013,-0.001879,293.096985,1.000356,0.999428,0.000011,1.000917,0.750000,0.750000,1.000000,0.000100000,0.000001113,0.066521,0.000000,0.000000,-0.003375,-0.000139,0.001635,0.750493,0.000000
170.300003,1.002069,543.944214,-0.000013,-0.001875,293.096893,1.000356,0.999428,0.000011,1.000918,0.750000,0.750000,1.000000,0.000100000,0.000001113,0.066521,0.000000,0.000000,-0.003372,-0.000138,0.001635,0.750492,0.000000
170.399994,1.002059,543.943237,-0.000013,-0.001872,293.096832,1.000356,0.999428,0.000011,1.000764,0.750000,0.750000,1.000000,0.000100000,0.000001113,0.066521,0.000000,0.000000,-0.003369,-0.000138,0.001635,0.750491,0.000000
170.500000,1.002048,543.942322,-0.000013,-0.001868,293.096741,1.000356,0.999428,0.000011,1.000917,0.750000,0.750000,1.000000,0.000100000,0.000001113,0.066521,0.000000,0.000000,-0.003365,-0.000138,0.001635,0.750490,0.000000
170.599991,1.002038,543.941345,-0.000013,-0.001865,293.096680,1.000356,0.999428,0.000011,1.000761,0.750000,0.750000,1.000000,0.000100000,0.000001113,0.066520,0.000000,0.000000,-0.003362,-0.000138,0.001635,0.750490,0.000000
170.699997,1.002031,543.940430,-0.000013,-0.001861,293.096619,1.000356,0.999428,0.000011,1.000917,0.750000,0.750000,1.000000,0.000100000,0.000001113,0.066520,0.000000,0.000000,-0.003359,-0.000138,0.001636,0.750489,0.000000
170.800003,1.002021,543.939453,-0.000013,-0.001858,293.096527,1.000356,0.999428,0.000011,1.000917,0.750000,0.750000,1.000000,0.000100000,0.000001113,0.066520,0.000000,0.000000,-0.003355,-0.000138,0.001636,0.750488,0.000000
170.899994,1.002011,543.938477,-0.000013,-0.001854,293.096466,1.000356,0.999428,0.000011,1.000763,0.750000,0.750000,1.000000,0.000100000,0.000001113,0.066520,0.000000,0.000000,-0.003352,-0.000138,0.001636,0.750487,0.000000
171.000000,1.002004,543.937500,-0.000013,-0.001850,293.096375,1.000356,0.999428,0.000011,1.000918,0.750000,0.750000,1.000000,0.000100000,0.000001113,0.066520,0.000000,0.000000,-0.003348,-0.000138,0.001636,0.750486,0.000000
171.099991,1.001994,543.936523,-0.000013,-0.001847,293.096313,1.000356,0.999428,0.000011,1.000764,0.750000,0.750000,1.000000,0.000100000,0.000001113,0.066519,0.000000,0.000000,-0.003345,-0.000138,0.001636,0.750485,0.000000
171.199997,1.001987,543.935547,-0.000013,-0.001843,293.096222,1.000356,0.999428,0.000011,1.000916,0.750000,0.750000,1.000000,0.000100000,0.000001113,0.066519,0.000000,0.000000,-0.003341,-0.000137,0.001636,0.750484,0.000000
171.300003,1.001978,543.934570,-0.000013,-0.001840,293.096130,1.000356,0.999428,0.000011,1.000918,0.750000,0.750000,1.000000,0.000100000,0.000001113,0.066519,0.000000,0.000000,-0.003338,-0.000137,0.001636,0.750483,0.000000
171.399994,1.001970,543.933594,-0.000013,-0.001836,293.096069,1.000356,0.999428,0.000011,1.000765,0.750000,0.750000,1.000000,0.000100000,0.000001113,0.066519,0.000000,0.000000,-0.003334,-0.000137,0.001636,0.750482,0.000000
171.500000,1.001963,543.932617,-0.000013,-0.001832,293.095978,1.000356,0.999428,0.000011,1.000913,0.750000,0.750000,1.000000,0.000100000,0.000001113,0.066519,0.000000,0.000000,-0.003331,-0.000137,0.001636,0.750481,0.000000
171.599991,1.001957,543.931580,-0.000013,-0.001828,293.095886,1.000356,0.999428,0.000011,1.000765,0.750000,0.750000,1.000000,0.000100000,0.000001113,0.066518,0.000000,0.000000,-0.003327,-0.000137,0.001636,0.750480,0.000000
171.699997,1.001946,543.930603,-0.000013,-0.001825,293.095825,1.000356,0.999428,0.000011,1.000916,0.750000,0.750000,1.000000,0.000100000,0.000001113,0.066518,0.000000,0.000000,-0.003324,-0.000137,0.001636,0.750479,0.000000
171.800003,1.001940,543.929565,-0.000013,-0.001821,293.095734,1.000356,0.999428,0.000011,1.000917,0.750000,0.750000,1.000000,0.000100000,0.000001113,0.066518,0.000000,0.000000,-0.003320,-0.000137,0.001636,0.750478,0.000000
171.899994,1.001932,543.928589,-0.000013,-0.001817,293.095642,1.000356,0.999428,0.000011,1.000765,0.750000,0.750000,1.000000,0.000100000,0.000001113,0.066518,0.000000,0.000000,-0.003316,-0.000137,0.001636,0.750477,0.000000
172.000000,1.001923,543.927551,-0.000013,-0.001814,293.095551,1.000356,0.999428,0.000011,1.000917,0.750000,0.750000,1.000000,0.000100000,0.000001113,0.066518,0.000000,0.000000,-0.003313,-0.000137,0.001636,0.750476,0.000000
172.099991,1.001916,543.926575,-0.000013,-0.001810,293.095490,1.000356,0.999428,0.000011,1.000763,0.750000,0.750000,1.000000,0.000100000,0.000001113,0.066517,0.000000,0.000000,-0.003309,-0.000136,0.001636,0.750475,0.000000
172.199997,1.001907,543.925537,-0.000013,-0.001806,293.095398,1.000356,0.999428,0.000011,1.000918,0.750000,0.750000,1.000000,0.000100000,0.000001113,0.066517,0.000000,0.000000,-0.003305,-0.000136,0.001636,0.750474,0.000000
172.300003,1.001899,543.924500,-0.000013,-0.001802,293.095306,1.000356,0.999428,0.000011,1.000917,0.750000,0.750000,1.000000,0.000100000,0.000001113,0.066517,0.000000,0.000000,-0.003302,-0.000136,0.001636,0.750473,0.000000
172.399994,1.001892,543.923462,-0.000013,-0.001799,293.095215,1.000356,0.999428,0.000011,1.000760,0.750000,0.750000,1.000000,0.000100000,0.000001113,0.066517,0.000000,0.000000,-0.003298,-0.000136,0.001636,0.750472,0.000000
172.500000,1.001886,543.922424,-0.000013,-0.001795,293.095123,1.000356,0.999428,0.000011,1.000918,0.750000,0.750000,1.000000,0.000100000,0.000001113,0.066517,0.000000,0.000000,-0.003294,-0.000136,0.001636,0.750471,0.000000
172.599991,1.001879,543.921448,-0.000013,-0.001791,293.095032,1.000356,0.999428,0.000011,1.000764,0.750000,0.750000,1.000000,0.000100000,0.000001113,0.066516,0.000000,0.000000,-0.003291,-0.000136,0.001636,0.750470,0.000000
172.699997,1.001872,543.920410,-0.000013,-0.001787,293.094940,1.000356,0.999428,0.000011,1.000917,0.750000,0.750000,1.000000,0.000100000,0.000001113,0.066516,0.000000,0.000000,-0.003287,-0.000136,0.001636,0.750469,0.000000
172.800003,1.001865,543.919373,-0.000012,-0.001783,293.094849,1.000356,0.999428,0.000011,1.000917,0.750000,0.750000,1.000000,0.000100000,0.000001113,0.066516,0.000000,0.000000,-0.003283,-0.000135,0.001636,0.750468,0.000000
172.899994,1.001858,543.918274,-0.000012,-0.001779,293.094788,1.000356,0.999428,0.000011,1.000764,0.750000,0.750000,1.000000,0.000100000,0.000001113,0.066516,0.000000,0.000000,-0.003280,-0.000135,0.001636,0.750467,0.000000
173.000000,1.001851,543.917236,-0.000012,-0.001775,293.094696,1.000356,0.999428,0.000011,1.000917,0.750000,0.750000,1.000000,0.000100000,0.000001113,0.066515,0.000000,0.000000,-0.003276,-0.000135,0.001636,0.750466,0.000000
173.099991,1.001845,543.916199,-0.000012,-0.001772,293.094604,1.000356,0.999428,0.000011,1.000765,0.750000,0.750000,1.000000,0.000100000,0.000001113,0.066515,0.000000,0.000000,-0.003272,-0.000135,0.001636,0.750465,0.000000
173.199997,1.001838,543.915161,-0.000012,-0.001768,293.094513,1.000356,0.999428,0.000011,1.000917,0.750000,0.750000,1.000000,0.000100000,0.000001113,0.066515,0.000000,0.000000,-0.003268,-0.000135,0.001636,0.750464,0.000000
173.300003,1.001831,543.914124,-0.000012,-0.001764,293.094391,1.000356,0.999428,0.000011,1.000913,0.750000,0.750000,1.000000,0.000100000,0.000001113,0.066515,0.000000,0.000000,-0.003265,-0.000135,0.001636,0.750463,0.000000
173.399994,1.001827,543.913086,-0.000012,-0.001760,293.094299,1.000356,0.999428,0.000011,1.000765,0.750000,0.750000,1.000000,0.000100000,0.000001113,0.066515,0.000000,0.000000,-0.003261,-0.000135,0.001636,0.750462,0.000000
173.500000,1.001820,543.911987,-0.000012,-0.001756,293.094208,1.000356,0.999428,0.000011,1.000918,0.750000,0.750000,1.000000,0.000100000,0.000001113,0.066514,0.000000,0.000000,-0.003257,-0.000135,0.001636,0.750461,0.000000
173.599991,1.001814,543.910950,-0.000012,-0.001752,293.094116,1.000356,0.999428,0.000011,1.000763,0.750000,0.750000,1.000000,0.000100000,0.000001113,0.066514,0.000000,0.000000,-0.003253,-0.000134,0.001636,0.750460,0.000000
173.699997,1.001807,543.909851,-0.000012,-0.001748,293.094025,1.000356,0.999428,0.000011,1.000918,0.750000,0.750000,1.000000,0.000100000,0.000001113,0.066514,0.000000,0.000000,-0.003249,-0.000134,0.001636,0.750459,0.000000
173.800003,1.001800,543.908814,-0.000012,-0.001744,293.093933,1.000356,0.999428,0.000011,1.000917,0.750000,0.750000,1.000000,0.000100000,0.000001113,0.066514,0.000000,0.000000,-0.003246,-0.000134,0.001636,0.750458,0.000000
173.899994,1.001794,543.907776,-0.000012,-0.001740,293.093842,1.000356,0.999428,0.000011,1.000764,0.750000,0.750000,1.000000,0.000100000,0.000001113,0.066514,0.000000,0.000000,-0.003242,-0.000134,0.001636,0.750457,0.000000
174.000000,1.001790,543.906677,-0.000012,-0.001736,293.093750,1.000356,0.999428,0.000011,1.000917,0.750000,0.750000,1.000000,0.000100000,0.000001113,0.066513,0.000000,0.000000,-0.003238,-0.000134,0.001636,0.750456,0.000000
174.099991,1.001783,543.905640,-0.000012,-0.001733,293.093658,1.000356,0.999428,0.000011,1.000765,0.750000,0.750000,1.000000,0.000100000,0.000001113,0.066513,0.000000,0.000000,-0.003234,-0.000134,0.001636,0.750455,0.000000
174.199997,1.001777,543.904541,-0.000012,-0.001728,293.093536,1.000356,0.999428,0.000011,1.000914,0.750000,0.750000,1.000000,0.000100000,0.000001113,0.066513,0.000000,0.000000,-0.003231,-0.000134,0.001636,0.750454,0.000000
174.300003,1.001770,543.903442,-0.000012,-0.001724,293.093445,1.000356,0.999428,0.000011,1.000917,0.750000,0.750000,1.000000,0.000100000,0.000001113,0.066513,0.000000,0.000000,-0.003227,-0.000133,0.001636,0.750453,0.000000
174.399994,1.001766,543.902405,-0.000012,-0.001721,293.093353,1.000356,0.999428,0.000011,1.000764,0.750000,0.750000,1.000000,0.000100000,0.000001113,0.066512,0.000000,0.000000,-0.003223,-0.000133,0.001636,0.750452,0.000000
174.500000,1.001760,543.901306,-0.000012,-0.001716,293.093262,1.000356,0.999428,0.000011,1.000916,0.750000,0.750000,1.000000,0.000100000,0.000001113,0.066512,0.000000,0.000000,-0.003219,-0.000133,0.001636,0.750451,0.000000
174.599991,1.001756,543.900269,-0.000012,-0.001713,293.093170,1.000356,0.999428,0.000011,1.000765,0.750000,0.750000,1.000000,0.000100000,0.000001113,0.066512,0.000000,0.000000,-0.003215,-0.000133,0.001636,0.750450,0.000000
174.699997,1.001749,543.899170,-0.000012,-0.001709,293.093048,1.000356,0.999428,0.000011,1.000916,0.750000,0.750000,1.000000,0.000100000,0.000001113,0.066512,0.000000,0.000000,-0.003211,-0.000133,0.001636,0.750448,0.000000
174.800003,1.001743,543.898071,-0.000012,-0.001704,293.092957,1.000356,0.999428,0.000011,1.000917,0.750000,0.750000,1.000000,0.000100000,0.000001113,0.066512,0.000000,0.000000,-0.003207,-0.000133,0.001636,0.750447,0.000000
174.899994,1.001739,543.897034,-0.000012,-0.001701,293.092865,1.000356,0.999428,0.000011,1.000765,0.750000,0.750000,1.000000,0.000100000,0.000001113,0.066511,0.000000,0.000000,-0.003204,-0.000133,0.001636,0.750446,0.000000
175.000000,1.001732,543.895935,-0.000012,-0.001697,293.092773,1.000356,0.999428,0.000011,1.000916,0.750000,0.750000,1.000000,0.000100000,0.000001113,0.066511,0.000000,0.000000,-0.003200,-0.000133,0.001636,0.750445,0.000000
175.099991,1.001729,543.894836,-0.000012,-0.001692,293.092651,1.000356,0.999428,0.000011,1.000761,0.750000,0.750000,1.000000,0.000100000,0.000001113,0.066511,0.000000,0.000000,-0.003196,-0.000132,0.001636,0.750444,0.000000
175.199997,1.001726,543.893738,-0.000012,-0.001688,293.092560,1.000356,0.999428,0.000011,1.000918,0.750000,0.750000,1.000000,0.000100000,0.000001113,0.066511,0.000000,0.000000,-0.003192,-0.000132,0.001636,0.750443,0.000000
175.300003,1.001719,543.892700,-0.000012,-0.001685,293.092468,1.000356,0.999428,0.000011,1.000916,0.750000,0.750000,1.000000,0.000100000,0.000001113,0.066510,0.000000,0.000000,-0.003188,-0.000132,0.001636,0.750442,0.000000
175.399994,1.001714,543.891602,-0.000012,-0.001680,293.092346,1.000356,0.999428,0.000011,1.000765,0.750000,0.750000,1.000000,0.000100000,0.000001113,0.066510,0.000000,0.000000,-0.003184,-0.000132,0.001636,0.750441,0.000000
175.500000,1.001709,543.890503,-0.000012,-0.001676,293.092255,1.000356,0.999428,0.000011,1.000917,0.750000,0.750000,1.000000,0.000100000,0.000001113,0.066510,0.000000,0.000000,-0.003180,-0.000132,0.001636,0.750440,0.000000
175.599991,1.001705,543.889404,-0.000012,-0.001672,293.092163,1.000356,0.999428,0.000011,1.000765,0.750000,0.750000,1.000000,0.000100000,0.000001113,0.066510,0.000000,0.000000,-0.003176,-0.000132,0.001636,0.750439,0.000000
175.699997,1.001702,543.888306,-0.000012,-0.001668,293.092041,1.000356,0.999428,0.000011,1.000917,0.750000,0.750000,1.000000,0.000100000,0.000001113,0.066510,0.000000,0.000000,-0.003173,-0.000131,0.001636,0.750438,0.000000
175.800003,1.001695,543.887268,-0.000012,-0.001664,293.091949,1.000356,0.999428,0.000011,1.000917,0.750000,0.750000,1.000000,0.000100000,0.000001113,0.066509,0.000000,0.000000,-0.003169,-0.000131,0.001636,0.750437,0.000000
175.899994,1.001692,543.886169,-0.000012,-0.001660,293.091858,1.000356,0.999428,0.000011,1.000765,0.750000,0.750000,1.000000,0.000100000,0.000001113,0.066509,0.000000,0.000000,-0.003165,-0.000131,0.001636,0.750436,0.000000
176.000000,1.001685,543.885071,-0.000012,-0.001656,293.091736,1.000356,0.999428,0.000011,1.000914,0.750000,0.750000,1.000000,0.000100000,0.000001113,0.066509,0.000000,0.000000,-0.003161,-0.000131,0.001636,0.750435,0.000000
176.099991,1.001681,543.883972,-0.000012,-0.001652,293.091644,1.000356,0.999428,0.000011,1.000764,0.750000,0.750000,1.000000,0.000100000,0.000001113,0.066509,0.000000,0.000000,-0.003157,-0.000131,0.001636,0.750434,0.000000
176.199997,1.001678,543.882874,-0.000012,-0.001648,293.091522,1.000356,0.999428,0.000011,1.000918,0.750000,0.750000,1.000000,0.000100000,0.000001113,0.066508,0.000000,0.000000,-0.003153,-0.000131,0.001636,0.750433,0.000000
176.300003,1.001675,543.881775,-0.000012,-0.001644,293.091431,1.000356,0.999428,0.000011,1.000916,0.750000,0.750000,1.000000,0.000100000,0.000001113,0.066508,0.000000,0.000000,-0.003149,-0.000131,0.001636,0.750432,0.000000
176.399994,1.001671,543.880737,-0.000011,-0.001640,293.091339,1.000356,0.999428,0.000011,1.000765,0.750000,0.750000,1.000000,0.000100000,0.000001113,0.066508,0.000000,0.000000,-0.003145,-0.000130,0.001636,0.750431,0.000000
176.500000,1.001665,543.879639,-0.000011,-0.001636,293.091217,1.000356,0.999427,0.000011,1.000917,0.750000,0.750000,1.000000,0.000100000,0.000001113,0.066508,0.000000,0.000000,-0.003142,-0.000130,0.001636,0.750429,0.000000
176.599991,1.001661,543.878540,-0.000011,-0.001632,293.091125,1.000356,0.999427,0.000011,1.000765,0.750000,0.750000,1.000000,0.000100000,0.000001113,0.066508,0.000000,0.000000,-0.003138,-0.000130,0.001636,0.750428,0.000000
176.699997,1.001658,543.877441,-0.000011,-0.001628,293.091003,1.000356,0.999427,0.000011,1.000917,0.750000,0.750000,1.000000,0.000100000,0.000001113,0.066507,0.000000,0.000000,-0.003134,-0.000130,0.001636,0.750427,0.000000
176.800003,1.001654,543.876343,-0.000011,-0.001624,293.090912,1.000356,0.999427,0.000011,1.000917,0.750000,0.750000,1.000000,0.000100000,0.000001113,0.066507,0.000000,0.000000,-0.003130,-0.000130,0.001636,0.750426,0.000000
176.899994,1.001651,543.875244,-0.000011,-0.001620,293.090790,1.000356,0.999427,0.000011,1.000761,0.750000,0.750000,1.000000,0.000100000,0.000001113,0.066507,0.000000,0.000000,-0.003126,-0.000130,0.001636,0.750425,0.000000
177.000000,1.001648,543.874146,-0.000011,-0.001616,293.090698,1.000356,0.999427,0.000011,1.000918,0.750000,0.750000,1.000000,0.000100000,0.000001113,0.066507,0.000000,0.000000,-0.003122,-0.000130,0.001636,0.750424,0.000000
177.099991,1.001641,543.873108,-0.000011,-0.001612,293.090607,1.000356,0.999427,0.000011,1.000765,0.750000,0.750000,1.000000,0.000100000,0.000001113,0.066507,0.000000,0.000000,-0.003118,-0.000129,0.001636,0.750423,0.000000
177.199997,1.001637,543.872009,-0.000011,-0.001608,293.090485,1.000356,0.999427,0.000011,1.000916,0.750000,0.750000,1.000000,0.000100000,0.000001113,0.066506,0.000000,0.000000,-0.003114,-0.000129,0.001636,0.750422,0.000000
177.300003,1.001637,543.870911,-0.000011,-0.001604,293.090393,1.000356,0.999427,0.000011,1.000917,0.750000,0.750000,1.000000,0.000100000,0.000001113,0.066506,0.000000,0.000000,-0.003110,-0.000129,0.001636,0.750421,0.000000
177.399994,1.001634,543.869812,-0.000011,-0.001600,293.090271,1.000356,0.999427,0.000011,1.000764,0.750000,0.750000,1.000000,0.000100000,0.000001113,0.066506,0.000000,0.000000,-0.003106,-0.000129,0.001636,0.750420,0.000000
177.500000,1.001629,543.868713,-0.000011,-0.001595,293.090179,1.000356,0.999427,0.000011,1.000917,0.750000,0.750000,1.000000,0.000100000,0.000001113,0.066506,0.000000,0.000000,-0.003103,-0.000129,0.001636,0.750419,0.000000
177.599991,1.001624,543.867615,-0.000011,-0.001591,293.090057,1.000356,0.999427,0.000011,1.000764,0.750000,0.750000,1.000000,0.000100000,0.000001113,0.066505,0.000000,0.000000,-0.003099,-0.000129,0.001636,0.750418,0.000000
177.699997,1.001620,543.866577,-0.000011,-0.001588,293.089966,1.000356,0.999427,0.000011,1.000917,0.750000,0.750000,1.000000,0.000100000,0.000001113,0.066505,0.000000,0.000000,-0.003095,-0.000129,0.001636,0.750417,0.000000
177.800003,1.001620,543.865479,-0.000011,-0.001583,293.089844,1.000356,0.999427,0.000011,1.000914,0.750000,0.750000,1.000000,0.000100000,0.000001113,0.066505,0.000000,0.000000,-0.003091,-0.000128,0.001636,0.750416,0.000000
177.899994,1.001617,543.864380,-0.000011,-0.001579,293.089752,1.000356,0.999427,0.000011,1.000765,0.750000,0.750000,1.000000,0.000100000,0.000001113,0.066505,0.000000,0.000000,-0.003087,-0.000128,0.001636,0.750415,0.000000
178.000000,1.001614,543.863281,-0.000011,-0.001575,293.089630,1.000356,0.999427,0.000011,1.000917,0.750000,0.750000,1.000000,0.000100000,0.000001113,0.066505,0.000000,0.000000,-0.003083,-0.000128,0.001636,0.750414,0.000000
178.099991,1.001610,543.862244,-0.000011,-0.001571,293.089539,1.000356,0.999427,0.000011,1.000764,0.750000,0.750000,1.000000,0.000100000,0.000001113,0.066504,0.000000,0.000000,-0.003079,-0.000128,0.001636,0.750413,0.000000
178.199997,1.001607,543.861145,-0.000011,-0.001567,293.089417,1.000356,0.999427,0.000011,1.000918,0.750000,0.750000,1.000000,0.000100000,0.000001113,0.066504,0.000000,0.000000,-0.003076,-0.000128,0.001636,0.750411,0.000000
178.300003,1.001603,543.860046,-0.000011,-0.001563,293.089325,1.000356,0.999427,0.000011,1.000917,0.750000,0.750000,1.000000,0.000100000,0.000001113,0.066504,0.000000,0.000000,-0.003072,-0.000128,0.001636,0.750410,0.000000
178.399994,1.001600,543.858948,-0.000011,-0.001559,293.089203,1.000356,0.999427,0.000011,1.000764,0.750000,0.750000,1.000000,0.000100000,0.000001113,0.066504,0.000000,0.000000,-0.003068,-0.000127,0.001636,0.750409,0.000000
178.500000,1.001600,543.857910,-0.000011,-0.001555,293.089111,1.000356,0.999427,0.000011,1.000917,0.750000,0.750000,1.000000,0.000100000,0.000001113,0.066504,0.000000,0.000000,-0.003064,-0.000127,0.001636,0.750408,0.000000
178.599991,1.001597,543.856812,-0.000011,-0.001551,293.088989,1.000356,0.999427,0.000011,1.000764,0.750000,0.750000,1.000000,0.000100000,0.000001113,0.066503,0.000000,0.000000,-0.003060,-0.000127,0.001636,0.750407,0.000000
178.699997,1.001593,543.855713,-0.000011,-0.001547,293.088898,1.000356,0.999427,0.000011,1.000914,0.750000,0.750000,1.000000,0.000100000,0.000001113,0.066503,0.000000,0.000000,-0.003056,-0.000127,0.001636,0.750406,0.000000
178.800003,1.001590,543.854675,-0.000011,-0.001543,293.088776,1.000356,0.999427,0.000011,1.000917,0.750000,0.750000,1.000000,0.000100000,0.000001113,0.066503,0.000000,0.000000,-0.003052,-0.000127,0.001636,0.750405,0.000000
178.899994,1.001586,543.853577,-0.000011,-0.001539,293.088684,1.000356,0.999427,0.000011,1.000765,0.750000,0.750000,1.000000,0.000100000,0.000001113,0.066503,0.000000,0.000000,-0.003048,-0.000127,0.001636,0.750404,0.000000
179.000000,1.001586,543.852478,-0.000011,-0.001535,293.088562,1.000356,0.999427,0.000011,1.000916,0.750000,0.750000,1.000000,0.000100000,0.000001113,0.066502,0.000000,0.000000,-0.003045,-0.000127,0.001636,0.750403,0.000000
179.099991,1.001583,543.851440,-0.000011,-0.001531,293.088470,1.000356,0.999427,0.000011,1.000765,0.750000,0.750000,1.000000,0.000100000,0.000001113,0.066502,0.000000,0.000000,-0.003041,-0.000126,0.001636,0.750402,0.000000
179.199997,1.001580,543.850342,-0.000011,-0.001527,293.088348,1.000356,0.999427,0.000011,1.000917,0.750000,0.750000,1.000000,0.000100000,0.000001113,0.066502,0.000000,0.000000,-0.003037,-0.000126,0.001636,0.750401,0.000000
179.300003,1.001576,543.849304,-0.000011,-0.001523,293.088257,1.000356,0.999427,0.000011,1.000916,0.750000,0.750000,1.000000,0.000100000,0.000001113,0.066502,0.000000,0.000000,-0.003033,-0.000126,0.001636,0.750400,0.000000
179.399994,1.001573,543.848206,-0.000011,-0.001519,293.088135,1.000356,0.999427,0.000011,1.000765,0.750000,0.750000,1.000000,0.000100000,0.000001113,0.066502,0.000000,0.000000,-0.003029,-0.000126,0.001636,0.750399,0.000000
179.500000,1.001573,543.847168,-0.000011,-0.001515,293.088043,1.000356,0.999427,0.000011,1.000917,0.750000,0.750000,1.000000,0.000100000,0.000001113,0.066501,0.000000,0.000000,-0.003026,-0.000126,0.001636,0.750398,0.000000
179.599991,1.001570,543.846069,-0.000011,-0.001511,293.087921,1.000356,0.999427,0.000011,1.000761,0.750000,0.750000,1.000000,0.000100000,0.000001113,0.066501,0.000000,0.000000,-0.003022,-0.000126,0.001636,0.750397,0.000000
179.699997,1.001570,543.845032,-0.000011,-0.001508,293.087799,1.000356,0.999427,0.000011,1.000917,0.750000,0.750000,1.000000,0.000100000,0.000001113,0.066501,0.000000,0.000000,-0.003018,-0.000125,0.001636,0.750396,0.000000
179.800003,1.001566,543.843994,-0.000011,-0.001504,293.087708,1.000356,0.999427,0.000011,1.000916,0.750000,0.750000,1.000000,0.000100000,0.000001113,0.066501,0.000000,0.000000,-0.003014,-0.000125,0.001636,0.750395,0.000000
179.899994,1.001563,543.842896,-0.000010,-0.001500,293.087585,1.000356,0.999427,0.000011,1.000765,0.750000,0.750000,1.000000,0.000100000,0.000001113,0.066501,0.000000,0.000000,-0.003010,-0.000125,0.001636,0.750394,0.000000
180.000000,1.001563,543.841858,-0.000010,-0.001496,293.087494,1.000356,0.999427,0.000011,1.000917,0.750000,0.750000,1.000000,0.000100000,0.000001113,0.066500,0.000000,0.000000,-0.003007,-0.000125,0.001636,0.750393,0.000000
