45.099991,1.000000,543.000000,0.000000,0.000000,293.000000,1.000000,1.000000,0.000000,1.000764,0.750000,0.750000,1.000000,0.0001154.599991,1.000000,543.000000,0.000000,0.000000,293.000000,1.000000,1.000000,0.000000,1.000764,0.750000,0.750000,1.000000,0.000100000,0.000001113,0.066000,0.000000,0.000000,0.000000,0.000000,0.000000,0.750000,0.000000
154.699997,1.000000,543.000000,0.000000,0.000000,293.000000,1.000000,1.000000,0.000000,1.000917,0.750000,0.750000,1.000000,0.000100000,0.000001113,0.066000,0.000000,0.000000,0.000000,0.000000,0.000000,0.750000,0.000000
155.699997,1.000000,543.000000,0.000000,0.000000,293.000000,1.000000,1.000000,0.000000,10.008556,0.750000,0.750000,1.000000,0.001000000,0.000001113,0.066000,0.000000,0.000000,0.000000,0.000000,0.000000,0.750000,0.000000
156.699997,1.000000,543.000000,0.000000,0.000000,293.000000,1.000000,1.000000,0.000000,10.008567,0.750000,0.750000,1.000000,0.001000000,0.000001113,0.066000,0.000000,0.000000,0.000000,0.000000,0.000000,0.750000,0.000000
157.699997,1.000000,543.000000,0.000000,0.000000,293.000000,1.000000,1.000000,0.000000,10.008565,0.750000,0.750000,1.000000,0.001000000,0.000001113,0.066000,0.000000,0.000000,0.000000,0.000000,0.000000,0.750000,0.000000
158.699997,1.000000,543.000000,0.000000,0.000000,293.000000,1.000000,1.000000,0.000000,10.008559,0.750000,0.750000,1.000000,0.001000000,0.000001113,0.066000,0.000000,0.000000,0.000000,0.000000,0.000000,0.750000,0.000000
159.699997,1.000000,543.000000,0.000000,0.000000,293.000000,1.000000,1.000000,0.000000,10.008561,0.750000,0.750000,1.000000,0.001000000,0.000001113,0.066000,0.000000,0.000000,0.000000,0.000000,0.000000,0.750000,0.000000
160.699997,1.000000,543.000000,0.000000,0.000000,293.000000,1.000000,1.000000,0.000000,10.008564,0.750000,0.750000,1.000000,0.001000000,0.000001113,0.066000,0.000000,0.000000,0.000000,0.000000,0.000000,0.750000,0.000000
161.699997,1.000000,543.000000,0.000000,0.000000,293.000000,1.000000,1.000000,0.000000,10.008521,0.750000,0.750000,1.000000,0.001000000,0.000001113,0.066000,0.000000,0.000000,0.000000,0.000000,0.000000,0.750000,0.000000
162.699997,1.000000,543.000000,0.000000,0.000000,293.000000,1.000000,1.000000,0.000000,10.008556,0.750000,0.750000,1.000000,0.001000000,0.000001113,0.066000,0.000000,0.000000,0.000000,0.000000,0.000000,0.750000,0.000000
163.699997,1.000000,543.000000,0.000000,0.000000,293.000000,1.000000,1.000000,0.000000,10.008564,0.750000,0.750000,1.000000,0.001000000,0.000001113,0.066000,0.000000,0.000000,0.000000,0.000000,0.000000,0.750000,0.000000
164.699997,1.000000,543.000000,0.000000,0.000000,293.000000,1.000000,1.000000,0.000000,10.008554,0.750000,0.750000,1.000000,0.001000000,0.000001113,0.066000,0.000000,0.000000,0.000000,0.000000,0.000000,0.750000,0.000000
165.699997,1.000000,543.000000,0.000000,0.000000,293.000000,1.000000,1.000000,0.000000,10.008564,0.750000,0.750000,1.000000,0.001000000,0.000001113,0.066000,0.000000,0.000000,0.000000,0.000000,0.000000,0.750000,0.000000
166.699997,1.000000,543.000000,0.000000,0.000000,293.000000,1.000000,1.000000,0.000000,10.008562,0.750000,0.750000,1.000000,0.001000000,0.000001113,0.066000,0.000000,0.000000,0.000000,0.000000,0.000000,0.750000,0.000000
167.699997,1.000000,543.000000,0.000000,0.000000,293.000000,1.000000,1.000000,0.000000,10.008559,0.750000,0.750000,1.000000,0.001000000,0.000001113,0.066000,0.000000,0.000000,0.000000,0.000000,0.000000,0.750000,0.000000
168.699997,1.000000,543.000000,0.000000,0.000000,293.000000,1.000000,1.000000,0.000000,10.008556,0.750000,0.750000,1.000000,0.001000000,0.000001113,0.066000,0.000000,0.000000,0.000000,0.000000,0.000000,0.750000,0.000000
169.699997,1.000000,543.000000,0.000000,0.000000,293.000000,1.000000,1.000000,0.000000,10.008565,0.750000,0.750000,1.000000,0.001000000,0.000001113,0.066000,0.000000,0.000000,0.000000,0.000000,0.000000,0.750000,0.000000
170.699997,1.000000,543.000000,0.000000,0.000000,293.000000,1.000000,1.000000,0.000000,10.008525,0.750000,0.750000,1.000000,0.001000000,0.000001113,0.066000,0.000000,0.000000,0.000000,0.000000,0.000000,0.750000,0.000000
171.699997,1.000000,543.000000,0.000000,0.000000,293.000000,1.000000,1.000000,0.000000,10.008558,0.750000,0.750000,1.000000,0.001000000,0.000001113,0.066000,0.000000,0.000000,0.000000,0.000000,0.000000,0.750000,0.000000
172.699997,1.000000,543.000000,0.000000,0.000000,293.000000,1.000000,1.000000,0.000000,10.008562,0.750000,0.750000,1.000000,0.001000000,0.000001113,0.066000,0.000000,0.000000,0.000000,0.000000,0.000000,0.750000,0.000000
173.699997,1.000000,543.000000,0.000000,0.000000,293.000000,1.000000,1.000000,0.000000,10.008559,0.750000,0.750000,1.000000,0.001000000,0.000001113,0.066000,0.000000,0.000000,0.000000,0.000000,0.000000,0.750000,0.000000
174.699997,1.000000,543.000000,0.000000,0.000000,293.000000,1.000000,1.000000,0.000000,10.008556,0.750000,0.750000,1.000000,0.001000000,0.000001113,0.066000,0.000000,0.000000,0.000000,0.000000,0.000000,0.750000,0.000000
175.699997,1.000000,543.000000,0.000000,0.000000,293.000000,1.000000,1.000000,0.000000,10.008561,0.750000,0.750000,1.000000,0.001000000,0.000001113,0.066000,0.000000,0.000000,0.000000,0.000000,0.000000,0.750000,0.000000
176.699997,1.000000,543.000000,0.000000,0.000000,293.000000,1.000000,1.000000,0.000000,10.008562,0.750000,0.750000,1.000000,0.001000000,0.000001113,0.066000,0.000000,0.000000,0.000000,0.000000,0.000000,0.750000,0.000000
177.699997,1.000000,543.000000,0.000000,0.000000,293.000000,1.000000,1.000000,0.000000,10.008553,0.750000,0.750000,1.000000,0.001000000,0.000001113,0.066000,0.000000,0.000000,0.000000,0.000000,0.000000,0.750000,0.000000
178.699997,1.000000,543.000000,0.000000,0.000000,293.000000,1.000000,1.000000,0.000000,10.008557,0.750000,0.750000,1.000000,0.001000000,0.000001113,0.066000,0.000000,0.000000,0.000000,0.000000,0.000000,0.750000,0.000000
179.699997,1.000000,543.000000,0.000000,0.000000,293.000000,1.000000,1.000000,0.000000,10.008533,0.750000,0.750000,1.000000,0.001000000,0.000001113,0.066000,0.000000,0.000000,0.000000,0.000000,0.000000,0.750000,0.000000
180.699997,1.000000,543.000000,0.000000,0.000000,293.000000,1.000000,1.000000,0.000000,10.008564,0.750000,0.750000,1.000000,0.001000000,0.000001113,0.066000,0.000000,0.000000,0.000000,0.000000,0.000000,0.750000,0.000000
181.699997,1.000000,543.000000,0.000000,0.000000,293.000000,1.000000,1.000000,0.000000,10.008559,0.750000,0.750000,1.000000,0.001000000,0.000001113,0.066000,0.000000,0.000000,0.000000,0.000000,0.000000,0.750000,0.000000
182.699997,1.000000,543.000000,0.000000,0.000000,293.000000,1.000000,1.000000,0.000000,10.008553,0.750000,0.750000,1.000000,0.001000000,0.000001113,0.066000,0.000000,0.000000,0.000000,0.000000,0.000000,0.750000,0.000000
183.699997,1.000000,543.000000,0.000000,0.000000,293.000000,1.000000,1.000000,0.000000,10.008559,0.750000,0.750000,1.000000,0.001000000,0.000001113,0.066000,0.000000,0.000000,0.000000,0.000000,0.000000,0.750000,0.000000
184.699997,1.000000,543.000000,0.000000,0.000000,293.000000,1.000000,1.000000,0.000000,10.008558,0.750000,0.750000,1.000000,0.001000000,0.000001113,0.066000,0.000000,0.000000,0.000000,0.000000,0.000000,0.750000,0.000000
185.699997,1.000000,543.000000,0.000000,0.000000,293.000000,1.000000,1.000000,0.000000,10.008565,0.750000,0.750000,1.000000,0.001000000,0.000001113,0.066000,0.000000,0.000000,0.000000,0.000000,0.000000,0.750000,0.000000
186.699997,1.000000,543.000000,0.000000,0.000000,293.000000,1.000000,1.000000,0.000000,10.008558,0.750000,0.750000,1.000000,0.001000000,0.000001113,0.066000,0.000000,0.000000,0.000000,0.000000,0.000000,0.750000,0.000000
187.699997,1.000000,543.000000,0.000000,0.000000,293.000000,1.000000,1.000000,0.000000,10.008562,0.750000,0.750000,1.000000,0.001000000,0.000001113,0.066000,0.000000,0.000000,0.000000,0.000000,0.000000,0.750000,0.000000
188.699997,1.000000,543.000000,0.000000,0.000000,293.000000,1.000000,1.000000,0.000000,10.008528,0.750000,0.750000,1.000000,0.001000000,0.000001113,0.066000,0.000000,0.000000,0.000000,0.000000,0.000000,0.750000,0.000000
189.699997,1.000000,543.000000,0.000000,0.000000,293.000000,1.000000,1.000000,0.000000,10.008562,0.750000,0.750000,1.000000,0.001000000,0.000001113,0.066000,0.000000,0.000000,0.000000,0.000000,0.000000,0.750000,0.000000
190.699997,1.000000,543.000000,0.000000,0.000000,293.000000,1.000000,1.000000,0.000000,10.008555,0.750000,0.750000,1.000000,0.001000000,0.000001113,0.066000,0.000000,0.000000,0.000000,0.000000,0.000000,0.750000,0.000000
191.699997,1.000000,543.000000,0.000000,0.000000,293.000000,1.000000,1.000000,0.000000,10.008562,0.750000,0.750000,1.000000,0.001000000,0.000001113,0.066000,0.000000,0.000000,0.000000,0.000000,0.000000,0.750000,0.000000
192.699997,1.000000,543.000000,0.000000,0.000000,293.000000,1.000000,1.000000,0.000000,10.008556,0.750000,0.750000,1.000000,0.001000000,0.000001113,0.066000,0.000000,0.000000,0.000000,0.000000,0.000000,0.750000,0.000000
193.699997,1.000000,543.000000,0.000000,0.000000,293.000000,1.000000,1.000000,0.000000,10.008568,0.750000,0.750000,1.000000,0.001000000,0.000001113,0.066000,0.000000,0.000000,0.000000,0.000000,0.000000,0.750000,0.000000
194.699997,1.000000,543.000000,0.000000,0.000000,293.000000,1.000000,1.000000,0.000000,10.008550,0.750000,0.750000,1.000000,0.001000000,0.000001113,0.066000,0.000000,0.000000,0.000000,0.000000,0.000000,0.750000,0.000000
195.699997,1.000000,543.000000,0.000000,0.000000,293.000000,1.000000,1.000000,0.000000,10.008567,0.750000,0.750000,1.000000,0.001000000,0.000001113,0.066000,0.000000,0.000000,0.000000,0.000000,0.000000,0.750000,0.000000
196.699997,1.000000,543.000000,0.000000,0.000000,293.000000,1.000000,1.000000,0.000000,10.008559,0.750000,0.750000,1.000000,0.001000000,0.000001113,0.066000,0.000000,0.000000,0.000000,0.000000,0.000000,0.750000,0.000000
197.699997,1.000000,543.000000,0.000000,0.000000,293.000000,1.000000,1.000000,0.000000,10.008525,0.750000,0.750000,1.000000,0.001000000,0.000001113,0.066000,0.000000,0.000000,0.000000,0.000000,0.000000,0.750000,0.000000
198.699997,1.000000,543.000000,0.000000,0.000000,293.000000,1.000000,1.000000,0.000000,10.008556,0.750000,0.750000,1.000000,0.001000000,0.000001113,0.066000,0.000000,0.000000,0.000000,0.000000,0.000000,0.750000,0.000000
199.699997,1.000000,543.000000,0.000000,0.000000,293.000000,1.000000,1.000000,0.000000,10.008569,0.750000,0.750000,1.000000,0.001000000,0.000001113,0.066000,0.000000,0.000000,0.000000,0.000000,0.000000,0.750000,0.000000
200.699997,1.000000,543.000000,0.000000,0.000000,293.000000,1.000000,1.000000,0.000000,10.008554,0.750000,0.750000,1.000000,0.001000000,0.000001113,0.066000,0.000000,0.000000,0.000000,0.000000,0.000000,0.750000,0.000000
201.699997,1.000000,543.000000,0.000000,0.000000,293.000000,1.000000,1.000000,0.000000,10.008560,0.750000,0.750000,1.000000,0.001000000,0.000001113,0.066000,0.000000,0.000000,0.000000,0.000000,0.000000,0.750000,0.000000
202.699997,1.000000,543.000000,0.000000,0.000000,293.000000,1.000000,1.000000,0.000000,10.008556,0.750000,0.750000,1.000000,0.001000000,0.000001113,0.066000,0.000000,0.000000,0.000000,0.000000,0.000000,0.750000,0.000000
203.699997,1.000000,543.000000,0.000000,0.000000,293.000000,1.000000,1.000000,0.000000,10.008562,0.750000,0.750000,1.000000,0.001000000,0.000001113,0.066000,0.000000,0.000000,0.000000,0.000000,0.000000,0.750000,0.000000
204.699997,1.000000,543.000000,0.000000,0.000000,293.000000,1.000000,1.000000,0.000000,10.008558,0.750000,0.750000,1.000000,0.001000000,0.000001113,0.066000,0.000000,0.000000,0.000000,0.000000,0.000000,0.750000,0.000000
205.699997,1.000000,543.000000,0.000000,0.000000,293.000000,1.000000,1.000000,0.000000,10.008568,0.750000,0.750000,1.000000,0.001000000,0.000001113,0.066000,0.000000,0.000000,0.000000,0.000000,0.000000,0.750000,0.000000
206.699997,1.000000,543.000000,0.000000,0.000000,293.000000,1.000000,1.000000,0.000000,10.008525,0.750000,0.750000,1.000000,0.001000000,0.000001113,0.066000,0.000000,0.000000,0.000000,0.000000,0.000000,0.750000,0.000000
207.699997,1.000000,543.000000,0.000000,0.000000,293.000000,1.000000,1.000000,0.000000,10.008554,0.750000,0.750000,1.000000,0.001000000,0.000001113,0.066000,0.000000,0.000000,0.000000,0.000000,0.000000,0.750000,0.000000
208.699997,1.000000,543.000000,0.000000,0.000000,293.000000,1.000000,1.000000,0.000000,10.008562,0.750000,0.750000,1.000000,0.001000000,0.000001113,0.066000,0.000000,0.000000,0.000000,0.000000,0.000000,0.750000,0.000000
209.699997,1.000000,543.000000,0.000000,0.000000,293.000000,1.000000,1.000000,0.000000,10.008559,0.750000,0.750000,1.000000,0.001000000,0.000001113,0.066000,0.000000,0.000000,0.000000,0.000000,0.000000,0.750000,0.000000
210.699997,1.000000,543.000000,0.000000,0.000000,293.000000,1.000000,1.000000,0.000000,10.008560,0.750000,0.750000,1.000000,0.001000000,0.000001113,0.066000,0.000000,0.000000,0.000000,0.000000,0.000000,0.750000,0.000000
211.699997,1.000000,543.000000,0.000000,0.000000,293.000000,1.000000,1.000000,0.000000,10.008562,0.750000,0.750000,1.000000,0.001000000,0.000001113,0.066000,0.000000,0.000000,0.000000,0.000000,0.000000,0.750000,0.000000
212.699997,1.000000,543.000000,0.000000,0.000000,293.000000,1.000000,1.000000,0.000000,10.008556,0.750000,0.750000,1.000000,0.001000000,0.000001113,0.066000,0.000000,0.000000,0.000000,0.000000,0.000000,0.750000,0.000000
213.699997,1.000000,543.000000,0.000000,0.000000,293.000000,1.000000,1.000000,0.000000,10.008560,0.750000,0.750000,1.000000,0.001000000,0.000001113,0.066000,0.000000,0.000000,0.000000,0.000000,0.000000,0.750000,0.000000
214.699997,1.000000,543.000000,0.000000,0.000000,293.000000,1.000000,1.000000,0.000000,10.008565,0.750000,0.750000,1.000000,0.001000000,0.000001113,0.066000,0.000000,0.000000,0.000000,0.000000,0.000000,0.750000,0.000000
215.699997,1.000000,543.000000,0.000000,0.000000,293.000000,1.000000,1.000000,0.000000,10.008518,0.750000,0.750000,1.000000,0.001000000,0.000001113,0.066000,0.000000,0.000000,0.000000,0.000000,0.000000,0.750000,0.000000
216.699997,1.000000,543.000000,0.000000,0.000000,293.000000,1.000000,1.000000,0.000000,10.008569,0.750000,0.750000,1.000000,0.001000000,0.000001113,0.066000,0.000000,0.000000,0.000000,0.000000,0.000000,0.750000,0.000000
217.699997,1.000000,543.000000,0.000000,0.000000,293.000000,1.000000,1.000000,0.000000,10.008554,0.750000,0.750000,1.000000,0.001000000,0.000001113,0.066000,0.000000,0.000000,0.000000,0.000000,0.000000,0.750000,0.000000
218.699997,1.000000,543.000000,0.000000,0.000000,293.000000,1.000000,1.000000,0.000000,10.008557,0.750000,0.750000,1.000000,0.001000000,0.000001113,0.066000,0.000000,0.000000,0.000000,0.000000,0.000000,0.750000,0.000000
219.699997,1.000000,543.000000,0.000000,0.000000,293.000000,1.000000,1.000000,0.000000,10.008560,0.750000,0.750000,1.000000,0.001000000,0.000001113,0.066000,0.000000,0.000000,0.000000,0.000000,0.000000,0.750000,0.000000
220.699997,1.000000,543.000000,0.000000,0.000000,293.000000,1.000000,1.000000,0.000000,10.008562,0.750000,0.750000,1.000000,0.001000000,0.000001113,0.066000,0.000000,0.000000,0.000000,0.000000,0.000000,0.750000,0.000000
221.699997,1.000000,543.000000,0.000000,0.000000,293.000000,1.000000,1.000000,0.000000,10.008554,0.750000,0.750000,1.000000,0.001000000,0.000001113,0.066000,0.000000,0.000000,0.000000,0.000000,0.000000,0.750000,0.000000
222.699997,1.000000,543.000000,0.000000,0.000000,293.000000,1.000000,1.000000,0.000000,10.008562,0.750000,0.750000,1.000000,0.001000000,0.000001113,0.066000,0.000000,0.000000,0.000000,0.000000,0.000000,0.750000,0.000000
223.699997,1.000000,543.000000,0.000000,0.000000,293.000000,1.000000,1.000000,0.000000,10.008569,0.750000,0.750000,1.000000,0.001000000,0.000001113,0.066000,0.000000,0.000000,0.000000,0.000000,0.000000,0.750000,0.000000
224.699997,1.000000,543.000000,0.000000,0.000000,293.000000,1.000000,1.000000,0.000000,10.008520,0.750000,0.750000,1.000000,0.001000000,0.000001113,0.066000,0.000000,0.000000,0.000000,0.000000,0.000000,0.750000,0.000000
225.699997,1.000000,543.000000,0.000000,0.000000,293.000000,1.000000,1.000000,0.000000,10.008561,0.750000,0.750000,1.000000,0.001000000,0.000001113,0.066000,0.000000,0.000000,0.000000,0.000000,0.000000,0.750000,0.000000
226.699997,1.000000,543.000000,0.000000,0.000000,293.000000,1.000000,1.000000,0.000000,10.008563,0.750000,0.750000,1.000000,0.001000000,0.000001113,0.066000,0.000000,0.000000,0.000000,0.000000,0.000000,0.750000,0.000000
227.699997,1.000000,543.000000,0.000000,0.000000,293.000000,1.000000,1.000000,0.000000,10.008553,0.750000,0.750000,1.000000,0.001000000,0.000001113,0.066000,0.000000,0.000000,0.000000,0.000000,0.000000,0.750000,0.000000
228.699997,1.000000,543.000000,0.000000,0.000000,293.000000,1.000000,1.000000,0.000000,10.008562,0.750000,0.750000,1.000000,0.001000000,0.000001113,0.066000,0.000000,0.000000,0.000000,0.000000,0.000000,0.750000,0.000000
229.699997,1.000000,543.000000,0.000000,0.000000,293.000000,1.000000,1.000000,0.000000,10.008562,0.750000,0.750000,1.000000,0.001000000,0.000001113,0.066000,0.000000,0.000000,0.000000,0.000000,0.000000,0.750000,0.000000
230.699997,1.000000,543.000000,0.000000,0.000000,293.000000,1.000000,1.000000,0.000000,10.008559,0.750000,0.750000,1.000000,0.001000000,0.000001113,0.066000,0.000000,0.000000,0.000000,0.000000,0.000000,0.750000,0.000000
231.699997,1.000000,543.000000,0.000000,0.000000,293.000000,1.000000,1.000000,0.000000,10.008559,0.750000,0.750000,1.000000,0.001000000,0.000001113,0.066000,0.000000,0.000000,0.000000,0.000000,0.000000,0.750000,0.000000
232.699997,1.000000,543.000000,0.000000,0.000000,293.000000,1.000000,1.000000,0.000000,10.008565,0.750000,0.750000,1.000000,0.001000000,0.000001113,0.066000,0.000000,0.000000,0.000000,0.000000,0.000000,0.750000,0.000000
233.699997,1.000000,543.000000,0.000000,0.000000,293.000000,1.000000,1.000000,0.000000,10.008525,0.750000,0.750000,1.000000,0.001000000,0.000001113,0.066000,0.000000,0.000000,0.000000,0.000000,0.000000,0.750000,0.000000
234.699997,1.000000,543.000000,0.000000,0.000000,293.000000,1.000000,1.000000,0.000000,10.008563,0.750000,0.750000,1.000000,0.001000000,0.000001113,0.066000,0.000000,0.000000,0.000000,0.000000,0.000000,0.750000,0.000000
235.699997,1.000000,543.000000,0.000000,0.000000,293.000000,1.000000,1.000000,0.000000,10.008548,0.750000,0.750000,1.000000,0.001000000,0.000001113,0.066000,0.000000,0.000000,0.000000,0.000000,0.000000,0.750000,0.000000
236.699997,1.000000,543.000000,0.000000,0.000000,293.000000,1.000000,1.000000,0.000000,10.008565,0.750000,0.750000,1.000000,0.001000000,0.000001113,0.066000,0.000000,0.000000,0.000000,0.000000,0.000000,0.750000,0.000000
237.699997,1.000000,543.000000,0.000000,0.000000,293.000000,1.000000,1.000000,0.000000,10.008565,0.750000,0.750000,1.000000,0.001000000,0.000001113,0.066000,0.000000,0.000000,0.000000,0.000000,0.000000,0.750000,0.000000
238.699997,1.000000,543.000000,0.000000,0.000000,293.000000,1.000000,1.000000,0.000000,10.008554,0.750000,0.750000,1.000000,0.001000000,0.000001113,0.066000,0.000000,0.000000,0.000000,0.000000,0.000000,0.750000,0.000000
239.699997,1.000000,543.000000,0.000000,0.000000,293.000000,1.000000,1.000000,0.000000,10.008553,0.750000,0.750000,1.000000,0.001000000,0.000001113,0.066000,0.000000,0.000000,0.000000,0.000000,0.000000,0.750000,0.000000
240.699997,1.000000,543.000000,0.000000,0.000000,293.000000,1.000000,1.000000,0.000000,10.008563,0.750000,0.750000,1.000000,0.001000000,0.000001113,0.066000,0.000000,0.000000,0.000000,0.000000,0.000000,0.750000,0.000000
241.699997,1.000000,543.000000,0.000000,0.000000,293.000000,1.000000,1.000000,0.000000,10.008558,0.750000,0.750000,1.000000,0.001000000,0.000001113,0.066000,0.000000,0.000000,0.000000,0.000000,0.000000,0.750000,0.000000
242.699997,1.000000,543.000000,0.000000,0.000000,293.000000,1.000000,1.000000,0.000000,10.008529,0.750000,0.750000,1.000000,0.001000000,0.000001113,0.066000,0.000000,0.000000,0.000000,0.000000,0.000000,0.750000,0.000000
243.699997,1.000000,543.000000,0.000000,0.000000,293.000000,1.000000,1.000000,0.000000,10.008558,0.750000,0.750000,1.000000,0.001000000,0.000001113,0.066000,0.000000,0.000000,0.000000,0.000000,0.000000,0.750000,0.000000
244.699997,1.000000,543.000000,0.000000,0.000000,293.000000,1.000000,1.000000,0.000000,10.008559,0.750000,0.750000,1.000000,0.001000000,0.000001113,0.066000,0.000000,0.000000,0.000000,0.000000,0.000000,0.750000,0.000000
245.699997,1.000000,543.000000,0.000000,0.000000,293.000000,1.000000,1.000000,0.000000,10.008567,0.750000,0.750000,1.000000,0.001000000,0.000001113,0.066000,0.000000,0.000000,0.000000,0.000000,0.000000,0.750000,0.000000
246.699997,1.000000,543.000000,0.000000,0.000000,293.000000,1.000000,1.000000,0.000000,10.008562,0.750000,0.750000,1.000000,0.001000000,0.000001113,0.066000,0.000000,0.000000,0.000000,0.000000,0.000000,0.750000,0.000000
247.699997,1.000000,543.000000,0.000000,0.000000,293.000000,1.000000,1.000000,0.000000,10.008553,0.750000,0.750000,1.000000,0.001000000,0.000001113,0.066000,0.000000,0.000000,0.000000,0.000000,0.000000,0.750000,0.000000
248.699997,1.000000,543.000000,0.000000,0.000000,293.000000,1.000000,1.000000,0.000000,10.008556,0.750000,0.750000,1.000000,0.001000000,0.000001113,0.066000,0.000000,0.000000,0.000000,0.000000,0.000000,0.750000,0.000000
249.699997,1.000000,543.000000,0.000000,0.000000,293.000000,1.000000,1.000000,0.000000,10.008569,0.750000,0.750000,1.000000,0.001000000,0.000001113,0.066000,0.000000,0.000000,0.000000,0.000000,0.000000,0.750000,0.000000
250.699997,1.000000,543.000000,0.000000,0.000000,293.000000,1.000000,1.000000,0.000000,10.008560,0.750000,0.750000,1.000000,0.001000000,0.000001113,0.066000,0.000000,0.000000,0.000000,0.000000,0.000000,0.750000,0.000000
251.699997,1.000000,543.000000,0.000000,0.000000,293.000000,1.000000,1.000000,0.000000,10.008517,0.750000,0.750000,1.000000,0.001000000,0.000001113,0.066000,0.000000,0.000000,0.000000,0.000000,0.000000,0.750000,0.000000
252.699997,1.000000,543.000000,0.000000,0.000000,293.000000,1.000000,1.000000,0.000000,10.008562,0.750000,0.750000,1.000000,0.001000000,0.000001113,0.066000,0.000000,0.000000,0.000000,0.000000,0.000000,0.750000,0.000000
253.699982,1.000000,543.000000,0.000000,0.000000,293.000000,1.000000,1.000000,0.000000,10.008407,0.750000,0.750000,1.000000,0.001000000,0.000001113,0.066000,0.000000,0.000000,0.000000,0.000000,0.000000,0.750000,0.000000
254.699982,1.000000,543.000000,0.000000,0.000000,293.000000,1.000000,1.000000,0.000000,10.008560,0.750000,0.750000,1.000000,0.001000000,0.000001113,0.066000,0.000000,0.000000,0.000000,0.000000,0.000000,0.750000,0.000000
255.699982,1.000000,543.000000,0.000000,0.000000,293.000000,1.000000,1.000000,0.000000,10.008565,0.750000,0.750000,1.000000,0.001000000,0.000001113,0.066000,0.000000,0.000000,0.000000,0.000000,0.000000,0.750000,0.000000
256.699982,1.000000,543.000000,0.000000,0.000000,293.000000,1.000000,1.000000,0.000000,10.008560,0.750000,0.750000,1.000000,0.001000000,0.000001113,0.066000,0.000000,0.000000,0.000000,0.000000,0.000000,0.750000,0.000000
257.699982,1.000000,543.000000,0.000000,0.000000,293.000000,1.000000,1.000000,0.000000,10.008553,0.750000,0.750000,1.000000,0.001000000,0.000001113,0.066000,0.000000,0.000000,0.000000,0.000000,0.000000,0.750000,0.000000
258.699982,1.000000,543.000000,0.000000,0.000000,293.000000,1.000000,1.000000,0.000000,10.008569,0.750000,0.750000,1.000000,0.001000000,0.000001113,0.066000,0.000000,0.000000,0.000000,0.000000,0.000000,0.750000,0.000000
259.699982,1.000000,543.000000,0.000000,0.000000,293.000000,1.000000,1.000000,0.000000,10.008553,0.750000,0.750000,1.000000,0.001000000,0.000001113,0.066000,0.000000,0.000000,0.000000,0.000000,0.000000,0.750000,0.000000
260.699982,1.000000,543.000000,0.000000,0.000000,293.000000,1.000000,1.000000,0.000000,10.008531,0.750000,0.750000,1.000000,0.001000000,0.000001113,0.066000,0.000000,0.000000,0.000000,0.000000,0.000000,0.750000,0.000000
261.699982,1.000000,543.000000,0.000000,0.000000,293.000000,1.000000,1.000000,0.000000,10.008562,0.750000,0.750000,1.000000,0.001000000,0.000001113,0.066000,0.000000,0.000000,0.000000,0.000000,0.000000,0.750000,0.000000
262.699982,1.000000,543.000000,0.000000,0.000000,293.000000,1.000000,1.000000,0.000000,10.008559,0.750000,0.750000,1.000000,0.001000000,0.000001113,0.066000,0.000000,0.000000,0.000000,0.000000,0.000000,0.750000,0.000000
263.699982,1.000000,543.000000,0.000000,0.000000,293.000000,1.000000,1.000000,0.000000,10.008554,0.750000,0.750000,1.000000,0.001000000,0.000001113,0.066000,0.000000,0.000000,0.000000,0.000000,0.000000,0.750000,0.000000
264.699982,1.000000,543.000000,0.000000,0.000000,293.000000,1.000000,1.000000,0.000000,10.008562,0.750000,0.750000,1.000000,0.001000000,0.000001113,0.066000,0.000000,0.000000,0.000000,0.000000,0.000000,0.750000,0.000000
265.699982,1.000000,543.000000,0.000000,0.000000,293.000000,1.000000,1.000000,0.000000,10.008565,0.750000,0.750000,1.000000,0.001000000,0.000001113,0.066000,0.000000,0.000000,0.000000,0.000000,0.000000,0.750000,0.000000
266.699982,1.000000,543.000000,0.000000,0.000000,293.000000,1.000000,1.000000,0.000000,10.008560,0.750000,0.750000,1.000000,0.001000000,0.000001113,0.066000,0.000000,0.000000,0.000000,0.000000,0.000000,0.750000,0.000000
267.699982,1.000000,543.000000,0.000000,0.000000,293.000000,1.000000,1.000000,0.000000,10.008557,0.750000,0.750000,1.000000,0.001000000,0.000001113,0.066000,0.000000,0.000000,0.000000,0.000000,0.000000,0.750000,0.000000
268.699982,1.000000,543.000000,0.000000,0.000000,293.000000,1.000000,1.000000,0.000000,10.008554,0.750000,0.750000,1.000000,0.001000000,0.000001113,0.066000,0.000000,0.000000,0.000000,0.000000,0.000000,0.750000,0.000000
269.699982,1.000000,543.000000,0.000000,0.000000,293.000000,1.000000,1.000000,0.000000,10.008528,0.750000,0.750000,1.000000,0.001000000,0.000001113,0.066000,0.000000,0.000000,0.000000,0.000000,0.000000,0.750000,0.000000
270.699982,1.000000,543.000000,0.000000,0.000000,293.000000,1.000000,1.000000,0.000000,10.008568,0.750000,0.750000,1.000000,0.001000000,0.000001113,0.066000,0.000000,0.000000,0.000000,0.000000,0.000000,0.750000,0.000000
271.699982,1.000000,543.000000,0.000000,0.000000,293.000000,1.000000,1.000000,0.000000,10.008555,0.750000,0.750000,1.000000,0.001000000,0.000001113,0.066000,0.000000,0.000000,0.000000,0.000000,0.000000,0.750000,0.000000
272.699982,1.000000,543.000000,0.000000,0.000000,293.000000,1.000000,1.000000,0.000000,10.008555,0.750000,0.750000,1.000000,0.001000000,0.000001113,0.066000,0.000000,0.000000,0.000000,0.000000,0.000000,0.750000,0.000000
273.699982,1.000000,543.000000,0.000000,0.000000,293.000000,1.000000,1.000000,0.000000,10.008571,0.750000,0.750000,1.000000,0.001000000,0.000001113,0.066000,0.000000,0.000000,0.000000,0.000000,0.000000,0.750000,0.000000
274.699982,1.000000,543.000000,0.000000,0.000000,293.000000,1.000000,1.000000,0.000000,10.008551,0.750000,0.750000,1.000000,0.001000000,0.000001113,0.066000,0.000000,0.000000,0.000000,0.000000,0.000000,0.750000,0.000000
275.699982,1.000000,543.000000,0.000000,0.000000,293.000000,1.000000,1.000000,0.000000,10.008563,0.750000,0.750000,1.000000,0.001000000,0.000001113,0.066000,0.000000,0.000000,0.000000,0.000000,0.000000,0.750000,0.000000
276.699982,1.000000,543.000000,0.000000,0.000000,293.000000,1.000000,1.000000,0.000000,10.008556,0.750000,0.750000,1.000000,0.001000000,0.000001113,0.066000,0.000000,0.000000,0.000000,0.000000,0.000000,0.750000,0.000000
277.699982,1.000000,543.000000,0.000000,0.000000,293.000000,1.000000,1.000000,0.000000,10.008562,0.750000,0.750000,1.000000,0.001000000,0.000001113,0.066000,0.000000,0.000000,0.000000,0.000000,0.000000,0.750000,0.000000
278.699982,1.000000,543.000000,0.000000,0.000000,293.000000,1.000000,1.000000,0.000000,10.008523,0.750000,0.750000,1.000000,0.001000000,0.000001113,0.066000,0.000000,0.000000,0.000000,0.000000,0.000000,0.750000,0.000000
279.699982,1.000000,543.000000,0.000000,0.000000,293.000000,1.000000,1.000000,0.000000,10.008570,0.750000,0.750000,1.000000,0.001000000,0.000001113,0.066000,0.000000,0.000000,0.000000,0.000000,0.000000,0.750000,0.000000
280.699982,1.000000,543.000000,0.000000,0.000000,293.000000,1.000000,1.000000,0.000000,10.008559,0.750000,0.750000,1.000000,0.001000000,0.000001113,0.066000,0.000000,0.000000,0.000000,0.000000,0.000000,0.750000,0.000000
281.699982,1.000000,543.000000,0.000000,0.000000,293.000000,1.000000,1.000000,0.000000,10.008553,0.750000,0.750000,1.000000,0.001000000,0.000001113,0.066000,0.000000,0.000000,0.000000,0.000000,0.000000,0.750000,0.000000
282.699982,1.000000,543.000000,0.000000,0.000000,293.000000,1.000000,1.000000,0.000000,10.008562,0.750000,0.750000,1.000000,0.001000000,0.000001113,0.066000,0.000000,0.000000,0.000000,0.000000,0.000000,0.750000,0.000000
283.699982,1.000000,543.000000,0.000000,0.000000,293.000000,1.000000,1.000000,0.000000,10.008562,0.750000,0.750000,1.000000,0.001000000,0.000001113,0.066000,0.000000,0.000000,0.000000,0.000000,0.000000,0.750000,0.000000
284.699982,1.000000,543.000000,0.000000,0.000000,293.000000,1.000000,1.000000,0.000000,10.008560,0.750000,0.750000,1.000000,0.001000000,0.000001113,0.066000,0.000000,0.000000,0.000000,0.000000,0.000000,0.750000,0.000000
285.699982,1.000000,543.000000,0.000000,0.000000,293.000000,1.000000,1.000000,0.000000,10.008559,0.750000,0.750000,1.000000,0.001000000,0.000001113,0.066000,0.000000,0.000000,0.000000,0.000000,0.000000,0.750000,0.000000
286.699982,1.000000,543.000000,0.000000,0.000000,293.000000,1.000000,1.000000,0.000000,10.008556,0.750000,0.750000,1.000000,0.001000000,0.000001113,0.066000,0.000000,0.000000,0.000000,0.000000,0.000000,0.750000,0.000000
287.699982,1.000000,543.000000,0.000000,0.000000,293.000000,1.000000,1.000000,0.000000,10.008526,0.750000,0.750000,1.000000,0.001000000,0.000001113,0.066000,0.000000,0.000000,0.000000,0.000000,0.000000,0.750000,0.000000
288.699982,1.000000,543.000000,0.000000,0.000000,293.000000,1.000000,1.000000,0.000000,10.008567,0.750000,0.750000,1.000000,0.001000000,0.000001113,0.066000,0.000000,0.000000,0.000000,0.000000,0.000000,0.750000,0.000000
289.699982,1.000000,543.000000,0.000000,0.000000,293.000000,1.000000,1.000000,0.000000,10.008553,0.750000,0.750000,1.000000,0.001000000,0.000001113,0.066000,0.000000,0.000000,0.000000,0.000000,0.000000,0.750000,0.000000
290.699982,1.000000,543.000000,0.000000,0.000000,293.000000,1.000000,1.000000,0.000000,10.008565,0.750000,0.750000,1.000000,0.001000000,0.000001113,0.066000,0.000000,0.000000,0.000000,0.000000,0.000000,0.750000,0.000000
291.699982,1.000000,543.000000,0.000000,0.000000,293.000000,1.000000,1.000000,0.000000,10.008554,0.750000,0.750000,1.000000,0.001000000,0.000001113,0.066000,0.000000,0.000000,0.000000,0.000000,0.000000,0.750000,0.000000
292.699982,1.000000,543.000000,0.000000,0.000000,293.000000,1.000000,1.000000,0.000000,10.008565,0.750000,0.750000,1.000000,0.001000000,0.000001113,0.066000,0.000000,0.000000,0.000000,0.000000,0.000000,0.750000,0.000000
293.699982,1.000000,543.000000,0.000000,0.000000,293.000000,1.000000,1.000000,0.000000,10.008560,0.750000,0.750000,1.000000,0.001000000,0.000001113,0.066000,0.000000,0.000000,0.000000,0.000000,0.000000,0.750000,0.000000
294.699982,1.000000,543.000000,0.000000,0.000000,293.000000,1.000000,1.000000,0.000000,10.008556,0.750000,0.750000,1.000000,0.001000000,0.000001113,0.066000,0.000000,0.000000,0.000000,0.000000,0.000000,0.750000,0.000000
295.699982,1.000000,543.000000,0.000000,0.000000,293.000000,1.000000,1.000000,0.000000,10.008562,0.750000,0.750000,1.000000,0.001000000,0.000001113,0.066000,0.000000,0.000000,0.000000,0.000000,0.000000,0.750000,0.000000
296.699982,1.000000,543.000000,0.000000,0.000000,293.000000,1.000000,1.000000,0.000000,10.008529,0.750000,0.750000,1.000000,0.001000000,0.000001113,0.066000,0.000000,0.000000,0.000000,0.000000,0.000000,0.750000,0.000000
297.699982,1.000000,543.000000,0.000000,0.000000,293.000000,1.000000,1.000000,0.000000,10.008551,0.750000,0.750000,1.000000,0.001000000,0.000001113,0.066000,0.000000,0.000000,0.000000,0.000000,0.000000,0.750000,0.000000
298.699982,1.000000,543.000000,0.000000,0.000000,293.000000,1.000000,1.000000,0.000000,10.008563,0.750000,0.750000,1.000000,0.001000000,0.000001113,0.066000,0.000000,0.000000,0.000000,0.000000,0.000000,0.750000,0.000000
299.699982,1.000000,543.000000,0.000000,0.000000,293.000000,1.000000,1.000000,0.000000,10.008556,0.750000,0.750000,1.000000,0.001000000,0.000001113,0.066000,0.000000,0.000000,0.000000,0.000000,0.000000,0.750000,0.000000
300.699982,1.000000,543.000000,0.000000,0.000000,293.000000,1.000000,1.000000,0.000000,10.008563,0.750000,0.750000,1.000000,0.001000000,0.000001113,0.066000,0.000000,0.000000,0.000000,0.000000,0.000000,0.750000,0.000000
301.699982,1.000000,543.000000,0.000000,0.000000,293.000000,1.000000,1.000000,0.000000,10.008564,0.750000,0.750000,1.000000,0.001000000,0.000001113,0.066000,0.000000,0.000000,0.000000,0.000000,0.000000,0.750000,0.000000
302.699982,1.000000,543.000000,0.000000,0.000000,293.000000,1.000000,1.000000,0.000000,10.008553,0.750000,0.750000,1.000000,0.001000000,0.000001113,0.066000,0.000000,0.000000,0.000000,0.000000,0.000000,0.750000,0.000000
303.699982,1.000000,543.000000,0.000000,0.000000,293.000000,1.000000,1.000000,0.000000,10.008564,0.750000,0.750000,1.000000,0.001000000,0.000001113,0.066000,0.000000,0.000000,0.000000,0.000000,0.000000,0.750000,0.000000
304.699982,1.000000,543.000000,0.000000,0.000000,293.000000,1.000000,1.000000,0.000000,10.008560,0.750000,0.750000,1.000000,0.001000000,0.000001113,0.066000,0.000000,0.000000,0.000000,0.000000,0.000000,0.750000,0.000000
305.699982,1.000000,543.000000,0.000000,0.000000,293.000000,1.000000,1.000000,0.000000,10.008520,0.750000,0.750000,1.000000,0.001000000,0.000001113,0.066000,0.000000,0.000000,0.000000,0.000000,0.000000,0.750000,0.000000
306.699982,1.000000,543.000000,0.000000,0.000000,293.000000,1.000000,1.000000,0.000000,10.008564,0.750000,0.750000,1.000000,0.001000000,0.000001113,0.066000,0.000000,0.000000,0.000000,0.000000,0.000000,0.750000,0.000000
307.699982,1.000000,543.000000,0.000000,0.000000,293.000000,1.000000,1.000000,0.000000,10.008567,0.750000,0.750000,1.000000,0.001000000,0.000001113,0.066000,0.000000,0.000000,0.000000,0.000000,0.000000,0.750000,0.000000
308.699982,1.000000,543.000000,0.000000,0.000000,293.000000,1.000000,1.000000,0.000000,10.008551,0.750000,0.750000,1.000000,0.001000000,0.000001113,0.066000,0.000000,0.000000,0.000000,0.000000,0.000000,0.750000,0.000000
309.699982,1.000000,543.000000,0.000000,0.000000,293.000000,1.000000,1.000000,0.000000,10.008562,0.750000,0.750000,1.000000,0.001000000,0.000001113,0.066000,0.000000,0.000000,0.000000,0.000000,0.000000,0.750000,0.000000
310.699982,1.000000,543.000000,0.000000,0.000000,293.000000,1.000000,1.000000,0.000000,10.008559,0.750000,0.750000,1.000000,0.001000000,0.000001113,0.066000,0.000000,0.000000,0.000000,0.000000,0.000000,0.750000,0.000000
311.699982,1.000000,543.000000,0.000000,0.000000,293.000000,1.000000,1.000000,0.000000,10.008559,0.750000,0.750000,1.000000,0.001000000,0.000001113,0.066000,0.000000,0.000000,0.000000,0.000000,0.000000,0.750000,0.000000
312.699982,1.000000,543.000000,0.000000,0.000000,293.000000,1.000000,1.000000,0.000000,10.008564,0.750000,0.750000,1.000000,0.001000000,0.000001113,0.066000,0.000000,0.000000,0.000000,0.000000,0.000000,0.750000,0.000000
313.699982,1.000000,543.000000,0.000000,0.000000,293.000000,1.000000,1.000000,0.000000,10.008553,0.750000,0.750000,1.000000,0.001000000,0.000001113,0.066000,0.000000,0.000000,0.000000,0.000000,0.000000,0.750000,0.000000
314.699982,1.000000,543.000000,0.000000,0.000000,293.000000,1.000000,1.000000,0.000000,10.008524,0.750000,0.750000,1.000000,0.001000000,0.000001113,0.066000,0.000000,0.000000,0.000000,0.000000,0.000000,0.750000,0.000000
315.699982,1.000000,543.000000,0.000000,0.000000,293.000000,1.000000,1.000000,0.000000,10.008571,0.750000,0.750000,1.000000,0.001000000,0.000001113,0.066000,0.000000,0.000000,0.000000,0.000000,0.000000,0.750000,0.000000
316.699982,1.000000,543.000000,0.000000,0.000000,293.000000,1.000000,1.000000,0.000000,10.008560,0.750000,0.750000,1.000000,0.001000000,0.000001113,0.066000,0.000000,0.000000,0.000000,0.000000,0.000000,0.750000,0.000000
317.699982,1.000000,543.000000,0.000000,0.000000,293.000000,1.000000,1.000000,0.000000,10.008553,0.750000,0.750000,1.000000,0.001000000,0.000001113,0.066000,0.000000,0.000000,0.000000,0.000000,0.000000,0.750000,0.000000
318.699982,1.000000,543.000000,0.000000,0.000000,293.000000,1.000000,1.000000,0.000000,10.008562,0.750000,0.750000,1.000000,0.001000000,0.000001113,0.066000,0.000000,0.000000,0.000000,0.000000,0.000000,0.750000,0.000000
319.699982,1.000000,543.000000,0.000000,0.000000,293.000000,1.000000,1.000000,0.000000,10.008564,0.750000,0.750000,1.000000,0.001000000,0.000001113,0.066000,0.000000,0.000000,0.000000,0.000000,0.000000,0.750000,0.000000
320.699982,1.000000,543.000000,0.000000,0.000000,293.000000,1.000000,1.000000,0.000000,10.008558,0.750000,0.750000,1.000000,0.001000000,0.000001113,0.066000,0.000000,0.000000,0.000000,0.000000,0.000000,0.750000,0.000000
321.699982,1.000000,543.000000,0.000000,0.000000,293.000000,1.000000,1.000000,0.000000,10.008565,0.750000,0.750000,1.000000,0.001000000,0.000001113,0.066000,0.000000,0.000000,0.000000,0.000000,0.000000,0.750000,0.000000
322.699982,1.000000,543.000000,0.000000,0.000000,293.000000,1.000000,1.000000,0.000000,10.008548,0.750000,0.750000,1.000000,0.001000000,0.000001113,0.066000,0.000000,0.000000,0.000000,0.000000,0.000000,0.750000,0.000000
323.699982,1.000000,543.000000,0.000000,0.000000,293.000000,1.000000,1.000000,0.000000,10.008535,0.750000,0.750000,1.000000,0.001000000,0.000001113,0.066000,0.000000,0.000000,0.000000,0.000000,0.000000,0.750000,0.000000
324.699982,1.000000,543.000000,0.000000,0.000000,293.000000,1.000000,1.000000,0.000000,10.008559,0.750000,0.750000,1.000000,0.001000000,0.000001113,0.066000,0.000000,0.000000,0.000000,0.000000,0.000000,0.750000,0.000000
325.699982,1.000000,543.000000,0.000000,0.000000,293.000000,1.000000,1.000000,0.000000,10.008556,0.750000,0.750000,1.000000,0.001000000,0.000001113,0.066000,0.000000,0.000000,0.000000,0.000000,0.000000,0.750000,0.000000
326.699982,1.000000,543.000000,0.000000,0.000000,293.000000,1.000000,1.000000,0.000000,10.008559,0.750000,0.750000,1.000000,0.001000000,0.000001113,0.066000,0.000000,0.000000,0.000000,0.000000,0.000000,0.750000,0.000000
327.699982,1.000000,543.000000,0.000000,0.000000,293.000000,1.000000,1.000000,0.000000,10.008560,0.750000,0.750000,1.000000,0.001000000,0.000001113,0.066000,0.000000,0.000000,0.000000,0.000000,0.000000,0.750000,0.000000
328.699982,1.000000,543.000000,0.000000,0.000000,293.000000,1.000000,1.000000,0.000000,10.008562,0.750000,0.750000,1.000000,0.001000000,0.000001113,0.066000,0.000000,0.000000,0.000000,0.000000,0.000000,0.750000,0.000000
329.699982,1.000000,543.000000,0.000000,0.000000,293.000000,1.000000,1.000000,0.000000,10.008556,0.750000,0.750000,1.000000,0.001000000,0.000001113,0.066000,0.000000,0.000000,0.000000,0.000000,0.000000,0.750000,0.000000
330.699982,1.000000,543.000000,0.000000,0.000000,293.000000,1.000000,1.000000,0.000000,10.008560,0.750000,0.750000,1.000000,0.001000000,0.000001113,0.066000,0.000000,0.000000,0.000000,0.000000,0.000000,0.750000,0.000000
331.699982,1.000000,543.000000,0.000000,0.000000,293.000000,1.000000,1.000000,0.000000,10.008562,0.750000,0.750000,1.000000,0.001000000,0.000001113,0.066000,0.000000,0.000000,0.000000,0.000000,0.000000,0.750000,0.000000
332.699982,1.000000,543.000000,0.000000,0.000000,293.000000,1.000000,1.000000,0.000000,10.008519,0.750000,0.750000,1.000000,0.001000000,0.000001113,0.066000,0.000000,0.000000,0.000000,0.000000,0.000000,0.750000,0.000000
333.699982,1.000000,543.000000,0.000000,0.000000,293.000000,1.000000,1.000000,0.000000,10.008564,0.750000,0.750000,1.000000,0.001000000,0.000001113,0.066000,0.000000,0.000000,0.000000,0.000000,0.000000,0.750000,0.000000
334.699982,1.000000,543.000000,0.000000,0.000000,293.000000,1.000000,1.000000,0.000000,10.008567,0.750000,0.750000,1.000000,0.001000000,0.000001113,0.066000,0.000000,0.000000,0.000000,0.000000,0.000000,0.750000,0.000000
335.699982,1.000000,543.000000,0.000000,0.000000,293.000000,1.000000,1.000000,0.000000,10.008554,0.750000,0.750000,1.000000,0.001000000,0.000001113,0.066000,0.000000,0.000000,0.000000,0.000000,0.000000,0.750000,0.000000
336.699982,1.000000,543.000000,0.000000,0.000000,293.000000,1.000000,1.000000,0.000000,10.008556,0.750000,0.750000,1.000000,0.001000000,0.000001113,0.066000,0.000000,0.000000,0.000000,0.000000,0.000000,0.750000,0.000000
337.699982,1.000000,543.000000,0.000000,0.000000,293.000000,1.000000,1.000000,0.000000,10.008561,0.750000,0.750000,1.000000,0.001000000,0.000001113,0.066000,0.000000,0.000000,0.000000,0.000000,0.000000,0.750000,0.000000
338.699982,1.000000,543.000000,0.000000,0.000000,293.000000,1.000000,1.000000,0.000000,10.008565,0.750000,0.750000,1.000000,0.001000000,0.000001113,0.066000,0.000000,0.000000,0.000000,0.000000,0.000000,0.750000,0.000000
339.699982,1.000000,543.000000,0.000000,0.000000,293.000000,1.000000,1.000000,0.000000,10.008562,0.750000,0.750000,1.000000,0.001000000,0.000001113,0.066000,0.000000,0.000000,0.000000,0.000000,0.000000,0.750000,0.000000
340.699982,1.000000,543.000000,0.000000,0.000000,293.000000,1.000000,1.000000,0.000000,10.008559,0.750000,0.750000,1.000000,0.001000000,0.000001113,0.066000,0.000000,0.000000,0.000000,0.000000,0.000000,0.750000,0.000000
341.699982,1.000000,543.000000,0.000000,0.000000,293.000000,1.000000,1.000000,0.000000,10.008518,0.750000,0.750000,1.000000,0.001000000,0.000001113,0.066000,0.000000,0.000000,0.000000,0.000000,0.000000,0.750000,0.000000
342.699982,1.000000,543.000000,0.000000,0.000000,293.000000,1.000000,1.000000,0.000000,10.008570,0.750000,0.750000,1.000000,0.001000000,0.000001113,0.066000,0.000000,0.000000,0.000000,0.000000,0.000000,0.750000,0.000000
343.699982,1.000000,543.000000,0.000000,0.000000,293.000000,1.000000,1.000000,0.000000,10.008554,0.750000,0.750000,1.000000,0.001000000,0.000001113,0.066000,0.000000,0.000000,0.000000,0.000000,0.000000,0.750000,0.000000
344.699982,1.000000,543.000000,0.000000,0.000000,293.000000,1.000000,1.000000,0.000000,10.008562,0.750000,0.750000,1.000000,0.001000000,0.000001113,0.066000,0.000000,0.000000,0.000000,0.000000,0.000000,0.750000,0.000000
345.699982,1.000000,543.000000,0.000000,0.000000,293.000000,1.000000,1.000000,0.000000,10.008554,0.750000,0.750000,1.000000,0.001000000,0.000001113,0.066000,0.000000,0.000000,0.000000,0.000000,0.000000,0.750000,0.000000
346.699982,1.000000,543.000000,0.000000,0.000000,293.000000,1.000000,1.000000,0.000000,10.008563,0.750000,0.750000,1.000000,0.001000000,0.000001113,0.066000,0.000000,0.000000,0.000000,0.000000,0.000000,0.750000,0.000000
347.699982,1.000000,543.000000,0.000000,0.000000,293.000000,1.000000,1.000000,0.000000,10.008559,0.750000,0.750000,1.000000,0.001000000,0.000001113,0.066000,0.000000,0.000000,0.000000,0.000000,0.000000,0.750000,0.000000
348.699982,1.000000,543.000000,0.000000,0.000000,293.000000,1.000000,1.000000,0.000000,10.008557,0.750000,0.750000,1.000000,0.001000000,0.000001113,0.066000,0.000000,0.000000,0.000000,0.000000,0.000000,0.750000,0.000000
349.699982,1.000000,543.000000,0.000000,0.000000,293.000000,1.000000,1.000000,0.000000,10.008561,0.750000,0.750000,1.000000,0.001000000,0.000001113,0.066000,0.000000,0.000000,0.000000,0.000000,0.000000,0.750000,0.000000
350.699982,1.000000,543.000000,0.000000,0.000000,293.000000,1.000000,1.000000,0.000000,10.008527,0.750000,0.750000,1.000000,0.001000000,0.000001113,0.066000,0.000000,0.000000,0.000000,0.000000,0.000000,0.750000,0.000000
351.699982,1.000000,543.000000,0.000000,0.000000,293.000000,1.000000,1.000000,0.000000,10.008560,0.750000,0.750000,1.000000,0.001000000,0.000001113,0.066000,0.000000,0.000000,0.000000,0.000000,0.000000,0.750000,0.000000
352.699982,1.000000,543.000000,0.000000,0.000000,293.000000,1.000000,1.000000,0.000000,10.008567,0.750000,0.750000,1.000000,0.001000000,0.000001113,0.066000,0.000000,0.000000,0.000000,0.000000,0.000000,0.750000,0.000000
353.699982,1.000000,543.000000,0.000000,0.000000,293.000000,1.000000,1.000000,0.000000,10.008551,0.750000,0.750000,1.000000,0.001000000,0.000001113,0.066000,0.000000,0.000000,0.000000,0.000000,0.000000,0.750000,0.000000
354.699982,1.000000,543.000000,0.000000,0.000000,293.000000,1.000000,1.000000,0.000000,10.008563,0.750000,0.750000,1.000000,0.001000000,0.000001113,0.066000,0.000000,0.000000,0.000000,0.000000,0.000000,0.750000,0.000000
355.699982,1.000000,543.000000,0.000000,0.000000,293.000000,1.000000,1.000000,0.000000,10.008555,0.750000,0.750000,1.000000,0.001000000,0.000001113,0.066000,0.000000,0.000000,0.000000,0.000000,0.000000,0.750000,0.000000
356.699982,1.000000,543.000000,0.000000,0.000000,293.000000,1.000000,1.000000,0.000000,10.008558,0.750000,0.750000,1.000000,0.001000000,0.000001113,0.066000,0.000000,0.000000,0.000000,0.000000,0.000000,0.750000,0.000000
357.699982,1.000000,543.000000,0.000000,0.000000,293.000000,1.000000,1.000000,0.000000,10.008568,0.750000,0.750000,1.000000,0.001000000,0.000001113,0.066000,0.000000,0.000000,0.000000,0.000000,0.000000,0.750000,0.000000
358.699982,1.000000,543.000000,0.000000,0.000000,293.000000,1.000000,1.000000,0.000000,10.008553,0.750000,0.750000,1.000000,0.001000000,0.000001113,0.066000,0.000000,0.000000,0.000000,0.000000,0.000000,0.750000,0.000000
359.699982,1.000000,543.000000,0.000000,0.000000,293.000000,1.000000,1.000000,0.000000,10.008529,0.750000,0.750000,1.000000,0.001000000,0.000001113,0.066000,0.000000,0.000000,0.000000,0.000000,0.000000,0.750000,0.000000
360.699982,1.000000,543.000000,0.000000,0.000000,293.000000,1.000000,1.000000,0.000000,10.008568,0.750000,0.750000,1.000000,0.001000000,0.000001113,0.066000,0.000000,0.000000,0.000000,0.000000,0.000000,0.750000,0.000000
361.699982,1.000000,543.000000,0.000000,0.000000,293.000000,1.000000,1.000000,0.000000,10.008559,0.750000,0.750000,1.000000,0.001000000,0.000001113,0.066000,0.000000,0.000000,0.000000,0.000000,0.000000,0.750000,0.000000
362.699982,1.000000,543.000000,0.000000,0.000000,293.000000,1.000000,1.000000,0.000000,10.008554,0.750000,0.750000,1.000000,0.001000000,0.000001113,0.066000,0.000000,0.000000,0.000000,0.000000,0.000000,0.750000,0.000000
363.699982,1.000000,543.000000,0.000000,0.000000,293.000000,1.000000,1.000000,0.000000,10.008559,0.750000,0.750000,1.000000,0.001000000,0.000001113,0.066000,0.000000,0.000000,0.000000,0.000000,0.000000,0.750000,0.000000
364.699982,1.000000,543.000000,0.000000,0.000000,293.000000,1.000000,1.000000,0.000000,10.008559,0.750000,0.750000,1.000000,0.001000000,0.000001113,0.066000,0.000000,0.000000,0.000000,0.000000,0.000000,0.750000,0.000000
365.699982,1.000000,543.000000,0.000000,0.000000,293.000000,1.000000,1.000000,0.000000,10.008563,0.750000,0.750000,1.000000,0.001000000,0.000001113,0.066000,0.000000,0.000000,0.000000,0.000000,0.000000,0.750000,0.000000
366.699982,1.000000,543.000000,0.000000,0.000000,293.000000,1.000000,1.000000,0.000000,10.008554,0.750000,0.750000,1.000000,0.001000000,0.000001113,0.066000,0.000000,0.000000,0.000000,0.000000,0.000000,0.750000,0.000000
367.699982,1.000000,543.000000,0.000000,0.000000,293.000000,1.000000,1.000000,0.000000,10.008567,0.750000,0.750000,1.000000,0.001000000,0.000001113,0.066000,0.000000,0.000000,0.000000,0.000000,0.000000,0.750000,0.000000
368.699982,1.000000,543.000000,0.000000,0.000000,293.000000,1.000000,1.000000,0.000000,10.008518,0.750000,0.750000,1.000000,0.001000000,0.000001113,0.066000,0.000000,0.000000,0.000000,0.000000,0.000000,0.750000,0.000000
369.699982,1.000000,543.000000,0.000000,0.000000,293.000000,1.000000,1.000000,0.000000,10.008570,0.750000,0.750000,1.000000,0.001000000,0.000001113,0.066000,0.000000,0.000000,0.000000,0.000000,0.000000,0.750000,0.000000
370.699982,1.000000,543.000000,0.000000,0.000000,293.000000,1.000000,1.000000,0.000000,10.008556,0.750000,0.750000,1.000000,0.001000000,0.000001113,0.066000,0.000000,0.000000,0.000000,0.000000,0.000000,0.750000,0.000000
371.699982,1.000000,543.000000,0.000000,0.000000,293.000000,1.000000,1.000000,0.000000,10.008554,0.750000,0.750000,1.000000,0.001000000,0.000001113,0.066000,0.000000,0.000000,0.000000,0.000000,0.000000,0.750000,0.000000
372.699982,1.000000,543.000000,0.000000,0.000000,293.000000,1.000000,1.000000,0.000000,10.008570,0.750000,0.750000,1.000000,0.001000000,0.000001113,0.066000,0.000000,0.000000,0.000000,0.000000,0.000000,0.750000,0.000000
373.699982,1.000000,543.000000,0.000000,0.000000,293.000000,1.000000,1.000000,0.000000,10.008549,0.750000,0.750000,1.000000,0.001000000,0.000001113,0.066000,0.000000,0.000000,0.000000,0.000000,0.000000,0.750000,0.000000
374.699982,1.000000,543.000000,0.000000,0.000000,293.000000,1.000000,1.000000,0.000000,10.008563,0.750000,0.750000,1.000000,0.001000000,0.000001113,0.066000,0.000000,0.000000,0.000000,0.000000,0.000000,0.750000,0.000000
375.699982,1.000000,543.000000,0.000000,0.000000,293.000000,1.000000,1.000000,0.000000,10.008560,0.750000,0.750000,1.000000,0.001000000,0.000001113,0.066000,0.000000,0.000000,0.000000,0.000000,0.000000,0.750000,0.000000
376.699982,1.000000,543.000000,0.000000,0.000000,293.000000,1.000000,1.000000,0.000000,10.008564,0.750000,0.750000,1.000000,0.001000000,0.000001113,0.066000,0.000000,0.000000,0.000000,0.000000,0.000000,0.750000,0.000000
377.699982,1.000000,543.000000,0.000000,0.000000,293.000000,1.000000,1.000000,0.000000,10.008522,0.750000,0.750000,1.000000,0.001000000,0.000001113,0.066000,0.000000,0.000000,0.000000,0.000000,0.000000,0.750000,0.000000
378.699982,1.000000,543.000000,0.000000,0.000000,293.000000,1.000000,1.000000,0.000000,10.008562,0.750000,0.750000,1.000000,0.001000000,0.000001113,0.066000,0.000000,0.000000,0.000000,0.000000,0.000000,0.750000,0.000000
379.699982,1.000000,543.000000,0.000000,0.000000,293.000000,1.000000,1.000000,0.000000,10.008556,0.750000,0.750000,1.000000,0.001000000,0.000001113,0.066000,0.000000,0.000000,0.000000,0.000000,0.000000,0.750000,0.000000
380.699982,1.000000,543.000000,0.000000,0.000000,293.000000,1.000000,1.000000,0.000000,10.008556,0.750000,0.750000,1.000000,0.001000000,0.000001113,0.066000,0.000000,0.000000,0.000000,0.000000,0.000000,0.750000,0.000000
381.699982,1.000000,543.000000,0.000000,0.000000,293.000000,1.000000,1.000000,0.000000,10.008565,0.750000,0.750000,1.000000,0.001000000,0.000001113,0.066000,0.000000,0.000000,0.000000,0.000000,0.000000,0.750000,0.000000
382.699982,1.000000,543.000000,0.000000,0.000000,293.000000,1.000000,1.000000,0.000000,10.008558,0.750000,0.750000,1.000000,0.001000000,0.000001113,0.066000,0.000000,0.000000,0.000000,0.000000,0.000000,0.750000,0.000000
383.699982,1.000000,543.000000,0.000000,0.000000,293.000000,1.000000,1.000000,0.000000,10.008562,0.750000,0.750000,1.000000,0.001000000,0.000001113,0.066000,0.000000,0.000000,0.000000,0.000000,0.000000,0.750000,0.000000
384.699982,1.000000,543.000000,0.000000,0.000000,293.000000,1.000000,1.000000,0.000000,10.008556,0.750000,0.750000,1.000000,0.001000000,0.000001113,0.066000,0.000000,0.000000,0.000000,0.000000,0.000000,0.750000,0.000000
385.699982,1.000000,543.000000,0.000000,0.000000,293.000000,1.000000,1.000000,0.000000,10.008560,0.750000,0.750000,1.000000,0.001000000,0.000001113,0.066000,0.000000,0.000000,0.000000,0.000000,0.000000,0.750000,0.000000
386.699982,1.000000,543.000000,0.000000,0.000000,293.000000,1.000000,1.000000,0.000000,10.008533,0.750000,0.750000,1.000000,0.001000000,0.000001113,0.066000,0.000000,0.000000,0.000000,0.000000,0.000000,0.750000,0.000000
387.699982,1.000000,543.000000,0.000000,0.000000,293.000000,1.000000,1.000000,0.000000,10.008554,0.750000,0.750000,1.000000,0.001000000,0.000001113,0.066000,0.000000,0.000000,0.000000,0.000000,0.000000,0.750000,0.000000
388.699982,1.000000,543.000000,0.000000,0.000000,293.000000,1.000000,1.000000,0.000000,10.008558,0.750000,0.750000,1.000000,0.001000000,0.000001113,0.066000,0.000000,0.000000,0.000000,0.000000,0.000000,0.750000,0.000000
389.699982,1.000000,543.000000,0.000000,0.000000,293.000000,1.000000,1.000000,0.000000,10.008558,0.750000,0.750000,1.000000,0.001000000,0.000001113,0.066000,0.000000,0.000000,0.000000,0.000000,0.000000,0.750000,0.000000
390.699982,1.000000,543.000000,0.000000,0.000000,293.000000,1.000000,1.000000,0.000000,10.008559,0.750000,0.750000,1.000000,0.001000000,0.000001113,0.066000,0.000000,0.000000,0.000000,0.000000,0.000000,0.750000,0.000000
391.699982,1.000000,543.000000,0.000000,0.000000,293.000000,1.000000,1.000000,0.000000,10.008567,0.750000,0.750000,1.000000,0.001000000,0.000001113,0.066000,0.000000,0.000000,0.000000,0.000000,0.000000,0.750000,0.000000
392.699982,1.000000,543.000000,0.000000,0.000000,293.000000,1.000000,1.000000,0.000000,10.008560,0.750000,0.750000,1.000000,0.001000000,0.000001113,0.066000,0.000000,0.000000,0.000000,0.000000,0.000000,0.750000,0.000000
393.699982,1.000000,543.000000,0.000000,0.000000,293.000000,1.000000,1.000000,0.000000,10.008553,0.750000,0.750000,1.000000,0.001000000,0.000001113,0.066000,0.000000,0.000000,0.000000,0.000000,0.000000,0.750000,0.000000
394.699982,1.000000,543.000000,0.000000,0.000000,293.000000,1.000000,1.000000,0.000000,10.008565,0.750000,0.750000,1.000000,0.001000000,0.000001113,0.066000,0.000000,0.000000,0.000000,0.000000,0.000000,0.750000,0.000000
395.699982,1.000000,543.000000,0.000000,0.000000,293.000000,1.000000,1.000000,0.000000,10.008525,0.750000,0.750000,1.000000,0.001000000,0.000001113,0.066000,0.000000,0.000000,0.000000,0.000000,0.000000,0.750000,0.000000
396.699982,1.000000,543.000000,0.000000,0.000000,293.000000,1.000000,1.000000,0.000000,10.008556,0.750000,0.750000,1.000000,0.001000000,0.000001113,0.066000,0.000000,0.000000,0.000000,0.000000,0.000000,0.750000,0.000000
397.699982,1.000000,543.000000,0.000000,0.000000,293.000000,1.000000,1.000000,0.000000,10.008560,0.750000,0.750000,1.000000,0.001000000,0.000001113,0.066000,0.000000,0.000000,0.000000,0.000000,0.000000,0.750000,0.000000
398.699982,1.000000,543.000000,0.000000,0.000000,293.000000,1.000000,1.000000,0.000000,10.008562,0.750000,0.750000,1.000000,0.001000000,0.000001113,0.066000,0.000000,0.000000,0.000000,0.000000,0.000000,0.750000,0.000000
399.699982,1.000000,543.000000,0.000000,0.000000,293.000000,1.000000,1.000000,0.000000,10.008558,0.750000,0.750000,1.000000,0.001000000,0.000001113,0.066000,0.000000,0.000000,0.000000,0.000000,0.000000,0.750000,0.000000
400.699982,1.000000,543.000000,0.000000,0.000000,293.000000,1.000000,1.000000,0.000000,10.008557,0.750000,0.750000,1.000000,0.001000000,0.000001113,0.066000,0.000000,0.000000,0.000000,0.000000,0.000000,0.750000,0.000000
401.699982,1.000000,543.000000,0.000000,0.000000,293.000000,1.000000,1.000000,0.000000,10.008563,0.750000,0.750000,1.000000,0.001000000,0.000001113,0.066000,0.000000,0.000000,0.000000,0.000000,0.000000,0.750000,0.000000
402.699982,1.000000,543.000000,0.000000,0.000000,293.000000,1.000000,1.000000,0.000000,10.008564,0.750000,0.750000,1.000000,0.001000000,0.000001113,0.066000,0.000000,0.000000,0.000000,0.000000,0.000000,0.750000,0.000000
403.699982,1.000000,543.000000,0.000000,0.000000,293.000000,1.000000,1.000000,0.000000,10.008563,0.750000,0.750000,1.000000,0.001000000,0.000001113,0.066000,0.000000,0.000000,0.000000,0.000000,0.000000,0.750000,0.000000
404.699982,1.000000,543.000000,0.000000,0.000000,293.000000,1.000000,1.000000,0.000000,10.008525,0.750000,0.750000,1.000000,0.001000000,0.000001113,0.066000,0.000000,0.000000,0.000000,0.000000,0.000000,0.750000,0.000000
405.699982,1.000000,543.000000,0.000000,0.000000,293.000000,1.000000,1.000000,0.000000,10.008565,0.750000,0.750000,1.000000,0.001000000,0.000001113,0.066000,0.000000,0.000000,0.000000,0.000000,0.000000,0.750000,0.000000
406.699982,1.000000,543.000000,0.000000,0.000000,293.000000,1.000000,1.000000,0.000000,10.008554,0.750000,0.750000,1.000000,0.001000000,0.000001113,0.066000,0.000000,0.000000,0.000000,0.000000,0.000000,0.750000,0.000000
407.699982,1.000000,543.000000,0.000000,0.000000,293.000000,1.000000,1.000000,0.000000,10.008559,0.750000,0.750000,1.000000,0.001000000,0.000001113,0.066000,0.000000,0.000000,0.000000,0.000000,0.000000,0.750000,0.000000
408.699982,1.000000,543.000000,0.000000,0.000000,293.000000,1.000000,1.000000,0.000000,10.008559,0.750000,0.750000,1.000000,0.001000000,0.000001113,0.066000,0.000000,0.000000,0.000000,0.000000,0.000000,0.750000,0.000000
409.699982,1.000000,543.000000,0.000000,0.000000,293.000000,1.000000,1.000000,0.000000,10.008554,0.750000,0.750000,1.000000,0.001000000,0.000001113,0.066000,0.000000,0.000000,0.000000,0.000000,0.000000,0.750000,0.000000
410.699982,1.000000,543.000000,0.000000,0.000000,293.000000,1.000000,1.000000,0.000000,10.008562,0.750000,0.750000,1.000000,0.001000000,0.000001113,0.066000,0.000000,0.000000,0.000000,0.000000,0.000000,0.750000,0.000000
411.699982,1.000000,543.000000,0.000000,0.000000,293.000000,1.000000,1.000000,0.000000,10.008559,0.750000,0.750000,1.000000,0.001000000,0.000001113,0.066000,0.000000,0.000000,0.000000,0.000000,0.000000,0.750000,0.000000
412.699982,1.000000,543.000000,0.000000,0.000000,293.000000,1.000000,1.000000,0.000000,10.008558,0.750000,0.750000,1.000000,0.001000000,0.000001113,0.066000,0.000000,0.000000,0.000000,0.000000,0.000000,0.750000,0.000000
413.699982,1.000000,543.000000,0.000000,0.000000,293.000000,1.000000,1.000000,0.000000,10.008529,0.750000,0.750000,1.000000,0.001000000,0.000001113,0.066000,0.000000,0.000000,0.000000,0.000000,0.000000,0.750000,0.000000
414.699982,1.000000,543.000000,0.000000,0.000000,293.000000,1.000000,1.000000,0.000000,10.008568,0.750000,0.750000,1.000000,0.001000000,0.000001113,0.066000,0.000000,0.000000,0.000000,0.000000,0.000000,0.750000,0.000000
415.699982,1.000000,543.000000,0.000000,0.000000,293.000000,1.000000,1.000000,0.000000,10.008551,0.750000,0.750000,1.000000,0.001000000,0.000001113,0.066000,0.000000,0.000000,0.000000,0.000000,0.000000,0.750000,0.000000
416.699982,1.000000,543.000000,0.000000,0.000000,293.000000,1.000000,1.000000,0.000000,10.008565,0.750000,0.750000,1.000000,0.001000000,0.000001113,0.066000,0.000000,0.000000,0.000000,0.000000,0.000000,0.750000,0.000000
417.699982,1.000000,543.000000,0.000000,0.000000,293.000000,1.000000,1.000000,0.000000,10.008556,0.750000,0.750000,1.000000,0.001000000,0.000001113,0.066000,0.000000,0.000000,0.000000,0.000000,0.000000,0.750000,0.000000
418.699982,1.000000,543.000000,0.000000,0.000000,293.000000,1.000000,1.000000,0.000000,10.008563,0.750000,0.750000,1.000000,0.001000000,0.000001113,0.066000,0.000000,0.000000,0.000000,0.000000,0.000000,0.750000,0.000000
419.699982,1.000000,543.000000,0.000000,0.000000,293.000000,1.000000,1.000000,0.000000,10.008556,0.750000,0.750000,1.000000,0.001000000,0.000001113,0.066000,0.000000,0.000000,0.000000,0.000000,0.000000,0.750000,0.000000
420.699982,1.000000,543.000000,0.000000,0.000000,293.000000,1.000000,1.000000,0.000000,10.008568,0.750000,0.750000,1.000000,0.001000000,0.000001113,0.066000,0.000000,0.000000,0.000000,0.000000,0.000000,0.750000,0.000000
421.699982,1.000000,543.000000,0.000000,0.000000,293.000000,1.000000,1.000000,0.000000,10.008553,0.750000,0.750000,1.000000,0.001000000,0.000001113,0.066000,0.000000,0.000000,0.000000,0.000000,0.000000,0.750000,0.000000
422.699982,1.000000,543.000000,0.000000,0.000000,293.000000,1.000000,1.000000,0.000000,10.008529,0.750000,0.750000,1.000000,0.001000000,0.000001113,0.066000,0.000000,0.000000,0.000000,0.000000,0.000000,0.750000,0.000000
423.699982,1.000000,543.000000,0.000000,0.000000,293.000000,1.000000,1.000000,0.000000,10.008564,0.750000,0.750000,1.000000,0.001000000,0.000001113,0.066000,0.000000,0.000000,0.000000,0.000000,0.000000,0.750000,0.000000
424.699982,1.000000,543.000000,0.000000,0.000000,293.000000,1.000000,1.000000,0.000000,10.008560,0.750000,0.750000,1.000000,0.001000000,0.000001113,0.066000,0.000000,0.000000,0.000000,0.000000,0.000000,0.750000,0.000000
425.699982,1.000000,543.000000,0.000000,0.000000,293.000000,1.000000,1.000000,0.000000,10.008551,0.750000,0.750000,1.000000,0.001000000,0.000001113,0.066000,0.000000,0.000000,0.000000,0.000000,0.000000,0.750000,0.000000
426.699982,1.000000,543.000000,0.000000,0.000000,293.000000,1.000000,1.000000,0.000000,10.008562,0.750000,0.750000,1.000000,0.001000000,0.000001113,0.066000,0.000000,0.000000,0.000000,0.000000,0.000000,0.750000,0.000000
427.699982,1.000000,543.000000,0.000000,0.000000,293.000000,1.000000,1.000000,0.000000,10.008565,0.750000,0.750000,1.000000,0.001000000,0.000001113,0.066000,0.000000,0.000000,0.000000,0.000000,0.000000,0.750000,0.000000
428.699982,1.000000,543.000000,0.000000,0.000000,293.000000,1.000000,1.000000,0.000000,10.008558,0.750000,0.750000,1.000000,0.001000000,0.000001113,0.066000,0.000000,0.000000,0.000000,0.000000,0.000000,0.750000,0.000000
429.699982,1.000000,543.000000,0.000000,0.000000,293.000000,1.000000,1.000000,0.000000,10.008554,0.750000,0.750000,1.000000,0.001000000,0.000001113,0.066000,0.000000,0.000000,0.000000,0.000000,0.000000,0.750000,0.000000
430.699982,1.000000,543.000000,0.000000,0.000000,293.000000,1.000000,1.000000,0.000000,10.008562,0.750000,0.750000,1.000000,0.001000000,0.000001113,0.066000,0.000000,0.000000,0.000000,0.000000,0.000000,0.750000,0.000000
431.699982,1.000000,543.000000,0.000000,0.000000,293.000000,1.000000,1.000000,0.000000,10.008532,0.750000,0.750000,1.000000,0.001000000,0.000001113,0.066000,0.000000,0.000000,0.000000,0.000000,0.000000,0.750000,0.000000
432.699982,1.000000,543.000000,0.000000,0.000000,293.000000,1.000000,1.000000,0.000000,10.008562,0.750000,0.750000,1.000000,0.001000000,0.000001113,0.066000,0.000000,0.000000,0.000000,0.000000,0.000000,0.750000,0.000000
433.699982,1.000000,543.000000,0.000000,0.000000,293.000000,1.000000,1.000000,0.000000,10.008556,0.750000,0.750000,1.000000,0.001000000,0.000001113,0.066000,0.000000,0.000000,0.000000,0.000000,0.000000,0.750000,0.000000
434.699982,1.000000,543.000000,0.000000,0.000000,293.000000,1.000000,1.000000,0.000000,10.008560,0.750000,0.750000,1.000000,0.001000000,0.000001113,0.066000,0.000000,0.000000,0.000000,0.000000,0.000000,0.750000,0.000000
435.699982,1.000000,543.000000,0.000000,0.000000,293.000000,1.000000,1.000000,0.000000,10.008562,0.750000,0.750000,1.000000,0.001000000,0.000001113,0.066000,0.000000,0.000000,0.000000,0.000000,0.000000,0.750000,0.000000
436.699982,1.000000,543.000000,0.000000,0.000000,293.000000,1.000000,1.000000,0.000000,10.008550,0.750000,0.750000,1.000000,0.001000000,0.000001113,0.066000,0.000000,0.000000,0.000000,0.000000,0.000000,0.750000,0.000000
437.699982,1.000000,543.000000,0.000000,0.000000,293.000000,1.000000,1.000000,0.000000,10.008562,0.750000,0.750000,1.000000,0.001000000,0.000001113,0.066000,0.000000,0.000000,0.000000,0.000000,0.000000,0.750000,0.000000
438.699982,1.000000,543.000000,0.000000,0.000000,293.000000,1.000000,1.000000,0.000000,10.008564,0.750000,0.750000,1.000000,0.001000000,0.000001113,0.066000,0.000000,0.000000,0.000000,0.000000,0.000000,0.750000,0.000000
439.699982,1.000000,543.000000,0.000000,0.000000,293.000000,1.000000,1.000000,0.000000,10.008553,0.750000,0.750000,1.000000,0.001000000,0.000001113,0.066000,0.000000,0.000000,0.000000,0.000000,0.000000,0.750000,0.000000
440.699982,1.000000,543.000000,0.000000,0.000000,293.000000,1.000000,1.000000,0.000000,10.008531,0.750000,0.750000,1.000000,0.001000000,0.000001113,0.066000,0.000000,0.000000,0.000000,0.000000,0.000000,0.750000,0.000000
441.699982,1.000000,543.000000,0.000000,0.000000,293.000000,1.000000,1.000000,0.000000,10.008567,0.750000,0.750000,1.000000,0.001000000,0.000001113,0.066000,0.000000,0.000000,0.000000,0.000000,0.000000,0.750000,0.000000
442.699982,1.000000,543.000000,0.000000,0.000000,293.000000,1.000000,1.000000,0.000000,10.008551,0.750000,0.750000,1.000000,0.001000000,0.000001113,0.066000,0.000000,0.000000,0.000000,0.000000,0.000000,0.750000,0.000000
443.699982,1.000000,543.000000,0.000000,0.000000,293.000000,1.000000,1.000000,0.000000,10.008564,0.750000,0.750000,1.000000,0.001000000,0.000001113,0.066000,0.000000,0.000000,0.000000,0.000000,0.000000,0.750000,0.000000
444.699982,1.000000,543.000000,0.000000,0.000000,293.000000,1.000000,1.000000,0.000000,10.008559,0.750000,0.750000,1.000000,0.001000000,0.000001113,0.066000,0.000000,0.000000,0.000000,0.000000,0.000000,0.750000,0.000000
445.699982,1.000000,543.000000,0.000000,0.000000,293.000000,1.000000,1.000000,0.000000,10.008562,0.750000,0.750000,1.000000,0.001000000,0.000001113,0.066000,0.000000,0.000000,0.000000,0.000000,0.000000,0.750000,0.000000
446.699982,1.000000,543.000000,0.000000,0.000000,293.000000,1.000000,1.000000,0.000000,10.008558,0.750000,0.750000,1.000000,0.001000000,0.000001113,0.066000,0.000000,0.000000,0.000000,0.000000,0.000000,0.750000,0.000000
447.699982,1.000000,543.000000,0.000000,0.000000,293.000000,1.000000,1.000000,0.000000,10.008563,0.750000,0.750000,1.000000,0.001000000,0.000001113,0.066000,0.000000,0.000000,0.000000,0.000000,0.000000,0.750000,0.000000
448.699982,1.000000,543.000000,0.000000,0.000000,293.000000,1.000000,1.000000,0.000000,10.008556,0.750000,0.750000,1.000000,0.001000000,0.000001113,0.066000,0.000000,0.000000,0.000000,0.000000,0.000000,0.750000,0.000000
449.699982,1.000000,543.000000,0.000000,0.000000,293.000000,1.000000,1.000000,0.000000,10.008521,0.750000,0.750000,1.000000,0.001000000,0.000001113,0.066000,0.000000,0.000000,0.000000,0.000000,0.000000,0.750000,0.000000
450.699982,1.000000,543.000000,0.000000,0.000000,293.000000,1.000000,1.000000,0.000000,10.008570,0.750000,0.750000,1.000000,0.001000000,0.000001113,0.066000,0.000000,0.000000,0.000000,0.000000,0.000000,0.750000,0.000000
451.699982,1.000000,543.000000,0.000000,0.000000,293.000000,1.000000,1.000000,0.000000,10.008556,0.750000,0.750000,1.000000,0.001000000,0.000001113,0.066000,0.000000,0.000000,0.000000,0.000000,0.000000,0.750000,0.000000
452.699982,1.000000,543.000000,0.000000,0.000000,293.000000,1.000000,1.000000,0.000000,10.008562,0.750000,0.750000,1.000000,0.001000000,0.000001113,0.066000,0.000000,0.000000,0.000000,0.000000,0.000000,0.750000,0.000000
453.699982,1.000000,543.000000,0.000000,0.000000,293.000000,1.000000,1.000000,0.000000,10.008556,0.750000,0.750000,1.000000,0.001000000,0.000001113,0.066000,0.000000,0.000000,0.000000,0.000000,0.000000,0.750000,0.000000
454.699982,1.000000,543.000000,0.000000,0.000000,293.000000,1.000000,1.000000,0.000000,10.008563,0.750000,0.750000,1.000000,0.001000000,0.000001113,0.066000,0.000000,0.000000,0.000000,0.000000,0.000000,0.750000,0.000000
455.699982,1.000000,543.000000,0.000000,0.000000,293.000000,1.000000,1.000000,0.000000,10.008553,0.750000,0.750000,1.000000,0.001000000,0.000001113,0.066000,0.000000,0.000000,0.000000,0.000000,0.000000,0.750000,0.000000
456.699982,1.000000,543.000000,0.000000,0.000000,293.000000,1.000000,1.000000,0.000000,10.008569,0.750000,0.750000,1.000000,0.001000000,0.000001113,0.066000,0.000000,0.000000,0.000000,0.000000,0.000000,0.750000,0.000000
457.699982,1.000000,543.000000,0.000000,0.000000,293.000000,1.000000,1.000000,0.000000,10.008557,0.750000,0.750000,1.000000,0.001000000,0.000001113,0.066000,0.000000,0.000000,0.000000,0.000000,0.000000,0.750000,0.000000
458.699982,1.000000,543.000000,0.000000,0.000000,293.000000,1.000000,1.000000,0.000000,10.008529,0.750000,0.750000,1.000000,0.001000000,0.000001113,0.066000,0.000000,0.000000,0.000000,0.000000,0.000000,0.750000,0.000000
459.699982,1.000000,543.000000,0.000000,0.000000,293.000000,1.000000,1.000000,0.000000,10.008564,0.750000,0.750000,1.000000,0.001000000,0.000001113,0.066000,0.000000,0.000000,0.000000,0.000000,0.000000,0.750000,0.000000
460.699982,1.000000,543.000000,0.000000,0.000000,293.000000,1.000000,1.000000,0.000000,10.008551,0.750000,0.750000,1.000000,0.001000000,0.000001113,0.066000,0.000000,0.000000,0.000000,0.000000,0.000000,0.750000,0.000000
461.699982,1.000000,543.000000,0.000000,0.000000,293.000000,1.000000,1.000000,0.000000,10.008559,0.750000,0.750000,1.000000,0.001000000,0.000001113,0.066000,0.000000,0.000000,0.000000,0.000000,0.000000,0.750000,0.000000
462.699982,1.000000,543.000000,0.000000,0.000000,293.000000,1.000000,1.000000,0.000000,10.008559,0.750000,0.750000,1.000000,0.001000000,0.000001113,0.066000,0.000000,0.000000,0.000000,0.000000,0.000000,0.750000,0.000000
463.699982,1.000000,543.000000,0.000000,0.000000,293.000000,1.000000,1.000000,0.000000,10.008564,0.750000,0.750000,1.000000,0.001000000,0.000001113,0.066000,0.000000,0.000000,0.000000,0.000000,0.000000,0.750000,0.000000
464.699982,1.000000,543.000000,0.000000,0.000000,293.000000,1.000000,1.000000,0.000000,10.008556,0.750000,0.750000,1.000000,0.001000000,0.000001113,0.066000,0.000000,0.000000,0.000000,0.000000,0.000000,0.750000,0.000000
465.699982,1.000000,543.000000,0.000000,0.000000,293.000000,1.000000,1.000000,0.000000,10.008559,0.750000,0.750000,1.000000,0.001000000,0.000001113,0.066000,0.000000,0.000000,0.000000,0.000000,0.000000,0.750000,0.000000
466.699982,1.000000,543.000000,0.000000,0.000000,293.000000,1.000000,1.000000,0.000000,10.008559,0.750000,0.750000,1.000000,0.001000000,0.000001113,0.066000,0.000000,0.000000,0.000000,0.000000,0.000000,0.750000,0.000000
467.699982,1.000000,543.000000,0.000000,0.000000,293.000000,1.000000,1.000000,0.000000,10.008523,0.750000,0.750000,1.000000,0.001000000,0.000001113,0.066000,0.000000,0.000000,0.000000,0.000000,0.000000,0.750000,0.000000
468.699982,1.000000,543.000000,0.000000,0.000000,293.000000,1.000000,1.000000,0.000000,10.008563,0.750000,0.750000,1.000000,0.001000000,0.000001113,0.066000,0.000000,0.000000,0.000000,0.000000,0.000000,0.750000,0.000000
469.699982,1.000000,543.000000,0.000000,0.000000,293.000000,1.000000,1.000000,0.000000,10.008565,0.750000,0.750000,1.000000,0.001000000,0.000001113,0.066000,0.000000,0.000000,0.000000,0.000000,0.000000,0.750000,0.000000
470.699982,1.000000,543.000000,0.000000,0.000000,293.000000,1.000000,1.000000,0.000000,10.008550,0.750000,0.750000,1.000000,0.001000000,0.000001113,0.066000,0.000000,0.000000,0.000000,0.000000,0.000000,0.750000,0.000000
471.699982,1.000000,543.000000,0.000000,0.000000,293.000000,1.000000,1.000000,0.000000,10.008567,0.750000,0.750000,1.000000,0.001000000,0.000001113,0.066000,0.000000,0.000000,0.000000,0.000000,0.000000,0.750000,0.000000
472.699982,1.000000,543.000000,0.000000,0.000000,293.000000,1.000000,1.000000,0.000000,10.008556,0.750000,0.750000,1.000000,0.001000000,0.000001113,0.066000,0.000000,0.000000,0.000000,0.000000,0.000000,0.750000,0.000000
473.699982,1.000000,543.000000,0.000000,0.000000,293.000000,1.000000,1.000000,0.000000,10.008565,0.750000,0.750000,1.000000,0.001000000,0.000001113,0.066000,0.000000,0.000000,0.000000,0.000000,0.000000,0.750000,0.000000
474.699982,1.000000,543.000000,0.000000,0.000000,293.000000,1.000000,1.000000,0.000000,10.008556,0.750000,0.750000,1.000000,0.001000000,0.000001113,0.066000,0.000000,0.000000,0.000000,0.000000,0.000000,0.750000,0.000000
475.699982,1.000000,543.000000,0.000000,0.000000,293.000000,1.000000,1.000000,0.000000,10.008556,0.750000,0.750000,1.000000,0.001000000,0.000001113,0.066000,0.000000,0.000000,0.000000,0.000000,0.000000,0.750000,0.000000
476.699982,1.000000,543.000000,0.000000,0.000000,293.000000,1.000000,1.000000,0.000000,10.008528,0.750000,0.750000,1.000000,0.001000000,0.000001113,0.066000,0.000000,0.000000,0.000000,0.000000,0.000000,0.750000,0.000000
477.699982,1.000000,543.000000,0.000000,0.000000,293.000000,1.000000,1.000000,0.000000,10.008567,0.750000,0.750000,1.000000,0.001000000,0.000001113,0.066000,0.000000,0.000000,0.000000,0.000000,0.000000,0.750000,0.000000
478.699982,1.000000,543.000000,0.000000,0.000000,293.000000,1.000000,1.000000,0.000000,10.008556,0.750000,0.750000,1.000000,0.001000000,0.000001113,0.066000,0.000000,0.000000,0.000000,0.000000,0.000000,0.750000,0.000000
479.699982,1.000000,543.000000,0.000000,0.000000,293.000000,1.000000,1.000000,0.000000,10.008558,0.750000,0.750000,1.000000,0.001000000,0.000001113,0.066000,0.000000,0.000000,0.000000,0.000000,0.000000,0.750000,0.000000
480.699982,1.000000,543.000000,0.000000,0.000000,293.000000,1.000000,1.000000,0.000000,10.008567,0.750000,0.750000,1.000000,0.001000000,0.000001113,0.066000,0.000000,0.000000,0.000000,0.000000,0.000000,0.750000,0.000000
481.699982,1.000000,543.000000,0.000000,0.000000,293.000000,1.000000,1.000000,0.000000,10.008558,0.750000,0.750000,1.000000,0.001000000,0.000001113,0.066000,0.000000,0.000000,0.000000,0.000000,0.000000,0.750000,0.000000
482.699982,1.000000,543.000000,0.000000,0.000000,293.000000,1.000000,1.000000,0.000000,10.008559,0.750000,0.750000,1.000000,0.001000000,0.000001113,0.066000,0.000000,0.000000,0.000000,0.000000,0.000000,0.750000,0.000000
483.699982,1.000000,543.000000,0.000000,0.000000,293.000000,1.000000,1.000000,0.000000,10.008563,0.750000,0.750000,1.000000,0.001000000,0.000001113,0.066000,0.000000,0.000000,0.000000,0.000000,0.000000,0.750000,0.000000
484.699982,1.000000,543.000000,0.000000,0.000000,293.000000,1.000000,1.000000,0.000000,10.008558,0.750000,0.750000,1.000000,0.001000000,0.000001113,0.066000,0.000000,0.000000,0.000000,0.000000,0.000000,0.750000,0.000000
485.699982,1.000000,543.000000,0.000000,0.000000,293.000000,1.000000,1.000000,0.000000,10.008525,0.750000,0.750000,1.000000,0.001000000,0.000001113,0.066000,0.000000,0.000000,0.000000,0.000000,0.000000,0.750000,0.000000
486.699982,1.000000,543.000000,0.000000,0.000000,293.000000,1.000000,1.000000,0.000000,10.008563,0.750000,0.750000,1.000000,0.001000000,0.000001113,0.066000,0.000000,0.000000,0.000000,0.000000,0.000000,0.750000,0.000000
487.699982,1.000000,543.000000,0.000000,0.000000,293.000000,1.000000,1.000000,0.000000,10.008553,0.750000,0.750000,1.000000,0.001000000,0.000001113,0.066000,0.000000,0.000000,0.000000,0.000000,0.000000,0.750000,0.000000
488.699982,1.000000,543.000000,0.000000,0.000000,293.000000,1.000000,1.000000,0.000000,10.008560,0.750000,0.750000,1.000000,0.001000000,0.000001113,0.066000,0.000000,0.000000,0.000000,0.000000,0.000000,0.750000,0.000000
489.699982,1.000000,543.000000,0.000000,0.000000,293.000000,1.000000,1.000000,0.000000,10.008558,0.750000,0.750000,1.000000,0.001000000,0.000001113,0.066000,0.000000,0.000000,0.000000,0.000000,0.000000,0.750000,0.000000
490.699982,1.000000,543.000000,0.000000,0.000000,293.000000,1.000000,1.000000,0.000000,10.008563,0.750000,0.750000,1.000000,0.001000000,0.000001113,0.066000,0.000000,0.000000,0.000000,0.000000,0.000000,0.750000,0.000000
491.699982,1.000000,543.000000,0.000000,0.000000,293.000000,1.000000,1.000000,0.000000,10.008558,0.750000,0.750000,1.000000,0.001000000,0.000001113,0.066000,0.000000,0.000000,0.000000,0.000000,0.000000,0.750000,0.000000
492.699982,1.000000,543.000000,0.000000,0.000000,293.000000,1.000000,1.000000,0.000000,10.008563,0.750000,0.750000,1.000000,0.001000000,0.000001113,0.066000,0.000000,0.000000,0.000000,0.000000,0.000000,0.750000,0.000000
493.699982,1.000000,543.000000,0.000000,0.000000,293.000000,1.000000,1.000000,0.000000,10.008555,0.750000,0.750000,1.000000,0.001000000,0.000001113,0.066000,0.000000,0.000000,0.000000,0.000000,0.000000,0.750000,0.000000
494.699982,1.000000,543.000000,0.000000,0.000000,293.000000,1.000000,1.000000,0.000000,10.008523,0.750000,0.750000,1.000000,0.001000000,0.000001113,0.066000,0.000000,0.000000,0.000000,0.000000,0.000000,0.750000,0.000000
495.699982,1.000000,543.000000,0.000000,0.000000,293.000000,1.000000,1.000000,0.000000,10.008567,0.750000,0.750000,1.000000,0.001000000,0.000001113,0.066000,0.000000,0.000000,0.000000,0.000000,0.000000,0.750000,0.000000
496.699982,1.000000,543.000000,0.000000,0.000000,293.000000,1.000000,1.000000,0.000000,10.008562,0.750000,0.750000,1.000000,0.001000000,0.000001113,0.066000,0.000000,0.000000,0.000000,0.000000,0.000000,0.750000,0.000000
497.699982,1.000000,543.000000,0.000000,0.000000,293.000000,1.000000,1.000000,0.000000,10.008556,0.750000,0.750000,1.000000,0.001000000,0.000001113,0.066000,0.000000,0.000000,0.000000,0.000000,0.000000,0.750000,0.000000
498.699982,1.000000,543.000000,0.000000,0.000000,293.000000,1.000000,1.000000,0.000000,10.008557,0.750000,0.750000,1.000000,0.001000000,0.000001113,0.066000,0.000000,0.000000,0.000000,0.000000,0.000000,0.750000,0.000000
499.699982,1.000000,543.000000,0.000000,0.000000,293.000000,1.000000,1.000000,0.000000,10.008559,0.750000,0.750000,1.000000,0.001000000,0.000001113,0.066000,0.000000,0.000000,0.000000,0.000000,0.000000,0.750000,0.000000
500.699982,1.000000,543.000000,0.000000,0.000000,293.000000,1.000000,1.000000,0.000000,10.008558,0.750000,0.750000,1.000000,0.001000000,0.000001113,0.066000,0.000000,0.000000,0.000000,0.000000,0.000000,0.750000,0.000000
501.699982,1.000000,543.000000,0.000000,0.000000,293.000000,1.000000,1.000000,0.000000,10.008560,0.750000,0.750000,1.000000,0.001000000,0.000001113,0.066000,0.000000,0.000000,0.000000,0.000000,0.000000,0.750000,0.000000
502.699982,1.000000,543.000000,0.000000,0.000000,293.000000,1.000000,1.000000,0.000000,10.008558,0.750000,0.750000,1.000000,0.001000000,0.000001113,0.066000,0.000000,0.000000,0.000000,0.000000,0.000000,0.750000,0.000000
503.699982,1.000000,543.000000,0.000000,0.000000,293.000000,1.000000,1.000000,0.000000,10.008529,0.750000,0.750000,1.000000,0.001000000,0.000001113,0.066000,0.000000,0.000000,0.000000,0.000000,0.000000,0.750000,0.000000
504.699982,1.000000,543.000000,0.000000,0.000000,293.000000,1.000000,1.000000,0.000000,10.008567,0.750000,0.750000,1.000000,0.001000000,0.000001113,0.066000,0.000000,0.000000,0.000000,0.000000,0.000000,0.750000,0.000000
505.699982,1.000000,543.000000,0.000000,0.000000,293.000000,1.000000,1.000000,0.000000,10.008554,0.750000,0.750000,1.000000,0.001000000,0.000001113,0.066000,0.000000,0.000000,0.000000,0.000000,0.000000,0.750000,0.000000
506.699982,1.000000,543.000000,0.000000,0.000000,293.000000,1.000000,1.000000,0.000000,10.008556,0.750000,0.750000,1.000000,0.001000000,0.000001113,0.066000,0.000000,0.000000,0.000000,0.000000,0.000000,0.750000,0.000000
507.699982,1.000000,543.000000,0.000000,0.000000,293.000000,1.000000,1.000000,0.000000,10.008560,0.750000,0.750000,1.000000,0.001000000,0.000001113,0.066000,0.000000,0.000000,0.000000,0.000000,0.000000,0.750000,0.000000
508.699982,1.000000,543.000000,0.000000,0.000000,293.000000,1.000000,1.000000,0.000000,10.008563,0.750000,0.750000,1.000000,0.001000000,0.000001113,0.066000,0.000000,0.000000,0.000000,0.000000,0.000000,0.750000,0.000000
509.699982,1.000000,543.000000,0.000000,0.000000,293.000000,1.000000,1.000000,0.000000,10.008554,0.750000,0.750000,1.000000,0.001000000,0.000001113,0.066000,0.000000,0.000000,0.000000,0.000000,0.000000,0.750000,0.000000
510.699982,1.000000,543.000000,0.000000,0.000000,293.000000,1.000000,1.000000,0.000000,10.008571,0.750000,0.750000,1.000000,0.001000000,0.000001113,0.066000,0.000000,0.000000,0.000000,0.000000,0.000000,0.750000,0.000000
511.699982,1.000000,543.000000,0.000000,0.000000,293.000000,1.000000,1.000000,0.000000,10.008550,0.750000,0.750000,1.000000,0.001000000,0.000001113,0.066000,0.000000,0.000000,0.000000,0.000000,0.000000,0.750000,0.000000
512.699951,1.000000,543.000000,0.000000,0.000000,293.000000,1.000000,1.000000,0.000000,10.008231,0.750000,0.750000,1.000000,0.001000000,0.000001113,0.066000,0.000000,0.000000,0.000000,0.000000,0.000000,0.750000,0.000000
513.699951,1.000000,543.000000,0.000000,0.000000,293.000000,1.000000,1.000000,0.000000,10.008560,0.750000,0.750000,1.000000,0.001000000,0.000001113,0.066000,0.000000,0.000000,0.000000,0.000000,0.000000,0.750000,0.000000
514.699951,1.000000,543.000000,0.000000,0.000000,293.000000,1.000000,1.000000,0.000000,10.008559,0.750000,0.750000,1.000000,0.001000000,0.000001113,0.066000,0.000000,0.000000,0.000000,0.000000,0.000000,0.750000,0.000000
515.699951,1.000000,543.000000,0.000000,0.000000,293.000000,1.000000,1.000000,0.000000,10.008553,0.750000,0.750000,1.000000,0.001000000,0.000001113,0.066000,0.000000,0.000000,0.000000,0.000000,0.000000,0.750000,0.000000
516.699951,1.000000,543.000000,0.000000,0.000000,293.000000,1.000000,1.000000,0.000000,10.008567,0.750000,0.750000,1.000000,0.001000000,0.000001113,0.066000,0.000000,0.000000,0.000000,0.000000,0.000000,0.750000,0.000000
517.699951,1.000000,543.000000,0.000000,0.000000,293.000000,1.000000,1.000000,0.000000,10.008558,0.750000,0.750000,1.000000,0.001000000,0.000001113,0.066000,0.000000,0.000000,0.000000,0.000000,0.000000,0.750000,0.000000
518.699951,1.000000,543.000000,0.000000,0.000000,293.000000,1.000000,1.000000,0.000000,10.008554,0.750000,0.750000,1.000000,0.001000000,0.000001113,0.066000,0.000000,0.000000,0.000000,0.000000,0.000000,0.750000,0.000000
519.699951,1.000000,543.000000,0.000000,0.000000,293.000000,1.000000,1.000000,0.000000,10.008563,0.750000,0.750000,1.000000,0.001000000,0.000001113,0.066000,0.000000,0.000000,0.000000,0.000000,0.000000,0.750000,0.000000
520.699951,1.000000,543.000000,0.000000,0.000000,293.000000,1.000000,1.000000,0.000000,10.008563,0.750000,0.750000,1.000000,0.001000000,0.000001113,0.066000,0.000000,0.000000,0.000000,0.000000,0.000000,0.750000,0.000000
521.699951,1.000000,543.000000,0.000000,0.000000,293.000000,1.000000,1.000000,0.000000,10.008525,0.750000,0.750000,1.000000,0.001000000,0.000001113,0.066000,0.000000,0.000000,0.000000,0.000000,0.000000,0.750000,0.000000
522.699951,1.000000,543.000000,0.000000,0.000000,293.000000,1.000000,1.000000,0.000000,10.008556,0.750000,0.750000,1.000000,0.001000000,0.000001113,0.066000,0.000000,0.000000,0.000000,0.000000,0.000000,0.750000,0.000000
523.699951,1.000000,543.000000,0.000000,0.000000,293.000000,1.000000,1.000000,0.000000,10.008564,0.750000,0.750000,1.000000,0.001000000,0.000001113,0.066000,0.000000,0.000000,0.000000,0.000000,0.000000,0.750000,0.000000
524.699951,1.000000,543.000000,0.000000,0.000000,293.000000,1.000000,1.000000,0.000000,10.008553,0.750000,0.750000,1.000000,0.001000000,0.000001113,0.066000,0.000000,0.000000,0.000000,0.000000,0.000000,0.750000,0.000000
525.699951,1.000000,543.000000,0.000000,0.000000,293.000000,1.000000,1.000000,0.000000,10.008563,0.750000,0.750000,1.000000,0.001000000,0.000001113,0.066000,0.000000,0.000000,0.000000,0.000000,0.000000,0.750000,0.000000
526.699951,1.000000,543.000000,0.000000,0.000000,293.000000,1.000000,1.000000,0.000000,10.008556,0.750000,0.750000,1.000000,0.001000000,0.000001113,0.066000,0.000000,0.000000,0.000000,0.000000,0.000000,0.750000,0.000000
527.699951,1.000000,543.000000,0.000000,0.000000,293.000000,1.000000,1.000000,0.000000,10.008567,0.750000,0.750000,1.000000,0.001000000,0.000001113,0.066000,0.000000,0.000000,0.000000,0.000000,0.000000,0.750000,0.000000
528.699951,1.000000,543.000000,0.000000,0.000000,293.000000,1.000000,1.000000,0.000000,10.008559,0.750000,0.750000,1.000000,0.001000000,0.000001113,0.066000,0.000000,0.000000,0.000000,0.000000,0.000000,0.750000,0.000000
529.699951,1.000000,543.000000,0.000000,0.000000,293.000000,1.000000,1.000000,0.000000,10.008558,0.750000,0.750000,1.000000,0.001000000,0.000001113,0.066000,0.000000,0.000000,0.000000,0.000000,0.000000,0.750000,0.000000
530.699951,1.000000,543.000000,0.000000,0.000000,293.000000,1.000000,1.000000,0.000000,10.008521,0.750000,0.750000,1.000000,0.001000000,0.000001113,0.066000,0.000000,0.000000,0.000000,0.000000,0.000000,0.750000,0.000000
531.699951,1.000000,543.000000,0.000000,0.000000,293.000000,1.000000,1.000000,0.000000,10.008569,0.750000,0.750000,1.000000,0.001000000,0.000001113,0.066000,0.000000,0.000000,0.000000,0.000000,0.000000,0.750000,0.000000
532.699951,1.000000,543.000000,0.000000,0.000000,293.000000,1.000000,1.000000,0.000000,10.008553,0.750000,0.750000,1.000000,0.001000000,0.000001113,0.066000,0.000000,0.000000,0.000000,0.000000,0.000000,0.750000,0.000000
533.699951,1.000000,543.000000,0.000000,0.000000,293.000000,1.000000,1.000000,0.000000,10.008564,0.750000,0.750000,1.000000,0.001000000,0.000001113,0.066000,0.000000,0.000000,0.000000,0.000000,0.000000,0.750000,0.000000
534.699951,1.000000,543.000000,0.000000,0.000000,293.000000,1.000000,1.000000,0.000000,10.008567,0.750000,0.750000,1.000000,0.001000000,0.000001113,0.066000,0.000000,0.000000,0.000000,0.000000,0.000000,0.750000,0.000000
535.699951,1.000000,543.000000,0.000000,0.000000,293.000000,1.000000,1.000000,0.000000,10.008556,0.750000,0.750000,1.000000,0.001000000,0.000001113,0.066000,0.000000,0.000000,0.000000,0.000000,0.000000,0.750000,0.000000
536.699951,1.000000,543.000000,0.000000,0.000000,293.000000,1.000000,1.000000,0.000000,10.008559,0.750000,0.750000,1.000000,0.001000000,0.000001113,0.066000,0.000000,0.000000,0.000000,0.000000,0.000000,0.750000,0.000000
537.699951,1.000000,543.000000,0.000000,0.000000,293.000000,1.000000,1.000000,0.000000,10.008558,0.750000,0.750000,1.000000,0.001000000,0.000001113,0.066000,0.000000,0.000000,0.000000,0.000000,0.000000,0.750000,0.000000
538.699951,1.000000,543.000000,0.000000,0.000000,293.000000,1.000000,1.000000,0.000000,10.008558,0.750000,0.750000,1.000000,0.001000000,0.000001113,0.066000,0.000000,0.000000,0.000000,0.000000,0.000000,0.750000,0.000000
539.699951,1.000000,543.000000,0.000000,0.000000,293.000000,1.000000,1.000000,0.000000,10.008521,0.750000,0.750000,1.000000,0.001000000,0.000001113,0.066000,0.000000,0.000000,0.000000,0.000000,0.000000,0.750000,0.000000
540.699951,1.000000,543.000000,0.000000,0.000000,293.000000,1.000000,1.000000,0.000000,10.008565,0.750000,0.750000,1.000000,0.001000000,0.000001113,0.066000,0.000000,0.000000,0.000000,0.000000,0.000000,0.750000,0.000000
541.699951,1.000000,543.000000,0.000000,0.000000,293.000000,1.000000,1.000000,0.000000,10.008556,0.750000,0.750000,1.000000,0.001000000,0.000001113,0.066000,0.000000,0.000000,0.000000,0.000000,0.000000,0.750000,0.000000
542.699951,1.000000,543.000000,0.000000,0.000000,293.000000,1.000000,1.000000,0.000000,10.008558,0.750000,0.750000,1.000000,0.001000000,0.000001113,0.066000,0.000000,0.000000,0.000000,0.000000,0.000000,0.750000,0.000000
543.699951,1.000000,543.000000,0.000000,0.000000,293.000000,1.000000,1.000000,0.000000,10.008565,0.750000,0.750000,1.000000,0.001000000,0.000001113,0.066000,0.000000,0.000000,0.000000,0.000000,0.000000,0.750000,0.000000
544.699951,1.000000,543.000000,0.000000,0.000000,293.000000,1.000000,1.000000,0.000000,10.008563,0.750000,0.750000,1.000000,0.001000000,0.000001113,0.066000,0.000000,0.000000,0.000000,0.000000,0.000000,0.750000,0.000000
545.699951,1.000000,543.000000,0.000000,0.000000,293.000000,1.000000,1.000000,0.000000,10.008556,0.750000,0.750000,1.000000,0.001000000,0.000001113,0.066000,0.000000,0.000000,0.000000,0.000000,0.000000,0.750000,0.000000
546.699951,1.000000,543.000000,0.000000,0.000000,293.000000,1.000000,1.000000,0.000000,10.008556,0.750000,0.750000,1.000000,0.001000000,0.000001113,0.066000,0.000000,0.000000,0.000000,0.000000,0.000000,0.750000,0.000000
547.699951,1.000000,543.000000,0.000000,0.000000,293.000000,1.000000,1.000000,0.000000,10.008563,0.750000,0.750000,1.000000,0.001000000,0.000001113,0.066000,0.000000,0.000000,0.000000,0.000000,0.000000,0.750000,0.000000
548.699951,1.000000,543.000000,0.000000,0.000000,293.000000,1.000000,1.000000,0.000000,10.008523,0.750000,0.750000,1.000000,0.001000000,0.000001113,0.066000,0.000000,0.000000,0.000000,0.000000,0.000000,0.750000,0.000000
549.699951,1.000000,543.000000,0.000000,0.000000,293.000000,1.000000,1.000000,0.000000,10.008568,0.750000,0.750000,1.000000,0.001000000,0.000001113,0.066000,0.000000,0.000000,0.000000,0.000000,0.000000,0.750000,0.000000
550.699951,1.000000,543.000000,0.000000,0.000000,293.000000,1.000000,1.000000,0.000000,10.008560,0.750000,0.750000,1.000000,0.001000000,0.000001113,0.066000,0.000000,0.000000,0.000000,0.000000,0.000000,0.750000,0.000000
551.699951,1.000000,543.000000,0.000000,0.000000,293.000000,1.000000,1.000000,0.000000,10.008556,0.750000,0.750000,1.000000,0.001000000,0.000001113,0.066000,0.000000,0.000000,0.000000,0.000000,0.000000,0.750000,0.000000
552.699951,1.000000,543.000000,0.000000,0.000000,293.000000,1.000000,1.000000,0.000000,10.008563,0.750000,0.750000,1.000000,0.001000000,0.000001113,0.066000,0.000000,0.000000,0.000000,0.000000,0.000000,0.750000,0.000000
553.699951,1.000000,543.000000,0.000000,0.000000,293.000000,1.000000,1.000000,0.000000,10.008560,0.750000,0.750000,1.000000,0.001000000,0.000001113,0.066000,0.000000,0.000000,0.000000,0.000000,0.000000,0.750000,0.000000
554.699951,1.000000,543.000000,0.000000,0.000000,293.000000,1.000000,1.000000,0.000000,10.008558,0.750000,0.750000,1.000000,0.001000000,0.000001113,0.066000,0.000000,0.000000,0.000000,0.000000,0.000000,0.750000,0.000000
555.699951,1.000000,543.000000,0.000000,0.000000,293.000000,1.000000,1.000000,0.000000,10.008556,0.750000,0.750000,1.000000,0.001000000,0.000001113,0.066000,0.000000,0.000000,0.000000,0.000000,0.000000,0.750000,0.000000
556.699951,1.000000,543.000000,0.000000,0.000000,293.000000,1.000000,1.000000,0.000000,10.008559,0.750000,0.750000,1.000000,0.001000000,0.000001113,0.066000,0.000000,0.000000,0.000000,0.000000,0.000000,0.750000,0.000000
557.699951,1.000000,543.000000,0.000000,0.000000,293.000000,1.000000,1.000000,0.000000,10.008532,0.750000,0.750000,1.000000,0.001000000,0.000001113,0.066000,0.000000,0.000000,0.000000,0.000000,0.000000,0.750000,0.000000
558.699951,1.000000,543.000000,0.000000,0.000000,293.000000,1.000000,1.000000,0.000000,10.008553,0.750000,0.750000,1.000000,0.001000000,0.000001113,0.066000,0.000000,0.000000,0.000000,0.000000,0.000000,0.750000,0.000000
559.699951,1.000000,543.000000,0.000000,0.000000,293.000000,1.000000,1.000000,0.000000,10.008568,0.750000,0.750000,1.000000,0.001000000,0.000001113,0.066000,0.000000,0.000000,0.000000,0.000000,0.000000,0.750000,0.000000
560.699951,1.000000,543.000000,0.000000,0.000000,293.000000,1.000000,1.000000,0.000000,10.008553,0.750000,0.750000,1.000000,0.001000000,0.000001113,0.066000,0.000000,0.000000,0.000000,0.000000,0.000000,0.750000,0.000000
561.699951,1.000000,543.000000,0.000000,0.000000,293.000000,1.000000,1.000000,0.000000,10.008559,0.750000,0.750000,1.000000,0.001000000,0.000001113,0.066000,0.000000,0.000000,0.000000,0.000000,0.000000,0.750000,0.000000
562.699951,1.000000,543.000000,0.000000,0.000000,293.000000,1.000000,1.000000,0.000000,10.008559,0.750000,0.750000,1.000000,0.001000000,0.000001113,0.066000,0.000000,0.000000,0.000000,0.000000,0.000000,0.750000,0.000000
563.699951,1.000000,543.000000,0.000000,0.000000,293.000000,1.000000,1.000000,0.000000,10.008556,0.750000,0.750000,1.000000,0.001000000,0.000001113,0.066000,0.000000,0.000000,0.000000,0.000000,0.000000,0.750000,0.000000
564.699951,1.000000,543.000000,0.000000,0.000000,293.000000,1.000000,1.000000,0.000000,10.008574,0.750000,0.750000,1.000000,0.001000000,0.000001113,0.066000,0.000000,0.000000,0.000000,0.000000,0.000000,0.750000,0.000000
565.699951,1.000000,543.000000,0.000000,0.000000,293.000000,1.000000,1.000000,0.000000,10.008552,0.750000,0.750000,1.000000,0.001000000,0.000001113,0.066000,0.000000,0.000000,0.000000,0.000000,0.000000,0.750000,0.000000
566.699951,1.000000,543.000000,0.000000,0.000000,293.000000,1.000000,1.000000,0.000000,10.008531,0.750000,0.750000,1.000000,0.001000000,0.000001113,0.066000,0.000000,0.000000,0.000000,0.000000,0.000000,0.750000,0.000000
567.699951,1.000000,543.000000,0.000000,0.000000,293.000000,1.000000,1.000000,0.000000,10.008557,0.750000,0.750000,1.000000,0.001000000,0.000001113,0.066000,0.000000,0.000000,0.000000,0.000000,0.000000,0.750000,0.000000
568.699951,1.000000,543.000000,0.000000,0.000000,293.000000,1.000000,1.000000,0.000000,10.008554,0.750000,0.750000,1.000000,0.001000000,0.000001113,0.066000,0.000000,0.000000,0.000000,0.000000,0.000000,0.750000,0.000000
569.699951,1.000000,543.000000,0.000000,0.000000,293.000000,1.000000,1.000000,0.000000,10.008559,0.750000,0.750000,1.000000,0.001000000,0.000001113,0.066000,0.000000,0.000000,0.000000,0.000000,0.000000,0.750000,0.000000
570.699951,1.000000,543.000000,0.000000,0.000000,293.000000,1.000000,1.000000,0.000000,10.008563,0.750000,0.750000,1.000000,0.001000000,0.000001113,0.066000,0.000000,0.000000,0.000000,0.000000,0.000000,0.750000,0.000000
571.699951,1.000000,543.000000,0.000000,0.000000,293.000000,1.000000,1.000000,0.000000,10.008556,0.750000,0.750000,1.000000,0.001000000,0.000001113,0.066000,0.000000,0.000000,0.000000,0.000000,0.000000,0.750000,0.000000
572.699951,1.000000,543.000000,0.000000,0.000000,293.000000,1.000000,1.000000,0.000000,10.008563,0.750000,0.750000,1.000000,0.001000000,0.000001113,0.066000,0.000000,0.000000,0.000000,0.000000,0.000000,0.750000,0.000000
573.699951,1.000000,543.000000,0.000000,0.000000,293.000000,1.000000,1.000000,0.000000,10.008562,0.750000,0.750000,1.000000,0.001000000,0.000001113,0.066000,0.000000,0.000000,0.000000,0.000000,0.000000,0.750000,0.000000
574.699951,1.000000,543.000000,0.000000,0.000000,293.000000,1.000000,1.000000,0.000000,10.008565,0.750000,0.750000,1.000000,0.001000000,0.000001113,0.066000,0.000000,0.000000,0.000000,0.000000,0.000000,0.750000,0.000000
575.699951,1.000000,543.000000,0.000000,0.000000,293.000000,1.000000,1.000000,0.000000,10.008515,0.750000,0.750000,1.000000,0.001000000,0.000001113,0.066000,0.000000,0.000000,0.000000,0.000000,0.000000,0.750000,0.000000
576.699951,1.000000,543.000000,0.000000,0.000000,293.000000,1.000000,1.000000,0.000000,10.008569,0.750000,0.750000,1.000000,0.001000000,0.000001113,0.066000,0.000000,0.000000,0.000000,0.000000,0.000000,0.750000,0.000000
577.699951,1.000000,543.000000,0.000000,0.000000,293.000000,1.000000,1.000000,0.000000,10.008563,0.750000,0.750000,1.000000,0.001000000,0.000001113,0.066000,0.000000,0.000000,0.000000,0.000000,0.000000,0.750000,0.000000
578.699951,1.000000,543.000000,0.000000,0.000000,293.000000,1.000000,1.000000,0.000000,10.008551,0.750000,0.750000,1.000000,0.001000000,0.000001113,0.066000,0.000000,0.000000,0.000000,0.000000,0.000000,0.750000,0.000000
579.699951,1.000000,543.000000,0.000000,0.000000,293.000000,1.000000,1.000000,0.000000,10.008570,0.750000,0.750000,1.000000,0.001000000,0.000001113,0.066000,0.000000,0.000000,0.000000,0.000000,0.000000,0.750000,0.000000
580.699951,1.000000,543.000000,0.000000,0.000000,293.000000,1.000000,1.000000,0.000000,10.008551,0.750000,0.750000,1.000000,0.001000000,0.000001113,0.066000,0.000000,0.000000,0.000000,0.000000,0.000000,0.750000,0.000000
581.699951,1.000000,543.000000,0.000000,0.000000,293.000000,1.000000,1.000000,0.000000,10.008563,0.750000,0.750000,1.000000,0.001000000,0.000001113,0.066000,0.000000,0.000000,0.000000,0.000000,0.000000,0.750000,0.000000
582.699951,1.000000,543.000000,0.000000,0.000000,293.000000,1.000000,1.000000,0.000000,10.008562,0.750000,0.750000,1.000000,0.001000000,0.000001113,0.066000,0.000000,0.000000,0.000000,0.000000,0.000000,0.750000,0.000000
583.699951,1.000000,543.000000,0.000000,0.000000,293.000000,1.000000,1.000000,0.000000,10.008560,0.750000,0.750000,1.000000,0.001000000,0.000001113,0.066000,0.000000,0.000000,0.000000,0.000000,0.000000,0.750000,0.000000
584.699951,1.000000,543.000000,0.000000,0.000000,293.000000,1.000000,1.000000,0.000000,10.008522,0.750000,0.750000,1.000000,0.001000000,0.000001113,0.066000,0.000000,0.000000,0.000000,0.000000,0.000000,0.750000,0.000000
585.699951,1.000000,543.000000,0.000000,0.000000,293.000000,1.000000,1.000000,0.000000,10.008558,0.750000,0.750000,1.000000,0.001000000,0.000001113,0.066000,0.000000,0.000000,0.000000,0.000000,0.000000,0.750000,0.000000
586.699951,1.000000,543.000000,0.000000,0.000000,293.000000,1.000000,1.000000,0.000000,10.008563,0.750000,0.750000,1.000000,0.001000000,0.000001113,0.066000,0.000000,0.000000,0.000000,0.000000,0.000000,0.750000,0.000000
587.699951,1.000000,543.000000,0.000000,0.000000,293.000000,1.000000,1.000000,0.000000,10.008559,0.750000,0.750000,1.000000,0.001000000,0.000001113,0.066000,0.000000,0.000000,0.000000,0.000000,0.000000,0.750000,0.000000
588.699951,1.000000,543.000000,0.000000,0.000000,293.000000,1.000000,1.000000,0.000000,10.008560,0.750000,0.750000,1.000000,0.001000000,0.000001113,0.066000,0.000000,0.000000,0.000000,0.000000,0.000000,0.750000,0.000000
589.699951,1.000000,543.000000,0.000000,0.000000,293.000000,1.000000,1.000000,0.000000,10.008560,0.750000,0.750000,1.000000,0.001000000,0.000001113,0.066000,0.000000,0.000000,0.000000,0.000000,0.000000,0.750000,0.000000
590.699951,1.000000,543.000000,0.000000,0.000000,293.000000,1.000000,1.000000,0.000000,10.008554,0.750000,0.750000,1.000000,0.001000000,0.000001113,0.066000,0.000000,0.000000,0.000000,0.000000,0.000000,0.750000,0.000000
591.699951,1.000000,543.000000,0.000000,0.000000,293.000000,1.000000,1.000000,0.000000,10.008563,0.750000,0.750000,1.000000,0.001000000,0.000001113,0.066000,0.000000,0.000000,0.000000,0.000000,0.000000,0.750000,0.000000
592.699951,1.000000,543.000000,0.000000,0.000000,293.000000,1.000000,1.000000,0.000000,10.008563,0.750000,0.750000,1.000000,0.001000000,0.000001113,0.066000,0.000000,0.000000,0.000000,0.000000,0.000000,0.750000,0.000000
593.699951,1.000000,543.000000,0.000000,0.000000,293.000000,1.000000,1.000000,0.000000,10.008517,0.750000,0.750000,1.000000,0.001000000,0.000001113,0.066000,0.000000,0.000000,0.000000,0.000000,0.000000,0.750000,0.000000
594.699951,1.000000,543.000000,0.000000,0.000000,293.000000,1.000000,1.000000,0.000000,10.008567,0.750000,0.750000,1.000000,0.001000000,0.000001113,0.066000,0.000000,0.000000,0.000000,0.000000,0.000000,0.750000,0.000000
595.699951,1.000000,543.000000,0.000000,0.000000,293.000000,1.000000,1.000000,0.000000,10.008562,0.750000,0.750000,1.000000,0.001000000,0.000001113,0.066000,0.000000,0.000000,0.000000,0.000000,0.000000,0.750000,0.000000
596.699951,1.000000,543.000000,0.000000,0.000000,293.000000,1.000000,1.000000,0.000000,10.008554,0.750000,0.750000,1.000000,0.001000000,0.000001113,0.066000,0.000000,0.000000,0.000000,0.000000,0.000000,0.750000,0.000000
597.699951,1.000000,543.000000,0.000000,0.000000,293.000000,1.000000,1.000000,0.000000,10.008568,0.750000,0.750000,1.000000,0.001000000,0.000001113,0.066000,0.000000,0.000000,0.000000,0.000000,0.000000,0.750000,0.000000
598.699951,1.000000,543.000000,0.000000,0.000000,293.000000,1.000000,1.000000,0.000000,10.008550,0.750000,0.750000,1.000000,0.001000000,0.000001113,0.066000,0.000000,0.000000,0.000000,0.000000,0.000000,0.750000,0.000000
599.699951,1.000000,543.000000,0.000000,0.000000,293.000000,1.000000,1.000000,0.000000,10.008559,0.750000,0.750000,1.000000,0.001000000,0.000001113,0.066000,0.000000,0.000000,0.000000,0.000000,0.000000,0.750000,0.000000
600.699951,1.000000,543.000000,0.000000,0.000000,293.000000,1.000000,1.000000,0.000000,10.008565,0.750000,0.750000,1.000000,0.001000000,0.000001113,0.066000,0.000000,0.000000,0.000000,0.000000,0.000000,0.750000,0.000000
601.699951,1.000000,543.000000,0.000000,0.000000,293.000000,1.000000,1.000000,0.000000,10.008559,0.750000,0.750000,1.000000,0.001000000,0.000001113,0.066000,0.000000,0.000000,0.000000,0.000000,0.000000,0.750000,0.000000
602.699951,1.000000,543.000000,0.000000,0.000000,293.000000,1.000000,1.000000,0.000000,10.008529,0.750000,0.750000,1.000000,0.001000000,0.000001113,0.066000,0.000000,0.000000,0.000000,0.000000,0.000000,0.750000,0.000000
603.699951,1.000000,543.000000,0.000000,0.000000,293.000000,1.000000,1.000000,0.000000,10.008564,0.750000,0.750000,1.000000,0.001000000,0.000001113,0.066000,0.000000,0.000000,0.000000,0.000000,0.000000,0.750000,0.000000
604.699951,1.000000,543.000000,0.000000,0.000000,293.000000,1.000000,1.000000,0.000000,10.008554,0.750000,0.750000,1.000000,0.001000000,0.000001113,0.066000,0.000000,0.000000,0.000000,0.000000,0.000000,0.750000,0.000000
605.699951,1.000000,543.000000,0.000000,0.000000,293.000000,1.000000,1.000000,0.000000,10.008553,0.750000,0.750000,1.000000,0.001000000,0.000001113,0.066000,0.000000,0.000000,0.000000,0.000000,0.000000,0.750000,0.000000
606.699951,1.000000,543.000000,0.000000,0.000000,293.000000,1.000000,1.000000,0.000000,10.008567,0.750000,0.750000,1.000000,0.001000000,0.000001113,0.066000,0.000000,0.000000,0.000000,0.000000,0.000000,0.750000,0.000000
607.699951,1.000000,543.000000,0.000000,0.000000,293.000000,1.000000,1.000000,0.000000,10.008558,0.750000,0.750000,1.000000,0.001000000,0.000001113,0.066000,0.000000,0.000000,0.000000,0.000000,0.000000,0.750000,0.000000
608.699951,1.000000,543.000000,0.000000,0.000000,293.000000,1.000000,1.000000,0.000000,10.008563,0.750000,0.750000,1.000000,0.001000000,0.000001113,0.066000,0.000000,0.000000,0.000000,0.000000,0.000000,0.750000,0.000000
609.699951,1.000000,543.000000,0.000000,0.000000,293.000000,1.000000,1.000000,0.000000,10.008556,0.750000,0.750000,1.000000,0.001000000,0.000001113,0.066000,0.000000,0.000000,0.000000,0.000000,0.000000,0.750000,0.000000
610.699951,1.000000,543.000000,0.000000,0.000000,293.000000,1.000000,1.000000,0.000000,10.008557,0.750000,0.750000,1.000000,0.001000000,0.000001113,0.066000,0.000000,0.000000,0.000000,0.000000,0.000000,0.750000,0.000000
611.699951,1.000000,543.000000,0.000000,0.000000,293.000000,1.000000,1.000000,0.000000,10.008529,0.750000,0.750000,1.000000,0.001000000,0.000001113,0.066000,0.000000,0.000000,0.000000,0.000000,0.000000,0.750000,0.000000
612.699951,1.000000,543.000000,0.000000,0.000000,293.000000,1.000000,1.000000,0.000000,10.008564,0.750000,0.750000,1.000000,0.001000000,0.000001113,0.066000,0.000000,0.000000,0.000000,0.000000,0.000000,0.750000,0.000000
613.699951,1.000000,543.000000,0.000000,0.000000,293.000000,1.000000,1.000000,0.000000,10.008555,0.750000,0.750000,1.000000,0.001000000,0.000001113,0.066000,0.000000,0.000000,0.000000,0.000000,0.000000,0.750000,0.000000
614.699951,1.000000,543.000000,0.000000,0.000000,293.000000,1.000000,1.000000,0.000000,10.008560,0.750000,0.750000,1.000000,0.001000000,0.000001113,0.066000,0.000000,0.000000,0.000000,0.000000,0.000000,0.750000,0.000000
615.699951,1.000000,543.000000,0.000000,0.000000,293.000000,1.000000,1.000000,0.000000,10.008567,0.750000,0.750000,1.000000,0.001000000,0.000001113,0.066000,0.000000,0.000000,0.000000,0.000000,0.000000,0.750000,0.000000
616.699951,1.000000,543.000000,0.000000,0.000000,293.000000,1.000000,1.000000,0.000000,10.008553,0.750000,0.750000,1.000000,0.001000000,0.000001113,0.066000,0.000000,0.000000,0.000000,0.000000,0.000000,0.750000,0.000000
617.699951,1.000000,543.000000,0.000000,0.000000,293.000000,1.000000,1.000000,0.000000,10.008559,0.750000,0.750000,1.000000,0.001000000,0.000001113,0.066000,0.000000,0.000000,0.000000,0.000000,0.000000,0.750000,0.000000
618.699951,1.000000,543.000000,0.000000,0.000000,293.000000,1.000000,1.000000,0.000000,10.008559,0.750000,0.750000,1.000000,0.001000000,0.000001113,0.066000,0.000000,0.000000,0.000000,0.000000,0.000000,0.750000,0.000000
619.699951,1.000000,543.000000,0.000000,0.000000,293.000000,1.000000,1.000000,0.000000,10.008556,0.750000,0.750000,1.000000,0.001000000,0.000001113,0.066000,0.000000,0.000000,0.000000,0.000000,0.000000,0.750000,0.000000
620.699951,1.000000,543.000000,0.000000,0.000000,293.000000,1.000000,1.000000,0.000000,10.008527,0.750000,0.750000,1.000000,0.001000000,0.000001113,0.066000,0.000000,0.000000,0.000000,0.000000,0.000000,0.750000,0.000000
621.699951,1.000000,543.000000,0.000000,0.000000,293.000000,1.000000,1.000000,0.000000,10.008563,0.750000,0.750000,1.000000,0.001000000,0.000001113,0.066000,0.000000,0.000000,0.000000,0.000000,0.000000,0.750000,0.000000
622.699951,1.000000,543.000000,0.000000,0.000000,293.000000,1.000000,1.000000,0.000000,10.008565,0.750000,0.750000,1.000000,0.001000000,0.000001113,0.066000,0.000000,0.000000,0.000000,0.000000,0.000000,0.750000,0.000000
623.699951,1.000000,543.000000,0.000000,0.000000,293.000000,1.000000,1.000000,0.000000,10.008556,0.750000,0.750000,1.000000,0.001000000,0.000001113,0.066000,0.000000,0.000000,0.000000,0.000000,0.000000,0.750000,0.000000
624.699951,1.000000,543.000000,0.000000,0.000000,293.000000,1.000000,1.000000,0.000000,10.008559,0.750000,0.750000,1.000000,0.001000000,0.000001113,0.066000,0.000000,0.000000,0.000000,0.000000,0.000000,0.750000,0.000000
625.699951,1.000000,543.000000,0.000000,0.000000,293.000000,1.000000,1.000000,0.000000,10.008560,0.750000,0.750000,1.000000,0.001000000,0.000001113,0.066000,0.000000,0.000000,0.000000,0.000000,0.000000,0.750000,0.000000
626.699951,1.000000,543.000000,0.000000,0.000000,293.000000,1.000000,1.000000,0.000000,10.008554,0.750000,0.750000,1.000000,0.001000000,0.000001113,0.066000,0.000000,0.000000,0.000000,0.000000,0.000000,0.750000,0.000000
627.699951,1.000000,543.000000,0.000000,0.000000,293.000000,1.000000,1.000000,0.000000,10.008569,0.750000,0.750000,1.000000,0.001000000,0.000001113,0.066000,0.000000,0.000000,0.000000,0.000000,0.000000,0.750000,0.000000
628.699951,1.000000,543.000000,0.000000,0.000000,293.000000,1.000000,1.000000,0.000000,10.008551,0.750000,0.750000,1.000000,0.001000000,0.000001113,0.066000,0.000000,0.000000,0.000000,0.000000,0.000000,0.750000,0.000000
629.699951,1.000000,543.000000,0.000000,0.000000,293.000000,1.000000,1.000000,0.000000,10.008532,0.750000,0.750000,1.000000,0.001000000,0.000001113,0.066000,0.000000,0.000000,0.000000,0.000000,0.000000,0.750000,0.000000
630.699951,1.000000,543.000000,0.000000,0.000000,293.000000,1.000000,1.000000,0.000000,10.008556,0.750000,0.750000,1.000000,0.001000000,0.000001113,0.066000,0.000000,0.000000,0.000000,0.000000,0.000000,0.750000,0.000000
631.699951,1.000000,543.000000,0.000000,0.000000,293.000000,1.000000,1.000000,0.000000,10.008559,0.750000,0.750000,1.000000,0.001000000,0.000001113,0.066000,0.000000,0.000000,0.000000,0.000000,0.000000,0.750000,0.000000
632.699951,1.000000,543.000000,0.000000,0.000000,293.000000,1.000000,1.000000,0.000000,10.008567,0.750000,0.750000,1.000000,0.001000000,0.000001113,0.066000,0.000000,0.000000,0.000000,0.000000,0.000000,0.750000,0.000000
633.699951,1.000000,543.000000,0.000000,0.000000,293.000000,1.000000,1.000000,0.000000,10.008560,0.750000,0.750000,1.000000,0.001000000,0.000001113,0.066000,0.000000,0.000000,0.000000,0.000000,0.000000,0.750000,0.000000
634.699951,1.000000,543.000000,0.000000,0.000000,293.000000,1.000000,1.000000,0.000000,10.008556,0.750000,0.750000,1.000000,0.001000000,0.000001113,0.066000,0.000000,0.000000,0.000000,0.000000,0.000000,0.750000,0.000000
635.699951,1.000000,543.000000,0.000000,0.000000,293.000000,1.000000,1.000000,0.000000,10.008556,0.750000,0.750000,1.000000,0.001000000,0.000001113,0.066000,0.000000,0.000000,0.000000,0.000000,0.000000,0.750000,0.000000
636.699951,1.000000,543.000000,0.000000,0.000000,293.000000,1.000000,1.000000,0.000000,10.008563,0.750000,0.750000,1.000000,0.001000000,0.000001113,0.066000,0.000000,0.000000,0.000000,0.000000,0.000000,0.750000,0.000000
637.699951,1.000000,543.000000,0.000000,0.000000,293.000000,1.000000,1.000000,0.000000,10.008560,0.750000,0.750000,1.000000,0.001000000,0.000001113,0.066000,0.000000,0.000000,0.000000,0.000000,0.000000,0.750000,0.000000
638.699951,1.000000,543.000000,0.000000,0.000000,293.000000,1.000000,1.000000,0.000000,10.008529,0.750000,0.750000,1.000000,0.001000000,0.000001113,0.066000,0.000000,0.000000,0.000000,0.000000,0.000000,0.750000,0.000000
639.699951,1.000000,543.000000,0.000000,0.000000,293.000000,1.000000,1.000000,0.000000,10.008560,0.750000,0.750000,1.000000,0.001000000,0.000001113,0.066000,0.000000,0.000000,0.000000,0.000000,0.000000,0.750000,0.000000
640.699951,1.000000,543.000000,0.000000,0.000000,293.000000,1.000000,1.000000,0.000000,10.008558,0.750000,0.750000,1.000000,0.001000000,0.000001113,0.066000,0.000000,0.000000,0.000000,0.000000,0.000000,0.750000,0.000000
641.699951,1.000000,543.000000,0.000000,0.000000,293.000000,1.000000,1.000000,0.000000,10.008560,0.750000,0.750000,1.000000,0.001000000,0.000001113,0.066000,0.000000,0.000000,0.000000,0.000000,0.000000,0.750000,0.000000
642.699951,1.000000,543.000000,0.000000,0.000000,293.000000,1.000000,1.000000,0.000000,10.008554,0.750000,0.750000,1.000000,0.001000000,0.000001113,0.066000,0.000000,0.000000,0.000000,0.000000,0.000000,0.750000,0.000000
643.699951,1.000000,543.000000,0.000000,0.000000,293.000000,1.000000,1.000000,0.000000,10.008565,0.750000,0.750000,1.000000,0.001000000,0.000001113,0.066000,0.000000,0.000000,0.000000,0.000000,0.000000,0.750000,0.000000
644.699951,1.000000,543.000000,0.000000,0.000000,293.000000,1.000000,1.000000,0.000000,10.008556,0.750000,0.750000,1.000000,0.001000000,0.000001113,0.066000,0.000000,0.000000,0.000000,0.000000,0.000000,0.750000,0.000000
645.699951,1.000000,543.000000,0.000000,0.000000,293.000000,1.000000,1.000000,0.000000,10.008567,0.750000,0.750000,1.000000,0.001000000,0.000001113,0.066000,0.000000,0.000000,0.000000,0.000000,0.000000,0.750000,0.000000
646.699951,1.000000,543.000000,0.000000,0.000000,293.000000,1.000000,1.000000,0.000000,10.008550,0.750000,0.750000,1.000000,0.001000000,0.000001113,0.066000,0.000000,0.000000,0.000000,0.000000,0.000000,0.750000,0.000000
647.699951,1.000000,543.000000,0.000000,0.000000,293.000000,1.000000,1.000000,0.000000,10.008528,0.750000,0.750000,1.000000,0.001000000,0.000001113,0.066000,0.000000,0.000000,0.000000,0.000000,0.000000,0.750000,0.000000
648.699951,1.000000,543.000000,0.000000,0.000000,293.000000,1.000000,1.000000,0.000000,10.008566,0.750000,0.750000,1.000000,0.001000000,0.000001113,0.066000,0.000000,0.000000,0.000000,0.000000,0.000000,0.750000,0.000000
649.699951,1.000000,543.000000,0.000000,0.000000,293.000000,1.000000,1.000000,0.000000,10.008560,0.750000,0.750000,1.000000,0.001000000,0.000001113,0.066000,0.000000,0.000000,0.000000,0.000000,0.000000,0.750000,0.000000
650.699951,1.000000,543.000000,0.000000,0.000000,293.000000,1.000000,1.000000,0.000000,10.008558,0.750000,0.750000,1.000000,0.001000000,0.000001113,0.066000,0.000000,0.000000,0.000000,0.000000,0.000000,0.750000,0.000000
651.699951,1.000000,543.000000,0.000000,0.000000,293.000000,1.000000,1.000000,0.000000,10.008559,0.750000,0.750000,1.000000,0.001000000,0.000001113,0.066000,0.000000,0.000000,0.000000,0.000000,0.000000,0.750000,0.000000
652.699951,1.000000,543.000000,0.000000,0.000000,293.000000,1.000000,1.000000,0.000000,10.008562,0.750000,0.750000,1.000000,0.001000000,0.000001113,0.066000,0.000000,0.000000,0.000000,0.000000,0.000000,0.750000,0.000000
653.699951,1.000000,543.000000,0.000000,0.000000,293.000000,1.000000,1.000000,0.000000,10.008559,0.750000,0.750000,1.000000,0.001000000,0.000001113,0.066000,0.000000,0.000000,0.000000,0.000000,0.000000,0.750000,0.000000
654.699951,1.000000,543.000000,0.000000,0.000000,293.000000,1.000000,1.000000,0.000000,10.008559,0.750000,0.750000,1.000000,0.001000000,0.000001113,0.066000,0.000000,0.000000,0.000000,0.000000,0.000000,0.750000,0.000000
655.699951,1.000000,543.000000,0.000000,0.000000,293.000000,1.000000,1.000000,0.000000,10.008558,0.750000,0.750000,1.000000,0.001000000,0.000001113,0.066000,0.000000,0.000000,0.000000,0.000000,0.000000,0.750000,0.000000
656.699951,1.000000,543.000000,0.000000,0.000000,293.000000,1.000000,1.000000,0.000000,10.008523,0.750000,0.750000,1.000000,0.001000000,0.000001113,0.066000,0.000000,0.000000,0.000000,0.000000,0.000000,0.750000,0.000000
657.699951,1.000000,543.000000,0.000000,0.000000,293.000000,1.000000,1.000000,0.000000,10.008564,0.750000,0.750000,1.000000,0.001000000,0.000001113,0.066000,0.000000,0.000000,0.000000,0.000000,0.000000,0.750000,0.000000
658.699951,1.000000,543.000000,0.000000,0.000000,293.000000,1.000000,1.000000,0.000000,10.008559,0.750000,0.750000,1.000000,0.001000000,0.000001113,0.066000,0.000000,0.000000,0.000000,0.000000,0.000000,0.750000,0.000000
659.699951,1.000000,543.000000,0.000000,0.000000,293.000000,1.000000,1.000000,0.000000,10.008556,0.750000,0.750000,1.000000,0.001000000,0.000001113,0.066000,0.000000,0.000000,0.000000,0.000000,0.000000,0.750000,0.000000
660.699951,1.000000,543.000000,0.000000,0.000000,293.000000,1.000000,1.000000,0.000000,10.008567,0.750000,0.750000,1.000000,0.001000000,0.000001113,0.066000,0.000000,0.000000,0.000000,0.000000,0.000000,0.750000,0.000000
661.699951,1.000000,543.000000,0.000000,0.000000,293.000000,1.000000,1.000000,0.000000,10.008551,0.750000,0.750000,1.000000,0.001000000,0.000001113,0.066000,0.000000,0.000000,0.000000,0.000000,0.000000,0.750000,0.000000
662.699951,1.000000,543.000000,0.000000,0.000000,293.000000,1.000000,1.000000,0.000000,10.008562,0.750000,0.750000,1.000000,0.001000000,0.000001113,0.066000,0.000000,0.000000,0.000000,0.000000,0.000000,0.750000,0.000000
663.699951,1.000000,543.000000,0.000000,0.000000,293.000000,1.000000,1.000000,0.000000,10.008559,0.750000,0.750000,1.000000,0.001000000,0.000001113,0.066000,0.000000,0.000000,0.000000,0.000000,0.000000,0.750000,0.000000
664.699951,1.000000,543.000000,0.000000,0.000000,293.000000,1.000000,1.000000,0.000000,10.008558,0.750000,0.750000,1.000000,0.001000000,0.000001113,0.066000,0.000000,0.000000,0.000000,0.000000,0.000000,0.750000,0.000000
665.699951,1.000000,543.000000,0.000000,0.000000,293.000000,1.000000,1.000000,0.000000,10.008529,0.750000,0.750000,1.000000,0.001000000,0.000001113,0.066000,0.000000,0.000000,0.000000,0.000000,0.000000,0.750000,0.000000
666.699951,1.000000,543.000000,0.000000,0.000000,293.000000,1.000000,1.000000,0.000000,10.008570,0.750000,0.750000,1.000000,0.001000000,0.000001113,0.066000,0.000000,0.000000,0.000000,0.000000,0.000000,0.750000,0.000000
667.699951,1.000000,543.000000,0.000000,0.000000,293.000000,1.000000,1.000000,0.000000,10.008554,0.750000,0.750000,1.000000,0.001000000,0.000001113,0.066000,0.000000,0.000000,0.000000,0.000000,0.000000,0.750000,0.000000
668.699951,1.000000,543.000000,0.000000,0.000000,293.000000,1.000000,1.000000,0.000000,10.008564,0.750000,0.750000,1.000000,0.001000000,0.000001113,0.066000,0.000000,0.000000,0.000000,0.000000,0.000000,0.750000,0.000000
669.699951,1.000000,543.000000,0.000000,0.000000,293.000000,1.000000,1.000000,0.000000,10.008557,0.750000,0.750000,1.000000,0.001000000,0.000001113,0.066000,0.000000,0.000000,0.000000,0.000000,0.000000,0.750000,0.000000
670.699951,1.000000,543.000000,0.000000,0.000000,293.000000,1.000000,1.000000,0.000000,10.008556,0.750000,0.750000,1.000000,0.001000000,0.000001113,0.066000,0.000000,0.000000,0.000000,0.000000,0.000000,0.750000,0.000000
671.699951,1.000000,543.000000,0.000000,0.000000,293.000000,1.000000,1.000000,0.000000,10.008556,0.750000,0.750000,1.000000,0.001000000,0.000001113,0.066000,0.000000,0.000000,0.000000,0.000000,0.000000,0.750000,0.000000
672.699951,1.000000,543.000000,0.000000,0.000000,293.000000,1.000000,1.000000,0.000000,10.008566,0.750000,0.750000,1.000000,0.001000000,0.000001113,0.066000,0.000000,0.000000,0.000000,0.000000,0.000000,0.750000,0.000000
673.699951,1.000000,543.000000,0.000000,0.000000,293.000000,1.000000,1.000000,0.000000,10.008559,0.750000,0.750000,1.000000,0.001000000,0.000001113,0.066000,0.000000,0.000000,0.000000,0.000000,0.000000,0.750000,0.000000
674.699951,1.000000,543.000000,0.000000,0.000000,293.000000,1.000000,1.000000,0.000000,10.008522,0.750000,0.750000,1.000000,0.001000000,0.000001113,0.066000,0.000000,0.000000,0.000000,0.000000,0.000000,0.750000,0.000000
675.699951,1.000000,543.000000,0.000000,0.000000,293.000000,1.000000,1.000000,0.000000,10.008571,0.750000,0.750000,1.000000,0.001000000,0.000001113,0.066000,0.000000,0.000000,0.000000,0.000000,0.000000,0.750000,0.000000
676.699951,1.000000,543.000000,0.000000,0.000000,293.000000,1.000000,1.000000,0.000000,10.008558,0.750000,0.750000,1.000000,0.001000000,0.000001113,0.066000,0.000000,0.000000,0.000000,0.000000,0.000000,0.750000,0.000000
677.699951,1.000000,543.000000,0.000000,0.000000,293.000000,1.000000,1.000000,0.000000,10.008553,0.750000,0.750000,1.000000,0.001000000,0.000001113,0.066000,0.000000,0.000000,0.000000,0.000000,0.000000,0.750000,0.000000
678.699951,1.000000,543.000000,0.000000,0.000000,293.000000,1.000000,1.000000,0.000000,10.008565,0.750000,0.750000,1.000000,0.001000000,0.000001113,0.066000,0.000000,0.000000,0.000000,0.000000,0.000000,0.750000,0.000000
679.699951,1.000000,543.000000,0.000000,0.000000,293.000000,1.000000,1.000000,0.000000,10.008556,0.750000,0.750000,1.000000,0.001000000,0.000001113,0.066000,0.000000,0.000000,0.000000,0.000000,0.000000,0.750000,0.000000
680.699951,1.000000,543.000000,0.000000,0.000000,293.000000,1.000000,1.000000,0.000000,10.008563,0.750000,0.750000,1.000000,0.001000000,0.000001113,0.066000,0.000000,0.000000,0.000000,0.000000,0.000000,0.750000,0.000000
681.699951,1.000000,543.000000,0.000000,0.000000,293.000000,1.000000,1.000000,0.000000,10.008554,0.750000,0.750000,1.000000,0.001000000,0.000001113,0.066000,0.000000,0.000000,0.000000,0.000000,0.000000,0.750000,0.000000
682.699951,1.000000,543.000000,0.000000,0.000000,293.000000,1.000000,1.000000,0.000000,10.008566,0.750000,0.750000,1.000000,0.001000000,0.000001113,0.066000,0.000000,0.000000,0.000000,0.000000,0.000000,0.750000,0.000000
683.699951,1.000000,543.000000,0.000000,0.000000,293.000000,1.000000,1.000000,0.000000,10.008524,0.750000,0.750000,1.000000,0.001000000,0.000001113,0.066000,0.000000,0.000000,0.000000,0.000000,0.000000,0.750000,0.000000
684.699951,1.000000,543.000000,0.000000,0.000000,293.000000,1.000000,1.000000,0.000000,10.008563,0.750000,0.750000,1.000000,0.001000000,0.000001113,0.066000,0.000000,0.000000,0.000000,0.000000,0.000000,0.750000,0.000000
685.699951,1.000000,543.000000,0.000000,0.000000,293.000000,1.000000,1.000000,0.000000,10.008556,0.750000,0.750000,1.000000,0.001000000,0.000001113,0.066000,0.000000,0.000000,0.000000,0.000000,0.000000,0.750000,0.000000
686.699951,1.000000,543.000000,0.000000,0.000000,293.000000,1.000000,1.000000,0.000000,10.008558,0.750000,0.750000,1.000000,0.001000000,0.000001113,0.066000,0.000000,0.000000,0.000000,0.000000,0.000000,0.750000,0.000000
687.699951,1.000000,543.000000,0.000000,0.000000,293.000000,1.000000,1.000000,0.000000,10.008559,0.750000,0.750000,1.000000,0.001000000,0.000001113,0.066000,0.000000,0.000000,0.000000,0.000000,0.000000,0.750000,0.000000
688.699951,1.000000,543.000000,0.000000,0.000000,293.000000,1.000000,1.000000,0.000000,10.008567,0.750000,0.750000,1.000000,0.001000000,0.000001113,0.066000,0.000000,0.000000,0.000000,0.000000,0.000000,0.750000,0.000000
689.699951,1.000000,543.000000,0.000000,0.000000,293.000000,1.000000,1.000000,0.000000,10.008553,0.750000,0.750000,1.000000,0.001000000,0.000001113,0.066000,0.000000,0.000000,0.000000,0.000000,0.000000,0.750000,0.000000
690.699951,1.000000,543.000000,0.000000,0.000000,293.000000,1.000000,1.000000,0.000000,10.008559,0.750000,0.750000,1.000000,0.001000000,0.000001113,0.066000,0.000000,0.000000,0.000000,0.000000,0.000000,0.750000,0.000000
691.699951,1.000000,543.000000,0.000000,0.000000,293.000000,1.000000,1.000000,0.000000,10.008566,0.750000,0.750000,1.000000,0.001000000,0.000001113,0.066000,0.000000,0.000000,0.000000,0.000000,0.000000,0.750000,0.000000
692.699951,1.000000,543.000000,0.000000,0.000000,293.000000,1.000000,1.000000,0.000000,10.008527,0.750000,0.750000,1.000000,0.001000000,0.000001113,0.066000,0.000000,0.000000,0.000000,0.000000,0.000000,0.750000,0.000000
693.699951,1.000000,543.000000,0.000000,0.000000,293.000000,1.000000,1.000000,0.000000,10.008554,0.750000,0.750000,1.000000,0.001000000,0.000001113,0.066000,0.000000,0.000000,0.000000,0.000000,0.000000,0.750000,0.000000
694.699951,1.000000,543.000000,0.000000,0.000000,293.000000,1.000000,1.000000,0.000000,10.008558,0.750000,0.750000,1.000000,0.001000000,0.000001113,0.066000,0.000000,0.000000,0.000000,0.000000,0.000000,0.750000,0.000000
695.699951,1.000000,543.000000,0.000000,0.000000,293.000000,1.000000,1.000000,0.000000,10.008565,0.750000,0.750000,1.000000,0.001000000,0.000001113,0.066000,0.000000,0.000000,0.000000,0.000000,0.000000,0.750000,0.000000
696.699951,1.000000,543.000000,0.000000,0.000000,293.000000,1.000000,1.000000,0.000000,10.008560,0.750000,0.750000,1.000000,0.001000000,0.000001113,0.066000,0.000000,0.000000,0.000000,0.000000,0.000000,0.750000,0.000000
697.699951,1.000000,543.000000,0.000000,0.000000,293.000000,1.000000,1.000000,0.000000,10.008559,0.750000,0.750000,1.000000,0.001000000,0.000001113,0.066000,0.000000,0.000000,0.000000,0.000000,0.000000,0.750000,0.000000
698.699951,1.000000,543.000000,0.000000,0.000000,293.000000,1.000000,1.000000,0.000000,10.008550,0.750000,0.750000,1.000000,0.001000000,0.000001113,0.066000,0.000000,0.000000,0.000000,0.000000,0.000000,0.750000,0.000000
699.699951,1.000000,543.000000,0.000000,0.000000,293.000000,1.000000,1.000000,0.000000,10.008565,0.750000,0.750000,1.000000,0.001000000,0.000001113,0.066000,0.000000,0.000000,0.000000,0.000000,0.000000,0.750000,0.000000
700.699951,1.000000,543.000000,0.000000,0.000000,293.000000,1.000000,1.000000,0.000000,10.008558,0.750000,0.750000,1.000000,0.001000000,0.000001113,0.066000,0.000000,0.000000,0.000000,0.000000,0.000000,0.750000,0.000000
701.699951,1.000000,543.000000,0.000000,0.000000,293.000000,1.000000,1.000000,0.000000,10.008524,0.750000,0.750000,1.000000,0.001000000,0.000001113,0.066000,0.000000,0.000000,0.000000,0.000000,0.000000,0.750000,0.000000
702.699951,1.000000,543.000000,0.000000,0.000000,293.000000,1.000000,1.000000,0.000000,10.008567,0.750000,0.750000,1.000000,0.001000000,0.000001113,0.066000,0.000000,0.000000,0.000000,0.000000,0.000000,0.750000,0.000000
703.699951,1.000000,543.000000,0.000000,0.000000,293.000000,1.000000,1.000000,0.000000,10.008557,0.750000,0.750000,1.000000,0.001000000,0.000001113,0.066000,0.000000,0.000000,0.000000,0.000000,0.000000,0.750000,0.000000
704.699951,1.000000,543.000000,0.000000,0.000000,293.000000,1.000000,1.000000,0.000000,10.008559,0.750000,0.750000,1.000000,0.001000000,0.000001113,0.066000,0.000000,0.000000,0.000000,0.000000,0.000000,0.750000,0.000000
705.699951,1.000000,543.000000,0.000000,0.000000,293.000000,1.000000,1.000000,0.000000,10.008558,0.750000,0.750000,1.000000,0.001000000,0.000001113,0.066000,0.000000,0.000000,0.000000,0.000000,0.000000,0.750000,0.000000
706.699951,1.000000,543.000000,0.000000,0.000000,293.000000,1.000000,1.000000,0.000000,10.008565,0.750000,0.750000,1.000000,0.001000000,0.000001113,0.066000,0.000000,0.000000,0.000000,0.000000,0.000000,0.750000,0.000000
707.699951,1.000000,543.000000,0.000000,0.000000,293.000000,1.000000,1.000000,0.000000,10.008559,0.750000,0.750000,1.000000,0.001000000,0.000001113,0.066000,0.000000,0.000000,0.000000,0.000000,0.000000,0.750000,0.000000
708.699951,1.000000,543.000000,0.000000,0.000000,293.000000,1.000000,1.000000,0.000000,10.008558,0.750000,0.750000,1.000000,0.001000000,0.000001113,0.066000,0.000000,0.000000,0.000000,0.000000,0.000000,0.750000,0.000000
709.699951,1.000000,543.000000,0.000000,0.000000,293.000000,1.000000,1.000000,0.000000,10.008554,0.750000,0.750000,1.000000,0.001000000,0.000001113,0.066000,0.000000,0.000000,0.000000,0.000000,0.000000,0.750000,0.000000
710.699951,1.000000,543.000000,0.000000,0.000000,293.000000,1.000000,1.000000,0.000000,10.008533,0.750000,0.750000,1.000000,0.001000000,0.000001113,0.066000,0.000000,0.000000,0.000000,0.000000,0.000000,0.750000,0.000000
711.699951,1.000000,543.000000,0.000000,0.000000,293.000000,1.000000,1.000000,0.000000,10.008554,0.750000,0.750000,1.000000,0.001000000,0.000001113,0.066000,0.000000,0.000000,0.000000,0.000000,0.000000,0.750000,0.000000
712.699951,1.000000,543.000000,0.000000,0.000000,293.000000,1.000000,1.000000,0.000000,10.008565,0.750000,0.750000,1.000000,0.001000000,0.000001113,0.066000,0.000000,0.000000,0.000000,0.000000,0.000000,0.750000,0.000000
713.699951,1.000000,543.000000,0.000000,0.000000,293.000000,1.000000,1.000000,0.000000,10.008554,0.750000,0.750000,1.000000,0.001000000,0.000001113,0.066000,0.000000,0.000000,0.000000,0.000000,0.000000,0.750000,0.000000
714.699951,1.000000,543.000000,0.000000,0.000000,293.000000,1.000000,1.000000,0.000000,10.008563,0.750000,0.750000,1.000000,0.001000000,0.000001113,0.066000,0.000000,0.000000,0.000000,0.000000,0.000000,0.750000,0.000000
715.699951,1.000000,543.000000,0.000000,0.000000,293.000000,1.000000,1.000000,0.000000,10.008560,0.750000,0.750000,1.000000,0.001000000,0.000001113,0.066000,0.000000,0.000000,0.000000,0.000000,0.000000,0.750000,0.000000
716.699951,1.000000,543.000000,0.000000,0.000000,293.000000,1.000000,1.000000,0.000000,10.008561,0.750000,0.750000,1.000000,0.001000000,0.000001113,0.066000,0.000000,0.000000,0.000000,0.000000,0.000000,0.750000,0.000000
717.699951,1.000000,543.000000,0.000000,0.000000,293.000000,1.000000,1.000000,0.000000,10.008565,0.750000,0.750000,1.000000,0.001000000,0.000001113,0.066000,0.000000,0.000000,0.000000,0.000000,0.000000,0.750000,0.000000
718.699951,1.000000,543.000000,0.000000,0.000000,293.000000,1.000000,1.000000,0.000000,10.008552,0.750000,0.750000,1.000000,0.001000000,0.000001113,0.066000,0.000000,0.000000,0.000000,0.000000,0.000000,0.750000,0.000000
719.699951,1.000000,543.000000,0.000000,0.000000,293.000000,1.000000,1.000000,0.000000,10.008523,0.750000,0.750000,1.000000,0.001000000,0.000001113,0.066000,0.000000,0.000000,0.000000,0.000000,0.000000,0.750000,0.000000
720.699951,1.000000,543.000000,0.000000,0.000000,293.000000,1.000000,1.000000,0.000000,10.008562,0.750000,0.750000,1.000000,0.001000000,0.000001113,0.066000,0.000000,0.000000,0.000000,0.000000,0.000000,0.750000,0.000000
721.699951,1.000000,543.000000,0.000000,0.000000,293.000000,1.000000,1.000000,0.000000,10.008563,0.750000,0.750000,1.000000,0.001000000,0.000001113,0.066000,0.000000,0.000000,0.000000,0.000000,0.000000,0.750000,0.000000
722.699951,1.000000,543.000000,0.000000,0.000000,293.000000,1.000000,1.000000,0.000000,10.008554,0.750000,0.750000,1.000000,0.001000000,0.000001113,0.066000,0.000000,0.000000,0.000000,0.000000,0.000000,0.750000,0.000000
723.699951,1.000000,543.000000,0.000000,0.000000,293.000000,1.000000,1.000000,0.000000,10.008565,0.750000,0.750000,1.000000,0.001000000,0.000001113,0.066000,0.000000,0.000000,0.000000,0.000000,0.000000,0.750000,0.000000
724.699951,1.000000,543.000000,0.000000,0.000000,293.000000,1.000000,1.000000,0.000000,10.008554,0.750000,0.750000,1.000000,0.001000000,0.000001113,0.066000,0.000000,0.000000,0.000000,0.000000,0.000000,0.750000,0.000000
725.699951,1.000000,543.000000,0.000000,0.000000,293.000000,1.000000,1.000000,0.000000,10.008562,0.750000,0.750000,1.000000,0.001000000,0.000001113,0.066000,0.000000,0.000000,0.000000,0.000000,0.000000,0.750000,0.000000
726.699951,1.000000,543.000000,0.000000,0.000000,293.000000,1.000000,1.000000,0.000000,10.008558,0.750000,0.750000,1.000000,0.001000000,0.000001113,0.066000,0.000000,0.000000,0.000000,0.000000,0.000000,0.750000,0.000000
727.699951,1.000000,543.000000,0.000000,0.000000,293.000000,1.000000,1.000000,0.000000,10.008561,0.750000,0.750000,1.000000,0.001000000,0.000001113,0.066000,0.000000,0.000000,0.000000,0.000000,0.000000,0.750000,0.000000
728.699951,1.000000,543.000000,0.000000,0.000000,293.000000,1.000000,1.000000,0.000000,10.008524,0.750000,0.750000,1.000000,0.001000000,0.000001113,0.066000,0.000000,0.000000,0.000000,0.000000,0.000000,0.750000,0.000000
729.699951,1.000000,543.000000,0.000000,0.000000,293.000000,1.000000,1.000000,0.000000,10.008567,0.750000,0.750000,1.000000,0.001000000,0.000001113,0.066000,0.000000,0.000000,0.000000,0.000000,0.000000,0.750000,0.000000
730.699951,1.000000,543.000000,0.000000,0.000000,293.000000,1.000000,1.000000,0.000000,10.008562,0.750000,0.750000,1.000000,0.001000000,0.000001113,0.066000,0.000000,0.000000,0.000000,0.000000,0.000000,0.750000,0.000000
731.699951,1.000000,543.000000,0.000000,0.000000,293.000000,1.000000,1.000000,0.000000,10.008554,0.750000,0.750000,1.000000,0.001000000,0.000001113,0.066000,0.000000,0.000000,0.000000,0.000000,0.000000,0.750000,0.000000
732.699951,1.000000,543.000000,0.000000,0.000000,293.000000,1.000000,1.000000,0.000000,10.008559,0.750000,0.750000,1.000000,0.001000000,0.000001113,0.066000,0.000000,0.000000,0.000000,0.000000,0.000000,0.750000,0.000000
733.699951,1.000000,543.000000,0.000000,0.000000,293.000000,1.000000,1.000000,0.000000,10.008558,0.750000,0.750000,1.000000,0.001000000,0.000001113,0.066000,0.000000,0.000000,0.000000,0.000000,0.000000,0.750000,0.000000
734.699951,1.000000,543.000000,0.000000,0.000000,293.000000,1.000000,1.000000,0.000000,10.008556,0.750000,0.750000,1.000000,0.001000000,0.000001113,0.066000,0.000000,0.000000,0.000000,0.000000,0.000000,0.750000,0.000000
735.699951,1.000000,543.000000,0.000000,0.000000,293.000000,1.000000,1.000000,0.000000,10.008568,0.750000,0.750000,1.000000,0.001000000,0.000001113,0.066000,0.000000,0.000000,0.000000,0.000000,0.000000,0.750000,0.000000
736.699951,1.000000,543.000000,0.000000,0.000000,293.000000,1.000000,1.000000,0.000000,10.008554,0.750000,0.750000,1.000000,0.001000000,0.000001113,0.066000,0.000000,0.000000,0.000000,0.000000,0.000000,0.750000,0.000000
737.699951,1.000000,543.000000,0.000000,0.000000,293.000000,1.000000,1.000000,0.000000,10.008528,0.750000,0.750000,1.000000,0.001000000,0.000001113,0.066000,0.000000,0.000000,0.000000,0.000000,0.000000,0.750000,0.000000
738.699951,1.000000,543.000000,0.000000,0.000000,293.000000,1.000000,1.000000,0.000000,10.008567,0.750000,0.750000,1.000000,0.001000000,0.000001113,0.066000,0.000000,0.000000,0.000000,0.000000,0.000000,0.750000,0.000000
739.699951,1.000000,543.000000,0.000000,0.000000,293.000000,1.000000,1.000000,0.000000,10.008553,0.750000,0.750000,1.000000,0.001000000,0.000001113,0.066000,0.000000,0.000000,0.000000,0.000000,0.000000,0.750000,0.000000
740.699951,1.000000,543.000000,0.000000,0.000000,293.000000,1.000000,1.000000,0.000000,10.008564,0.750000,0.750000,1.000000,0.001000000,0.000001113,0.066000,0.000000,0.000000,0.000000,0.000000,0.000000,0.750000,0.000000
741.699951,1.000000,543.000000,0.000000,0.000000,293.000000,1.000000,1.000000,0.000000,10.008561,0.750000,0.750000,1.000000,0.001000000,0.000001113,0.066000,0.000000,0.000000,0.000000,0.000000,0.000000,0.750000,0.000000
742.699951,1.000000,543.000000,0.000000,0.000000,293.000000,1.000000,1.000000,0.000000,10.008553,0.750000,0.750000,1.000000,0.001000000,0.000001113,0.066000,0.000000,0.000000,0.000000,0.000000,0.000000,0.750000,0.000000
743.699951,1.000000,543.000000,0.000000,0.000000,293.000000,1.000000,1.000000,0.000000,10.008563,0.750000,0.750000,1.000000,0.001000000,0.000001113,0.066000,0.000000,0.000000,0.000000,0.000000,0.000000,0.750000,0.000000
744.699951,1.000000,543.000000,0.000000,0.000000,293.000000,1.000000,1.000000,0.000000,10.008562,0.750000,0.750000,1.000000,0.001000000,0.000001113,0.066000,0.000000,0.000000,0.000000,0.000000,0.000000,0.750000,0.000000
745.699951,1.000000,543.000000,0.000000,0.000000,293.000000,1.000000,1.000000,0.000000,10.008557,0.750000,0.750000,1.000000,0.001000000,0.000001113,0.066000,0.000000,0.000000,0.000000,0.000000,0.000000,0.750000,0.000000
746.699951,1.000000,543.000000,0.000000,0.000000,293.000000,1.000000,1.000000,0.000000,10.008531,0.750000,0.750000,1.000000,0.001000000,0.000001113,0.066000,0.000000,0.000000,0.000000,0.000000,0.000000,0.750000,0.000000
747.699951,1.000000,543.000000,0.000000,0.000000,293.000000,1.000000,1.000000,0.000000,10.008553,0.750000,0.750000,1.000000,0.001000000,0.000001113,0.066000,0.000000,0.000000,0.000000,0.000000,0.000000,0.750000,0.000000
748.699951,1.000000,543.000000,0.000000,0.000000,293.000000,1.000000,1.000000,0.000000,10.008560,0.750000,0.750000,1.000000,0.001000000,0.000001113,0.066000,0.000000,0.000000,0.000000,0.000000,0.000000,0.750000,0.000000
749.699951,1.000000,543.000000,0.000000,0.000000,293.000000,1.000000,1.000000,0.000000,10.008562,0.750000,0.750000,1.000000,0.001000000,0.000001113,0.066000,0.000000,0.000000,0.000000,0.000000,0.000000,0.750000,0.000000
750.699951,1.000000,543.000000,0.000000,0.000000,293.000000,1.000000,1.000000,0.000000,10.008559,0.750000,0.750000,1.000000,0.001000000,0.000001113,0.066000,0.000000,0.000000,0.000000,0.000000,0.000000,0.750000,0.000000
751.699951,1.000000,543.000000,0.000000,0.000000,293.000000,1.000000,1.000000,0.000000,10.008565,0.750000,0.750000,1.000000,0.001000000,0.000001113,0.066000,0.000000,0.000000,0.000000,0.000000,0.000000,0.750000,0.000000
752.699951,1.000000,543.000000,0.000000,0.000000,293.000000,1.000000,1.000000,0.000000,10.008556,0.750000,0.750000,1.000000,0.001000000,0.000001113,0.066000,0.000000,0.000000,0.000000,0.000000,0.000000,0.750000,0.000000
753.699951,1.000000,543.000000,0.000000,0.000000,293.000000,1.000000,1.000000,0.000000,10.008559,0.750000,0.750000,1.000000,0.001000000,0.000001113,0.066000,0.000000,0.000000,0.000000,0.000000,0.000000,0.750000,0.000000
754.699951,1.000000,543.000000,0.000000,0.000000,293.000000,1.000000,1.000000,0.000000,10.008558,0.750000,0.750000,1.000000,0.001000000,0.000001113,0.066000,0.000000,0.000000,0.000000,0.000000,0.000000,0.750000,0.000000
755.699951,1.000000,543.000000,0.000000,0.000000,293.000000,1.000000,1.000000,0.000000,10.008524,0.750000,0.750000,1.000000,0.001000000,0.000001113,0.066000,0.000000,0.000000,0.000000,0.000000,0.000000,0.750000,0.000000
756.699951,1.000000,543.000000,0.000000,0.000000,293.000000,1.000000,1.000000,0.000000,10.008570,0.750000,0.750000,1.000000,0.001000000,0.000001113,0.066000,0.000000,0.000000,0.000000,0.000000,0.000000,0.750000,0.000000
757.699951,1.000000,543.000000,0.000000,0.000000,293.000000,1.000000,1.000000,0.000000,10.008556,0.750000,0.750000,1.000000,0.001000000,0.000001113,0.066000,0.000000,0.000000,0.000000,0.000000,0.000000,0.750000,0.000000
758.699951,1.000000,543.000000,0.000000,0.000000,293.000000,1.000000,1.000000,0.000000,10.008553,0.750000,0.750000,1.000000,0.001000000,0.000001113,0.066000,0.000000,0.000000,0.000000,0.000000,0.000000,0.750000,0.000000
759.699951,1.000000,543.000000,0.000000,0.000000,293.000000,1.000000,1.000000,0.000000,10.008564,0.750000,0.750000,1.000000,0.001000000,0.000001113,0.066000,0.000000,0.000000,0.000000,0.000000,0.000000,0.750000,0.000000
760.699951,1.000000,543.000000,0.000000,0.000000,293.000000,1.000000,1.000000,0.000000,10.008562,0.750000,0.750000,1.000000,0.001000000,0.000001113,0.066000,0.000000,0.000000,0.000000,0.000000,0.000000,0.750000,0.000000
761.699951,1.000000,543.000000,0.000000,0.000000,293.000000,1.000000,1.000000,0.000000,10.008562,0.750000,0.750000,1.000000,0.001000000,0.000001113,0.066000,0.000000,0.000000,0.000000,0.000000,0.000000,0.750000,0.000000
762.699951,1.000000,543.000000,0.000000,0.000000,293.000000,1.000000,1.000000,0.000000,10.008553,0.750000,0.750000,1.000000,0.001000000,0.000001113,0.066000,0.000000,0.000000,0.000000,0.000000,0.000000,0.750000,0.000000
763.699951,1.000000,543.000000,0.000000,0.000000,293.000000,1.000000,1.000000,0.000000,10.008560,0.750000,0.750000,1.000000,0.001000000,0.000001113,0.066000,0.000000,0.000000,0.000000,0.000000,0.000000,0.750000,0.000000
764.699951,1.000000,543.000000,0.000000,0.000000,293.000000,1.000000,1.000000,0.000000,10.008525,0.750000,0.750000,1.000000,0.001000000,0.000001113,0.066000,0.000000,0.000000,0.000000,0.000000,0.000000,0.750000,0.000000
765.699951,1.000000,543.000000,0.000000,0.000000,293.000000,1.000000,1.000000,0.000000,10.008571,0.750000,0.750000,1.000000,0.001000000,0.000001113,0.066000,0.000000,0.000000,0.000000,0.000000,0.000000,0.750000,0.000000
766.699951,1.000000,543.000000,0.000000,0.000000,293.000000,1.000000,1.000000,0.000000,10.008553,0.750000,0.750000,1.000000,0.001000000,0.000001113,0.066000,0.000000,0.000000,0.000000,0.000000,0.000000,0.750000,0.000000
767.699951,1.000000,543.000000,0.000000,0.000000,293.000000,1.000000,1.000000,0.000000,10.008556,0.750000,0.750000,1.000000,0.001000000,0.000001113,0.066000,0.000000,0.000000,0.000000,0.000000,0.000000,0.750000,0.000000
768.699951,1.000000,543.000000,0.000000,0.000000,293.000000,1.000000,1.000000,0.000000,10.008568,0.750000,0.750000,1.000000,0.001000000,0.000001113,0.066000,0.000000,0.000000,0.000000,0.000000,0.000000,0.750000,0.000000
769.699951,1.000000,543.000000,0.000000,0.000000,293.000000,1.000000,1.000000,0.000000,10.008554,0.750000,0.750000,1.000000,0.001000000,0.000001113,0.066000,0.000000,0.000000,0.000000,0.000000,0.000000,0.750000,0.000000
770.699951,1.000000,543.000000,0.000000,0.000000,293.000000,1.000000,1.000000,0.000000,10.008564,0.750000,0.750000,1.000000,0.001000000,0.000001113,0.066000,0.000000,0.000000,0.000000,0.000000,0.000000,0.750000,0.000000
771.699951,1.000000,543.000000,0.000000,0.000000,293.000000,1.000000,1.000000,0.000000,10.008560,0.750000,0.750000,1.000000,0.001000000,0.000001113,0.066000,0.000000,0.000000,0.000000,0.000000,0.000000,0.750000,0.000000
772.699951,1.000000,543.000000,0.000000,0.000000,293.000000,1.000000,1.000000,0.000000,10.008553,0.750000,0.750000,1.000000,0.001000000,0.000001113,0.066000,0.000000,0.000000,0.000000,0.000000,0.000000,0.750000,0.000000
773.699951,1.000000,543.000000,0.000000,0.000000,293.000000,1.000000,1.000000,0.000000,10.008532,0.750000,0.750000,1.000000,0.001000000,0.000001113,0.066000,0.000000,0.000000,0.000000,0.000000,0.000000,0.750000,0.000000
774.699951,1.000000,543.000000,0.000000,0.000000,293.000000,1.000000,1.000000,0.000000,10.008558,0.750000,0.750000,1.000000,0.001000000,0.000001113,0.066000,0.000000,0.000000,0.000000,0.000000,0.000000,0.750000,0.000000
775.699951,1.000000,543.000000,0.000000,0.000000,293.000000,1.000000,1.000000,0.000000,10.008567,0.750000,0.750000,1.000000,0.001000000,0.000001113,0.066000,0.000000,0.000000,0.000000,0.000000,0.000000,0.750000,0.000000
776.699951,1.000000,543.000000,0.000000,0.000000,293.000000,1.000000,1.000000,0.000000,10.008556,0.750000,0.750000,1.000000,0.001000000,0.000001113,0.066000,0.000000,0.000000,0.000000,0.000000,0.000000,0.750000,0.000000
777.699951,1.000000,543.000000,0.000000,0.000000,293.000000,1.000000,1.000000,0.000000,10.008559,0.750000,0.750000,1.000000,0.001000000,0.000001113,0.066000,0.000000,0.000000,0.000000,0.000000,0.000000,0.750000,0.000000
778.699951,1.000000,543.000000,0.000000,0.000000,293.000000,1.000000,1.000000,0.000000,10.008554,0.750000,0.750000,1.000000,0.001000000,0.000001113,0.066000,0.000000,0.000000,0.000000,0.000000,0.000000,0.750000,0.000000
779.699951,1.000000,543.000000,0.000000,0.000000,293.000000,1.000000,1.000000,0.000000,10.008556,0.750000,0.750000,1.000000,0.001000000,0.000001113,0.066000,0.000000,0.000000,0.000000,0.000000,0.000000,0.750000,0.000000
780.699951,1.000000,543.000000,0.000000,0.000000,293.000000,1.000000,1.000000,0.000000,10.008571,0.750000,0.750000,1.000000,0.001000000,0.000001113,0.066000,0.000000,0.000000,0.000000,0.000000,0.000000,0.750000,0.000000
781.699951,1.000000,543.000000,0.000000,0.000000,293.000000,1.000000,1.000000,0.000000,10.008559,0.750000,0.750000,1.000000,0.001000000,0.000001113,0.066000,0.000000,0.000000,0.000000,0.000000,0.000000,0.750000,0.000000
782.699951,1.000000,543.000000,0.000000,0.000000,293.000000,1.000000,1.000000,0.000000,10.008525,0.750000,0.750000,1.000000,0.001000000,0.000001113,0.066000,0.000000,0.000000,0.000000,0.000000,0.000000,0.750000,0.000000
783.699951,1.000000,543.000000,0.000000,0.000000,293.000000,1.000000,1.000000,0.000000,10.008556,0.750000,0.750000,1.000000,0.001000000,0.000001113,0.066000,0.000000,0.000000,0.000000,0.000000,0.000000,0.750000,0.000000
784.699951,1.000000,543.000000,0.000000,0.000000,293.000000,1.000000,1.000000,0.000000,10.008565,0.750000,0.750000,1.000000,0.001000000,0.000001113,0.066000,0.000000,0.000000,0.000000,0.000000,0.000000,0.750000,0.000000
785.699951,1.000000,543.000000,0.000000,0.000000,293.000000,1.000000,1.000000,0.000000,10.008558,0.750000,0.750000,1.000000,0.001000000,0.000001113,0.066000,0.000000,0.000000,0.000000,0.000000,0.000000,0.750000,0.000000
786.699951,1.000000,543.000000,0.000000,0.000000,293.000000,1.000000,1.000000,0.000000,10.008562,0.750000,0.750000,1.000000,0.001000000,0.000001113,0.066000,0.000000,0.000000,0.000000,0.000000,0.000000,0.750000,0.000000
787.699951,1.000000,543.000000,0.000000,0.000000,293.000000,1.000000,1.000000,0.000000,10.008556,0.750000,0.750000,1.000000,0.001000000,0.000001113,0.066000,0.000000,0.000000,0.000000,0.000000,0.000000,0.750000,0.000000
788.699951,1.000000,543.000000,0.000000,0.000000,293.000000,1.000000,1.000000,0.000000,10.008556,0.750000,0.750000,1.000000,0.001000000,0.000001113,0.066000,0.000000,0.000000,0.000000,0.000000,0.000000,0.750000,0.000000
789.699951,1.000000,543.000000,0.000000,0.000000,293.000000,1.000000,1.000000,0.000000,10.008562,0.750000,0.750000,1.000000,0.001000000,0.000001113,0.066000,0.000000,0.000000,0.000000,0.000000,0.000000,0.750000,0.000000
790.699951,1.000000,543.000000,0.000000,0.000000,293.000000,1.000000,1.000000,0.000000,10.008563,0.750000,0.750000,1.000000,0.001000000,0.000001113,0.066000,0.000000,0.000000,0.000000,0.000000,0.000000,0.750000,0.000000
791.699951,1.000000,543.000000,0.000000,0.000000,293.000000,1.000000,1.000000,0.000000,10.008529,0.750000,0.750000,1.000000,0.001000000,0.000001113,0.066000,0.000000,0.000000,0.000000,0.000000,0.000000,0.750000,0.000000
792.699951,1.000000,543.000000,0.000000,0.000000,293.000000,1.000000,1.000000,0.000000,10.008557,0.750000,0.750000,1.000000,0.001000000,0.000001113,0.066000,0.000000,0.000000,0.000000,0.000000,0.000000,0.750000,0.000000
793.699951,1.000000,543.000000,0.000000,0.000000,293.000000,1.000000,1.000000,0.000000,10.008557,0.750000,0.750000,1.000000,0.001000000,0.000001113,0.066000,0.000000,0.000000,0.000000,0.000000,0.000000,0.750000,0.000000
794.699951,1.000000,543.000000,0.000000,0.000000,293.000000,1.000000,1.000000,0.000000,10.008554,0.750000,0.750000,1.000000,0.001000000,0.000001113,0.066000,0.000000,0.000000,0.000000,0.000000,0.000000,0.750000,0.000000
795.699951,1.000000,543.000000,0.000000,0.000000,293.000000,1.000000,1.000000,0.000000,10.008564,0.750000,0.750000,1.000000,0.001000000,0.000001113,0.066000,0.000000,0.000000,0.000000,0.000000,0.000000,0.750000,0.000000
796.699951,1.000000,543.000000,0.000000,0.000000,293.000000,1.000000,1.000000,0.000000,10.008567,0.750000,0.750000,1.000000,0.001000000,0.000001113,0.066000,0.000000,0.000000,0.000000,0.000000,0.000000,0.750000,0.000000
797.699951,1.000000,543.000000,0.000000,0.000000,293.000000,1.000000,1.000000,0.000000,10.008556,0.750000,0.750000,1.000000,0.001000000,0.000001113,0.066000,0.000000,0.000000,0.000000,0.000000,0.000000,0.750000,0.000000
798.699951,1.000000,543.000000,0.000000,0.000000,293.000000,1.000000,1.000000,0.000000,10.008563,0.750000,0.750000,1.000000,0.001000000,0.000001113,0.066000,0.000000,0.000000,0.000000,0.000000,0.000000,0.750000,0.000000
799.699951,1.000000,543.000000,0.000000,0.000000,293.000000,1.000000,1.000000,0.000000,10.008551,0.750000,0.750000,1.000000,0.001000000,0.000001113,0.066000,0.000000,0.000000,0.000000,0.000000,0.000000,0.750000,0.000000
800.699951,1.000000,543.000000,0.000000,0.000000,293.000000,1.000000,1.000000,0.000000,10.008534,0.750000,0.750000,1.000000,0.001000000,0.000001113,0.066000,0.000000,0.000000,0.000000,0.000000,0.000000,0.750000,0.000000
801.699951,1.000000,543.000000,0.000000,0.000000,293.000000,1.000000,1.000000,0.000000,10.008556,0.750000,0.750000,1.000000,0.001000000,0.000001113,0.066000,0.000000,0.000000,0.000000,0.000000,0.000000,0.750000,0.000000
802.699951,1.000000,543.000000,0.000000,0.000000,293.000000,1.000000,1.000000,0.000000,10.008558,0.750000,0.750000,1.000000,0.001000000,0.000001113,0.066000,0.000000,0.000000,0.000000,0.000000,0.000000,0.750000,0.000000
803.699951,1.000000,543.000000,0.000000,0.000000,293.000000,1.000000,1.000000,0.000000,10.008558,0.750000,0.750000,1.000000,0.001000000,0.000001113,0.066000,0.000000,0.000000,0.000000,0.000000,0.000000,0.750000,0.000000
804.699951,1.000000,543.000000,0.000000,0.000000,293.000000,1.000000,1.000000,0.000000,10.008566,0.750000,0.750000,1.000000,0.001000000,0.000001113,0.066000,0.000000,0.000000,0.000000,0.000000,0.000000,0.750000,0.000000
805.699951,1.000000,543.000000,0.000000,0.000000,293.000000,1.000000,1.000000,0.000000,10.008555,0.750000,0.750000,1.000000,0.001000000,0.000001113,0.066000,0.000000,0.000000,0.000000,0.000000,0.000000,0.750000,0.000000
806.699951,1.000000,543.000000,0.000000,0.000000,293.000000,1.000000,1.000000,0.000000,10.008558,0.750000,0.750000,1.000000,0.001000000,0.000001113,0.066000,0.000000,0.000000,0.000000,0.000000,0.000000,0.750000,0.000000
807.699951,1.000000,543.000000,0.000000,0.000000,293.000000,1.000000,1.000000,0.000000,10.008564,0.750000,0.750000,1.000000,0.001000000,0.000001113,0.066000,0.000000,0.000000,0.000000,0.000000,0.000000,0.750000,0.000000
808.699951,1.000000,543.000000,0.000000,0.000000,293.000000,1.000000,1.000000,0.000000,10.008558,0.750000,0.750000,1.000000,0.001000000,0.000001113,0.066000,0.000000,0.000000,0.000000,0.000000,0.000000,0.750000,0.000000
809.699951,1.000000,543.000000,0.000000,0.000000,293.000000,1.000000,1.000000,0.000000,10.008534,0.750000,0.750000,1.000000,0.001000000,0.000001113,0.066000,0.000000,0.000000,0.000000,0.000000,0.000000,0.750000,0.000000
810.699951,1.000000,543.000000,0.000000,0.000000,293.000000,1.000000,1.000000,0.000000,10.008554,0.750000,0.750000,1.000000,0.001000000,0.000001113,0.066000,0.000000,0.000000,0.000000,0.000000,0.000000,0.750000,0.000000
811.699951,1.000000,543.000000,0.000000,0.000000,293.000000,1.000000,1.000000,0.000000,10.008558,0.750000,0.750000,1.000000,0.001000000,0.000001113,0.066000,0.000000,0.000000,0.000000,0.000000,0.000000,0.750000,0.000000
812.699951,1.000000,543.000000,0.000000,0.000000,293.000000,1.000000,1.000000,0.000000,10.008560,0.750000,0.750000,1.000000,0.001000000,0.000001113,0.066000,0.000000,0.000000,0.000000,0.000000,0.000000,0.750000,0.000000
813.699951,1.000000,543.000000,0.000000,0.000000,293.000000,1.000000,1.000000,0.000000,10.008569,0.750000,0.750000,1.000000,0.001000000,0.000001113,0.066000,0.000000,0.000000,0.000000,0.000000,0.000000,0.750000,0.000000
814.699951,1.000000,543.000000,0.000000,0.000000,293.000000,1.000000,1.000000,0.000000,10.008549,0.750000,0.750000,1.000000,0.001000000,0.000001113,0.066000,0.000000,0.000000,0.000000,0.000000,0.000000,0.750000,0.000000
815.699951,1.000000,543.000000,0.000000,0.000000,293.000000,1.000000,1.000000,0.000000,10.008558,0.750000,0.750000,1.000000,0.001000000,0.000001113,0.066000,0.000000,0.000000,0.000000,0.000000,0.000000,0.750000,0.000000
816.699951,1.000000,543.000000,0.000000,0.000000,293.000000,1.000000,1.000000,0.000000,10.008568,0.750000,0.750000,1.000000,0.001000000,0.000001113,0.066000,0.000000,0.000000,0.000000,0.000000,0.000000,0.750000,0.000000
817.699951,1.000000,543.000000,0.000000,0.000000,293.000000,1.000000,1.000000,0.000000,10.008554,0.750000,0.750000,1.000000,0.001000000,0.000001113,0.066000,0.000000,0.000000,0.000000,0.000000,0.000000,0.750000,0.000000
818.699951,1.000000,543.000000,0.000000,0.000000,293.000000,1.000000,1.000000,0.000000,10.008532,0.750000,0.750000,1.000000,0.001000000,0.000001113,0.066000,0.000000,0.000000,0.000000,0.000000,0.000000,0.750000,0.000000
819.699951,1.000000,543.000000,0.000000,0.000000,293.000000,1.000000,1.000000,0.000000,10.008563,0.750000,0.750000,1.000000,0.001000000,0.000001113,0.066000,0.000000,0.000000,0.000000,0.000000,0.000000,0.750000,0.000000
820.699951,1.000000,543.000000,0.000000,0.000000,293.000000,1.000000,1.000000,0.000000,10.008553,0.750000,0.750000,1.000000,0.001000000,0.000001113,0.066000,0.000000,0.000000,0.000000,0.000000,0.000000,0.750000,0.000000
821.699951,1.000000,543.000000,0.000000,0.000000,293.000000,1.000000,1.000000,0.000000,10.008562,0.750000,0.750000,1.000000,0.001000000,0.000001113,0.066000,0.000000,0.000000,0.000000,0.000000,0.000000,0.750000,0.000000
822.699951,1.000000,543.000000,0.000000,0.000000,293.000000,1.000000,1.000000,0.000000,10.008561,0.750000,0.750000,1.000000,0.001000000,0.000001113,0.066000,0.000000,0.000000,0.000000,0.000000,0.000000,0.750000,0.000000
823.699951,1.000000,543.000000,0.000000,0.000000,293.000000,1.000000,1.000000,0.000000,10.008560,0.750000,0.750000,1.000000,0.001000000,0.000001113,0.066000,0.000000,0.000000,0.000000,0.000000,0.000000,0.750000,0.000000
824.699951,1.000000,543.000000,0.000000,0.000000,293.000000,1.000000,1.000000,0.000000,10.008556,0.750000,0.750000,1.000000,0.001000000,0.000001113,0.066000,0.000000,0.000000,0.000000,0.000000,0.000000,0.750000,0.000000
825.699951,1.000000,543.000000,0.000000,0.000000,293.000000,1.000000,1.000000,0.000000,10.008557,0.750000,0.750000,1.000000,0.001000000,0.000001113,0.066000,0.000000,0.000000,0.000000,0.000000,0.000000,0.750000,0.000000
826.699951,1.000000,543.000000,0.000000,0.000000,293.000000,1.000000,1.000000,0.000000,10.008563,0.750000,0.750000,1.000000,0.001000000,0.000001113,0.066000,0.000000,0.000000,0.000000,0.000000,0.000000,0.750000,0.000000
827.699951,1.000000,543.000000,0.000000,0.000000,293.000000,1.000000,1.000000,0.000000,10.008525,0.750000,0.750000,1.000000,0.001000000,0.000001113,0.066000,0.000000,0.000000,0.000000,0.000000,0.000000,0.750000,0.000000
828.699951,1.000000,543.000000,0.000000,0.000000,293.000000,1.000000,1.000000,0.000000,10.008564,0.750000,0.750000,1.000000,0.001000000,0.000001113,0.066000,0.000000,0.000000,0.000000,0.000000,0.000000,0.750000,0.000000
829.699951,1.000000,543.000000,0.000000,0.000000,293.000000,1.000000,1.000000,0.000000,10.008559,0.750000,0.750000,1.000000,0.001000000,0.000001113,0.066000,0.000000,0.000000,0.000000,0.000000,0.000000,0.750000,0.000000
830.699951,1.000000,543.000000,0.000000,0.000000,293.000000,1.000000,1.000000,0.000000,10.008554,0.750000,0.750000,1.000000,0.001000000,0.000001113,0.066000,0.000000,0.000000,0.000000,0.000000,0.000000,0.750000,0.000000
831.699951,1.000000,543.000000,0.000000,0.000000,293.000000,1.000000,1.000000,0.000000,10.008562,0.750000,0.750000,1.000000,0.001000000,0.000001113,0.066000,0.000000,0.000000,0.000000,0.000000,0.000000,0.750000,0.000000
832.699951,1.000000,543.000000,0.000000,0.000000,293.000000,1.000000,1.000000,0.000000,10.008565,0.750000,0.750000,1.000000,0.001000000,0.000001113,0.066000,0.000000,0.000000,0.000000,0.000000,0.000000,0.750000,0.000000
833.699951,1.000000,543.000000,0.000000,0.000000,293.000000,1.000000,1.000000,0.000000,10.008554,0.750000,0.750000,1.000000,0.001000000,0.000001113,0.066000,0.000000,0.000000,0.000000,0.000000,0.000000,0.750000,0.000000
834.699951,1.000000,543.000000,0.000000,0.000000,293.000000,1.000000,1.000000,0.000000,10.008564,0.750000,0.750000,1.000000,0.001000000,0.000001113,0.066000,0.000000,0.000000,0.000000,0.000000,0.000000,0.750000,0.000000
835.699951,1.000000,543.000000,0.000000,0.000000,293.000000,1.000000,1.000000,0.000000,10.008553,0.750000,0.750000,1.000000,0.001000000,0.000001113,0.066000,0.000000,0.000000,0.000000,0.000000,0.000000,0.750000,0.000000
836.699951,1.000000,543.000000,0.000000,0.000000,293.000000,1.000000,1.000000,0.000000,10.008531,0.750000,0.750000,1.000000,0.001000000,0.000001113,0.066000,0.000000,0.000000,0.000000,0.000000,0.000000,0.750000,0.000000
837.699951,1.000000,543.000000,0.000000,0.000000,293.000000,1.000000,1.000000,0.000000,10.008562,0.750000,0.750000,1.000000,0.001000000,0.000001113,0.066000,0.000000,0.000000,0.000000,0.000000,0.000000,0.750000,0.000000
838.699951,1.000000,543.000000,0.000000,0.000000,293.000000,1.000000,1.000000,0.000000,10.008553,0.750000,0.750000,1.000000,0.001000000,0.000001113,0.066000,0.000000,0.000000,0.000000,0.000000,0.000000,0.750000,0.000000
839.699951,1.000000,543.000000,0.000000,0.000000,293.000000,1.000000,1.000000,0.000000,10.008559,0.750000,0.750000,1.000000,0.001000000,0.000001113,0.066000,0.000000,0.000000,0.000000,0.000000,0.000000,0.750000,0.000000
840.699951,1.000000,543.000000,0.000000,0.000000,293.000000,1.000000,1.000000,0.000000,10.008570,0.750000,0.750000,1.000000,0.001000000,0.000001113,0.066000,0.000000,0.000000,0.000000,0.000000,0.000000,0.750000,0.000000
841.699951,1.000000,543.000000,0.000000,0.000000,293.000000,1.000000,1.000000,0.000000,10.008556,0.750000,0.750000,1.000000,0.001000000,0.000001113,0.066000,0.000000,0.000000,0.000000,0.000000,0.000000,0.750000,0.000000
842.699951,1.000000,543.000000,0.000000,0.000000,293.000000,1.000000,1.000000,0.000000,10.008553,0.750000,0.750000,1.000000,0.001000000,0.000001113,0.066000,0.000000,0.000000,0.000000,0.000000,0.000000,0.750000,0.000000
843.699951,1.000000,543.000000,0.000000,0.000000,293.000000,1.000000,1.000000,0.000000,10.008566,0.750000,0.750000,1.000000,0.001000000,0.000001113,0.066000,0.000000,0.000000,0.000000,0.000000,0.000000,0.750000,0.000000
844.699951,1.000000,543.000000,0.000000,0.000000,293.000000,1.000000,1.000000,0.000000,10.008559,0.750000,0.750000,1.000000,0.001000000,0.000001113,0.066000,0.000000,0.000000,0.000000,0.000000,0.000000,0.750000,0.000000
845.699951,1.000000,543.000000,0.000000,0.000000,293.000000,1.000000,1.000000,0.000000,10.008532,0.750000,0.750000,1.000000,0.001000000,0.000001113,0.066000,0.000000,0.000000,0.000000,0.000000,0.000000,0.750000,0.000000
846.699951,1.000000,543.000000,0.000000,0.000000,293.000000,1.000000,1.000000,0.000000,10.008557,0.750000,0.750000,1.000000,0.001000000,0.000001113,0.066000,0.000000,0.000000,0.000000,0.000000,0.000000,0.750000,0.000000
847.699951,1.000000,543.000000,0.000000,0.000000,293.000000,1.000000,1.000000,0.000000,10.008563,0.750000,0.750000,1.000000,0.001000000,0.000001113,0.066000,0.000000,0.000000,0.000000,0.000000,0.000000,0.750000,0.000000
848.699951,1.000000,543.000000,0.000000,0.000000,293.000000,1.000000,1.000000,0.000000,10.008556,0.750000,0.750000,1.000000,0.001000000,0.000001113,0.066000,0.000000,0.000000,0.000000,0.000000,0.000000,0.750000,0.000000
849.699951,1.000000,543.000000,0.000000,0.000000,293.000000,1.000000,1.000000,0.000000,10.008554,0.750000,0.750000,1.000000,0.001000000,0.000001113,0.066000,0.000000,0.000000,0.000000,0.000000,0.000000,0.750000,0.000000
850.699951,1.000000,543.000000,0.000000,0.000000,293.000000,1.000000,1.000000,0.000000,10.008565,0.750000,0.750000,1.000000,0.001000000,0.000001113,0.066000,0.000000,0.000000,0.000000,0.000000,0.000000,0.750000,0.000000
851.699951,1.000000,543.000000,0.000000,0.000000,293.000000,1.000000,1.000000,0.000000,10.008562,0.750000,0.750000,1.000000,0.001000000,0.000001113,0.066000,0.000000,0.000000,0.000000,0.000000,0.000000,0.750000,0.000000
852.699951,1.000000,543.000000,0.000000,0.000000,293.000000,1.000000,1.000000,0.000000,10.008560,0.750000,0.750000,1.000000,0.001000000,0.000001113,0.066000,0.000000,0.000000,0.000000,0.000000,0.000000,0.750000,0.000000
853.699951,1.000000,543.000000,0.000000,0.000000,293.000000,1.000000,1.000000,0.000000,10.008553,0.750000,0.750000,1.000000,0.001000000,0.000001113,0.066000,0.000000,0.000000,0.000000,0.000000,0.000000,0.750000,0.000000
854.699951,1.000000,543.000000,0.000000,0.000000,293.000000,1.000000,1.000000,0.000000,10.008531,0.750000,0.750000,1.000000,0.001000000,0.000001113,0.066000,0.000000,0.000000,0.000000,0.000000,0.000000,0.750000,0.000000
855.699951,1.000000,543.000000,0.000000,0.000000,293.000000,1.000000,1.000000,0.000000,10.008563,0.750000,0.750000,1.000000,0.001000000,0.000001113,0.066000,0.000000,0.000000,0.000000,0.000000,0.000000,0.750000,0.000000
856.699951,1.000000,543.000000,0.000000,0.000000,293.000000,1.000000,1.000000,0.000000,10.008562,0.750000,0.750000,1.000000,0.001000000,0.000001113,0.066000,0.000000,0.000000,0.000000,0.000000,0.000000,0.750000,0.000000
857.699951,1.000000,543.000000,0.000000,0.000000,293.000000,1.000000,1.000000,0.000000,10.008550,0.750000,0.750000,1.000000,0.001000000,0.000001113,0.066000,0.000000,0.000000,0.000000,0.000000,0.000000,0.750000,0.000000
858.699951,1.000000,543.000000,0.000000,0.000000,293.000000,1.000000,1.000000,0.000000,10.008570,0.750000,0.750000,1.000000,0.001000000,0.000001113,0.066000,0.000000,0.000000,0.000000,0.000000,0.000000,0.750000,0.000000
859.699951,1.000000,543.000000,0.000000,0.000000,293.000000,1.000000,1.000000,0.000000,10.008550,0.750000,0.750000,1.000000,0.001000000,0.000001113,0.066000,0.000000,0.000000,0.000000,0.000000,0.000000,0.750000,0.000000
860.699951,1.000000,543.000000,0.000000,0.000000,293.000000,1.000000,1.000000,0.000000,10.008567,0.750000,0.750000,1.000000,0.001000000,0.000001113,0.066000,0.000000,0.000000,0.000000,0.000000,0.000000,0.750000,0.000000
861.699951,1.000000,543.000000,0.000000,0.000000,293.000000,1.000000,1.000000,0.000000,10.008564,0.750000,0.750000,1.000000,0.001000000,0.000001113,0.066000,0.000000,0.000000,0.000000,0.000000,0.000000,0.750000,0.000000
862.699951,1.000000,543.000000,0.000000,0.000000,293.000000,1.000000,1.000000,0.000000,10.008552,0.750000,0.750000,1.000000,0.001000000,0.000001113,0.066000,0.000000,0.000000,0.000000,0.000000,0.000000,0.750000,0.000000
863.699951,1.000000,543.000000,0.000000,0.000000,293.000000,1.000000,1.000000,0.000000,10.008528,0.750000,0.750000,1.000000,0.001000000,0.000001113,0.066000,0.000000,0.000000,0.000000,0.000000,0.000000,0.750000,0.000000
864.699951,1.000000,543.000000,0.000000,0.000000,293.000000,1.000000,1.000000,0.000000,10.008564,0.750000,0.750000,1.000000,0.001000000,0.000001113,0.066000,0.000000,0.000000,0.000000,0.000000,0.000000,0.750000,0.000000
865.699951,1.000000,543.000000,0.000000,0.000000,293.000000,1.000000,1.000000,0.000000,10.008556,0.750000,0.750000,1.000000,0.001000000,0.000001113,0.066000,0.000000,0.000000,0.000000,0.000000,0.000000,0.750000,0.000000
866.699951,1.000000,543.000000,0.000000,0.000000,293.000000,1.000000,1.000000,0.000000,10.008554,0.750000,0.750000,1.000000,0.001000000,0.000001113,0.066000,0.000000,0.000000,0.000000,0.000000,0.000000,0.750000,0.000000
867.699951,1.000000,543.000000,0.000000,0.000000,293.000000,1.000000,1.000000,0.000000,10.008563,0.750000,0.750000,1.000000,0.001000000,0.000001113,0.066000,0.000000,0.000000,0.000000,0.000000,0.000000,0.750000,0.000000
868.699951,1.000000,543.000000,0.000000,0.000000,293.000000,1.000000,1.000000,0.000000,10.008562,0.750000,0.750000,1.000000,0.001000000,0.000001113,0.066000,0.000000,0.000000,0.000000,0.000000,0.000000,0.750000,0.000000
869.699951,1.000000,543.000000,0.000000,0.000000,293.000000,1.000000,1.000000,0.000000,10.008556,0.750000,0.750000,1.000000,0.001000000,0.000001113,0.066000,0.000000,0.000000,0.000000,0.000000,0.000000,0.750000,0.000000
870.699951,1.000000,543.000000,0.000000,0.000000,293.000000,1.000000,1.000000,0.000000,10.008564,0.750000,0.750000,1.000000,0.001000000,0.000001113,0.066000,0.000000,0.000000,0.000000,0.000000,0.000000,0.750000,0.000000
871.699951,1.000000,543.000000,0.000000,0.000000,293.000000,1.000000,1.000000,0.000000,10.008556,0.750000,0.750000,1.000000,0.001000000,0.000001113,0.066000,0.000000,0.000000,0.000000,0.000000,0.000000,0.750000,0.000000
872.699951,1.000000,543.000000,0.000000,0.000000,293.000000,1.000000,1.000000,0.000000,10.008535,0.750000,0.750000,1.000000,0.001000000,0.000001113,0.066000,0.000000,0.000000,0.000000,0.000000,0.000000,0.750000,0.000000
873.699951,1.000000,543.000000,0.000000,0.000000,293.000000,1.000000,1.000000,0.000000,10.008560,0.750000,0.750000,1.000000,0.001000000,0.000001113,0.066000,0.000000,0.000000,0.000000,0.000000,0.000000,0.750000,0.000000
874.699951,1.000000,543.000000,0.000000,0.000000,293.000000,1.000000,1.000000,0.000000,10.008556,0.750000,0.750000,1.000000,0.001000000,0.000001113,0.066000,0.000000,0.000000,0.000000,0.000000,0.000000,0.750000,0.000000
875.699951,1.000000,543.000000,0.000000,0.000000,293.000000,1.000000,1.000000,0.000000,10.008556,0.750000,0.750000,1.000000,0.001000000,0.000001113,0.066000,0.000000,0.000000,0.000000,0.000000,0.000000,0.750000,0.000000
876.699951,1.000000,543.000000,0.000000,0.000000,293.000000,1.000000,1.000000,0.000000,10.008559,0.750000,0.750000,1.000000,0.001000000,0.000001113,0.066000,0.000000,0.000000,0.000000,0.000000,0.000000,0.750000,0.000000
877.699951,1.000000,543.000000,0.000000,0.000000,293.000000,1.000000,1.000000,0.000000,10.008562,0.750000,0.750000,1.000000,0.001000000,0.000001113,0.066000,0.000000,0.000000,0.000000,0.000000,0.000000,0.750000,0.000000
878.699951,1.000000,543.000000,0.000000,0.000000,293.000000,1.000000,1.000000,0.000000,10.008556,0.750000,0.750000,1.000000,0.001000000,0.000001113,0.066000,0.000000,0.000000,0.000000,0.000000,0.000000,0.750000,0.000000
879.699951,1.000000,543.000000,0.000000,0.000000,293.000000,1.000000,1.000000,0.000000,10.008565,0.750000,0.750000,1.000000,0.001000000,0.000001113,0.066000,0.000000,0.000000,0.000000,0.000000,0.000000,0.750000,0.000000
880.699951,1.000000,543.000000,0.000000,0.000000,293.000000,1.000000,1.000000,0.000000,10.008562,0.750000,0.750000,1.000000,0.001000000,0.000001113,0.066000,0.000000,0.000000,0.000000,0.000000,0.000000,0.750000,0.000000
881.699951,1.000000,543.000000,0.000000,0.000000,293.000000,1.000000,1.000000,0.000000,10.008516,0.750000,0.750000,1.000000,0.001000000,0.000001113,0.066000,0.000000,0.000000,0.000000,0.000000,0.000000,0.750000,0.000000
882.699951,1.000000,543.000000,0.000000,0.000000,293.000000,1.000000,1.000000,0.000000,10.008563,0.750000,0.750000,1.000000,0.001000000,0.000001113,0.066000,0.000000,0.000000,0.000000,0.000000,0.000000,0.750000,0.000000
883.699951,1.000000,543.000000,0.000000,0.000000,293.000000,1.000000,1.000000,0.000000,10.008560,0.750000,0.750000,1.000000,0.001000000,0.000001113,0.066000,0.000000,0.000000,0.000000,0.000000,0.000000,0.750000,0.000000
884.699951,1.000000,543.000000,0.000000,0.000000,293.000000,1.000000,1.000000,0.000000,10.008560,0.750000,0.750000,1.000000,0.001000000,0.000001113,0.066000,0.000000,0.000000,0.000000,0.000000,0.000000,0.750000,0.000000
885.699951,1.000000,543.000000,0.000000,0.000000,293.000000,1.000000,1.000000,0.000000,10.008562,0.750000,0.750000,1.000000,0.001000000,0.000001113,0.066000,0.000000,0.000000,0.000000,0.000000,0.000000,0.750000,0.000000
886.699951,1.000000,543.000000,0.000000,0.000000,293.000000,1.000000,1.000000,0.000000,10.008553,0.750000,0.750000,1.000000,0.001000000,0.000001113,0.066000,0.000000,0.000000,0.000000,0.000000,0.000000,0.750000,0.000000
887.699951,1.000000,543.000000,0.000000,0.000000,293.000000,1.000000,1.000000,0.000000,10.008559,0.750000,0.750000,1.000000,0.001000000,0.000001113,0.066000,0.000000,0.000000,0.000000,0.000000,0.000000,0.750000,0.000000
888.699951,1.000000,543.000000,0.000000,0.000000,293.000000,1.000000,1.000000,0.000000,10.008567,0.750000,0.750000,1.000000,0.001000000,0.000001113,0.066000,0.000000,0.000000,0.000000,0.000000,0.000000,0.750000,0.000000
889.699951,1.000000,543.000000,0.000000,0.000000,293.000000,1.000000,1.000000,0.000000,10.008563,0.750000,0.750000,1.000000,0.001000000,0.000001113,0.066000,0.000000,0.000000,0.000000,0.000000,0.000000,0.750000,0.000000
890.699951,1.000000,543.000000,0.000000,0.000000,293.000000,1.000000,1.000000,0.000000,10.008515,0.750000,0.750000,1.000000,0.001000000,0.000001113,0.066000,0.000000,0.000000,0.000000,0.000000,0.000000,0.750000,0.000000
891.699951,1.000000,543.000000,0.000000,0.000000,293.000000,1.000000,1.000000,0.000000,10.008569,0.750000,0.750000,1.000000,0.001000000,0.000001113,0.066000,0.000000,0.000000,0.000000,0.000000,0.000000,0.750000,0.000000
892.699951,1.000000,543.000000,0.000000,0.000000,293.000000,1.000000,1.000000,0.000000,10.008559,0.750000,0.750000,1.000000,0.001000000,0.000001113,0.066000,0.000000,0.000000,0.000000,0.000000,0.000000,0.750000,0.000000
893.699951,1.000000,543.000000,0.000000,0.000000,293.000000,1.000000,1.000000,0.000000,10.008557,0.750000,0.750000,1.000000,0.001000000,0.000001113,0.066000,0.000000,0.000000,0.000000,0.000000,0.000000,0.750000,0.000000
894.699951,1.000000,543.000000,0.000000,0.000000,293.000000,1.000000,1.000000,0.000000,10.008563,0.750000,0.750000,1.000000,0.001000000,0.000001113,0.066000,0.000000,0.000000,0.000000,0.000000,0.000000,0.750000,0.000000
895.699951,1.000000,543.000000,0.000000,0.000000,293.000000,1.000000,1.000000,0.000000,10.008553,0.750000,0.750000,1.000000,0.001000000,0.000001113,0.066000,0.000000,0.000000,0.000000,0.000000,0.000000,0.750000,0.000000
896.699951,1.000000,543.000000,0.000000,0.000000,293.000000,1.000000,1.000000,0.000000,10.008565,0.750000,0.750000,1.000000,0.001000000,0.000001113,0.066000,0.000000,0.000000,0.000000,0.000000,0.000000,0.750000,0.000000
897.699951,1.000000,543.000000,0.000000,0.000000,293.000000,1.000000,1.000000,0.000000,10.008556,0.750000,0.750000,1.000000,0.001000000,0.000001113,0.066000,0.000000,0.000000,0.000000,0.000000,0.000000,0.750000,0.000000
898.699951,1.000000,543.000000,0.000000,0.000000,293.000000,1.000000,1.000000,0.000000,10.008560,0.750000,0.750000,1.000000,0.001000000,0.000001113,0.066000,0.000000,0.000000,0.000000,0.000000,0.000000,0.750000,0.000000
899.699951,1.000000,543.000000,0.000000,0.000000,293.000000,1.000000,1.000000,0.000000,10.008528,0.750000,0.750000,1.000000,0.001000000,0.000001113,0.066000,0.000000,0.000000,0.000000,0.000000,0.000000,0.750000,0.000000
900.699951,1.000000,543.000000,0.000000,0.000000,293.000000,1.000000,1.000000,0.000000,10.008558,0.750000,0.750000,1.000000,0.001000000,0.000001113,0.066000,0.000000,0.000000,0.000000,0.000000,0.000000,0.750000,0.000000
901.699951,1.000000,543.000000,0.000000,0.000000,293.000000,1.000000,1.000000,0.000000,10.008560,0.750000,0.750000,1.000000,0.001000000,0.000001113,0.066000,0.000000,0.000000,0.000000,0.000000,0.000000,0.750000,0.000000
902.699951,1.000000,543.000000,0.000000,0.000000,293.000000,1.000000,1.000000,0.000000,10.008563,0.750000,0.750000,1.000000,0.001000000,0.000001113,0.066000,0.000000,0.000000,0.000000,0.000000,0.000000,0.750000,0.000000
903.699951,1.000000,543.000000,0.000000,0.000000,293.000000,1.000000,1.000000,0.000000,10.008564,0.750000,0.750000,1.000000,0.001000000,0.000001113,0.066000,0.000000,0.000000,0.000000,0.000000,0.000000,0.750000,0.000000
904.699951,1.000000,543.000000,0.000000,0.000000,293.000000,1.000000,1.000000,0.000000,10.008552,0.750000,0.750000,1.000000,0.001000000,0.000001113,0.066000,0.000000,0.000000,0.000000,0.000000,0.000000,0.750000,0.000000
905.699951,1.000000,543.000000,0.000000,0.000000,293.000000,1.000000,1.000000,0.000000,10.008563,0.750000,0.750000,1.000000,0.001000000,0.000001113,0.066000,0.000000,0.000000,0.000000,0.000000,0.000000,0.750000,0.000000
906.699951,1.000000,543.000000,0.000000,0.000000,293.000000,1.000000,1.000000,0.000000,10.008563,0.750000,0.750000,1.000000,0.001000000,0.000001113,0.066000,0.000000,0.000000,0.000000,0.000000,0.000000,0.750000,0.000000
907.699951,1.000000,543.000000,0.000000,0.000000,293.000000,1.000000,1.000000,0.000000,10.008553,0.750000,0.750000,1.000000,0.001000000,0.000001113,0.066000,0.000000,0.000000,0.000000,0.000000,0.000000,0.750000,0.000000
908.699951,1.000000,543.000000,0.000000,0.000000,293.000000,1.000000,1.000000,0.000000,10.008529,0.750000,0.750000,1.000000,0.001000000,0.000001113,0.066000,0.000000,0.000000,0.000000,0.000000,0.000000,0.750000,0.000000
909.699951,1.000000,543.000000,0.000000,0.000000,293.000000,1.000000,1.000000,0.000000,10.008562,0.750000,0.750000,1.000000,0.001000000,0.000001113,0.066000,0.000000,0.000000,0.000000,0.000000,0.000000,0.750000,0.000000
910.699951,1.000000,543.000000,0.000000,0.000000,293.000000,1.000000,1.000000,0.000000,10.008564,0.750000,0.750000,1.000000,0.001000000,0.000001113,0.066000,0.000000,0.000000,0.000000,0.000000,0.000000,0.750000,0.000000
911.699951,1.000000,543.000000,0.000000,0.000000,293.000000,1.000000,1.000000,0.000000,10.008550,0.750000,0.750000,1.000000,0.001000000,0.000001113,0.066000,0.000000,0.000000,0.000000,0.000000,0.000000,0.750000,0.000000
912.699951,1.000000,543.000000,0.000000,0.000000,293.000000,1.000000,1.000000,0.000000,10.008569,0.750000,0.750000,1.000000,0.001000000,0.000001113,0.066000,0.000000,0.000000,0.000000,0.000000,0.000000,0.750000,0.000000
913.699951,1.000000,543.000000,0.000000,0.000000,293.000000,1.000000,1.000000,0.000000,10.008554,0.750000,0.750000,1.000000,0.001000000,0.000001113,0.066000,0.000000,0.000000,0.000000,0.000000,0.000000,0.750000,0.000000
914.699951,1.000000,543.000000,0.000000,0.000000,293.000000,1.000000,1.000000,0.000000,10.008555,0.750000,0.750000,1.000000,0.001000000,0.000001113,0.066000,0.000000,0.000000,0.000000,0.000000,0.000000,0.750000,0.000000
915.699951,1.000000,543.000000,0.000000,0.000000,293.000000,1.000000,1.000000,0.000000,10.008565,0.750000,0.750000,1.000000,0.001000000,0.000001113,0.066000,0.000000,0.000000,0.000000,0.000000,0.000000,0.750000,0.000000
916.699951,1.000000,543.000000,0.000000,0.000000,293.000000,1.000000,1.000000,0.000000,10.008560,0.750000,0.750000,1.000000,0.001000000,0.000001113,0.066000,0.000000,0.000000,0.000000,0.000000,0.000000,0.750000,0.000000
917.699951,1.000000,543.000000,0.000000,0.000000,293.000000,1.000000,1.000000,0.000000,10.008525,0.750000,0.750000,1.000000,0.001000000,0.000001113,0.066000,0.000000,0.000000,0.000000,0.000000,0.000000,0.750000,0.000000
918.699951,1.000000,543.000000,0.000000,0.000000,293.000000,1.000000,1.000000,0.000000,10.008566,0.750000,0.750000,1.000000,0.001000000,0.000001113,0.066000,0.000000,0.000000,0.000000,0.000000,0.000000,0.750000,0.000000
919.699951,1.000000,543.000000,0.000000,0.000000,293.000000,1.000000,1.000000,0.000000,10.008552,0.750000,0.750000,1.000000,0.001000000,0.000001113,0.066000,0.000000,0.000000,0.000000,0.000000,0.000000,0.750000,0.000000
920.699951,1.000000,543.000000,0.000000,0.000000,293.000000,1.000000,1.000000,0.000000,10.008556,0.750000,0.750000,1.000000,0.001000000,0.000001113,0.066000,0.000000,0.000000,0.000000,0.000000,0.000000,0.750000,0.000000
921.699951,1.000000,543.000000,0.000000,0.000000,293.000000,1.000000,1.000000,0.000000,10.008569,0.750000,0.750000,1.000000,0.001000000,0.000001113,0.066000,0.000000,0.000000,0.000000,0.000000,0.000000,0.750000,0.000000
922.699951,1.000000,543.000000,0.000000,0.000000,293.000000,1.000000,1.000000,0.000000,10.008558,0.750000,0.750000,1.000000,0.001000000,0.000001113,0.066000,0.000000,0.000000,0.000000,0.000000,0.000000,0.750000,0.000000
923.699951,1.000000,543.000000,0.000000,0.000000,293.000000,1.000000,1.000000,0.000000,10.008556,0.750000,0.750000,1.000000,0.001000000,0.000001113,0.066000,0.000000,0.000000,0.000000,0.000000,0.000000,0.750000,0.000000
924.699951,1.000000,543.000000,0.000000,0.000000,293.000000,1.000000,1.000000,0.000000,10.008563,0.750000,0.750000,1.000000,0.001000000,0.000001113,0.066000,0.000000,0.000000,0.000000,0.000000,0.000000,0.750000,0.000000
925.699951,1.000000,543.000000,0.000000,0.000000,293.000000,1.000000,1.000000,0.000000,10.008558,0.750000,0.750000,1.000000,0.001000000,0.000001113,0.066000,0.000000,0.000000,0.000000,0.000000,0.000000,0.750000,0.000000
926.699951,1.000000,543.000000,0.000000,0.000000,293.000000,1.000000,1.000000,0.000000,10.008525,0.750000,0.750000,1.000000,0.001000000,0.000001113,0.066000,0.000000,0.000000,0.000000,0.000000,0.000000,0.750000,0.000000
927.699951,1.000000,543.000000,0.000000,0.000000,293.000000,1.000000,1.000000,0.000000,10.008568,0.750000,0.750000,1.000000,0.001000000,0.000001113,0.066000,0.000000,0.000000,0.000000,0.000000,0.000000,0.750000,0.000000
928.699951,1.000000,543.000000,0.000000,0.000000,293.000000,1.000000,1.000000,0.000000,10.008553,0.750000,0.750000,1.000000,0.001000000,0.000001113,0.066000,0.000000,0.000000,0.000000,0.000000,0.000000,0.750000,0.000000
929.699951,1.000000,543.000000,0.000000,0.000000,293.000000,1.000000,1.000000,0.000000,10.008554,0.750000,0.750000,1.000000,0.001000000,0.000001113,0.066000,0.000000,0.000000,0.000000,0.000000,0.000000,0.750000,0.000000
930.699951,1.000000,543.000000,0.000000,0.000000,293.000000,1.000000,1.000000,0.000000,10.008567,0.750000,0.750000,1.000000,0.001000000,0.000001113,0.066000,0.000000,0.000000,0.000000,0.000000,0.000000,0.750000,0.000000
931.699951,1.000000,543.000000,0.000000,0.000000,293.000000,1.000000,1.000000,0.000000,10.008559,0.750000,0.750000,1.000000,0.001000000,0.000001113,0.066000,0.000000,0.000000,0.000000,0.000000,0.000000,0.750000,0.000000
932.699951,1.000000,543.000000,0.000000,0.000000,293.000000,1.000000,1.000000,0.000000,10.008554,0.750000,0.750000,1.000000,0.001000000,0.000001113,0.066000,0.000000,0.000000,0.000000,0.000000,0.000000,0.750000,0.000000
933.699951,1.000000,543.000000,0.000000,0.000000,293.000000,1.000000,1.000000,0.000000,10.008562,0.750000,0.750000,1.000000,0.001000000,0.000001113,0.066000,0.000000,0.000000,0.000000,0.000000,0.000000,0.750000,0.000000
934.699951,1.000000,543.000000,0.000000,0.000000,293.000000,1.000000,1.000000,0.000000,10.008569,0.750000,0.750000,1.000000,0.001000000,0.000001113,0.066000,0.000000,0.000000,0.000000,0.000000,0.000000,0.750000,0.000000
935.699951,1.000000,543.000000,0.000000,0.000000,293.000000,1.000000,1.000000,0.000000,10.008518,0.750000,0.750000,1.000000,0.001000000,0.000001113,0.066000,0.000000,0.000000,0.000000,0.000000,0.000000,0.750000,0.000000
936.699951,1.000000,543.000000,0.000000,0.000000,293.000000,1.000000,1.000000,0.000000,10.008564,0.750000,0.750000,1.000000,0.001000000,0.000001113,0.066000,0.000000,0.000000,0.000000,0.000000,0.000000,0.750000,0.000000
937.699951,1.000000,543.000000,0.000000,0.000000,293.000000,1.000000,1.000000,0.000000,10.008563,0.750000,0.750000,1.000000,0.001000000,0.000001113,0.066000,0.000000,0.000000,0.000000,0.000000,0.000000,0.750000,0.000000
938.699951,1.000000,543.000000,0.000000,0.000000,293.000000,1.000000,1.000000,0.000000,10.008550,0.750000,0.750000,1.000000,0.001000000,0.000001113,0.066000,0.000000,0.000000,0.000000,0.000000,0.000000,0.750000,0.000000
939.699951,1.000000,543.000000,0.000000,0.000000,293.000000,1.000000,1.000000,0.000000,10.008569,0.750000,0.750000,1.000000,0.001000000,0.000001113,0.066000,0.000000,0.000000,0.000000,0.000000,0.000000,0.750000,0.000000
940.699951,1.000000,543.000000,0.000000,0.000000,293.000000,1.000000,1.000000,0.000000,10.008556,0.750000,0.750000,1.000000,0.001000000,0.000001113,0.066000,0.000000,0.000000,0.000000,0.000000,0.000000,0.750000,0.000000
941.699951,1.000000,543.000000,0.000000,0.000000,293.000000,1.000000,1.000000,0.000000,10.008553,0.750000,0.750000,1.000000,0.001000000,0.000001113,0.066000,0.000000,0.000000,0.000000,0.000000,0.000000,0.750000,0.000000
942.699951,1.000000,543.000000,0.000000,0.000000,293.000000,1.000000,1.000000,0.000000,10.008569,0.750000,0.750000,1.000000,0.001000000,0.000001113,0.066000,0.000000,0.000000,0.000000,0.000000,0.000000,0.750000,0.000000
943.699951,1.000000,543.000000,0.000000,0.000000,293.000000,1.000000,1.000000,0.000000,10.008556,0.750000,0.750000,1.000000,0.001000000,0.000001113,0.066000,0.000000,0.000000,0.000000,0.000000,0.000000,0.750000,0.000000
944.699951,1.000000,543.000000,0.000000,0.000000,293.000000,1.000000,1.000000,0.000000,10.008530,0.750000,0.750000,1.000000,0.001000000,0.000001113,0.066000,0.000000,0.000000,0.000000,0.000000,0.000000,0.750000,0.000000
945.699951,1.000000,543.000000,0.000000,0.000000,293.000000,1.000000,1.000000,0.000000,10.008563,0.750000,0.750000,1.000000,0.001000000,0.000001113,0.066000,0.000000,0.000000,0.000000,0.000000,0.000000,0.750000,0.000000
946.699951,1.000000,543.000000,0.000000,0.000000,293.000000,1.000000,1.000000,0.000000,10.008553,0.750000,0.750000,1.000000,0.001000000,0.000001113,0.066000,0.000000,0.000000,0.000000,0.000000,0.000000,0.750000,0.000000
947.699951,1.000000,543.000000,0.000000,0.000000,293.000000,1.000000,1.000000,0.000000,10.008565,0.750000,0.750000,1.000000,0.001000000,0.000001113,0.066000,0.000000,0.000000,0.000000,0.000000,0.000000,0.750000,0.000000
948.699951,1.000000,543.000000,0.000000,0.000000,293.000000,1.000000,1.000000,0.000000,10.008561,0.750000,0.750000,1.000000,0.001000000,0.000001113,0.066000,0.000000,0.000000,0.000000,0.000000,0.000000,0.750000,0.000000
949.699951,1.000000,543.000000,0.000000,0.000000,293.000000,1.000000,1.000000,0.000000,10.008551,0.750000,0.750000,1.000000,0.001000000,0.000001113,0.066000,0.000000,0.000000,0.000000,0.000000,0.000000,0.750000,0.000000
950.699951,1.000000,543.000000,0.000000,0.000000,293.000000,1.000000,1.000000,0.000000,10.008557,0.750000,0.750000,1.000000,0.001000000,0.000001113,0.066000,0.000000,0.000000,0.000000,0.000000,0.000000,0.750000,0.000000
951.699951,1.000000,543.000000,0.000000,0.000000,293.000000,1.000000,1.000000,0.000000,10.008565,0.750000,0.750000,1.000000,0.001000000,0.000001113,0.066000,0.000000,0.000000,0.000000,0.000000,0.000000,0.750000,0.000000
952.699951,1.000000,543.000000,0.000000,0.000000,293.000000,1.000000,1.000000,0.000000,10.008564,0.750000,0.750000,1.000000,0.001000000,0.000001113,0.066000,0.000000,0.000000,0.000000,0.000000,0.000000,0.750000,0.000000
953.699951,1.000000,543.000000,0.000000,0.000000,293.000000,1.000000,1.000000,0.000000,10.008525,0.750000,0.750000,1.000000,0.001000000,0.000001113,0.066000,0.000000,0.000000,0.000000,0.000000,0.000000,0.750000,0.000000
954.699951,1.000000,543.000000,0.000000,0.000000,293.000000,1.000000,1.000000,0.000000,10.008556,0.750000,0.750000,1.000000,0.001000000,0.000001113,0.066000,0.000000,0.000000,0.000000,0.000000,0.000000,0.750000,0.000000
955.699951,1.000000,543.000000,0.000000,0.000000,293.000000,1.000000,1.000000,0.000000,10.008559,0.750000,0.750000,1.000000,0.001000000,0.000001113,0.066000,0.000000,0.000000,0.000000,0.000000,0.000000,0.750000,0.000000
956.699951,1.000000,543.000000,0.000000,0.000000,293.000000,1.000000,1.000000,0.000000,10.008555,0.750000,0.750000,1.000000,0.001000000,0.000001113,0.066000,0.000000,0.000000,0.000000,0.000000,0.000000,0.750000,0.000000
957.699951,1.000000,543.000000,0.000000,0.000000,293.000000,1.000000,1.000000,0.000000,10.008571,0.750000,0.750000,1.000000,0.001000000,0.000001113,0.066000,0.000000,0.000000,0.000000,0.000000,0.000000,0.750000,0.000000
958.699951,1.000000,543.000000,0.000000,0.000000,293.000000,1.000000,1.000000,0.000000,10.008556,0.750000,0.750000,1.000000,0.001000000,0.000001113,0.066000,0.000000,0.000000,0.000000,0.000000,0.000000,0.750000,0.000000
959.699951,1.000000,543.000000,0.000000,0.000000,293.000000,1.000000,1.000000,0.000000,10.008553,0.750000,0.750000,1.000000,0.001000000,0.000001113,0.066000,0.000000,0.000000,0.000000,0.000000,0.000000,0.750000,0.000000
960.699951,1.000000,543.000000,0.000000,0.000000,293.000000,1.000000,1.000000,0.000000,10.008570,0.750000,0.750000,1.000000,0.001000000,0.000001113,0.066000,0.000000,0.000000,0.000000,0.000000,0.000000,0.750000,0.000000
961.699951,1.000000,543.000000,0.000000,0.000000,293.000000,1.000000,1.000000,0.000000,10.008553,0.750000,0.750000,1.000000,0.001000000,0.000001113,0.066000,0.000000,0.000000,0.000000,0.000000,0.000000,0.750000,0.000000
962.699951,1.000000,543.000000,0.000000,0.000000,293.000000,1.000000,1.000000,0.000000,10.008522,0.750000,0.750000,1.000000,0.001000000,0.000001113,0.066000,0.000000,0.000000,0.000000,0.000000,0.000000,0.750000,0.000000
963.699951,1.000000,543.000000,0.000000,0.000000,293.000000,1.000000,1.000000,0.000000,10.008567,0.750000,0.750000,1.000000,0.001000000,0.000001113,0.066000,0.000000,0.000000,0.000000,0.000000,0.000000,0.750000,0.000000
964.699951,1.000000,543.000000,0.000000,0.000000,293.000000,1.000000,1.000000,0.000000,10.008556,0.750000,0.750000,1.000000,0.001000000,0.000001113,0.066000,0.000000,0.000000,0.000000,0.000000,0.000000,0.750000,0.000000
965.699951,1.000000,543.000000,0.000000,0.000000,293.000000,1.000000,1.000000,0.000000,10.008562,0.750000,0.750000,1.000000,0.001000000,0.000001113,0.066000,0.000000,0.000000,0.000000,0.000000,0.000000,0.750000,0.000000
966.699951,1.000000,543.000000,0.000000,0.000000,293.000000,1.000000,1.000000,0.000000,10.008557,0.750000,0.750000,1.000000,0.001000000,0.000001113,0.066000,0.000000,0.000000,0.000000,0.000000,0.000000,0.750000,0.000000
967.699951,1.000000,543.000000,0.000000,0.000000,293.000000,1.000000,1.000000,0.000000,10.008561,0.750000,0.750000,1.000000,0.001000000,0.000001113,0.066000,0.000000,0.000000,0.000000,0.000000,0.000000,0.750000,0.000000
968.699951,1.000000,543.000000,0.000000,0.000000,293.000000,1.000000,1.000000,0.000000,10.008556,0.750000,0.750000,1.000000,0.001000000,0.000001113,0.066000,0.000000,0.000000,0.000000,0.000000,0.000000,0.750000,0.000000
969.699951,1.000000,543.000000,0.000000,0.000000,293.000000,1.000000,1.000000,0.000000,10.008562,0.750000,0.750000,1.000000,0.001000000,0.000001113,0.066000,0.000000,0.000000,0.000000,0.000000,0.000000,0.750000,0.000000
970.699951,1.000000,543.000000,0.000000,0.000000,293.000000,1.000000,1.000000,0.000000,10.008568,0.750000,0.750000,1.000000,0.001000000,0.000001113,0.066000,0.000000,0.000000,0.000000,0.000000,0.000000,0.750000,0.000000
971.699951,1.000000,543.000000,0.000000,0.000000,293.000000,1.000000,1.000000,0.000000,10.008518,0.750000,0.750000,1.000000,0.001000000,0.000001113,0.066000,0.000000,0.000000,0.000000,0.000000,0.000000,0.750000,0.000000
972.699951,1.000000,543.000000,0.000000,0.000000,293.000000,1.000000,1.000000,0.000000,10.008567,0.750000,0.750000,1.000000,0.001000000,0.000001113,0.066000,0.000000,0.000000,0.000000,0.000000,0.000000,0.750000,0.000000
973.699951,1.000000,543.000000,0.000000,0.000000,293.000000,1.000000,1.000000,0.000000,10.008554,0.750000,0.750000,1.000000,0.001000000,0.000001113,0.066000,0.000000,0.000000,0.000000,0.000000,0.000000,0.750000,0.000000
974.699951,1.000000,543.000000,0.000000,0.000000,293.000000,1.000000,1.000000,0.000000,10.008562,0.750000,0.750000,1.000000,0.001000000,0.000001113,0.066000,0.000000,0.000000,0.000000,0.000000,0.000000,0.750000,0.000000
975.699951,1.000000,543.000000,0.000000,0.000000,293.000000,1.000000,1.000000,0.000000,10.008564,0.750000,0.750000,1.000000,0.001000000,0.000001113,0.066000,0.000000,0.000000,0.000000,0.000000,0.000000,0.750000,0.000000
976.699951,1.000000,543.000000,0.000000,0.000000,293.000000,1.000000,1.000000,0.000000,10.008558,0.750000,0.750000,1.000000,0.001000000,0.000001113,0.066000,0.000000,0.000000,0.000000,0.000000,0.000000,0.750000,0.000000
977.699951,1.000000,543.000000,0.000000,0.000000,293.000000,1.000000,1.000000,0.000000,10.008549,0.750000,0.750000,1.000000,0.001000000,0.000001113,0.066000,0.000000,0.000000,0.000000,0.000000,0.000000,0.750000,0.000000
978.699951,1.000000,543.000000,0.000000,0.000000,293.000000,1.000000,1.000000,0.000000,10.008569,0.750000,0.750000,1.000000,0.001000000,0.000001113,0.066000,0.000000,0.000000,0.000000,0.000000,0.000000,0.750000,0.000000
979.699951,1.000000,543.000000,0.000000,0.000000,293.000000,1.000000,1.000000,0.000000,10.008553,0.750000,0.750000,1.000000,0.001000000,0.000001113,0.066000,0.000000,0.000000,0.000000,0.000000,0.000000,0.750000,0.000000
980.699951,1.000000,543.000000,0.000000,0.000000,293.000000,1.000000,1.000000,0.000000,10.008530,0.750000,0.750000,1.000000,0.001000000,0.000001113,0.066000,0.000000,0.000000,0.000000,0.000000,0.000000,0.750000,0.000000
981.699951,1.000000,543.000000,0.000000,0.000000,293.000000,1.000000,1.000000,0.000000,10.008562,0.750000,0.750000,1.000000,0.001000000,0.000001113,0.066000,0.000000,0.000000,0.000000,0.000000,0.000000,0.750000,0.000000
982.699951,1.000000,543.000000,0.000000,0.000000,293.000000,1.000000,1.000000,0.000000,10.008558,0.750000,0.750000,1.000000,0.001000000,0.000001113,0.066000,0.000000,0.000000,0.000000,0.000000,0.000000,0.750000,0.000000
983.699951,1.000000,543.000000,0.000000,0.000000,293.000000,1.000000,1.000000,0.000000,10.008556,0.750000,0.750000,1.000000,0.001000000,0.000001113,0.066000,0.000000,0.000000,0.000000,0.000000,0.000000,0.750000,0.000000
984.699951,1.000000,543.000000,0.000000,0.000000,293.000000,1.000000,1.000000,0.000000,10.008559,0.750000,0.750000,1.000000,0.001000000,0.000001113,0.066000,0.000000,0.000000,0.000000,0.000000,0.000000,0.750000,0.000000
985.699951,1.000000,543.000000,0.000000,0.000000,293.000000,1.000000,1.000000,0.000000,10.008559,0.750000,0.750000,1.000000,0.001000000,0.000001113,0.066000,0.000000,0.000000,0.000000,0.000000,0.000000,0.750000,0.000000
986.699951,1.000000,543.000000,0.000000,0.000000,293.000000,1.000000,1.000000,0.000000,10.008556,0.750000,0.750000,1.000000,0.001000000,0.000001113,0.066000,0.000000,0.000000,0.000000,0.000000,0.000000,0.750000,0.000000
987.699951,1.000000,543.000000,0.000000,0.000000,293.000000,1.000000,1.000000,0.000000,10.008573,0.750000,0.750000,1.000000,0.001000000,0.000001113,0.066000,0.000000,0.000000,0.000000,0.000000,0.000000,0.750000,0.000000
988.699951,1.000000,543.000000,0.000000,0.000000,293.000000,1.000000,1.000000,0.000000,10.008560,0.750000,0.750000,1.000000,0.001000000,0.000001113,0.066000,0.000000,0.000000,0.000000,0.000000,0.000000,0.750000,0.000000
989.699951,1.000000,543.000000,0.000000,0.000000,293.000000,1.000000,1.000000,0.000000,10.008525,0.750000,0.750000,1.000000,0.001000000,0.000001113,0.066000,0.000000,0.000000,0.000000,0.000000,0.000000,0.750000,0.000000
990.699951,1.000000,543.000000,0.000000,0.000000,293.000000,1.000000,1.000000,0.000000,10.008556,0.750000,0.750000,1.000000,0.001000000,0.000001113,0.066000,0.000000,0.000000,0.000000,0.000000,0.000000,0.750000,0.000000
991.699951,1.000000,543.000000,0.000000,0.000000,293.000000,1.000000,1.000000,0.000000,10.008564,0.750000,0.750000,1.000000,0.001000000,0.000001113,0.066000,0.000000,0.000000,0.000000,0.000000,0.000000,0.750000,0.000000
992.699951,1.000000,543.000000,0.000000,0.000000,293.000000,1.000000,1.000000,0.000000,10.008554,0.750000,0.750000,1.000000,0.001000000,0.000001113,0.066000,0.000000,0.000000,0.000000,0.000000,0.000000,0.750000,0.000000
993.699951,1.000000,543.000000,0.000000,0.000000,293.000000,1.000000,1.000000,0.000000,10.008563,0.750000,0.750000,1.000000,0.001000000,0.000001113,0.066000,0.000000,0.000000,0.000000,0.000000,0.000000,0.750000,0.000000
994.699951,1.000000,543.000000,0.000000,0.000000,293.000000,1.000000,1.000000,0.000000,10.008561,0.750000,0.750000,1.000000,0.001000000,0.000001113,0.066000,0.000000,0.000000,0.000000,0.000000,0.000000,0.750000,0.000000
995.699951,1.000000,543.000000,0.000000,0.000000,293.000000,1.000000,1.000000,0.000000,10.008559,0.750000,0.750000,1.000000,0.001000000,0.000001113,0.066000,0.000000,0.000000,0.000000,0.000000,0.000000,0.750000,0.000000
996.699951,1.000000,543.000000,0.000000,0.000000,293.000000,1.000000,1.000000,0.000000,10.008560,0.750000,0.750000,1.000000,0.001000000,0.000001113,0.066000,0.000000,0.000000,0.000000,0.000000,0.000000,0.750000,0.000000
997.699951,1.000000,543.000000,0.000000,0.000000,293.000000,1.000000,1.000000,0.000000,10.008550,0.750000,0.750000,1.000000,0.001000000,0.000001113,0.066000,0.000000,0.000000,0.000000,0.000000,0.000000,0.750000,0.000000
998.699951,1.000000,543.000000,0.000000,0.000000,293.000000,1.000000,1.000000,0.000000,10.008529,0.750000,0.750000,1.000000,0.001000000,0.000001113,0.066000,0.000000,0.000000,0.000000,0.000000,0.000000,0.750000,0.000000
999.699951,1.000000,543.000000,0.000000,0.000000,293.000000,1.000000,1.000000,0.000000,10.008562,0.750000,0.750000,1.000000,0.001000000,0.000001113,0.066000,0.000000,0.000000,0.000000,0.000000,0.000000,0.750000,0.000000
1000.699951,1.000000,543.000000,0.000000,0.000000,293.000000,1.000000,1.000000,0.000000,10.008554,0.750000,0.750000,1.000000,0.001000000,0.000001113,0.066000,0.000000,0.000000,0.000000,0.000000,0.000000,0.750000,0.000000
1001.699951,1.000000,543.000000,0.000000,0.000000,293.000000,1.000000,1.000000,0.000000,10.008580,0.750000,0.750000,1.000000,0.001000000,0.000001113,0.066000,0.000000,0.000000,0.000000,0.000000,0.000000,0.750000,0.000000
1002.699951,1.000000,543.000000,0.000000,0.000000,293.000000,1.000000,1.000000,0.000000,10.008563,0.750000,0.750000,1.000000,0.001000000,0.000001113,0.066000,0.000000,0.000000,0.000000,0.000000,0.000000,0.750000,0.000000
1003.699951,1.000000,543.000000,0.000000,0.000000,293.000000,1.000000,1.000000,0.000000,10.008554,0.750000,0.750000,1.000000,0.001000000,0.000001113,0.066000,0.000000,0.000000,0.000000,0.000000,0.000000,0.750000,0.000000
1004.699951,1.000000,543.000000,0.000000,0.000000,293.000000,1.000000,1.000000,0.000000,10.008556,0.750000,0.750000,1.000000,0.001000000,0.000001113,0.066000,0.000000,0.000000,0.000000,0.000000,0.000000,0.750000,0.000000
1005.699951,1.000000,543.000000,0.000000,0.000000,293.000000,1.000000,1.000000,0.000000,10.008565,0.750000,0.750000,1.000000,0.001000000,0.000001113,0.066000,0.000000,0.000000,0.000000,0.000000,0.000000,0.750000,0.000000
1006.699951,1.000000,543.000000,0.000000,0.000000,293.000000,1.000000,1.000000,0.000000,10.008555,0.750000,0.750000,1.000000,0.001000000,0.000001113,0.066000,0.000000,0.000000,0.000000,0.000000,0.000000,0.750000,0.000000
1007.699951,1.000000,543.000000,0.000000,0.000000,293.000000,1.000000,1.000000,0.000000,10.008523,0.750000,0.750000,1.000000,0.001000000,0.000001113,0.066000,0.000000,0.000000,0.000000,0.000000,0.000000,0.750000,0.000000
1008.699951,1.000000,543.000000,0.000000,0.000000,293.000000,1.000000,1.000000,0.000000,10.008568,0.750000,0.750000,1.000000,0.001000000,0.000001113,0.066000,0.000000,0.000000,0.000000,0.000000,0.000000,0.750000,0.000000
1009.699951,1.000000,543.000000,0.000000,0.000000,293.000000,1.000000,1.000000,0.000000,10.008555,0.750000,0.750000,1.000000,0.001000000,0.000001113,0.066000,0.000000,0.000000,0.000000,0.000000,0.000000,0.750000,0.000000
1010.699951,1.000000,543.000000,0.000000,0.000000,293.000000,1.000000,1.000000,0.000000,10.008560,0.750000,0.750000,1.000000,0.001000000,0.000001113,0.066000,0.000000,0.000000,0.000000,0.000000,0.000000,0.750000,0.000000
1011.699951,1.000000,543.000000,0.000000,0.000000,293.000000,1.000000,1.000000,0.000000,10.008567,0.750000,0.750000,1.000000,0.001000000,0.000001113,0.066000,0.000000,0.000000,0.000000,0.000000,0.000000,0.750000,0.000000
1012.699951,1.000000,543.000000,0.000000,0.000000,293.000000,1.000000,1.000000,0.000000,10.008552,0.750000,0.750000,1.000000,0.001000000,0.000001113,0.066000,0.000000,0.000000,0.000000,0.000000,0.000000,0.750000,0.000000
1013.699951,1.000000,543.000000,0.000000,0.000000,293.000000,1.000000,1.000000,0.000000,10.008560,0.750000,0.750000,1.000000,0.001000000,0.000001113,0.066000,0.000000,0.000000,0.000000,0.000000,0.000000,0.750000,0.000000
1014.699951,1.000000,543.000000,0.000000,0.000000,293.000000,1.000000,1.000000,0.000000,10.008566,0.750000,0.750000,1.000000,0.001000000,0.000001113,0.066000,0.000000,0.000000,0.000000,0.000000,0.000000,0.750000,0.000000
1015.699951,1.000000,543.000000,0.000000,0.000000,293.000000,1.000000,1.000000,0.000000,10.008558,0.750000,0.750000,1.000000,0.001000000,0.000001113,0.066000,0.000000,0.000000,0.000000,0.000000,0.000000,0.750000,0.000000
1016.699951,1.000000,543.000000,0.000000,0.000000,293.000000,1.000000,1.000000,0.000000,10.008525,0.750000,0.750000,1.000000,0.001000000,0.000001113,0.066000,0.000000,0.000000,0.000000,0.000000,0.000000,0.750000,0.000000
1017.699951,1.000000,543.000000,0.000000,0.000000,293.000000,1.000000,1.000000,0.000000,10.008563,0.750000,0.750000,1.000000,0.001000000,0.000001113,0.066000,0.000000,0.000000,0.000000,0.000000,0.000000,0.750000,0.000000
1018.699951,1.000000,543.000000,0.000000,0.000000,293.000000,1.000000,1.000000,0.000000,10.008551,0.750000,0.750000,1.000000,0.001000000,0.000001113,0.066000,0.000000,0.000000,0.000000,0.000000,0.000000,0.750000,0.000000
1019.699951,1.000000,543.000000,0.000000,0.000000,293.000000,1.000000,1.000000,0.000000,10.008560,0.750000,0.750000,1.000000,0.001000000,0.000001113,0.066000,0.000000,0.000000,0.000000,0.000000,0.000000,0.750000,0.000000
1020.699951,1.000000,543.000000,0.000000,0.000000,293.000000,1.000000,1.000000,0.000000,10.008562,0.750000,0.750000,1.000000,0.001000000,0.000001113,0.066000,0.000000,0.000000,0.000000,0.000000,0.000000,0.750000,0.000000
1021.699951,1.000000,543.000000,0.000000,0.000000,293.000000,1.000000,1.000000,0.000000,10.008558,0.750000,0.750000,1.000000,0.001000000,0.000001113,0.066000,0.000000,0.000000,0.000000,0.000000,0.000000,0.750000,0.000000
1022.699951,1.000000,543.000000,0.000000,0.000000,293.000000,1.000000,1.000000,0.000000,10.008560,0.750000,0.750000,1.000000,0.001000000,0.000001113,0.066000,0.000000,0.000000,0.000000,0.000000,0.000000,0.750000,0.000000
1023.699951,1.000000,543.000000,0.000000,0.000000,293.000000,1.000000,1.000000,0.000000,10.008563,0.750000,0.750000,1.000000,0.001000000,0.000001113,0.066000,0.000000,0.000000,0.000000,0.000000,0.000000,0.750000,0.000000
1024.699951,1.000000,543.000000,0.000000,0.000000,293.000000,1.000000,1.000000,0.000000,10.008562,0.750000,0.750000,1.000000,0.001000000,0.000001113,0.066000,0.000000,0.000000,0.000000,0.000000,0.000000,0.750000,0.000000
1025.699951,1.000000,543.000000,0.000000,0.000000,293.000000,1.000000,1.000000,0.000000,10.008531,0.750000,0.750000,1.000000,0.001000000,0.000001113,0.066000,0.000000,0.000000,0.000000,0.000000,0.000000,0.750000,0.000000
1026.699951,1.000000,543.000000,0.000000,0.000000,293.000000,1.000000,1.000000,0.000000,10.008562,0.750000,0.750000,1.000000,0.001000000,0.000001113,0.066000,0.000000,0.000000,0.000000,0.000000,0.000000,0.750000,0.000000
1027.699951,1.000000,543.000000,0.000000,0.000000,293.000000,1.000000,1.000000,0.000000,10.008554,0.750000,0.750000,1.000000,0.001000000,0.000001113,0.066000,0.000000,0.000000,0.000000,0.000000,0.000000,0.750000,0.000000
1028.699951,1.000000,543.000000,0.000000,0.000000,293.000000,1.000000,1.000000,0.000000,10.008560,0.750000,0.750000,1.000000,0.001000000,0.000001113,0.066000,0.000000,0.000000,0.000000,0.000000,0.000000,0.750000,0.000000
1029.699951,1.000000,543.000000,0.000000,0.000000,293.000000,1.000000,1.000000,0.000000,10.008554,0.750000,0.750000,1.000000,0.001000000,0.000001113,0.066000,0.000000,0.000000,0.000000,0.000000,0.000000,0.750000,0.000000
1030.699951,1.000000,543.000000,0.000000,0.000000,293.000000,1.000000,1.000000,0.000000,10.008560,0.750000,0.750000,1.000000,0.001000000,0.000001113,0.066000,0.000000,0.000000,0.000000,0.000000,0.000000,0.750000,0.000000
1031.699951,1.000000,543.000000,0.000000,0.000000,293.000000,1.000000,1.000000,0.000000,10.008558,0.750000,0.750000,1.000000,0.001000000,0.000001113,0.066000,0.000000,0.000000,0.000000,0.000000,0.000000,0.750000,0.000000
1032.699951,1.000000,543.000000,0.000000,0.000000,293.000000,1.000000,1.000000,0.000000,10.008565,0.750000,0.750000,1.000000,0.001000000,0.000001113,0.066000,0.000000,0.000000,0.000000,0.000000,0.000000,0.750000,0.000000
1033.699951,1.000000,543.000000,0.000000,0.000000,293.000000,1.000000,1.000000,0.000000,10.008556,0.750000,0.750000,1.000000,0.001000000,0.000001113,0.066000,0.000000,0.000000,0.000000,0.000000,0.000000,0.750000,0.000000
1034.699951,1.000000,543.000000,0.000000,0.000000,293.000000,1.000000,1.000000,0.000000,10.008531,0.750000,0.750000,1.000000,0.001000000,0.000001113,0.066000,0.000000,0.000000,0.000000,0.000000,0.000000,0.750000,0.000000
1035.699951,1.000000,543.000000,0.000000,0.000000,293.000000,1.000000,1.000000,0.000000,10.008562,0.750000,0.750000,1.000000,0.001000000,0.000001113,0.066000,0.000000,0.000000,0.000000,0.000000,0.000000,0.750000,0.000000
1036.699951,1.000000,543.000000,0.000000,0.000000,293.000000,1.000000,1.000000,0.000000,10.008558,0.750000,0.750000,1.000000,0.001000000,0.000001113,0.066000,0.000000,0.000000,0.000000,0.000000,0.000000,0.750000,0.000000
1037.699951,1.000000,543.000000,0.000000,0.000000,293.000000,1.000000,1.000000,0.000000,10.008562,0.750000,0.750000,1.000000,0.001000000,0.000001113,0.066000,0.000000,0.000000,0.000000,0.000000,0.000000,0.750000,0.000000
1038.699951,1.000000,543.000000,0.000000,0.000000,293.000000,1.000000,1.000000,0.000000,10.008560,0.750000,0.750000,1.000000,0.001000000,0.000001113,0.066000,0.000000,0.000000,0.000000,0.000000,0.000000,0.750000,0.000000
1039.699951,1.000000,543.000000,0.000000,0.000000,293.000000,1.000000,1.000000,0.000000,10.008557,0.750000,0.750000,1.000000,0.001000000,0.000001113,0.066000,0.000000,0.000000,0.000000,0.000000,0.000000,0.750000,0.000000
1040.699951,1.000000,543.000000,0.000000,0.000000,293.000000,1.000000,1.000000,0.000000,10.008553,0.750000,0.750000,1.000000,0.001000000,0.000001113,0.066000,0.000000,0.000000,0.000000,0.000000,0.000000,0.750000,0.000000
1041.699951,1.000000,543.000000,0.000000,0.000000,293.000000,1.000000,1.000000,0.000000,10.008570,0.750000,0.750000,1.000000,0.001000000,0.000001113,0.066000,0.000000,0.000000,0.000000,0.000000,0.000000,0.750000,0.000000
1042.699951,1.000000,543.000000,0.000000,0.000000,293.000000,1.000000,1.000000,0.000000,10.008550,0.750000,0.750000,1.000000,0.001000000,0.000001113,0.066000,0.000000,0.000000,0.000000,0.000000,0.000000,0.750000,0.000000
1043.699951,1.000000,543.000000,0.000000,0.000000,293.000000,1.000000,1.000000,0.000000,10.008529,0.750000,0.750000,1.000000,0.001000000,0.000001113,0.066000,0.000000,0.000000,0.000000,0.000000,0.000000,0.750000,0.000000
1044.699951,1.000000,543.000000,0.000000,0.000000,293.000000,1.000000,1.000000,0.000000,10.008560,0.750000,0.750000,1.000000,0.001000000,0.000001113,0.066000,0.000000,0.000000,0.000000,0.000000,0.000000,0.750000,0.000000
1045.699951,1.000000,543.000000,0.000000,0.000000,293.000000,1.000000,1.000000,0.000000,10.008559,0.750000,0.750000,1.000000,0.001000000,0.000001113,0.066000,0.000000,0.000000,0.000000,0.000000,0.000000,0.750000,0.000000
1046.699951,1.000000,543.000000,0.000000,0.000000,293.000000,1.000000,1.000000,0.000000,10.008563,0.750000,0.750000,1.000000,0.001000000,0.000001113,0.066000,0.000000,0.000000,0.000000,0.000000,0.000000,0.750000,0.000000
1047.699951,1.000000,543.000000,0.000000,0.000000,293.000000,1.000000,1.000000,0.000000,10.008559,0.750000,0.750000,1.000000,0.001000000,0.000001113,0.066000,0.000000,0.000000,0.000000,0.000000,0.000000,0.750000,0.000000
1048.699951,1.000000,543.000000,0.000000,0.000000,293.000000,1.000000,1.000000,0.000000,10.008559,0.750000,0.750000,1.000000,0.001000000,0.000001113,0.066000,0.000000,0.000000,0.000000,0.000000,0.000000,0.750000,0.000000
1049.699951,1.000000,543.000000,0.000000,0.000000,293.000000,1.000000,1.000000,0.000000,10.008554,0.750000,0.750000,1.000000,0.001000000,0.000001113,0.066000,0.000000,0.000000,0.000000,0.000000,0.000000,0.750000,0.000000
1050.699951,1.000000,543.000000,0.000000,0.000000,293.000000,1.000000,1.000000,0.000000,10.008567,0.750000,0.750000,1.000000,0.001000000,0.000001113,0.066000,0.000000,0.000000,0.000000,0.000000,0.000000,0.750000,0.000000
1051.699951,1.000000,543.000000,0.000000,0.000000,293.000000,1.000000,1.000000,0.000000,10.008556,0.750000,0.750000,1.000000,0.001000000,0.000001113,0.066000,0.000000,0.000000,0.000000,0.000000,0.000000,0.750000,0.000000
1052.699951,1.000000,543.000000,0.000000,0.000000,293.000000,1.000000,1.000000,0.000000,10.008525,0.750000,0.750000,1.000000,0.001000000,0.000001113,0.066000,0.000000,0.000000,0.000000,0.000000,0.000000,0.750000,0.000000
1053.699951,1.000000,543.000000,0.000000,0.000000,293.000000,1.000000,1.000000,0.000000,10.008567,0.750000,0.750000,1.000000,0.001000000,0.000001113,0.066000,0.000000,0.000000,0.000000,0.000000,0.000000,0.750000,0.000000
1054.699951,1.000000,543.000000,0.000000,0.000000,293.000000,1.000000,1.000000,0.000000,10.008559,0.750000,0.750000,1.000000,0.001000000,0.000001113,0.066000,0.000000,0.000000,0.000000,0.000000,0.000000,0.750000,0.000000
1055.699951,1.000000,543.000000,0.000000,0.000000,293.000000,1.000000,1.000000,0.000000,10.008551,0.750000,0.750000,1.000000,0.001000000,0.000001113,0.066000,0.000000,0.000000,0.000000,0.000000,0.000000,0.750000,0.000000
1056.699951,1.000000,543.000000,0.000000,0.000000,293.000000,1.000000,1.000000,0.000000,10.008571,0.750000,0.750000,1.000000,0.001000000,0.000001113,0.066000,0.000000,0.000000,0.000000,0.000000,0.000000,0.750000,0.000000
1057.699951,1.000000,543.000000,0.000000,0.000000,293.000000,1.000000,1.000000,0.000000,10.008550,0.750000,0.750000,1.000000,0.001000000,0.000001113,0.066000,0.000000,0.000000,0.000000,0.000000,0.000000,0.750000,0.000000
1058.699951,1.000000,543.000000,0.000000,0.000000,293.000000,1.000000,1.000000,0.000000,10.008560,0.750000,0.750000,1.000000,0.001000000,0.000001113,0.066000,0.000000,0.000000,0.000000,0.000000,0.000000,0.750000,0.000000
1059.699951,1.000000,543.000000,0.000000,0.000000,293.000000,1.000000,1.000000,0.000000,10.008565,0.750000,0.750000,1.000000,0.001000000,0.000001113,0.066000,0.000000,0.000000,0.000000,0.000000,0.000000,0.750000,0.000000
1060.699951,1.000000,543.000000,0.000000,0.000000,293.000000,1.000000,1.000000,0.000000,10.008554,0.750000,0.750000,1.000000,0.001000000,0.000001113,0.066000,0.000000,0.000000,0.000000,0.000000,0.000000,0.750000,0.000000
1061.699951,1.000000,543.000000,0.000000,0.000000,293.000000,1.000000,1.000000,0.000000,10.008534,0.750000,0.750000,1.000000,0.001000000,0.000001113,0.066000,0.000000,0.000000,0.000000,0.000000,0.000000,0.750000,0.000000
1062.699951,1.000000,543.000000,0.000000,0.000000,293.000000,1.000000,1.000000,0.000000,10.008554,0.750000,0.750000,1.000000,0.001000000,0.000001113,0.066000,0.000000,0.000000,0.000000,0.000000,0.000000,0.750000,0.000000
1063.699951,1.000000,543.000000,0.000000,0.000000,293.000000,1.000000,1.000000,0.000000,10.008564,0.750000,0.750000,1.000000,0.001000000,0.000001113,0.066000,0.000000,0.000000,0.000000,0.000000,0.000000,0.750000,0.000000
1064.699951,1.000000,543.000000,0.000000,0.000000,293.000000,1.000000,1.000000,0.000000,10.008556,0.750000,0.750000,1.000000,0.001000000,0.000001113,0.066000,0.000000,0.000000,0.000000,0.000000,0.000000,0.750000,0.000000
1065.699951,1.000000,543.000000,0.000000,0.000000,293.000000,1.000000,1.000000,0.000000,10.008565,0.750000,0.750000,1.000000,0.001000000,0.000001113,0.066000,0.000000,0.000000,0.000000,0.000000,0.000000,0.750000,0.000000
1066.699951,1.000000,543.000000,0.000000,0.000000,293.000000,1.000000,1.000000,0.000000,10.008553,0.750000,0.750000,1.000000,0.001000000,0.000001113,0.066000,0.000000,0.000000,0.000000,0.000000,0.000000,0.750000,0.000000
1067.699951,1.000000,543.000000,0.000000,0.000000,293.000000,1.000000,1.000000,0.000000,10.008567,0.750000,0.750000,1.000000,0.001000000,0.000001113,0.066000,0.000000,0.000000,0.000000,0.000000,0.000000,0.750000,0.000000
1068.699951,1.000000,543.000000,0.000000,0.000000,293.000000,1.000000,1.000000,0.000000,10.008553,0.750000,0.750000,1.000000,0.001000000,0.000001113,0.066000,0.000000,0.000000,0.000000,0.000000,0.000000,0.750000,0.000000
1069.699951,1.000000,543.000000,0.000000,0.000000,293.000000,1.000000,1.000000,0.000000,10.008568,0.750000,0.750000,1.000000,0.001000000,0.000001113,0.066000,0.000000,0.000000,0.000000,0.000000,0.000000,0.750000,0.000000
1070.699951,1.000000,543.000000,0.000000,0.000000,293.000000,1.000000,1.000000,0.000000,10.008515,0.750000,0.750000,1.000000,0.001000000,0.000001113,0.066000,0.000000,0.000000,0.000000,0.000000,0.000000,0.750000,0.000000
1071.699951,1.000000,543.000000,0.000000,0.000000,293.000000,1.000000,1.000000,0.000000,10.008567,0.750000,0.750000,1.000000,0.001000000,0.000001113,0.066000,0.000000,0.000000,0.000000,0.000000,0.000000,0.750000,0.000000
1072.699951,1.000000,543.000000,0.000000,0.000000,293.000000,1.000000,1.000000,0.000000,10.008565,0.750000,0.750000,1.000000,0.001000000,0.000001113,0.066000,0.000000,0.000000,0.000000,0.000000,0.000000,0.750000,0.000000
1073.699951,1.000000,543.000000,0.000000,0.000000,293.000000,1.000000,1.000000,0.000000,10.008554,0.750000,0.750000,1.000000,0.001000000,0.000001113,0.066000,0.000000,0.000000,0.000000,0.000000,0.000000,0.750000,0.000000
1074.699951,1.000000,543.000000,0.000000,0.000000,293.000000,1.000000,1.000000,0.000000,10.008567,0.750000,0.750000,1.000000,0.001000000,0.000001113,0.066000,0.000000,0.000000,0.000000,0.000000,0.000000,0.750000,0.000000
1075.699951,1.000000,543.000000,0.000000,0.000000,293.000000,1.000000,1.000000,0.000000,10.008553,0.750000,0.750000,1.000000,0.001000000,0.000001113,0.066000,0.000000,0.000000,0.000000,0.000000,0.000000,0.750000,0.000000
1076.699951,1.000000,543.000000,0.000000,0.000000,293.000000,1.000000,1.000000,0.000000,10.008555,0.750000,0.750000,1.000000,0.001000000,0.000001113,0.066000,0.000000,0.000000,0.000000,0.000000,0.000000,0.750000,0.000000
1077.699951,1.000000,543.000000,0.000000,0.000000,293.000000,1.000000,1.000000,0.000000,10.008567,0.750000,0.750000,1.000000,0.001000000,0.000001113,0.066000,0.000000,0.000000,0.000000,0.000000,0.000000,0.750000,0.000000
1078.699951,1.000000,543.000000,0.000000,0.000000,293.000000,1.000000,1.000000,0.000000,10.008556,0.750000,0.750000,1.000000,0.001000000,0.000001113,0.066000,0.000000,0.000000,0.000000,0.000000,0.000000,0.750000,0.000000
1079.699951,1.000000,543.000000,0.000000,0.000000,293.000000,1.000000,1.000000,0.000000,10.008525,0.750000,0.750000,1.000000,0.001000000,0.000001113,0.066000,0.000000,0.000000,0.000000,0.000000,0.000000,0.750000,0.000000
1080.699951,1.000000,543.000000,0.000000,0.000000,293.000000,1.000000,1.000000,0.000000,10.008568,0.750000,0.750000,1.000000,0.001000000,0.000001113,0.066000,0.000000,0.000000,0.000000,0.000000,0.000000,0.750000,0.000000
1081.699951,1.000000,543.000000,0.000000,0.000000,293.000000,1.000000,1.000000,0.000000,10.008553,0.750000,0.750000,1.000000,0.001000000,0.000001113,0.066000,0.000000,0.000000,0.000000,0.000000,0.000000,0.750000,0.000000
1082.699951,1.000000,543.000000,0.000000,0.000000,293.000000,1.000000,1.000000,0.000000,10.008564,0.750000,0.750000,1.000000,0.001000000,0.000001113,0.066000,0.000000,0.000000,0.000000,0.000000,0.000000,0.750000,0.000000
1083.699951,1.000000,543.000000,0.000000,0.000000,293.000000,1.000000,1.000000,0.000000,10.008562,0.750000,0.750000,1.000000,0.001000000,0.000001113,0.066000,0.000000,0.000000,0.000000,0.000000,0.000000,0.750000,0.000000
1084.699951,1.000000,543.000000,0.000000,0.000000,293.000000,1.000000,1.000000,0.000000,10.008556,0.750000,0.750000,1.000000,0.001000000,0.000001113,0.066000,0.000000,0.000000,0.000000,0.000000,0.000000,0.750000,0.000000
1085.699951,1.000000,543.000000,0.000000,0.000000,293.000000,1.000000,1.000000,0.000000,10.008562,0.750000,0.750000,1.000000,0.001000000,0.000001113,0.066000,0.000000,0.000000,0.000000,0.000000,0.000000,0.750000,0.000000
1086.699951,1.000000,543.000000,0.000000,0.000000,293.000000,1.000000,1.000000,0.000000,10.008563,0.750000,0.750000,1.000000,0.001000000,0.000001113,0.066000,0.000000,0.000000,0.000000,0.000000,0.000000,0.750000,0.000000
1087.699951,1.000000,543.000000,0.000000,0.000000,293.000000,1.000000,1.000000,0.000000,10.008556,0.750000,0.750000,1.000000,0.001000000,0.000001113,0.066000,0.000000,0.000000,0.000000,0.000000,0.000000,0.750000,0.000000
1088.699951,1.000000,543.000000,0.000000,0.000000,293.000000,1.000000,1.000000,0.000000,10.008529,0.750000,0.750000,1.000000,0.001000000,0.000001113,0.066000,0.000000,0.000000,0.000000,0.000000,0.000000,0.750000,0.000000
1089.699951,1.000000,543.000000,0.000000,0.000000,293.000000,1.000000,1.000000,0.000000,10.008562,0.750000,0.750000,1.000000,0.001000000,0.000001113,0.066000,0.000000,0.000000,0.000000,0.000000,0.000000,0.750000,0.000000
1090.699951,1.000000,543.000000,0.000000,0.000000,293.000000,1.000000,1.000000,0.000000,10.008553,0.750000,0.750000,1.000000,0.001000000,0.000001113,0.066000,0.000000,0.000000,0.000000,0.000000,0.000000,0.750000,0.000000
1091.699951,1.000000,543.000000,0.000000,0.000000,293.000000,1.000000,1.000000,0.000000,10.008567,0.750000,0.750000,1.000000,0.001000000,0.000001113,0.066000,0.000000,0.000000,0.000000,0.000000,0.000000,0.750000,0.000000
1092.699951,1.000000,543.000000,0.000000,0.000000,293.000000,1.000000,1.000000,0.000000,10.008561,0.750000,0.750000,1.000000,0.001000000,0.000001113,0.066000,0.000000,0.000000,0.000000,0.000000,0.000000,0.750000,0.000000
1093.699951,1.000000,543.000000,0.000000,0.000000,293.000000,1.000000,1.000000,0.000000,10.008556,0.750000,0.750000,1.000000,0.001000000,0.000001113,0.066000,0.000000,0.000000,0.000000,0.000000,0.000000,0.750000,0.000000
1094.699951,1.000000,543.000000,0.000000,0.000000,293.000000,1.000000,1.000000,0.000000,10.008553,0.750000,0.750000,1.000000,0.001000000,0.000001113,0.066000,0.000000,0.000000,0.000000,0.000000,0.000000,0.750000,0.000000
1095.699951,1.000000,543.000000,0.000000,0.000000,293.000000,1.000000,1.000000,0.000000,10.008565,0.750000,0.750000,1.000000,0.001000000,0.000001113,0.066000,0.000000,0.000000,0.000000,0.000000,0.000000,0.750000,0.000000
1096.699951,1.000000,543.000000,0.000000,0.000000,293.000000,1.000000,1.000000,0.000000,10.008556,0.750000,0.750000,1.000000,0.001000000,0.000001113,0.066000,0.000000,0.000000,0.000000,0.000000,0.000000,0.750000,0.000000
1097.699951,1.000000,543.000000,0.000000,0.000000,293.000000,1.000000,1.000000,0.000000,10.008525,0.750000,0.750000,1.000000,0.001000000,0.000001113,0.066000,0.000000,0.000000,0.000000,0.000000,0.000000,0.750000,0.000000
1098.699951,1.000000,543.000000,0.000000,0.000000,293.000000,1.000000,1.000000,0.000000,10.008567,0.750000,0.750000,1.000000,0.001000000,0.000001113,0.066000,0.000000,0.000000,0.000000,0.000000,0.000000,0.750000,0.000000
1099.699951,1.000000,543.000000,0.000000,0.000000,293.000000,1.000000,1.000000,0.000000,10.008553,0.750000,0.750000,1.000000,0.001000000,0.000001113,0.066000,0.000000,0.000000,0.000000,0.000000,0.000000,0.750000,0.000000
1100.699951,1.000000,543.000000,0.000000,0.000000,293.000000,1.000000,1.000000,0.000000,10.008558,0.750000,0.750000,1.000000,0.001000000,0.000001113,0.066000,0.000000,0.000000,0.000000,0.000000,0.000000,0.750000,0.000000
1101.699951,1.000000,543.000000,0.000000,0.000000,293.000000,1.000000,1.000000,0.000000,10.008567,0.750000,0.750000,1.000000,0.001000000,0.000001113,0.066000,0.000000,0.000000,0.000000,0.000000,0.000000,0.750000,0.000000
1102.699951,1.000000,543.000000,0.000000,0.000000,293.000000,1.000000,1.000000,0.000000,10.008556,0.750000,0.750000,1.000000,0.001000000,0.000001113,0.066000,0.000000,0.000000,0.000000,0.000000,0.000000,0.750000,0.000000
1103.699951,1.000000,543.000000,0.000000,0.000000,293.000000,1.000000,1.000000,0.000000,10.008556,0.750000,0.750000,1.000000,0.001000000,0.000001113,0.066000,0.000000,0.000000,0.000000,0.000000,0.000000,0.750000,0.000000
1104.699951,1.000000,543.000000,0.000000,0.000000,293.000000,1.000000,1.000000,0.000000,10.008565,0.750000,0.750000,1.000000,0.001000000,0.000001113,0.066000,0.000000,0.000000,0.000000,0.000000,0.000000,0.750000,0.000000
1105.699951,1.000000,543.000000,0.000000,0.000000,293.000000,1.000000,1.000000,0.000000,10.008562,0.750000,0.750000,1.000000,0.001000000,0.000001113,0.066000,0.000000,0.000000,0.000000,0.000000,0.000000,0.750000,0.000000
1106.699951,1.000000,543.000000,0.000000,0.000000,293.000000,1.000000,1.000000,0.000000,10.008521,0.750000,0.750000,1.000000,0.001000000,0.000001113,0.066000,0.000000,0.000000,0.000000,0.000000,0.000000,0.750000,0.000000
1107.699951,1.000000,543.000000,0.000000,0.000000,293.000000,1.000000,1.000000,0.000000,10.008558,0.750000,0.750000,1.000000,0.001000000,0.000001113,0.066000,0.000000,0.000000,0.000000,0.000000,0.000000,0.750000,0.000000
1108.699951,1.000000,543.000000,0.000000,0.000000,293.000000,1.000000,1.000000,0.000000,10.008568,0.750000,0.750000,1.000000,0.001000000,0.000001113,0.066000,0.000000,0.000000,0.000000,0.000000,0.000000,0.750000,0.000000
1109.699951,1.000000,543.000000,0.000000,0.000000,293.000000,1.000000,1.000000,0.000000,10.008554,0.750000,0.750000,1.000000,0.001000000,0.000001113,0.066000,0.000000,0.000000,0.000000,0.000000,0.000000,0.750000,0.000000
1110.699951,1.000000,543.000000,0.000000,0.000000,293.000000,1.000000,1.000000,0.000000,10.008559,0.750000,0.750000,1.000000,0.001000000,0.000001113,0.066000,0.000000,0.000000,0.000000,0.000000,0.000000,0.750000,0.000000
1111.699951,1.000000,543.000000,0.000000,0.000000,293.000000,1.000000,1.000000,0.000000,10.008564,0.750000,0.750000,1.000000,0.001000000,0.000001113,0.066000,0.000000,0.000000,0.000000,0.000000,0.000000,0.750000,0.000000
1112.699951,1.000000,543.000000,0.000000,0.000000,293.000000,1.000000,1.000000,0.000000,10.008559,0.750000,0.750000,1.000000,0.001000000,0.000001113,0.066000,0.000000,0.000000,0.000000,0.000000,0.000000,0.750000,0.000000
1113.699951,1.000000,543.000000,0.000000,0.000000,293.000000,1.000000,1.000000,0.000000,10.008557,0.750000,0.750000,1.000000,0.001000000,0.000001113,0.066000,0.000000,0.000000,0.000000,0.000000,0.000000,0.750000,0.000000
1114.699951,1.000000,543.000000,0.000000,0.000000,293.000000,1.000000,1.000000,0.000000,10.008565,0.750000,0.750000,1.000000,0.001000000,0.000001113,0.066000,0.000000,0.000000,0.000000,0.000000,0.000000,0.750000,0.000000
1115.699951,1.000000,543.000000,0.000000,0.000000,293.000000,1.000000,1.000000,0.000000,10.008520,0.750000,0.750000,1.000000,0.001000000,0.000001113,0.066000,0.000000,0.000000,0.000000,0.000000,0.000000,0.750000,0.000000
1116.699951,1.000000,543.000000,0.000000,0.000000,293.000000,1.000000,1.000000,0.000000,10.008564,0.750000,0.750000,1.000000,0.001000000,0.000001113,0.066000,0.000000,0.000000,0.000000,0.000000,0.000000,0.750000,0.000000
1117.699951,1.000000,543.000000,0.000000,0.000000,293.000000,1.000000,1.000000,0.000000,10.008554,0.750000,0.750000,1.000000,0.001000000,0.000001113,0.066000,0.000000,0.000000,0.000000,0.000000,0.000000,0.750000,0.000000
1118.699951,1.000000,543.000000,0.000000,0.000000,293.000000,1.000000,1.000000,0.000000,10.008556,0.750000,0.750000,1.000000,0.001000000,0.000001113,0.066000,0.000000,0.000000,0.000000,0.000000,0.000000,0.750000,0.000000
1119.699951,1.000000,543.000000,0.000000,0.000000,293.000000,1.000000,1.000000,0.000000,10.008563,0.750000,0.750000,1.000000,0.001000000,0.000001113,0.066000,0.000000,0.000000,0.000000,0.000000,0.000000,0.750000,0.000000
1120.699951,1.000000,543.000000,0.000000,0.000000,293.000000,1.000000,1.000000,0.000000,10.008560,0.750000,0.750000,1.000000,0.001000000,0.000001113,0.066000,0.000000,0.000000,0.000000,0.000000,0.000000,0.750000,0.000000
1121.699951,1.000000,543.000000,0.000000,0.000000,293.000000,1.000000,1.000000,0.000000,10.008566,0.750000,0.750000,1.000000,0.001000000,0.000001113,0.066000,0.000000,0.000000,0.000000,0.000000,0.000000,0.750000,0.000000
1122.699951,1.000000,543.000000,0.000000,0.000000,293.000000,1.000000,1.000000,0.000000,10.008559,0.750000,0.750000,1.000000,0.001000000,0.000001113,0.066000,0.000000,0.000000,0.000000,0.000000,0.000000,0.750000,0.000000
1123.699951,1.000000,543.000000,0.000000,0.000000,293.000000,1.000000,1.000000,0.000000,10.008556,0.750000,0.750000,1.000000,0.001000000,0.000001113,0.066000,0.000000,0.000000,0.000000,0.000000,0.000000,0.750000,0.000000
1124.699951,1.000000,543.000000,0.000000,0.000000,293.000000,1.000000,1.000000,0.000000,10.008527,0.750000,0.750000,1.000000,0.001000000,0.000001113,0.066000,0.000000,0.000000,0.000000,0.000000,0.000000,0.750000,0.000000
1125.699951,1.000000,543.000000,0.000000,0.000000,293.000000,1.000000,1.000000,0.000000,10.008561,0.750000,0.750000,1.000000,0.001000000,0.000001113,0.066000,0.000000,0.000000,0.000000,0.000000,0.000000,0.750000,0.000000
1126.699951,1.000000,543.000000,0.000000,0.000000,293.000000,1.000000,1.000000,0.000000,10.008564,0.750000,0.750000,1.000000,0.001000000,0.000001113,0.066000,0.000000,0.000000,0.000000,0.000000,0.000000,0.750000,0.000000
1127.699951,1.000000,543.000000,0.000000,0.000000,293.000000,1.000000,1.000000,0.000000,10.008554,0.750000,0.750000,1.000000,0.001000000,0.000001113,0.066000,0.000000,0.000000,0.000000,0.000000,0.000000,0.750000,0.000000
1128.699951,1.000000,543.000000,0.000000,0.000000,293.000000,1.000000,1.000000,0.000000,10.008554,0.750000,0.750000,1.000000,0.001000000,0.000001113,0.066000,0.000000,0.000000,0.000000,0.000000,0.000000,0.750000,0.000000
1129.699951,1.000000,543.000000,0.000000,0.000000,293.000000,1.000000,1.000000,0.000000,10.008572,0.750000,0.750000,1.000000,0.001000000,0.000001113,0.066000,0.000000,0.000000,0.000000,0.000000,0.000000,0.750000,0.000000
1130.699951,1.000000,543.000000,0.000000,0.000000,293.000000,1.000000,1.000000,0.000000,10.008550,0.750000,0.750000,1.000000,0.001000000,0.000001113,0.066000,0.000000,0.000000,0.000000,0.000000,0.000000,0.750000,0.000000
1131.699951,1.000000,543.000000,0.000000,0.000000,293.000000,1.000000,1.000000,0.000000,10.008562,0.750000,0.750000,1.000000,0.001000000,0.000001113,0.066000,0.000000,0.000000,0.000000,0.000000,0.000000,0.750000,0.000000
1132.699951,1.000000,543.000000,0.000000,0.000000,293.000000,1.000000,1.000000,0.000000,10.008563,0.750000,0.750000,1.000000,0.001000000,0.000001113,0.066000,0.000000,0.000000,0.000000,0.000000,0.000000,0.750000,0.000000
1133.699951,1.000000,543.000000,0.000000,0.000000,293.000000,1.000000,1.000000,0.000000,10.008527,0.750000,0.750000,1.000000,0.001000000,0.000001113,0.066000,0.000000,0.000000,0.000000,0.000000,0.000000,0.750000,0.000000
1134.699951,1.000000,543.000000,0.000000,0.000000,293.000000,1.000000,1.000000,0.000000,10.008553,0.750000,0.750000,1.000000,0.001000000,0.000001113,0.066000,0.000000,0.000000,0.000000,0.000000,0.000000,0.750000,0.000000
1135.699951,1.000000,543.000000,0.000000,0.000000,293.000000,1.000000,1.000000,0.000000,10.008562,0.750000,0.750000,1.000000,0.001000000,0.000001113,0.066000,0.000000,0.000000,0.000000,0.000000,0.000000,0.750000,0.000000
1136.699951,1.000000,543.000000,0.000000,0.000000,293.000000,1.000000,1.000000,0.000000,10.008563,0.750000,0.750000,1.000000,0.001000000,0.000001113,0.066000,0.000000,0.000000,0.000000,0.000000,0.000000,0.750000,0.000000
1137.699951,1.000000,543.000000,0.000000,0.000000,293.000000,1.000000,1.000000,0.000000,10.008562,0.750000,0.750000,1.000000,0.001000000,0.000001113,0.066000,0.000000,0.000000,0.000000,0.000000,0.000000,0.750000,0.000000
1138.699951,1.000000,543.000000,0.000000,0.000000,293.000000,1.000000,1.000000,0.000000,10.008565,0.750000,0.750000,1.000000,0.001000000,0.000001113,0.066000,0.000000,0.000000,0.000000,0.000000,0.000000,0.750000,0.000000
1139.699951,1.000000,543.000000,0.000000,0.000000,293.000000,1.000000,1.000000,0.000000,10.008554,0.750000,0.750000,1.000000,0.001000000,0.000001113,0.066000,0.000000,0.000000,0.000000,0.000000,0.000000,0.750000,0.000000
1140.699951,1.000000,543.000000,0.000000,0.000000,293.000000,1.000000,1.000000,0.000000,10.008556,0.750000,0.750000,1.000000,0.001000000,0.000001113,0.066000,0.000000,0.000000,0.000000,0.000000,0.000000,0.750000,0.000000
1141.699951,1.000000,543.000000,0.000000,0.000000,293.000000,1.000000,1.000000,0.000000,10.008564,0.750000,0.750000,1.000000,0.001000000,0.000001113,0.066000,0.000000,0.000000,0.000000,0.000000,0.000000,0.750000,0.000000
1142.699951,1.000000,543.000000,0.000000,0.000000,293.000000,1.000000,1.000000,0.000000,10.008523,0.750000,0.750000,1.000000,0.001000000,0.000001113,0.066000,0.000000,0.000000,0.000000,0.000000,0.000000,0.750000,0.000000
1143.699951,1.000000,543.000000,0.000000,0.000000,293.000000,1.000000,1.000000,0.000000,10.008559,0.750000,0.750000,1.000000,0.001000000,0.000001113,0.066000,0.000000,0.000000,0.000000,0.000000,0.000000,0.750000,0.000000
1144.699951,1.000000,543.000000,0.000000,0.000000,293.000000,1.000000,1.000000,0.000000,10.008563,0.750000,0.750000,1.000000,0.001000000,0.000001113,0.066000,0.000000,0.000000,0.000000,0.000000,0.000000,0.750000,0.000000
1145.699951,1.000000,543.000000,0.000000,0.000000,293.000000,1.000000,1.000000,0.000000,10.008563,0.750000,0.750000,1.000000,0.001000000,0.000001113,0.066000,0.000000,0.000000,0.000000,0.000000,0.000000,0.750000,0.000000
1146.699951,1.000000,543.000000,0.000000,0.000000,293.000000,1.000000,1.000000,0.000000,10.008554,0.750000,0.750000,1.000000,0.001000000,0.000001113,0.066000,0.000000,0.000000,0.000000,0.000000,0.000000,0.750000,0.000000
1147.699951,1.000000,543.000000,0.000000,0.000000,293.000000,1.000000,1.000000,0.000000,10.008559,0.750000,0.750000,1.000000,0.001000000,0.000001113,0.066000,0.000000,0.000000,0.000000,0.000000,0.000000,0.750000,0.000000
1148.699951,1.000000,543.000000,0.000000,0.000000,293.000000,1.000000,1.000000,0.000000,10.008564,0.750000,0.750000,1.000000,0.001000000,0.000001113,0.066000,0.000000,0.000000,0.000000,0.000000,0.000000,0.750000,0.000000
1149.699951,1.000000,543.000000,0.000000,0.000000,293.000000,1.000000,1.000000,0.000000,10.008556,0.750000,0.750000,1.000000,0.001000000,0.000001113,0.066000,0.000000,0.000000,0.000000,0.000000,0.000000,0.750000,0.000000
1150.699951,1.000000,543.000000,0.000000,0.000000,293.000000,1.000000,1.000000,0.000000,10.008564,0.750000,0.750000,1.000000,0.001000000,0.000001113,0.066000,0.000000,0.000000,0.000000,0.000000,0.000000,0.750000,0.000000
1151.699951,1.000000,543.000000,0.000000,0.000000,293.000000,1.000000,1.000000,0.000000,10.008522,0.750000,0.750000,1.000000,0.001000000,0.000001113,0.066000,0.000000,0.000000,0.000000,0.000000,0.000000,0.750000,0.000000
1152.699951,1.000000,543.000000,0.000000,0.000000,293.000000,1.000000,1.000000,0.000000,10.008562,0.750000,0.750000,1.000000,0.001000000,0.000001113,0.066000,0.000000,0.000000,0.000000,0.000000,0.000000,0.750000,0.000000
1153.699951,1.000000,543.000000,0.000000,0.000000,293.000000,1.000000,1.000000,0.000000,10.008556,0.750000,0.750000,1.000000,0.001000000,0.000001113,0.066000,0.000000,0.000000,0.000000,0.000000,0.000000,0.750000,0.000000
1154.699951,1.000000,543.000000,0.000000,0.000000,293.000000,1.000000,1.000000,0.000000,10.008558,0.750000,0.750000,1.000000,0.001000000,0.000001113,0.066000,0.000000,0.000000,0.000000,0.000000,0.000000,0.750000,0.000000
1155.699951,1.000000,543.000000,0.000000,0.000000,293.000000,1.000000,1.000000,0.000000,10.008559,0.750000,0.750000,1.000000,0.001000000,0.000001113,0.066000,0.000000,0.000000,0.000000,0.000000,0.000000,0.750000,0.000000
1156.699951,1.000000,543.000000,0.000000,0.000000,293.000000,1.000000,1.000000,0.000000,10.008565,0.750000,0.750000,1.000000,0.001000000,0.000001113,0.066000,0.000000,0.000000,0.000000,0.000000,0.000000,0.750000,0.000000
1157.699951,1.000000,543.000000,0.000000,0.000000,293.000000,1.000000,1.000000,0.000000,10.008558,0.750000,0.750000,1.000000,0.001000000,0.000001113,0.066000,0.000000,0.000000,0.000000,0.000000,0.000000,0.750000,0.000000
1158.699951,1.000000,543.000000,0.000000,0.000000,293.000000,1.000000,1.000000,0.000000,10.008560,0.750000,0.750000,1.000000,0.001000000,0.000001113,0.066000,0.000000,0.000000,0.000000,0.000000,0.000000,0.750000,0.000000
1159.699951,1.000000,543.000000,0.000000,0.000000,293.000000,1.000000,1.000000,0.000000,10.008554,0.750000,0.750000,1.000000,0.001000000,0.000001113,0.066000,0.000000,0.000000,0.000000,0.000000,0.000000,0.750000,0.000000
1160.699951,1.000000,543.000000,0.000000,0.000000,293.000000,1.000000,1.000000,0.000000,10.008532,0.750000,0.750000,1.000000,0.001000000,0.000001113,0.066000,0.000000,0.000000,0.000000,0.000000,0.000000,0.750000,0.000000
1161.699951,1.000000,543.000000,0.000000,0.000000,293.000000,1.000000,1.000000,0.000000,10.008556,0.750000,0.750000,1.000000,0.001000000,0.000001113,0.066000,0.000000,0.000000,0.000000,0.000000,0.000000,0.750000,0.000000
1162.699951,1.000000,543.000000,0.000000,0.000000,293.000000,1.000000,1.000000,0.000000,10.008568,0.750000,0.750000,1.000000,0.001000000,0.000001113,0.066000,0.000000,0.000000,0.000000,0.000000,0.000000,0.750000,0.000000
1163.699951,1.000000,543.000000,0.000000,0.000000,293.000000,1.000000,1.000000,0.000000,10.008550,0.750000,0.750000,1.000000,0.001000000,0.000001113,0.066000,0.000000,0.000000,0.000000,0.000000,0.000000,0.750000,0.000000
1164.699951,1.000000,543.000000,0.000000,0.000000,293.000000,1.000000,1.000000,0.000000,10.008569,0.750000,0.750000,1.000000,0.001000000,0.000001113,0.066000,0.000000,0.000000,0.000000,0.000000,0.000000,0.750000,0.000000
1165.699951,1.000000,543.000000,0.000000,0.000000,293.000000,1.000000,1.000000,0.000000,10.008559,0.750000,0.750000,1.000000,0.001000000,0.000001113,0.066000,0.000000,0.000000,0.000000,0.000000,0.000000,0.750000,0.000000
1166.699951,1.000000,543.000000,0.000000,0.000000,293.000000,1.000000,1.000000,0.000000,10.008559,0.750000,0.750000,1.000000,0.001000000,0.000001113,0.066000,0.000000,0.000000,0.000000,0.000000,0.000000,0.750000,0.000000
1167.699951,1.000000,543.000000,0.000000,0.000000,293.000000,1.000000,1.000000,0.000000,10.008557,0.750000,0.750000,1.000000,0.001000000,0.000001113,0.066000,0.000000,0.000000,0.000000,0.000000,0.000000,0.750000,0.000000
1168.699951,1.000000,543.000000,0.000000,0.000000,293.000000,1.000000,1.000000,0.000000,10.008553,0.750000,0.750000,1.000000,0.001000000,0.000001113,0.066000,0.000000,0.000000,0.000000,0.000000,0.000000,0.750000,0.000000
1169.699951,1.000000,543.000000,0.000000,0.000000,293.000000,1.000000,1.000000,0.000000,10.008534,0.750000,0.750000,1.000000,0.001000000,0.000001113,0.066000,0.000000,0.000000,0.000000,0.000000,0.000000,0.750000,0.000000
1170.699951,1.000000,543.000000,0.000000,0.000000,293.000000,1.000000,1.000000,0.000000,10.008559,0.750000,0.750000,1.000000,0.001000000,0.000001113,0.066000,0.000000,0.000000,0.000000,0.000000,0.000000,0.750000,0.000000
1171.699951,1.000000,543.000000,0.000000,0.000000,293.000000,1.000000,1.000000,0.000000,10.008560,0.750000,0.750000,1.000000,0.001000000,0.000001113,0.066000,0.000000,0.000000,0.000000,0.000000,0.000000,0.750000,0.000000
1172.699951,1.000000,543.000000,0.000000,0.000000,293.000000,1.000000,1.000000,0.000000,10.008562,0.750000,0.750000,1.000000,0.001000000,0.000001113,0.066000,0.000000,0.000000,0.000000,0.000000,0.000000,0.750000,0.000000
1173.699951,1.000000,543.000000,0.000000,0.000000,293.000000,1.000000,1.000000,0.000000,10.008550,0.750000,0.750000,1.000000,0.001000000,0.000001113,0.066000,0.000000,0.000000,0.000000,0.000000,0.000000,0.750000,0.000000
1174.699951,1.000000,543.000000,0.000000,0.000000,293.000000,1.000000,1.000000,0.000000,10.008563,0.750000,0.750000,1.000000,0.001000000,0.000001113,0.066000,0.000000,0.000000,0.000000,0.000000,0.000000,0.750000,0.000000
1175.699951,1.000000,543.000000,0.000000,0.000000,293.000000,1.000000,1.000000,0.000000,10.008561,0.750000,0.750000,1.000000,0.001000000,0.000001113,0.066000,0.000000,0.000000,0.000000,0.000000,0.000000,0.750000,0.000000
1176.699951,1.000000,543.000000,0.000000,0.000000,293.000000,1.000000,1.000000,0.000000,10.008559,0.750000,0.750000,1.000000,0.001000000,0.000001113,0.066000,0.000000,0.000000,0.000000,0.000000,0.000000,0.750000,0.000000
1177.699951,1.000000,543.000000,0.000000,0.000000,293.000000,1.000000,1.000000,0.000000,10.008559,0.750000,0.750000,1.000000,0.001000000,0.000001113,0.066000,0.000000,0.000000,0.000000,0.000000,0.000000,0.750000,0.000000
1178.699951,1.000000,543.000000,0.000000,0.000000,293.000000,1.000000,1.000000,0.000000,10.008525,0.750000,0.750000,1.000000,0.001000000,0.000001113,0.066000,0.000000,0.000000,0.000000,0.000000,0.000000,0.750000,0.000000
1179.699951,1.000000,543.000000,0.000000,0.000000,293.000000,1.000000,1.000000,0.000000,10.008567,0.750000,0.750000,1.000000,0.001000000,0.000001113,0.066000,0.000000,0.000000,0.000000,0.000000,0.000000,0.750000,0.000000
1180.699951,1.000000,543.000000,0.000000,0.000000,293.000000,1.000000,1.000000,0.000000,10.008560,0.750000,0.750000,1.000000,0.001000000,0.000001113,0.066000,0.000000,0.000000,0.000000,0.000000,0.000000,0.750000,0.000000
1181.699951,1.000000,543.000000,0.000000,0.000000,293.000000,1.000000,1.000000,0.000000,10.008556,0.750000,0.750000,1.000000,0.001000000,0.000001113,0.066000,0.000000,0.000000,0.000000,0.000000,0.000000,0.750000,0.000000
1182.699951,1.000000,543.000000,0.000000,0.000000,293.000000,1.000000,1.000000,0.000000,10.008564,0.750000,0.750000,1.000000,0.001000000,0.000001113,0.066000,0.000000,0.000000,0.000000,0.000000,0.000000,0.750000,0.000000
1183.699951,1.000000,543.000000,0.000000,0.000000,293.000000,1.000000,1.000000,0.000000,10.008562,0.750000,0.750000,1.000000,0.001000000,0.000001113,0.066000,0.000000,0.000000,0.000000,0.000000,0.000000,0.750000,0.000000
1184.699951,1.000000,543.000000,0.000000,0.000000,293.000000,1.000000,1.000000,0.000000,10.008550,0.750000,0.750000,1.000000,0.001000000,0.000001113,0.066000,0.000000,0.000000,0.000000,0.000000,0.000000,0.750000,0.000000
1185.699951,1.000000,543.000000,0.000000,0.000000,293.000000,1.000000,1.000000,0.000000,10.008565,0.750000,0.750000,1.000000,0.001000000,0.000001113,0.066000,0.000000,0.000000,0.000000,0.000000,0.000000,0.750000,0.000000
1186.699951,1.000000,543.000000,0.000000,0.000000,293.000000,1.000000,1.000000,0.000000,10.008558,0.750000,0.750000,1.000000,0.001000000,0.000001113,0.066000,0.000000,0.000000,0.000000,0.000000,0.000000,0.750000,0.000000
1187.699951,1.000000,543.000000,0.000000,0.000000,293.000000,1.000000,1.000000,0.000000,10.008525,0.750000,0.750000,1.000000,0.001000000,0.000001113,0.066000,0.000000,0.000000,0.000000,0.000000,0.000000,0.750000,0.000000
1188.699951,1.000000,543.000000,0.000000,0.000000,293.000000,1.000000,1.000000,0.000000,10.008560,0.750000,0.750000,1.000000,0.001000000,0.000001113,0.066000,0.000000,0.000000,0.000000,0.000000,0.000000,0.750000,0.000000
1189.699951,1.000000,543.000000,0.000000,0.000000,293.000000,1.000000,1.000000,0.000000,10.008564,0.750000,0.750000,1.000000,0.001000000,0.000001113,0.066000,0.000000,0.000000,0.000000,0.000000,0.000000,0.750000,0.000000
1190.699951,1.000000,543.000000,0.000000,0.000000,293.000000,1.000000,1.000000,0.000000,10.008557,0.750000,0.750000,1.000000,0.001000000,0.000001113,0.066000,0.000000,0.000000,0.000000,0.000000,0.000000,0.750000,0.000000
1191.699951,1.000000,543.000000,0.000000,0.000000,293.000000,1.000000,1.000000,0.000000,10.008556,0.750000,0.750000,1.000000,0.001000000,0.000001113,0.066000,0.000000,0.000000,0.000000,0.000000,0.000000,0.750000,0.000000
1192.699951,1.000000,543.000000,0.000000,0.000000,293.000000,1.000000,1.000000,0.000000,10.008564,0.750000,0.750000,1.000000,0.001000000,0.000001113,0.066000,0.000000,0.000000,0.000000,0.000000,0.000000,0.750000,0.000000
1193.699951,1.000000,543.000000,0.000000,0.000000,293.000000,1.000000,1.000000,0.000000,10.008562,0.750000,0.750000,1.000000,0.001000000,0.000001113,0.066000,0.000000,0.000000,0.000000,0.000000,0.000000,0.750000,0.000000
1194.699951,1.000000,543.000000,0.000000,0.000000,293.000000,1.000000,1.000000,0.000000,10.008557,0.750000,0.750000,1.000000,0.001000000,0.000001113,0.066000,0.000000,0.000000,0.000000,0.000000,0.000000,0.750000,0.000000
1195.699951,1.000000,543.000000,0.000000,0.000000,293.000000,1.000000,1.000000,0.000000,10.008556,0.750000,0.750000,1.000000,0.001000000,0.000001113,0.066000,0.000000,0.000000,0.000000,0.000000,0.000000,0.750000,0.000000
1196.699951,1.000000,543.000000,0.000000,0.000000,293.000000,1.000000,1.000000,0.000000,10.008525,0.750000,0.750000,1.000000,0.001000000,0.000001113,0.066000,0.000000,0.000000,0.000000,0.000000,0.000000,0.750000,0.000000
1197.699951,1.000000,543.000000,0.000000,0.000000,293.000000,1.000000,1.000000,0.000000,10.008560,0.750000,0.750000,1.000000,0.001000000,0.000001113,0.066000,0.000000,0.000000,0.000000,0.000000,0.000000,0.750000,0.000000
1198.699951,1.000000,543.000000,0.000000,0.000000,293.000000,1.000000,1.000000,0.000000,10.008564,0.750000,0.750000,1.000000,0.001000000,0.000001113,0.066000,0.000000,0.000000,0.000000,0.000000,0.000000,0.750000,0.000000
1199.699951,1.000000,543.000000,0.000000,0.000000,293.000000,1.000000,1.000000,0.000000,10.008556,0.750000,0.750000,1.000000,0.001000000,0.000001113,0.066000,0.000000,0.000000,0.000000,0.000000,0.000000,0.750000,0.000000
1200.699951,1.000000,543.000000,0.000000,0.000000,293.000000,1.000000,1.000000,0.000000,10.008560,0.750000,0.750000,1.000000,0.001000000,0.000001113,0.066000,0.000000,0.000000,0.000000,0.000000,0.000000,0.750000,0.000000
1201.699951,1.000000,543.000000,0.000000,0.000000,293.000000,1.000000,1.000000,0.000000,10.008559,0.750000,0.750000,1.000000,0.001000000,0.000001113,0.066000,0.000000,0.000000,0.000000,0.000000,0.000000,0.750000,0.000000
1202.699951,1.000000,543.000000,0.000000,0.000000,293.000000,1.000000,1.000000,0.000000,10.008558,0.750000,0.750000,1.000000,0.001000000,0.000001113,0.066000,0.000000,0.000000,0.000000,0.000000,0.000000,0.750000,0.000000
1203.699951,1.000000,543.000000,0.000000,0.000000,293.000000,1.000000,1.000000,0.000000,10.008563,0.750000,0.750000,1.000000,0.001000000,0.000001113,0.066000,0.000000,0.000000,0.000000,0.000000,0.000000,0.750000,0.000000
1204.699951,1.000000,543.000000,0.000000,0.000000,293.000000,1.000000,1.000000,0.000000,10.008559,0.750000,0.750000,1.000000,0.001000000,0.000001113,0.066000,0.000000,0.000000,0.000000,0.000000,0.000000,0.750000,0.000000
