205.699951,1.000000,543.000000,0.000000,0.000000,293.000000,1.000000,1.000000,0.000000,10.008527,0.750000,0.750000,1.000000,0.001269.699951,1.000000,543.000000,0.000000,0.000000,293.000000,1.000000,1.000000,0.000000,10.008569,0.750000,0.750000,1.000000,0.001000000,0.000001113,0.066000,0.000000,0.000000,0.000000,0.000000,0.000000,0.750000,0.000000
1270.699951,1.000000,543.000000,0.000000,0.000000,293.000000,1.000000,1.000000,0.000000,10.008556,0.750000,0.750000,1.000000,0.001000000,0.000001113,0.066000,0.000000,0.000000,0.000000,0.000000,0.000000,0.750000,0.000000
1370.699951,1.000000,543.000000,0.000000,0.000000,293.000000,1.000000,1.000000,0.000000,1000.855957,0.750000,0.750000,1.000000,0.002000000,0.000001110,0.066000,0.000000,0.000000,0.000000,0.000000,0.000000,0.750000,0.000000
1470.699951,1.000000,543.000000,0.000000,0.000000,293.000000,1.000000,1.000000,0.000000,1000.304932,0.750000,0.750000,1.000000,0.002000000,0.000001110,0.066000,0.000000,0.000000,0.000000,0.000000,0.000000,0.750000,0.000000
1570.699951,1.000000,543.000000,0.000000,0.000000,293.000000,1.000000,1.000000,0.000000,1000.304810,0.750000,0.750000,1.000000,0.002000000,0.000001110,0.066000,0.000000,0.000000,0.000000,0.000000,0.000000,0.750000,0.000000
1670.699951,1.000000,543.000000,0.000000,0.000000,293.000000,1.000000,1.000000,0.000000,1000.307129,0.750000,0.750000,1.000000,0.002000000,0.000001110,0.066000,0.000000,0.000000,0.000000,0.000000,0.000000,0.750000,0.000000
1770.699951,1.000000,543.000000,0.000000,0.000000,293.000000,1.000000,1.000000,0.000000,1000.304504,0.750000,0.750000,1.000000,0.002000000,0.000001110,0.066000,0.000000,0.000000,0.000000,0.000000,0.000000,0.750000,0.000000
1870.699951,1.000000,543.000000,0.000000,0.000000,293.000000,1.000000,1.000000,0.000000,1000.305359,0.750000,0.750000,1.000000,0.002000000,0.000001110,0.066000,0.000000,0.000000,0.000000,0.000000,0.000000,0.750000,0.000000
1970.699951,1.000000,543.000000,0.000000,0.000000,293.000000,1.000000,1.000000,0.000000,1000.304504,0.750000,0.750000,1.000000,0.002000000,0.000001110,0.066000,0.000000,0.000000,0.000000,0.000000,0.000000,0.750000,0.000000
2070.699951,1.000000,543.000000,0.000000,0.000000,293.000000,1.000000,1.000000,0.000000,1000.304504,0.750000,0.750000,1.000000,0.002000000,0.000001110,0.066000,0.000000,0.000000,0.000000,0.000000,0.000000,0.750000,0.000000
2170.699951,1.000000,543.000000,0.000000,0.000000,293.000000,1.000000,1.000000,0.000000,1000.306946,0.750000,0.750000,1.000000,0.002000000,0.000001110,0.066000,0.000000,0.000000,0.000000,0.000000,0.000000,0.750000,0.000000
2270.699951,1.000000,543.000000,0.000000,0.000000,293.000000,1.000000,1.000000,0.000000,1000.304749,0.750000,0.750000,1.000000,0.002000000,0.000001110,0.066000,0.000000,0.000000,0.000000,0.000000,0.000000,0.750000,0.000000
2370.699951,1.000000,543.000000,0.000000,0.000000,293.000000,1.000000,1.000000,0.000000,1000.304932,0.750000,0.750000,1.000000,0.002000000,0.000001110,0.066000,0.000000,0.000000,0.000000,0.000000,0.000000,0.750000,0.000000
2470.699951,1.000000,543.000000,0.000000,0.000000,293.000000,1.000000,1.000000,0.000000,1000.313843,0.750000,0.750000,1.000000,0.002000000,0.000001110,0.066000,0.000000,0.000000,0.000000,0.000000,0.000000,0.750000,0.000000
2570.699951,1.000000,543.000000,0.000000,0.000000,293.000000,1.000000,1.000000,0.000000,1000.305176,0.750000,0.750000,1.000000,0.002000000,0.000001110,0.066000,0.000000,0.000000,0.000000,0.000000,0.000000,0.750000,0.000000
2670.699951,1.000000,543.000000,0.000000,0.000000,293.000000,1.000000,1.000000,0.000000,1000.307922,0.750000,0.750000,1.000000,0.002000000,0.000001110,0.066000,0.000000,0.000000,0.000000,0.000000,0.000000,0.750000,0.000000
2770.699951,1.000000,543.000000,0.000000,0.000000,293.000000,1.000000,1.000000,0.000000,1000.304199,0.750000,0.750000,1.000000,0.002000000,0.000001110,0.066000,0.000000,0.000000,0.000000,0.000000,0.000000,0.750000,0.000000
2870.699951,1.000000,543.000000,0.000000,0.000000,293.000000,1.000000,1.000000,0.000000,1000.304932,0.750000,0.750000,1.000000,0.002000000,0.000001110,0.066000,0.000000,0.000000,0.000000,0.000000,0.000000,0.750000,0.000000
2970.699951,1.000000,543.000000,0.000000,0.000000,293.000000,1.000000,1.000000,0.000000,1000.313843,0.750000,0.750000,1.000000,0.002000000,0.000001110,0.066000,0.000000,0.000000,0.000000,0.000000,0.000000,0.750000,0.000000
3070.699951,1.000000,543.000000,0.000000,0.000000,293.000000,1.000000,1.000000,0.000000,1000.304382,0.750000,0.750000,1.000000,0.002000000,0.000001110,0.066000,0.000000,0.000000,0.000000,0.000000,0.000000,0.750000,0.000000
3170.699951,1.000000,543.000000,0.000000,0.000000,293.000000,1.000000,1.000000,0.000000,1000.307922,0.750000,0.750000,1.000000,0.002000000,0.000001110,0.066000,0.000000,0.000000,0.000000,0.000000,0.000000,0.750000,0.000000
3270.699951,1.000000,543.000000,0.000000,0.000000,293.000000,1.000000,1.000000,0.000000,1000.304382,0.750000,0.750000,1.000000,0.002000000,0.000001110,0.066000,0.000000,0.000000,0.000000,0.000000,0.000000,0.750000,0.000000
3370.699951,1.000000,543.000000,0.000000,0.000000,293.000000,1.000000,1.000000,0.000000,1000.305542,0.750000,0.750000,1.000000,0.002000000,0.000001110,0.066000,0.000000,0.000000,0.000000,0.000000,0.000000,0.750000,0.000000
3470.699951,1.000000,543.000000,0.000000,0.000000,293.000000,1.000000,1.000000,0.000000,1000.313355,0.750000,0.750000,1.000000,0.002000000,0.000001110,0.066000,0.000000,0.000000,0.000000,0.000000,0.000000,0.750000,0.000000
3570.699951,1.000000,543.000000,0.000000,0.000000,293.000000,1.000000,1.000000,0.000000,1000.308228,0.750000,0.750000,1.000000,0.002000000,0.000001110,0.066000,0.000000,0.000000,0.000000,0.000000,0.000000,0.750000,0.000000
3670.699951,1.000000,543.000000,0.000000,0.000000,293.000000,1.000000,1.000000,0.000000,1000.304749,0.750000,0.750000,1.000000,0.002000000,0.000001110,0.066000,0.000000,0.000000,0.000000,0.000000,0.000000,0.750000,0.000000
3770.699951,1.000000,543.000000,0.000000,0.000000,293.000000,1.000000,1.000000,0.000000,1000.304199,0.750000,0.750000,1.000000,0.002000000,0.000001110,0.066000,0.000000,0.000000,0.000000,0.000000,0.000000,0.750000,0.000000
3870.699951,1.000000,543.000000,0.000000,0.000000,293.000000,1.000000,1.000000,0.000000,1000.304810,0.750000,0.750000,1.000000,0.002000000,0.000001110,0.066000,0.000000,0.000000,0.000000,0.000000,0.000000,0.750000,0.000000
3970.699951,1.000000,543.000000,0.000000,0.000000,293.000000,1.000000,1.000000,0.000000,1000.304565,0.750000,0.750000,1.000000,0.002000000,0.000001110,0.066000,0.000000,0.000000,0.000000,0.000000,0.000000,0.750000,0.000000
4070.699951,1.000000,543.000000,0.000000,0.000000,293.000000,1.000000,1.000000,0.000000,1000.306763,0.750000,0.750000,1.000000,0.002000000,0.000001110,0.066000,0.000000,0.000000,0.000000,0.000000,0.000000,0.750000,0.000000
4170.700195,1.000000,543.000000,0.000000,0.000000,293.000000,1.000000,1.000000,0.000000,1000.307129,0.750000,0.750000,1.000000,0.002000000,0.000001110,0.066000,0.000000,0.000000,0.000000,0.000000,0.000000,0.750000,0.000000
4270.700195,1.000000,543.000000,0.000000,0.000000,293.000000,1.000000,1.000000,0.000000,1000.304504,0.750000,0.750000,1.000000,0.002000000,0.000001110,0.066000,0.000000,0.000000,0.000000,0.000000,0.000000,0.750000,0.000000
4370.700195,1.000000,543.000000,0.000000,0.000000,293.000000,1.000000,1.000000,0.000000,1000.304932,0.750000,0.750000,1.000000,0.002000000,0.000001110,0.066000,0.000000,0.000000,0.000000,0.000000,0.000000,0.750000,0.000000
4470.700195,1.000000,543.000000,0.000000,0.000000,293.000000,1.000000,1.000000,0.000000,1000.305176,0.750000,0.750000,1.000000,0.002000000,0.000001110,0.066000,0.000000,0.000000,0.000000,0.000000,0.000000,0.750000,0.000000
4570.700195,1.000000,543.000000,0.000000,0.000000,293.000000,1.000000,1.000000,0.000000,1000.307556,0.750000,0.750000,1.000000,0.002000000,0.000001110,0.066000,0.000000,0.000000,0.000000,0.000000,0.000000,0.750000,0.000000
4670.700195,1.000000,543.000000,0.000000,0.000000,293.000000,1.000000,1.000000,0.000000,1000.303894,0.750000,0.750000,1.000000,0.002000000,0.000001110,0.066000,0.000000,0.000000,0.000000,0.000000,0.000000,0.750000,0.000000
4770.700195,1.000000,543.000000,0.000000,0.000000,293.000000,1.000000,1.000000,0.000000,1000.304565,0.750000,0.750000,1.000000,0.002000000,0.000001110,0.066000,0.000000,0.000000,0.000000,0.000000,0.000000,0.750000,0.000000
4870.700195,1.000000,543.000000,0.000000,0.000000,293.000000,1.000000,1.000000,0.000000,1000.304871,0.750000,0.750000,1.000000,0.002000000,0.000001110,0.066000,0.000000,0.000000,0.000000,0.000000,0.000000,0.750000,0.000000
4970.700195,1.000000,543.000000,0.000000,0.000000,293.000000,1.000000,1.000000,0.000000,1000.307068,0.750000,0.750000,1.000000,0.002000000,0.000001110,0.066000,0.000000,0.000000,0.000000,0.000000,0.000000,0.750000,0.000000
5070.700195,1.000000,543.000000,0.000000,0.000000,293.000000,1.000000,1.000000,0.000000,1000.305603,0.750000,0.750000,1.000000,0.002000000,0.000001110,0.066000,0.000000,0.000000,0.000000,0.000000,0.000000,0.750000,0.000000
5170.700195,1.000000,543.000000,0.000000,0.000000,293.000000,1.000000,1.000000,0.000000,1000.313965,0.750000,0.750000,1.000000,0.002000000,0.000001110,0.066000,0.000000,0.000000,0.000000,0.000000,0.000000,0.750000,0.000000
5270.700195,1.000000,543.000000,0.000000,0.000000,293.000000,1.000000,1.000000,0.000000,1000.304199,0.750000,0.750000,1.000000,0.002000000,0.000001110,0.066000,0.000000,0.000000,0.000000,0.000000,0.000000,0.750000,0.000000
5370.700195,1.000000,543.000000,0.000000,0.000000,293.000000,1.000000,1.000000,0.000000,1000.304199,0.750000,0.750000,1.000000,0.002000000,0.000001110,0.066000,0.000000,0.000000,0.000000,0.000000,0.000000,0.750000,0.000000
5470.700195,1.000000,543.000000,0.000000,0.000000,293.000000,1.000000,1.000000,0.000000,1000.308289,0.750000,0.750000,1.000000,0.002000000,0.000001110,0.066000,0.000000,0.000000,0.000000,0.000000,0.000000,0.750000,0.000000
5570.700195,1.000000,543.000000,0.000000,0.000000,293.000000,1.000000,1.000000,0.000000,1000.304932,0.750000,0.750000,1.000000,0.002000000,0.000001110,0.066000,0.000000,0.000000,0.000000,0.000000,0.000000,0.750000,0.000000
5670.700195,1.000000,543.000000,0.000000,0.000000,293.000000,1.000000,1.000000,0.000000,1000.313782,0.750000,0.750000,1.000000,0.002000000,0.000001110,0.066000,0.000000,0.000000,0.000000,0.000000,0.000000,0.750000,0.000000
5770.700195,1.000000,543.000000,0.000000,0.000000,293.000000,1.000000,1.000000,0.000000,1000.304871,0.750000,0.750000,1.000000,0.002000000,0.000001110,0.066000,0.000000,0.000000,0.000000,0.000000,0.000000,0.750000,0.000000
5870.700195,1.000000,543.000000,0.000000,0.000000,293.000000,1.000000,1.000000,0.000000,1000.304199,0.750000,0.750000,1.000000,0.002000000,0.000001110,0.066000,0.000000,0.000000,0.000000,0.000000,0.000000,0.750000,0.000000
5970.700195,1.000000,543.000000,0.000000,0.000000,293.000000,1.000000,1.000000,0.000000,1000.307251,0.750000,0.750000,1.000000,0.002000000,0.000001110,0.066000,0.000000,0.000000,0.000000,0.000000,0.000000,0.750000,0.000000
6070.700195,1.000000,543.000000,0.000000,0.000000,293.000000,1.000000,1.000000,0.000000,1000.305542,0.750000,0.750000,1.000000,0.002000000,0.000001110,0.066000,0.000000,0.000000,0.000000,0.000000,0.000000,0.750000,0.000000
6170.700195,1.000000,543.000000,0.000000,0.000000,293.000000,1.000000,1.000000,0.000000,1000.304504,0.750000,0.750000,1.000000,0.002000000,0.000001110,0.066000,0.000000,0.000000,0.000000,0.000000,0.000000,0.750000,0.000000
6270.700195,1.000000,543.000000,0.000000,0.000000,293.000000,1.000000,1.000000,0.000000,1000.304382,0.750000,0.750000,1.000000,0.002000000,0.000001110,0.066000,0.000000,0.000000,0.000000,0.000000,0.000000,0.750000,0.000000
6370.700195,1.000000,543.000000,0.000000,0.000000,293.000000,1.000000,1.000000,0.000000,1000.304871,0.750000,0.750000,1.000000,0.002000000,0.000001110,0.066000,0.000000,0.000000,0.000000,0.000000,0.000000,0.750000,0.000000
6470.700195,1.000000,543.000000,0.000000,0.000000,293.000000,1.000000,1.000000,0.000000,1000.307312,0.750000,0.750000,1.000000,0.002000000,0.000001110,0.066000,0.000000,0.000000,0.000000,0.000000,0.000000,0.750000,0.000000
6570.700195,1.000000,543.000000,0.000000,0.000000,293.000000,1.000000,1.000000,0.000000,1000.304199,0.750000,0.750000,1.000000,0.002000000,0.000001110,0.066000,0.000000,0.000000,0.000000,0.000000,0.000000,0.750000,0.000000
6670.700195,1.000000,543.000000,0.000000,0.000000,293.000000,1.000000,1.000000,0.000000,1000.305481,0.750000,0.750000,1.000000,0.002000000,0.000001110,0.066000,0.000000,0.000000,0.000000,0.000000,0.000000,0.750000,0.000000
6770.700195,1.000000,543.000000,0.000000,0.000000,293.000000,1.000000,1.000000,0.000000,1000.313965,0.750000,0.750000,1.000000,0.002000000,0.000001110,0.066000,0.000000,0.000000,0.000000,0.000000,0.000000,0.750000,0.000000
6870.700195,1.000000,543.000000,0.000000,0.000000,293.000000,1.000000,1.000000,0.000000,1000.304749,0.750000,0.750000,1.000000,0.002000000,0.000001110,0.066000,0.000000,0.000000,0.000000,0.000000,0.000000,0.750000,0.000000
6970.700195,1.000000,543.000000,0.000000,0.000000,293.000000,1.000000,1.000000,0.000000,1000.307617,0.750000,0.750000,1.000000,0.002000000,0.000001110,0.066000,0.000000,0.000000,0.000000,0.000000,0.000000,0.750000,0.000000
7070.700195,1.000000,543.000000,0.000000,0.000000,293.000000,1.000000,1.000000,0.000000,1000.304138,0.750000,0.750000,1.000000,0.002000000,0.000001110,0.066000,0.000000,0.000000,0.000000,0.000000,0.000000,0.750000,0.000000
7170.700195,1.000000,543.000000,0.000000,0.000000,293.000000,1.000000,1.000000,0.000000,1000.305176,0.750000,0.750000,1.000000,0.002000000,0.000001110,0.066000,0.000000,0.000000,0.000000,0.000000,0.000000,0.750000,0.000000
7270.700195,1.000000,543.000000,0.000000,0.000000,293.000000,1.000000,1.000000,0.000000,1000.304504,0.750000,0.750000,1.000000,0.002000000,0.000001110,0.066000,0.000000,0.000000,0.000000,0.000000,0.000000,0.750000,0.000000
7370.700195,1.000000,543.000000,0.000000,0.000000,293.000000,1.000000,1.000000,0.000000,1000.306885,0.750000,0.750000,1.000000,0.002000000,0.000001110,0.066000,0.000000,0.000000,0.000000,0.000000,0.000000,0.750000,0.000000
7470.700195,1.000000,543.000000,0.000000,0.000000,293.000000,1.000000,1.000000,0.000000,1000.304749,0.750000,0.750000,1.000000,0.002000000,0.000001110,0.066000,0.000000,0.000000,0.000000,0.000000,0.000000,0.750000,0.000000
7570.700195,1.000000,543.000000,0.000000,0.000000,293.000000,1.000000,1.000000,0.000000,1000.304199,0.750000,0.750000,1.000000,0.002000000,0.000001110,0.066000,0.000000,0.000000,0.000000,0.000000,0.000000,0.750000,0.000000
7670.700195,1.000000,543.000000,0.000000,0.000000,293.000000,1.000000,1.000000,0.000000,1000.305542,0.750000,0.750000,1.000000,0.002000000,0.000001110,0.066000,0.000000,0.000000,0.000000,0.000000,0.000000,0.750000,0.000000
7770.700195,1.000000,543.000000,0.000000,0.000000,293.000000,1.000000,1.000000,0.000000,1000.304016,0.750000,0.750000,1.000000,0.002000000,0.000001110,0.066000,0.000000,0.000000,0.000000,0.000000,0.000000,0.750000,0.000000
7870.700195,1.000000,543.000000,0.000000,0.000000,293.000000,1.000000,1.000000,0.000000,1000.307129,0.750000,0.750000,1.000000,0.002000000,0.000001110,0.066000,0.000000,0.000000,0.000000,0.000000,0.000000,0.750000,0.000000
7970.700195,1.000000,543.000000,0.000000,0.000000,293.000000,1.000000,1.000000,0.000000,1000.304749,0.750000,0.750000,1.000000,0.002000000,0.000001110,0.066000,0.000000,0.000000,0.000000,0.000000,0.000000,0.750000,0.000000
8070.700195,1.000000,543.000000,0.000000,0.000000,293.000000,1.000000,1.000000,0.000000,1000.305359,0.750000,0.750000,1.000000,0.002000000,0.000001110,0.066000,0.000000,0.000000,0.000000,0.000000,0.000000,0.750000,0.000000
8170.700195,1.000000,543.000000,0.000000,0.000000,293.000000,1.000000,1.000000,0.000000,1000.314148,0.750000,0.750000,1.000000,0.002000000,0.000001110,0.066000,0.000000,0.000000,0.000000,0.000000,0.000000,0.750000,0.000000
8270.700195,1.000000,543.000000,0.000000,0.000000,293.000000,1.000000,1.000000,0.000000,1000.304199,0.750000,0.750000,1.000000,0.002000000,0.000001110,0.066000,0.000000,0.000000,0.000000,0.000000,0.000000,0.750000,0.000000
8370.700195,1.000000,543.000000,0.000000,0.000000,293.000000,1.000000,1.000000,0.000000,1000.308472,0.750000,0.750000,1.000000,0.002000000,0.000001110,0.066000,0.000000,0.000000,0.000000,0.000000,0.000000,0.750000,0.000000
8470.700195,1.000000,543.000000,0.000000,0.000000,293.000000,1.000000,1.000000,0.000000,1000.304382,0.750000,0.750000,1.000000,0.002000000,0.000001110,0.066000,0.000000,0.000000,0.000000,0.000000,0.000000,0.750000,0.000000
8570.700195,1.000000,543.000000,0.000000,0.000000,293.000000,1.000000,1.000000,0.000000,1000.304199,0.750000,0.750000,1.000000,0.002000000,0.000001110,0.066000,0.000000,0.000000,0.000000,0.000000,0.000000,0.750000,0.000000
8670.700195,1.000000,543.000000,0.000000,0.000000,293.000000,1.000000,1.000000,0.000000,1000.304382,0.750000,0.750000,1.000000,0.002000000,0.000001110,0.066000,0.000000,0.000000,0.000000,0.000000,0.000000,0.750000,0.000000
8770.700195,1.000000,543.000000,0.000000,0.000000,293.000000,1.000000,1.000000,0.000000,1000.307861,0.750000,0.750000,1.000000,0.002000000,0.000001110,0.066000,0.000000,0.000000,0.000000,0.000000,0.000000,0.750000,0.000000
8870.700195,1.000000,543.000000,0.000000,0.000000,293.000000,1.000000,1.000000,0.000000,1000.304565,0.750000,0.750000,1.000000,0.002000000,0.000001110,0.066000,0.000000,0.000000,0.000000,0.000000,0.000000,0.750000,0.000000
8970.700195,1.000000,543.000000,0.000000,0.000000,293.000000,1.000000,1.000000,0.000000,1000.304382,0.750000,0.750000,1.000000,0.002000000,0.000001110,0.066000,0.000000,0.000000,0.000000,0.000000,0.000000,0.750000,0.000000
9070.700195,1.000000,543.000000,0.000000,0.000000,293.000000,1.000000,1.000000,0.000000,1000.304382,0.750000,0.750000,1.000000,0.002000000,0.000001110,0.066000,0.000000,0.000000,0.000000,0.000000,0.000000,0.750000,0.000000
9170.700195,1.000000,543.000000,0.000000,0.000000,293.000000,1.000000,1.000000,0.000000,1000.304871,0.750000,0.750000,1.000000,0.002000000,0.000001110,0.066000,0.000000,0.000000,0.000000,0.000000,0.000000,0.750000,0.000000
9270.700195,1.000000,543.000000,0.000000,0.000000,293.000000,1.000000,1.000000,0.000000,1000.307312,0.750000,0.750000,1.000000,0.002000000,0.000001110,0.066000,0.000000,0.000000,0.000000,0.000000,0.000000,0.750000,0.000000
9370.700195,1.000000,543.000000,0.000000,0.000000,293.000000,1.000000,1.000000,0.000000,1000.305115,0.750000,0.750000,1.000000,0.002000000,0.000001110,0.066000,0.000000,0.000000,0.000000,0.000000,0.000000,0.750000,0.000000
9470.700195,1.000000,543.000000,0.000000,0.000000,293.000000,1.000000,1.000000,0.000000,1000.313843,0.750000,0.750000,1.000000,0.002000000,0.000001110,0.066000,0.000000,0.000000,0.000000,0.000000,0.000000,0.750000,0.000000
9570.700195,1.000000,543.000000,0.000000,0.000000,293.000000,1.000000,1.000000,0.000000,1000.305481,0.750000,0.750000,1.000000,0.002000000,0.000001110,0.066000,0.000000,0.000000,0.000000,0.000000,0.000000,0.750000,0.000000
9670.700195,1.000000,543.000000,0.000000,0.000000,293.000000,1.000000,1.000000,0.000000,1000.304199,0.750000,0.750000,1.000000,0.002000000,0.000001110,0.066000,0.000000,0.000000,0.000000,0.000000,0.000000,0.750000,0.000000
9770.700195,1.000000,543.000000,0.000000,0.000000,293.000000,1.000000,1.000000,0.000000,1000.307434,0.750000,0.750000,1.000000,0.002000000,0.000001110,0.066000,0.000000,0.000000,0.000000,0.000000,0.000000,0.750000,0.000000
9870.700195,1.000000,543.000000,0.000000,0.000000,293.000000,1.000000,1.000000,0.000000,1000.304199,0.750000,0.750000,1.000000,0.002000000,0.000001110,0.066000,0.000000,0.000000,0.000000,0.000000,0.000000,0.750000,0.000000
9970.700195,1.000000,543.000000,0.000000,0.000000,293.000000,1.000000,1.000000,0.000000,1000.304932,0.750000,0.750000,1.000000,0.002000000,0.000001110,0.066000,0.000000,0.000000,0.000000,0.000000,0.000000,0.750000,0.000000
10070.700195,1.000000,543.000000,0.000000,0.000000,293.000000,1.000000,1.000000,0.000000,1000.304382,0.750000,0.750000,1.000000,0.002000000,0.000001110,0.066000,0.000000,0.000000,0.000000,0.000000,0.000000,0.750000,0.000000
10170.700195,1.000000,543.000000,0.000000,0.000000,293.000000,1.000000,1.000000,0.000000,1000.308655,0.750000,0.750000,1.000000,0.002000000,0.000001110,0.066000,0.000000,0.000000,0.000000,0.000000,0.000000,0.750000,0.000000
10270.700195,1.000000,543.000000,0.000000,0.000000,293.000000,1.000000,1.000000,0.000000,1000.304871,0.750000,0.750000,1.000000,0.002000000,0.000001110,0.066000,0.000000,0.000000,0.000000,0.000000,0.000000,0.750000,0.000000
10370.700195,1.000000,543.000000,0.000000,0.000000,293.000000,1.000000,1.000000,0.000000,1000.304138,0.750000,0.750000,1.000000,0.002000000,0.000001110,0.066000,0.000000,0.000000,0.000000,0.000000,0.000000,0.750000,0.000000
10470.700195,1.000000,543.000000,0.000000,0.000000,293.000000,1.000000,1.000000,0.000000,1000.304443,0.750000,0.750000,1.000000,0.002000000,0.000001110,0.066000,0.000000,0.000000,0.000000,0.000000,0.000000,0.750000,0.000000
10570.700195,1.000000,543.000000,0.000000,0.000000,293.000000,1.000000,1.000000,0.000000,1000.305359,0.750000,0.750000,1.000000,0.002000000,0.000001110,0.066000,0.000000,0.000000,0.000000,0.000000,0.000000,0.750000,0.000000
10670.700195,1.000000,543.000000,0.000000,0.000000,293.000000,1.000000,1.000000,0.000000,1000.307922,0.750000,0.750000,1.000000,0.002000000,0.000001110,0.066000,0.000000,0.000000,0.000000,0.000000,0.000000,0.750000,0.000000
10770.700195,1.000000,543.000000,0.000000,0.000000,293.000000,1.000000,1.000000,0.000000,1000.304199,0.750000,0.750000,1.000000,0.002000000,0.000001110,0.066000,0.000000,0.000000,0.000000,0.000000,0.000000,0.750000,0.000000
10870.700195,1.000000,543.000000,0.000000,0.000000,293.000000,1.000000,1.000000,0.000000,1000.304749,0.750000,0.750000,1.000000,0.002000000,0.000001110,0.066000,0.000000,0.000000,0.000000,0.000000,0.000000,0.750000,0.000000
10970.700195,1.000000,543.000000,0.000000,0.000000,293.000000,1.000000,1.000000,0.000000,1000.304138,0.750000,0.750000,1.000000,0.002000000,0.000001110,0.066000,0.000000,0.000000,0.000000,0.000000,0.000000,0.750000,0.000000
11070.700195,1.000000,543.000000,0.000000,0.000000,293.000000,1.000000,1.000000,0.000000,1000.307068,0.750000,0.750000,1.000000,0.002000000,0.000001110,0.066000,0.000000,0.000000,0.000000,0.000000,0.000000,0.750000,0.000000
11170.700195,1.000000,543.000000,0.000000,0.000000,293.000000,1.000000,1.000000,0.000000,1000.304749,0.750000,0.750000,1.000000,0.002000000,0.000001110,0.066000,0.000000,0.000000,0.000000,0.000000,0.000000,0.750000,0.000000
11270.700195,1.000000,543.000000,0.000000,0.000000,293.000000,1.000000,1.000000,0.000000,1000.304932,0.750000,0.750000,1.000000,0.002000000,0.000001110,0.066000,0.000000,0.000000,0.000000,0.000000,0.000000,0.750000,0.000000
11370.700195,1.000000,543.000000,0.000000,0.000000,293.000000,1.000000,1.000000,0.000000,1000.303894,0.750000,0.750000,1.000000,0.002000000,0.000001110,0.066000,0.000000,0.000000,0.000000,0.000000,0.000000,0.750000,0.000000
11470.700195,1.000000,543.000000,0.000000,0.000000,293.000000,1.000000,1.000000,0.000000,1000.308289,0.750000,0.750000,1.000000,0.002000000,0.000001110,0.066000,0.000000,0.000000,0.000000,0.000000,0.000000,0.750000,0.000000
11570.700195,1.000000,543.000000,0.000000,0.000000,293.000000,1.000000,1.000000,0.000000,1000.304077,0.750000,0.750000,1.000000,0.002000000,0.000001110,0.066000,0.000000,0.000000,0.000000,0.000000,0.000000,0.750000,0.000000
11670.700195,1.000000,543.000000,0.000000,0.000000,293.000000,1.000000,1.000000,0.000000,1000.305359,0.750000,0.750000,1.000000,0.002000000,0.000001110,0.066000,0.000000,0.000000,0.000000,0.000000,0.000000,0.750000,0.000000
11770.700195,1.000000,543.000000,0.000000,0.000000,293.000000,1.000000,1.000000,0.000000,1000.304871,0.750000,0.750000,1.000000,0.002000000,0.000001110,0.066000,0.000000,0.000000,0.000000,0.000000,0.000000,0.750000,0.000000
11870.700195,1.000000,543.000000,0.000000,0.000000,293.000000,1.000000,1.000000,0.000000,1000.303894,0.750000,0.750000,1.000000,0.002000000,0.000001110,0.066000,0.000000,0.000000,0.000000,0.000000,0.000000,0.750000,0.000000
11970.700195,1.000000,543.000000,0.000000,0.000000,293.000000,1.000000,1.000000,0.000000,1000.307068,0.750000,0.750000,1.000000,0.002000000,0.000001110,0.066000,0.000000,0.000000,0.000000,0.000000,0.000000,0.750000,0.000000
12070.700195,1.000000,543.000000,0.000000,0.000000,293.000000,1.000000,1.000000,0.000000,1000.304932,0.750000,0.750000,1.000000,0.002000000,0.000001110,0.066000,0.000000,0.000000,0.000000,0.000000,0.000000,0.750000,0.000000
12170.700195,1.000000,543.000000,0.000000,0.000000,293.000000,1.000000,1.000000,0.000000,1000.304504,0.750000,0.750000,1.000000,0.002000000,0.000001110,0.066000,0.000000,0.000000,0.000000,0.000000,0.000000,0.750000,0.000000
12270.700195,1.000000,543.000000,0.000000,0.000000,293.000000,1.000000,1.000000,0.000000,1000.304749,0.750000,0.750000,1.000000,0.002000000,0.000001110,0.066000,0.000000,0.000000,0.000000,0.000000,0.000000,0.750000,0.000000
12370.700195,1.000000,543.000000,0.000000,0.000000,293.000000,1.000000,1.000000,0.000000,1000.304749,0.750000,0.750000,1.000000,0.002000000,0.000001110,0.066000,0.000000,0.000000,0.000000,0.000000,0.000000,0.750000,0.000000
12470.700195,1.000000,543.000000,0.000000,0.000000,293.000000,1.000000,1.000000,0.000000,1000.307617,0.750000,0.750000,1.000000,0.002000000,0.000001110,0.066000,0.000000,0.000000,0.000000,0.000000,0.000000,0.750000,0.000000
12570.700195,1.000000,543.000000,0.000000,0.000000,293.000000,1.000000,1.000000,0.000000,1000.304382,0.750000,0.750000,1.000000,0.002000000,0.000001110,0.066000,0.000000,0.000000,0.000000,0.000000,0.000000,0.750000,0.000000
12670.700195,1.000000,543.000000,0.000000,0.000000,293.000000,1.000000,1.000000,0.000000,1000.304199,0.750000,0.750000,1.000000,0.002000000,0.000001110,0.066000,0.000000,0.000000,0.000000,0.000000,0.000000,0.750000,0.000000
12770.700195,1.000000,543.000000,0.000000,0.000000,293.000000,1.000000,1.000000,0.000000,1000.304932,0.750000,0.750000,1.000000,0.002000000,0.000001110,0.066000,0.000000,0.000000,0.000000,0.000000,0.000000,0.750000,0.000000
12870.700195,1.000000,543.000000,0.000000,0.000000,293.000000,1.000000,1.000000,0.000000,1000.307434,0.750000,0.750000,1.000000,0.002000000,0.000001110,0.066000,0.000000,0.000000,0.000000,0.000000,0.000000,0.750000,0.000000
12970.700195,1.000000,543.000000,0.000000,0.000000,293.000000,1.000000,1.000000,0.000000,1000.304382,0.750000,0.750000,1.000000,0.002000000,0.000001110,0.066000,0.000000,0.000000,0.000000,0.000000,0.000000,0.750000,0.000000
13070.700195,1.000000,543.000000,0.000000,0.000000,293.000000,1.000000,1.000000,0.000000,1000.304565,0.750000,0.750000,1.000000,0.002000000,0.000001110,0.066000,0.000000,0.000000,0.000000,0.000000,0.000000,0.750000,0.000000
13170.700195,1.000000,543.000000,0.000000,0.000000,293.000000,1.000000,1.000000,0.000000,1000.305176,0.750000,0.750000,1.000000,0.002000000,0.000001110,0.066000,0.000000,0.000000,0.000000,0.000000,0.000000,0.750000,0.000000
13270.700195,1.000000,543.000000,0.000000,0.000000,293.000000,1.000000,1.000000,0.000000,1000.303894,0.750000,0.750000,1.000000,0.002000000,0.000001110,0.066000,0.000000,0.000000,0.000000,0.000000,0.000000,0.750000,0.000000
13370.700195,1.000000,543.000000,0.000000,0.000000,293.000000,1.000000,1.000000,0.000000,1000.308472,0.750000,0.750000,1.000000,0.002000000,0.000001110,0.066000,0.000000,0.000000,0.000000,0.000000,0.000000,0.750000,0.000000
13470.700195,1.000000,543.000000,0.000000,0.000000,293.000000,1.000000,1.000000,0.000000,1000.304138,0.750000,0.750000,1.000000,0.002000000,0.000001110,0.066000,0.000000,0.000000,0.000000,0.000000,0.000000,0.750000,0.000000
13570.700195,1.000000,543.000000,0.000000,0.000000,293.000000,1.000000,1.000000,0.000000,1000.304199,0.750000,0.750000,1.000000,0.002000000,0.000001110,0.066000,0.000000,0.000000,0.000000,0.000000,0.000000,0.750000,0.000000
13670.700195,1.000000,543.000000,0.000000,0.000000,293.000000,1.000000,1.000000,0.000000,1000.305176,0.750000,0.750000,1.000000,0.002000000,0.000001110,0.066000,0.000000,0.000000,0.000000,0.000000,0.000000,0.750000,0.000000
13770.700195,1.000000,543.000000,0.000000,0.000000,293.000000,1.000000,1.000000,0.000000,1000.307434,0.750000,0.750000,1.000000,0.002000000,0.000001110,0.066000,0.000000,0.000000,0.000000,0.000000,0.000000,0.750000,0.000000
13870.700195,1.000000,543.000000,0.000000,0.000000,293.000000,1.000000,1.000000,0.000000,1000.304871,0.750000,0.750000,1.000000,0.002000000,0.000001110,0.066000,0.000000,0.000000,0.000000,0.000000,0.000000,0.750000,0.000000
13970.700195,1.000000,543.000000,0.000000,0.000000,293.000000,1.000000,1.000000,0.000000,1000.303528,0.750000,0.750000,1.000000,0.002000000,0.000001110,0.066000,0.000000,0.000000,0.000000,0.000000,0.000000,0.750000,0.000000
14070.700195,1.000000,543.000000,0.000000,0.000000,293.000000,1.000000,1.000000,0.000000,1000.305176,0.750000,0.750000,1.000000,0.002000000,0.000001110,0.066000,0.000000,0.000000,0.000000,0.000000,0.000000,0.750000,0.000000
14170.700195,1.000000,543.000000,0.000000,0.000000,293.000000,1.000000,1.000000,0.000000,1000.304382,0.750000,0.750000,1.000000,0.002000000,0.000001110,0.066000,0.000000,0.000000,0.000000,0.000000,0.000000,0.750000,0.000000
14270.700195,1.000000,543.000000,0.000000,0.000000,293.000000,1.000000,1.000000,0.000000,1000.307312,0.750000,0.750000,1.000000,0.002000000,0.000001110,0.066000,0.000000,0.000000,0.000000,0.000000,0.000000,0.750000,0.000000
14370.700195,1.000000,543.000000,0.000000,0.000000,293.000000,1.000000,1.000000,0.000000,1000.304382,0.750000,0.750000,1.000000,0.002000000,0.000001110,0.066000,0.000000,0.000000,0.000000,0.000000,0.000000,0.750000,0.000000
14470.700195,1.000000,543.000000,0.000000,0.000000,293.000000,1.000000,1.000000,0.000000,1000.305786,0.750000,0.750000,1.000000,0.002000000,0.000001110,0.066000,0.000000,0.000000,0.000000,0.000000,0.000000,0.750000,0.000000
14570.700195,1.000000,543.000000,0.000000,0.000000,293.000000,1.000000,1.000000,0.000000,1000.304138,0.750000,0.750000,1.000000,0.002000000,0.000001110,0.066000,0.000000,0.000000,0.000000,0.000000,0.000000,0.750000,0.000000
14670.700195,1.000000,543.000000,0.000000,0.000000,293.000000,1.000000,1.000000,0.000000,1000.307068,0.750000,0.750000,1.000000,0.002000000,0.000001110,0.066000,0.000000,0.000000,0.000000,0.000000,0.000000,0.750000,0.000000
14770.700195,1.000000,543.000000,0.000000,0.000000,293.000000,1.000000,1.000000,0.000000,1000.304932,0.750000,0.750000,1.000000,0.002000000,0.000001110,0.066000,0.000000,0.000000,0.000000,0.000000,0.000000,0.750000,0.000000
14870.700195,1.000000,543.000000,0.000000,0.000000,293.000000,1.000000,1.000000,0.000000,1000.304810,0.750000,0.750000,1.000000,0.002000000,0.000001110,0.066000,0.000000,0.000000,0.000000,0.000000,0.000000,0.750000,0.000000
14970.700195,1.000000,543.000000,0.000000,0.000000,293.000000,1.000000,1.000000,0.000000,1000.304016,0.750000,0.750000,1.000000,0.002000000,0.000001110,0.066000,0.000000,0.000000,0.000000,0.000000,0.000000,0.750000,0.000000
15070.700195,1.000000,543.000000,0.000000,0.000000,293.000000,1.000000,1.000000,0.000000,1000.305115,0.750000,0.750000,1.000000,0.002000000,0.000001110,0.066000,0.000000,0.000000,0.000000,0.000000,0.000000,0.750000,0.000000
15170.700195,1.000000,543.000000,0.000000,0.000000,293.000000,1.000000,1.000000,0.000000,1000.307312,0.750000,0.750000,1.000000,0.002000000,0.000001110,0.066000,0.000000,0.000000,0.000000,0.000000,0.000000,0.750000,0.000000
15270.700195,1.000000,543.000000,0.000000,0.000000,293.000000,1.000000,1.000000,0.000000,1000.304382,0.750000,0.750000,1.000000,0.002000000,0.000001110,0.066000,0.000000,0.000000,0.000000,0.000000,0.000000,0.750000,0.000000
15370.700195,1.000000,543.000000,0.000000,0.000000,293.000000,1.000000,1.000000,0.000000,1000.304932,0.750000,0.750000,1.000000,0.002000000,0.000001110,0.066000,0.000000,0.000000,0.000000,0.000000,0.000000,0.750000,0.000000
15470.700195,1.000000,543.000000,0.000000,0.000000,293.000000,1.000000,1.000000,0.000000,1000.305115,0.750000,0.750000,1.000000,0.002000000,0.000001110,0.066000,0.000000,0.000000,0.000000,0.000000,0.000000,0.750000,0.000000
15570.700195,1.000000,543.000000,0.000000,0.000000,293.000000,1.000000,1.000000,0.000000,1000.307312,0.750000,0.750000,1.000000,0.002000000,0.000001110,0.066000,0.000000,0.000000,0.000000,0.000000,0.000000,0.750000,0.000000
15670.700195,1.000000,543.000000,0.000000,0.000000,293.000000,1.000000,1.000000,0.000000,1000.304443,0.750000,0.750000,1.000000,0.002000000,0.000001110,0.066000,0.000000,0.000000,0.000000,0.000000,0.000000,0.750000,0.000000
15770.700195,1.000000,543.000000,0.000000,0.000000,293.000000,1.000000,1.000000,0.000000,1000.304382,0.750000,0.750000,1.000000,0.002000000,0.000001110,0.066000,0.000000,0.000000,0.000000,0.000000,0.000000,0.750000,0.000000
15870.700195,1.000000,543.000000,0.000000,0.000000,293.000000,1.000000,1.000000,0.000000,1000.304688,0.750000,0.750000,1.000000,0.002000000,0.000001110,0.066000,0.000000,0.000000,0.000000,0.000000,0.000000,0.750000,0.000000
15970.700195,1.000000,543.000000,0.000000,0.000000,293.000000,1.000000,1.000000,0.000000,1000.304871,0.750000,0.750000,1.000000,0.002000000,0.000001110,0.066000,0.000000,0.000000,0.000000,0.000000,0.000000,0.750000,0.000000
16070.700195,1.000000,543.000000,0.000000,0.000000,293.000000,1.000000,1.000000,0.000000,1000.307068,0.750000,0.750000,1.000000,0.002000000,0.000001110,0.066000,0.000000,0.000000,0.000000,0.000000,0.000000,0.750000,0.000000
16170.700195,1.000000,543.000000,0.000000,0.000000,293.000000,1.000000,1.000000,0.000000,1000.304504,0.750000,0.750000,1.000000,0.002000000,0.000001110,0.066000,0.000000,0.000000,0.000000,0.000000,0.000000,0.750000,0.000000
16270.700195,1.000000,543.000000,0.000000,0.000000,293.000000,1.000000,1.000000,0.000000,1000.305115,0.750000,0.750000,1.000000,0.002000000,0.000001110,0.066000,0.000000,0.000000,0.000000,0.000000,0.000000,0.750000,0.000000
16370.700195,1.000000,543.000000,0.000000,0.000000,293.000000,1.000000,1.000000,0.000000,1000.304016,0.750000,0.750000,1.000000,0.002000000,0.000001110,0.066000,0.000000,0.000000,0.000000,0.000000,0.000000,0.750000,0.000000
16470.701172,1.000000,543.000000,0.000000,0.000000,293.000000,1.000000,1.000000,0.000000,1000.317688,0.750000,0.750000,1.000000,0.002000000,0.000001110,0.066000,0.000000,0.000000,0.000000,0.000000,0.000000,0.750000,0.000000
16570.701172,1.000000,543.000000,0.000000,0.000000,293.000000,1.000000,1.000000,0.000000,1000.304443,0.750000,0.750000,1.000000,0.002000000,0.000001110,0.066000,0.000000,0.000000,0.000000,0.000000,0.000000,0.750000,0.000000
16670.701172,1.000000,543.000000,0.000000,0.000000,293.000000,1.000000,1.000000,0.000000,1000.304749,0.750000,0.750000,1.000000,0.002000000,0.000001110,0.066000,0.000000,0.000000,0.000000,0.000000,0.000000,0.750000,0.000000
16770.701172,1.000000,543.000000,0.000000,0.000000,293.000000,1.000000,1.000000,0.000000,1000.303772,0.750000,0.750000,1.000000,0.002000000,0.000001110,0.066000,0.000000,0.000000,0.000000,0.000000,0.000000,0.750000,0.000000
16870.701172,1.000000,543.000000,0.000000,0.000000,293.000000,1.000000,1.000000,0.000000,1000.308289,0.750000,0.750000,1.000000,0.002000000,0.000001110,0.066000,0.000000,0.000000,0.000000,0.000000,0.000000,0.750000,0.000000
16970.701172,1.000000,543.000000,0.000000,0.000000,293.000000,1.000000,1.000000,0.000000,1000.304504,0.750000,0.750000,1.000000,0.002000000,0.000001110,0.066000,0.000000,0.000000,0.000000,0.000000,0.000000,0.750000,0.000000
17070.701172,1.000000,543.000000,0.000000,0.000000,293.000000,1.000000,1.000000,0.000000,1000.304443,0.750000,0.750000,1.000000,0.002000000,0.000001110,0.066000,0.000000,0.000000,0.000000,0.000000,0.000000,0.750000,0.000000
17170.701172,1.000000,543.000000,0.000000,0.000000,293.000000,1.000000,1.000000,0.000000,1000.305176,0.750000,0.750000,1.000000,0.002000000,0.000001110,0.066000,0.000000,0.000000,0.000000,0.000000,0.000000,0.750000,0.000000
17270.701172,1.000000,543.000000,0.000000,0.000000,293.000000,1.000000,1.000000,0.000000,1000.304504,0.750000,0.750000,1.000000,0.002000000,0.000001110,0.066000,0.000000,0.000000,0.000000,0.000000,0.000000,0.750000,0.000000
17370.701172,1.000000,543.000000,0.000000,0.000000,293.000000,1.000000,1.000000,0.000000,1000.307617,0.750000,0.750000,1.000000,0.002000000,0.000001110,0.066000,0.000000,0.000000,0.000000,0.000000,0.000000,0.750000,0.000000
17470.701172,1.000000,543.000000,0.000000,0.000000,293.000000,1.000000,1.000000,0.000000,1000.303894,0.750000,0.750000,1.000000,0.002000000,0.000001110,0.066000,0.000000,0.000000,0.000000,0.000000,0.000000,0.750000,0.000000
17570.701172,1.000000,543.000000,0.000000,0.000000,293.000000,1.000000,1.000000,0.000000,1000.305115,0.750000,0.750000,1.000000,0.002000000,0.000001110,0.066000,0.000000,0.000000,0.000000,0.000000,0.000000,0.750000,0.000000
17670.701172,1.000000,543.000000,0.000000,0.000000,293.000000,1.000000,1.000000,0.000000,1000.304504,0.750000,0.750000,1.000000,0.002000000,0.000001110,0.066000,0.000000,0.000000,0.000000,0.000000,0.000000,0.750000,0.000000
17770.701172,1.000000,543.000000,0.000000,0.000000,293.000000,1.000000,1.000000,0.000000,1000.305176,0.750000,0.750000,1.000000,0.002000000,0.000001110,0.066000,0.000000,0.000000,0.000000,0.000000,0.000000,0.750000,0.000000
17870.701172,1.000000,543.000000,0.000000,0.000000,293.000000,1.000000,1.000000,0.000000,1000.307190,0.750000,0.750000,1.000000,0.002000000,0.000001110,0.066000,0.000000,0.000000,0.000000,0.000000,0.000000,0.750000,0.000000
17970.701172,1.000000,543.000000,0.000000,0.000000,293.000000,1.000000,1.000000,0.000000,1000.304138,0.750000,0.750000,1.000000,0.002000000,0.000001110,0.066000,0.000000,0.000000,0.000000,0.000000,0.000000,0.750000,0.000000
18070.701172,1.000000,543.000000,0.000000,0.000000,293.000000,1.000000,1.000000,0.000000,1000.304199,0.750000,0.750000,1.000000,0.002000000,0.000001110,0.066000,0.000000,0.000000,0.000000,0.000000,0.000000,0.750000,0.000000
18170.701172,1.000000,543.000000,0.000000,0.000000,293.000000,1.000000,1.000000,0.000000,1000.304932,0.750000,0.750000,1.000000,0.002000000,0.000001110,0.066000,0.000000,0.000000,0.000000,0.000000,0.000000,0.750000,0.000000
18270.701172,1.000000,543.000000,0.000000,0.000000,293.000000,1.000000,1.000000,0.000000,1000.307129,0.750000,0.750000,1.000000,0.002000000,0.000001110,0.066000,0.000000,0.000000,0.000000,0.000000,0.000000,0.750000,0.000000
18370.701172,1.000000,543.000000,0.000000,0.000000,293.000000,1.000000,1.000000,0.000000,1000.305176,0.750000,0.750000,1.000000,0.002000000,0.000001110,0.066000,0.000000,0.000000,0.000000,0.000000,0.000000,0.750000,0.000000
18470.701172,1.000000,543.000000,0.000000,0.000000,293.000000,1.000000,1.000000,0.000000,1000.304382,0.750000,0.750000,1.000000,0.002000000,0.000001110,0.066000,0.000000,0.000000,0.000000,0.000000,0.000000,0.750000,0.000000
18570.701172,1.000000,543.000000,0.000000,0.000000,293.000000,1.000000,1.000000,0.000000,1000.304932,0.750000,0.750000,1.000000,0.002000000,0.000001110,0.066000,0.000000,0.000000,0.000000,0.000000,0.000000,0.750000,0.000000
18670.701172,1.000000,543.000000,0.000000,0.000000,293.000000,1.000000,1.000000,0.000000,1000.303894,0.750000,0.750000,1.000000,0.002000000,0.000001110,0.066000,0.000000,0.000000,0.000000,0.000000,0.000000,0.750000,0.000000
18770.701172,1.000000,543.000000,0.000000,0.000000,293.000000,1.000000,1.000000,0.000000,1000.308472,0.750000,0.750000,1.000000,0.002000000,0.000001110,0.066000,0.000000,0.000000,0.000000,0.000000,0.000000,0.750000,0.000000
18870.701172,1.000000,543.000000,0.000000,0.000000,293.000000,1.000000,1.000000,0.000000,1000.303467,0.750000,0.750000,1.000000,0.002000000,0.000001110,0.066000,0.000000,0.000000,0.000000,0.000000,0.000000,0.750000,0.000000
18970.701172,1.000000,543.000000,0.000000,0.000000,293.000000,1.000000,1.000000,0.000000,1000.305115,0.750000,0.750000,1.000000,0.002000000,0.000001110,0.066000,0.000000,0.000000,0.000000,0.000000,0.000000,0.750000,0.000000
19070.701172,1.000000,543.000000,0.000000,0.000000,293.000000,1.000000,1.000000,0.000000,1000.304382,0.750000,0.750000,1.000000,0.002000000,0.000001110,0.066000,0.000000,0.000000,0.000000,0.000000,0.000000,0.750000,0.000000
19170.701172,1.000000,543.000000,0.000000,0.000000,293.000000,1.000000,1.000000,0.000000,1000.307861,0.750000,0.750000,1.000000,0.002000000,0.000001110,0.066000,0.000000,0.000000,0.000000,0.000000,0.000000,0.750000,0.000000
19270.701172,1.000000,543.000000,0.000000,0.000000,293.000000,1.000000,1.000000,0.000000,1000.304504,0.750000,0.750000,1.000000,0.002000000,0.000001110,0.066000,0.000000,0.000000,0.000000,0.000000,0.000000,0.750000,0.000000
19370.701172,1.000000,543.000000,0.000000,0.000000,293.000000,1.000000,1.000000,0.000000,1000.304749,0.750000,0.750000,1.000000,0.002000000,0.000001110,0.066000,0.000000,0.000000,0.000000,0.000000,0.000000,0.750000,0.000000
19470.701172,1.000000,543.000000,0.000000,0.000000,293.000000,1.000000,1.000000,0.000000,1000.304138,0.750000,0.750000,1.000000,0.002000000,0.000001110,0.066000,0.000000,0.000000,0.000000,0.000000,0.000000,0.750000,0.000000
19570.701172,1.000000,543.000000,0.000000,0.000000,293.000000,1.000000,1.000000,0.000000,1000.305115,0.750000,0.750000,1.000000,0.002000000,0.000001110,0.066000,0.000000,0.000000,0.000000,0.000000,0.000000,0.750000,0.000000
19670.701172,1.000000,543.000000,0.000000,0.000000,293.000000,1.000000,1.000000,0.000000,1000.307861,0.750000,0.750000,1.000000,0.002000000,0.000001110,0.066000,0.000000,0.000000,0.000000,0.000000,0.000000,0.750000,0.000000
19770.701172,1.000000,543.000000,0.000000,0.000000,293.000000,1.000000,1.000000,0.000000,1000.303894,0.750000,0.750000,1.000000,0.002000000,0.000001110,0.066000,0.000000,0.000000,0.000000,0.000000,0.000000,0.750000,0.000000
19870.701172,1.000000,543.000000,0.000000,0.000000,293.000000,1.000000,1.000000,0.000000,1000.304871,0.750000,0.750000,1.000000,0.002000000,0.000001110,0.066000,0.000000,0.000000,0.000000,0.000000,0.000000,0.750000,0.000000
19970.701172,1.000000,543.000000,0.000000,0.000000,293.000000,1.000000,1.000000,0.000000,1000.305054,0.750000,0.750000,1.000000,0.002000000,0.000001110,0.066000,0.000000,0.000000,0.000000,0.000000,0.000000,0.750000,0.000000
20070.701172,1.000000,543.000000,0.000000,0.000000,293.000000,1.000000,1.000000,0.000000,1000.307068,0.750000,0.750000,1.000000,0.002000000,0.000001110,0.066000,0.000000,0.000000,0.000000,0.000000,0.000000,0.750000,0.000000
20170.701172,1.000000,543.000000,0.000000,0.000000,293.000000,1.000000,1.000000,0.000000,1000.304504,0.750000,0.750000,1.000000,0.002000000,0.000001110,0.066000,0.000000,0.000000,0.000000,0.000000,0.000000,0.750000,0.000000
20270.701172,1.000000,543.000000,0.000000,0.000000,293.000000,1.000000,1.000000,0.000000,1000.304565,0.750000,0.750000,1.000000,0.002000000,0.000001110,0.066000,0.000000,0.000000,0.000000,0.000000,0.000000,0.750000,0.000000
20370.701172,1.000000,543.000000,0.000000,0.000000,293.000000,1.000000,1.000000,0.000000,1000.304565,0.750000,0.750000,1.000000,0.002000000,0.000001110,0.066000,0.000000,0.000000,0.000000,0.000000,0.000000,0.750000,0.000000
20470.701172,1.000000,543.000000,0.000000,0.000000,293.000000,1.000000,1.000000,0.000000,1000.308411,0.750000,0.750000,1.000000,0.002000000,0.000001110,0.066000,0.000000,0.000000,0.000000,0.000000,0.000000,0.750000,0.000000
20570.701172,1.000000,543.000000,0.000000,0.000000,293.000000,1.000000,1.000000,0.000000,1000.304199,0.750000,0.750000,1.000000,0.002000000,0.000001110,0.066000,0.000000,0.000000,0.000000,0.000000,0.000000,0.750000,0.000000
20670.701172,1.000000,543.000000,0.000000,0.000000,293.000000,1.000000,1.000000,0.000000,1000.304199,0.750000,0.750000,1.000000,0.002000000,0.000001110,0.066000,0.000000,0.000000,0.000000,0.000000,0.000000,0.750000,0.000000
20770.701172,1.000000,543.000000,0.000000,0.000000,293.000000,1.000000,1.000000,0.000000,1000.305420,0.750000,0.750000,1.000000,0.002000000,0.000001110,0.066000,0.000000,0.000000,0.000000,0.000000,0.000000,0.750000,0.000000
20870.701172,1.000000,543.000000,0.000000,0.000000,293.000000,1.000000,1.000000,0.000000,1000.304199,0.750000,0.750000,1.000000,0.002000000,0.000001110,0.066000,0.000000,0.000000,0.000000,0.000000,0.000000,0.750000,0.000000
20970.701172,1.000000,543.000000,0.000000,0.000000,293.000000,1.000000,1.000000,0.000000,1000.306885,0.750000,0.750000,1.000000,0.002000000,0.000001110,0.066000,0.000000,0.000000,0.000000,0.000000,0.000000,0.750000,0.000000
21070.701172,1.000000,543.000000,0.000000,0.000000,293.000000,1.000000,1.000000,0.000000,1000.304749,0.750000,0.750000,1.000000,0.002000000,0.000001110,0.066000,0.000000,0.000000,0.000000,0.000000,0.000000,0.750000,0.000000
21170.701172,1.000000,543.000000,0.000000,0.000000,293.000000,1.000000,1.000000,0.000000,1000.304749,0.750000,0.750000,1.000000,0.002000000,0.000001110,0.066000,0.000000,0.000000,0.000000,0.000000,0.000000,0.750000,0.000000
21270.701172,1.000000,543.000000,0.000000,0.000000,293.000000,1.000000,1.000000,0.000000,1000.305176,0.750000,0.750000,1.000000,0.002000000,0.000001110,0.066000,0.000000,0.000000,0.000000,0.000000,0.000000,0.750000,0.000000
21370.701172,1.000000,543.000000,0.000000,0.000000,293.000000,1.000000,1.000000,0.000000,1000.303711,0.750000,0.750000,1.000000,0.002000000,0.000001110,0.066000,0.000000,0.000000,0.000000,0.000000,0.000000,0.750000,0.000000
21470.701172,1.000000,543.000000,0.000000,0.000000,293.000000,1.000000,1.000000,0.000000,1000.307617,0.750000,0.750000,1.000000,0.002000000,0.000001110,0.066000,0.000000,0.000000,0.000000,0.000000,0.000000,0.750000,0.000000
21570.701172,1.000000,543.000000,0.000000,0.000000,293.000000,1.000000,1.000000,0.000000,1000.304504,0.750000,0.750000,1.000000,0.002000000,0.000001110,0.066000,0.000000,0.000000,0.000000,0.000000,0.000000,0.750000,0.000000
21670.701172,1.000000,543.000000,0.000000,0.000000,293.000000,1.000000,1.000000,0.000000,1000.304932,0.750000,0.750000,1.000000,0.002000000,0.000001110,0.066000,0.000000,0.000000,0.000000,0.000000,0.000000,0.750000,0.000000
21770.701172,1.000000,543.000000,0.000000,0.000000,293.000000,1.000000,1.000000,0.000000,1000.304749,0.750000,0.750000,1.000000,0.002000000,0.000001110,0.066000,0.000000,0.000000,0.000000,0.000000,0.000000,0.750000,0.000000
21870.701172,1.000000,543.000000,0.000000,0.000000,293.000000,1.000000,1.000000,0.000000,1000.307617,0.750000,0.750000,1.000000,0.002000000,0.000001110,0.066000,0.000000,0.000000,0.000000,0.000000,0.000000,0.750000,0.000000
21970.701172,1.000000,543.000000,0.000000,0.000000,293.000000,1.000000,1.000000,0.000000,1000.303711,0.750000,0.750000,1.000000,0.002000000,0.000001110,0.066000,0.000000,0.000000,0.000000,0.000000,0.000000,0.750000,0.000000
22070.701172,1.000000,543.000000,0.000000,0.000000,293.000000,1.000000,1.000000,0.000000,1000.305786,0.750000,0.750000,1.000000,0.002000000,0.000001110,0.066000,0.000000,0.000000,0.000000,0.000000,0.000000,0.750000,0.000000
22170.701172,1.000000,543.000000,0.000000,0.000000,293.000000,1.000000,1.000000,0.000000,1000.303894,0.750000,0.750000,1.000000,0.002000000,0.000001110,0.066000,0.000000,0.000000,0.000000,0.000000,0.000000,0.750000,0.000000
22270.701172,1.000000,543.000000,0.000000,0.000000,293.000000,1.000000,1.000000,0.000000,1000.305115,0.750000,0.750000,1.000000,0.002000000,0.000001110,0.066000,0.000000,0.000000,0.000000,0.000000,0.000000,0.750000,0.000000
22370.701172,1.000000,543.000000,0.000000,0.000000,293.000000,1.000000,1.000000,0.000000,1000.307556,0.750000,0.750000,1.000000,0.002000000,0.000001110,0.066000,0.000000,0.000000,0.000000,0.000000,0.000000,0.750000,0.000000
22470.701172,1.000000,543.000000,0.000000,0.000000,293.000000,1.000000,1.000000,0.000000,1000.304199,0.750000,0.750000,1.000000,0.002000000,0.000001110,0.066000,0.000000,0.000000,0.000000,0.000000,0.000000,0.750000,0.000000
22570.701172,1.000000,543.000000,0.000000,0.000000,293.000000,1.000000,1.000000,0.000000,1000.304932,0.750000,0.750000,1.000000,0.002000000,0.000001110,0.066000,0.000000,0.000000,0.000000,0.000000,0.000000,0.750000,0.000000
22670.701172,1.000000,543.000000,0.000000,0.000000,293.000000,1.000000,1.000000,0.000000,1000.304504,0.750000,0.750000,1.000000,0.002000000,0.000001110,0.066000,0.000000,0.000000,0.000000,0.000000,0.000000,0.750000,0.000000
22770.701172,1.000000,543.000000,0.000000,0.000000,293.000000,1.000000,1.000000,0.000000,1000.306641,0.750000,0.750000,1.000000,0.002000000,0.000001110,0.066000,0.000000,0.000000,0.000000,0.000000,0.000000,0.750000,0.000000
22870.701172,1.000000,543.000000,0.000000,0.000000,293.000000,1.000000,1.000000,0.000000,1000.305115,0.750000,0.750000,1.000000,0.002000000,0.000001110,0.066000,0.000000,0.000000,0.000000,0.000000,0.000000,0.750000,0.000000
22970.701172,1.000000,543.000000,0.000000,0.000000,293.000000,1.000000,1.000000,0.000000,1000.304688,0.750000,0.750000,1.000000,0.002000000,0.000001110,0.066000,0.000000,0.000000,0.000000,0.000000,0.000000,0.750000,0.000000
23070.701172,1.000000,543.000000,0.000000,0.000000,293.000000,1.000000,1.000000,0.000000,1000.304443,0.750000,0.750000,1.000000,0.002000000,0.000001110,0.066000,0.000000,0.000000,0.000000,0.000000,0.000000,0.750000,0.000000
23170.701172,1.000000,543.000000,0.000000,0.000000,293.000000,1.000000,1.000000,0.000000,1000.304565,0.750000,0.750000,1.000000,0.002000000,0.000001110,0.066000,0.000000,0.000000,0.000000,0.000000,0.000000,0.750000,0.000000
23270.701172,1.000000,543.000000,0.000000,0.000000,293.000000,1.000000,1.000000,0.000000,1000.307739,0.750000,0.750000,1.000000,0.002000000,0.000001110,0.066000,0.000000,0.000000,0.000000,0.000000,0.000000,0.750000,0.000000
23370.701172,1.000000,543.000000,0.000000,0.000000,293.000000,1.000000,1.000000,0.000000,1000.304443,0.750000,0.750000,1.000000,0.002000000,0.000001110,0.066000,0.000000,0.000000,0.000000,0.000000,0.000000,0.750000,0.000000
23470.701172,1.000000,543.000000,0.000000,0.000000,293.000000,1.000000,1.000000,0.000000,1000.304810,0.750000,0.750000,1.000000,0.002000000,0.000001110,0.066000,0.000000,0.000000,0.000000,0.000000,0.000000,0.750000,0.000000
23570.701172,1.000000,543.000000,0.000000,0.000000,293.000000,1.000000,1.000000,0.000000,1000.304504,0.750000,0.750000,1.000000,0.002000000,0.000001110,0.066000,0.000000,0.000000,0.000000,0.000000,0.000000,0.750000,0.000000
23670.701172,1.000000,543.000000,0.000000,0.000000,293.000000,1.000000,1.000000,0.000000,1000.307739,0.750000,0.750000,1.000000,0.002000000,0.000001110,0.066000,0.000000,0.000000,0.000000,0.000000,0.000000,0.750000,0.000000
23770.701172,1.000000,543.000000,0.000000,0.000000,293.000000,1.000000,1.000000,0.000000,1000.304016,0.750000,0.750000,1.000000,0.002000000,0.000001110,0.066000,0.000000,0.000000,0.000000,0.000000,0.000000,0.750000,0.000000
23870.701172,1.000000,543.000000,0.000000,0.000000,293.000000,1.000000,1.000000,0.000000,1000.304504,0.750000,0.750000,1.000000,0.002000000,0.000001110,0.066000,0.000000,0.000000,0.000000,0.000000,0.000000,0.750000,0.000000
23970.701172,1.000000,543.000000,0.000000,0.000000,293.000000,1.000000,1.000000,0.000000,1000.304688,0.750000,0.750000,1.000000,0.002000000,0.000001110,0.066000,0.000000,0.000000,0.000000,0.000000,0.000000,0.750000,0.000000
24070.701172,1.000000,543.000000,0.000000,0.000000,293.000000,1.000000,1.000000,0.000000,1000.307861,0.750000,0.750000,1.000000,0.002000000,0.000001110,0.066000,0.000000,0.000000,0.000000,0.000000,0.000000,0.750000,0.000000
24170.701172,1.000000,543.000000,0.000000,0.000000,293.000000,1.000000,1.000000,0.000000,1000.304871,0.750000,0.750000,1.000000,0.002000000,0.000001110,0.066000,0.000000,0.000000,0.000000,0.000000,0.000000,0.750000,0.000000
24270.701172,1.000000,543.000000,0.000000,0.000000,293.000000,1.000000,1.000000,0.000000,1000.304138,0.750000,0.750000,1.000000,0.002000000,0.000001110,0.066000,0.000000,0.000000,0.000000,0.000000,0.000000,0.750000,0.000000
24370.701172,1.000000,543.000000,0.000000,0.000000,293.000000,1.000000,1.000000,0.000000,1000.305115,0.750000,0.750000,1.000000,0.002000000,0.000001110,0.066000,0.000000,0.000000,0.000000,0.000000,0.000000,0.750000,0.000000
24470.701172,1.000000,543.000000,0.000000,0.000000,293.000000,1.000000,1.000000,0.000000,1000.304382,0.750000,0.750000,1.000000,0.002000000,0.000001110,0.066000,0.000000,0.000000,0.000000,0.000000,0.000000,0.750000,0.000000
24570.701172,1.000000,543.000000,0.000000,0.000000,293.000000,1.000000,1.000000,0.000000,1000.307617,0.750000,0.750000,1.000000,0.002000000,0.000001110,0.066000,0.000000,0.000000,0.000000,0.000000,0.000000,0.750000,0.000000
24670.701172,1.000000,543.000000,0.000000,0.000000,293.000000,1.000000,1.000000,0.000000,1000.304871,0.750000,0.750000,1.000000,0.002000000,0.000001110,0.066000,0.000000,0.000000,0.000000,0.000000,0.000000,0.750000,0.000000
24770.701172,1.000000,543.000000,0.000000,0.000000,293.000000,1.000000,1.000000,0.000000,1000.304016,0.750000,0.750000,1.000000,0.002000000,0.000001110,0.066000,0.000000,0.000000,0.000000,0.000000,0.000000,0.750000,0.000000
24870.701172,1.000000,543.000000,0.000000,0.000000,293.000000,1.000000,1.000000,0.000000,1000.304749,0.750000,0.750000,1.000000,0.002000000,0.000001110,0.066000,0.000000,0.000000,0.000000,0.000000,0.000000,0.750000,0.000000
24970.701172,1.000000,543.000000,0.000000,0.000000,293.000000,1.000000,1.000000,0.000000,1000.304138,0.750000,0.750000,1.000000,0.002000000,0.000001110,0.066000,0.000000,0.000000,0.000000,0.000000,0.000000,0.750000,0.000000
25070.701172,1.000000,543.000000,0.000000,0.000000,293.000000,1.000000,1.000000,0.000000,1000.307617,0.750000,0.750000,1.000000,0.002000000,0.000001110,0.066000,0.000000,0.000000,0.000000,0.000000,0.000000,0.750000,0.000000
25170.701172,1.000000,543.000000,0.000000,0.000000,293.000000,1.000000,1.000000,0.000000,1000.304565,0.750000,0.750000,1.000000,0.002000000,0.000001110,0.066000,0.000000,0.000000,0.000000,0.000000,0.000000,0.750000,0.000000
25270.701172,1.000000,543.000000,0.000000,0.000000,293.000000,1.000000,1.000000,0.000000,1000.305054,0.750000,0.750000,1.000000,0.002000000,0.000001110,0.066000,0.000000,0.000000,0.000000,0.000000,0.000000,0.750000,0.000000
25370.701172,1.000000,543.000000,0.000000,0.000000,293.000000,1.000000,1.000000,0.000000,1000.304382,0.750000,0.750000,1.000000,0.002000000,0.000001110,0.066000,0.000000,0.000000,0.000000,0.000000,0.000000,0.750000,0.000000
25470.701172,1.000000,543.000000,0.000000,0.000000,293.000000,1.000000,1.000000,0.000000,1000.307739,0.750000,0.750000,1.000000,0.002000000,0.000001110,0.066000,0.000000,0.000000,0.000000,0.000000,0.000000,0.750000,0.000000
25570.701172,1.000000,543.000000,0.000000,0.000000,293.000000,1.000000,1.000000,0.000000,1000.304871,0.750000,0.750000,1.000000,0.002000000,0.000001110,0.066000,0.000000,0.000000,0.000000,0.000000,0.000000,0.750000,0.000000
25670.701172,1.000000,543.000000,0.000000,0.000000,293.000000,1.000000,1.000000,0.000000,1000.303894,0.750000,0.750000,1.000000,0.002000000,0.000001110,0.066000,0.000000,0.000000,0.000000,0.000000,0.000000,0.750000,0.000000
25770.701172,1.000000,543.000000,0.000000,0.000000,293.000000,1.000000,1.000000,0.000000,1000.304932,0.750000,0.750000,1.000000,0.002000000,0.000001110,0.066000,0.000000,0.000000,0.000000,0.000000,0.000000,0.750000,0.000000
25870.701172,1.000000,543.000000,0.000000,0.000000,293.000000,1.000000,1.000000,0.000000,1000.304565,0.750000,0.750000,1.000000,0.002000000,0.000001110,0.066000,0.000000,0.000000,0.000000,0.000000,0.000000,0.750000,0.000000
25970.701172,1.000000,543.000000,0.000000,0.000000,293.000000,1.000000,1.000000,0.000000,1000.307129,0.750000,0.750000,1.000000,0.002000000,0.000001110,0.066000,0.000000,0.000000,0.000000,0.000000,0.000000,0.750000,0.000000
26070.701172,1.000000,543.000000,0.000000,0.000000,293.000000,1.000000,1.000000,0.000000,1000.304871,0.750000,0.750000,1.000000,0.002000000,0.000001110,0.066000,0.000000,0.000000,0.000000,0.000000,0.000000,0.750000,0.000000
26170.701172,1.000000,543.000000,0.000000,0.000000,293.000000,1.000000,1.000000,0.000000,1000.304138,0.750000,0.750000,1.000000,0.002000000,0.000001110,0.066000,0.000000,0.000000,0.000000,0.000000,0.000000,0.750000,0.000000
26270.701172,1.000000,543.000000,0.000000,0.000000,293.000000,1.000000,1.000000,0.000000,1000.305176,0.750000,0.750000,1.000000,0.002000000,0.000001110,0.066000,0.000000,0.000000,0.000000,0.000000,0.000000,0.750000,0.000000
26370.701172,1.000000,543.000000,0.000000,0.000000,293.000000,1.000000,1.000000,0.000000,1000.307800,0.750000,0.750000,1.000000,0.002000000,0.000001110,0.066000,0.000000,0.000000,0.000000,0.000000,0.000000,0.750000,0.000000
26470.701172,1.000000,543.000000,0.000000,0.000000,293.000000,1.000000,1.000000,0.000000,1000.304016,0.750000,0.750000,1.000000,0.002000000,0.000001110,0.066000,0.000000,0.000000,0.000000,0.000000,0.000000,0.750000,0.000000
26570.701172,1.000000,543.000000,0.000000,0.000000,293.000000,1.000000,1.000000,0.000000,1000.304199,0.750000,0.750000,1.000000,0.002000000,0.000001110,0.066000,0.000000,0.000000,0.000000,0.000000,0.000000,0.750000,0.000000
26670.701172,1.000000,543.000000,0.000000,0.000000,293.000000,1.000000,1.000000,0.000000,1000.304871,0.750000,0.750000,1.000000,0.002000000,0.000001110,0.066000,0.000000,0.000000,0.000000,0.000000,0.000000,0.750000,0.000000
26770.701172,1.000000,543.000000,0.000000,0.000000,293.000000,1.000000,1.000000,0.000000,1000.304871,0.750000,0.750000,1.000000,0.002000000,0.000001110,0.066000,0.000000,0.000000,0.000000,0.000000,0.000000,0.750000,0.000000
26870.701172,1.000000,543.000000,0.000000,0.000000,293.000000,1.000000,1.000000,0.000000,1000.307251,0.750000,0.750000,1.000000,0.002000000,0.000001110,0.066000,0.000000,0.000000,0.000000,0.000000,0.000000,0.750000,0.000000
26970.701172,1.000000,543.000000,0.000000,0.000000,293.000000,1.000000,1.000000,0.000000,1000.305054,0.750000,0.750000,1.000000,0.002000000,0.000001110,0.066000,0.000000,0.000000,0.000000,0.000000,0.000000,0.750000,0.000000
27070.701172,1.000000,543.000000,0.000000,0.000000,293.000000,1.000000,1.000000,0.000000,1000.303894,0.750000,0.750000,1.000000,0.002000000,0.000001110,0.066000,0.000000,0.000000,0.000000,0.000000,0.000000,0.750000,0.000000
27170.701172,1.000000,543.000000,0.000000,0.000000,293.000000,1.000000,1.000000,0.000000,1000.304504,0.750000,0.750000,1.000000,0.002000000,0.000001110,0.066000,0.000000,0.000000,0.000000,0.000000,0.000000,0.750000,0.000000
27270.701172,1.000000,543.000000,0.000000,0.000000,293.000000,1.000000,1.000000,0.000000,1000.307739,0.750000,0.750000,1.000000,0.002000000,0.000001110,0.066000,0.000000,0.000000,0.000000,0.000000,0.000000,0.750000,0.000000
27370.701172,1.000000,543.000000,0.000000,0.000000,293.000000,1.000000,1.000000,0.000000,1000.304199,0.750000,0.750000,1.000000,0.002000000,0.000001110,0.066000,0.000000,0.000000,0.000000,0.000000,0.000000,0.750000,0.000000
27470.701172,1.000000,543.000000,0.000000,0.000000,293.000000,1.000000,1.000000,0.000000,1000.305542,0.750000,0.750000,1.000000,0.002000000,0.000001110,0.066000,0.000000,0.000000,0.000000,0.000000,0.000000,0.750000,0.000000
27570.701172,1.000000,543.000000,0.000000,0.000000,293.000000,1.000000,1.000000,0.000000,1000.304199,0.750000,0.750000,1.000000,0.002000000,0.000001110,0.066000,0.000000,0.000000,0.000000,0.000000,0.000000,0.750000,0.000000
27670.701172,1.000000,543.000000,0.000000,0.000000,293.000000,1.000000,1.000000,0.000000,1000.304871,0.750000,0.750000,1.000000,0.002000000,0.000001110,0.066000,0.000000,0.000000,0.000000,0.000000,0.000000,0.750000,0.000000
27770.701172,1.000000,543.000000,0.000000,0.000000,293.000000,1.000000,1.000000,0.000000,1000.306885,0.750000,0.750000,1.000000,0.002000000,0.000001110,0.066000,0.000000,0.000000,0.000000,0.000000,0.000000,0.750000,0.000000
27870.701172,1.000000,543.000000,0.000000,0.000000,293.000000,1.000000,1.000000,0.000000,1000.304932,0.750000,0.750000,1.000000,0.002000000,0.000001110,0.066000,0.000000,0.000000,0.000000,0.000000,0.000000,0.750000,0.000000
27970.701172,1.000000,543.000000,0.000000,0.000000,293.000000,1.000000,1.000000,0.000000,1000.304565,0.750000,0.750000,1.000000,0.002000000,0.000001110,0.066000,0.000000,0.000000,0.000000,0.000000,0.000000,0.750000,0.000000
28070.701172,1.000000,543.000000,0.000000,0.000000,293.000000,1.000000,1.000000,0.000000,1000.304810,0.750000,0.750000,1.000000,0.002000000,0.000001110,0.066000,0.000000,0.000000,0.000000,0.000000,0.000000,0.750000,0.000000
28170.701172,1.000000,543.000000,0.000000,0.000000,293.000000,1.000000,1.000000,0.000000,1000.307129,0.750000,0.750000,1.000000,0.002000000,0.000001110,0.066000,0.000000,0.000000,0.000000,0.000000,0.000000,0.750000,0.000000
28270.701172,1.000000,543.000000,0.000000,0.000000,293.000000,1.000000,1.000000,0.000000,1000.304871,0.750000,0.750000,1.000000,0.002000000,0.000001110,0.066000,0.000000,0.000000,0.000000,0.000000,0.000000,0.750000,0.000000
28370.701172,1.000000,543.000000,0.000000,0.000000,293.000000,1.000000,1.000000,0.000000,1000.304810,0.750000,0.750000,1.000000,0.002000000,0.000001110,0.066000,0.000000,0.000000,0.000000,0.000000,0.000000,0.750000,0.000000
28470.701172,1.000000,543.000000,0.000000,0.000000,293.000000,1.000000,1.000000,0.000000,1000.303894,0.750000,0.750000,1.000000,0.002000000,0.000001110,0.066000,0.000000,0.000000,0.000000,0.000000,0.000000,0.750000,0.000000
28570.701172,1.000000,543.000000,0.000000,0.000000,293.000000,1.000000,1.000000,0.000000,1000.307800,0.750000,0.750000,1.000000,0.002000000,0.000001110,0.066000,0.000000,0.000000,0.000000,0.000000,0.000000,0.750000,0.000000
28670.701172,1.000000,543.000000,0.000000,0.000000,293.000000,1.000000,1.000000,0.000000,1000.304504,0.750000,0.750000,1.000000,0.002000000,0.000001110,0.066000,0.000000,0.000000,0.000000,0.000000,0.000000,0.750000,0.000000
28770.701172,1.000000,543.000000,0.000000,0.000000,293.000000,1.000000,1.000000,0.000000,1000.305176,0.750000,0.750000,1.000000,0.002000000,0.000001110,0.066000,0.000000,0.000000,0.000000,0.000000,0.000000,0.750000,0.000000
28870.701172,1.000000,543.000000,0.000000,0.000000,293.000000,1.000000,1.000000,0.000000,1000.304382,0.750000,0.750000,1.000000,0.002000000,0.000001110,0.066000,0.000000,0.000000,0.000000,0.000000,0.000000,0.750000,0.000000
28970.701172,1.000000,543.000000,0.000000,0.000000,293.000000,1.000000,1.000000,0.000000,1000.304565,0.750000,0.750000,1.000000,0.002000000,0.000001110,0.066000,0.000000,0.000000,0.000000,0.000000,0.000000,0.750000,0.000000
29070.701172,1.000000,543.000000,0.000000,0.000000,293.000000,1.000000,1.000000,0.000000,1000.307739,0.750000,0.750000,1.000000,0.002000000,0.000001110,0.066000,0.000000,0.000000,0.000000,0.000000,0.000000,0.750000,0.000000
29170.701172,1.000000,543.000000,0.000000,0.000000,293.000000,1.000000,1.000000,0.000000,1000.304565,0.750000,0.750000,1.000000,0.002000000,0.000001110,0.066000,0.000000,0.000000,0.000000,0.000000,0.000000,0.750000,0.000000
29270.701172,1.000000,543.000000,0.000000,0.000000,293.000000,1.000000,1.000000,0.000000,1000.304199,0.750000,0.750000,1.000000,0.002000000,0.000001110,0.066000,0.000000,0.000000,0.000000,0.000000,0.000000,0.750000,0.000000
29370.701172,1.000000,543.000000,0.000000,0.000000,293.000000,1.000000,1.000000,0.000000,1000.304382,0.750000,0.750000,1.000000,0.002000000,0.000001110,0.066000,0.000000,0.000000,0.000000,0.000000,0.000000,0.750000,0.000000
29470.701172,1.000000,543.000000,0.000000,0.000000,293.000000,1.000000,1.000000,0.000000,1000.304871,0.750000,0.750000,1.000000,0.002000000,0.000001110,0.066000,0.000000,0.000000,0.000000,0.000000,0.000000,0.750000,0.000000
29570.701172,1.000000,543.000000,0.000000,0.000000,293.000000,1.000000,1.000000,0.000000,1000.307129,0.750000,0.750000,1.000000,0.002000000,0.000001110,0.066000,0.000000,0.000000,0.000000,0.000000,0.000000,0.750000,0.000000
29670.701172,1.000000,543.000000,0.000000,0.000000,293.000000,1.000000,1.000000,0.000000,1000.304199,0.750000,0.750000,1.000000,0.002000000,0.000001110,0.066000,0.000000,0.000000,0.000000,0.000000,0.000000,0.750000,0.000000
29770.701172,1.000000,543.000000,0.000000,0.000000,293.000000,1.000000,1.000000,0.000000,1000.305176,0.750000,0.750000,1.000000,0.002000000,0.000001110,0.066000,0.000000,0.000000,0.000000,0.000000,0.000000,0.750000,0.000000
29870.701172,1.000000,543.000000,0.000000,0.000000,293.000000,1.000000,1.000000,0.000000,1000.304443,0.750000,0.750000,1.000000,0.002000000,0.000001110,0.066000,0.000000,0.000000,0.000000,0.000000,0.000000,0.750000,0.000000
29970.701172,1.000000,543.000000,0.000000,0.000000,293.000000,1.000000,1.000000,0.000000,1000.307129,0.750000,0.750000,1.000000,0.002000000,0.000001110,0.066000,0.000000,0.000000,0.000000,0.000000,0.000000,0.750000,0.000000
30070.701172,1.000000,543.000000,0.000000,0.000000,293.000000,1.000000,1.000000,0.000000,1000.305359,0.750000,0.750000,1.000000,0.002000000,0.000001110,0.066000,0.000000,0.000000,0.000000,0.000000,0.000000,0.750000,0.000000
30170.701172,1.000000,543.000000,0.000000,0.000000,293.000000,1.000000,1.000000,0.000000,1000.303894,0.750000,0.750000,1.000000,0.002000000,0.000001110,0.066000,0.000000,0.000000,0.000000,0.000000,0.000000,0.750000,0.000000
30270.701172,1.000000,543.000000,0.000000,0.000000,293.000000,1.000000,1.000000,0.000000,1000.304932,0.750000,0.750000,1.000000,0.002000000,0.000001110,0.066000,0.000000,0.000000,0.000000,0.000000,0.000000,0.750000,0.000000
30370.701172,1.000000,543.000000,0.000000,0.000000,293.000000,1.000000,1.000000,0.000000,1000.304077,0.750000,0.750000,1.000000,0.002000000,0.000001110,0.066000,0.000000,0.000000,0.000000,0.000000,0.000000,0.750000,0.000000
30470.701172,1.000000,543.000000,0.000000,0.000000,293.000000,1.000000,1.000000,0.000000,1000.307495,0.750000,0.750000,1.000000,0.002000000,0.000001110,0.066000,0.000000,0.000000,0.000000,0.000000,0.000000,0.750000,0.000000
30570.701172,1.000000,543.000000,0.000000,0.000000,293.000000,1.000000,1.000000,0.000000,1000.305481,0.750000,0.750000,1.000000,0.002000000,0.000001110,0.066000,0.000000,0.000000,0.000000,0.000000,0.000000,0.750000,0.000000
30670.701172,1.000000,543.000000,0.000000,0.000000,293.000000,1.000000,1.000000,0.000000,1000.304016,0.750000,0.750000,1.000000,0.002000000,0.000001110,0.066000,0.000000,0.000000,0.000000,0.000000,0.000000,0.750000,0.000000
30770.701172,1.000000,543.000000,0.000000,0.000000,293.000000,1.000000,1.000000,0.000000,1000.305237,0.750000,0.750000,1.000000,0.002000000,0.000001110,0.066000,0.000000,0.000000,0.000000,0.000000,0.000000,0.750000,0.000000
30870.701172,1.000000,543.000000,0.000000,0.000000,293.000000,1.000000,1.000000,0.000000,1000.306763,0.750000,0.750000,1.000000,0.002000000,0.000001110,0.066000,0.000000,0.000000,0.000000,0.000000,0.000000,0.750000,0.000000
30970.701172,1.000000,543.000000,0.000000,0.000000,293.000000,1.000000,1.000000,0.000000,1000.305481,0.750000,0.750000,1.000000,0.002000000,0.000001110,0.066000,0.000000,0.000000,0.000000,0.000000,0.000000,0.750000,0.000000
31070.701172,1.000000,543.000000,0.000000,0.000000,293.000000,1.000000,1.000000,0.000000,1000.303528,0.750000,0.750000,1.000000,0.002000000,0.000001110,0.066000,0.000000,0.000000,0.000000,0.000000,0.000000,0.750000,0.000000
31170.701172,1.000000,543.000000,0.000000,0.000000,293.000000,1.000000,1.000000,0.000000,1000.305481,0.750000,0.750000,1.000000,0.002000000,0.000001110,0.066000,0.000000,0.000000,0.000000,0.000000,0.000000,0.750000,0.000000
31270.701172,1.000000,543.000000,0.000000,0.000000,293.000000,1.000000,1.000000,0.000000,1000.303894,0.750000,0.750000,1.000000,0.002000000,0.000001110,0.066000,0.000000,0.000000,0.000000,0.000000,0.000000,0.750000,0.000000
31370.701172,1.000000,543.000000,0.000000,0.000000,293.000000,1.000000,1.000000,0.000000,1000.308228,0.750000,0.750000,1.000000,0.002000000,0.000001110,0.066000,0.000000,0.000000,0.000000,0.000000,0.000000,0.750000,0.000000
31470.701172,1.000000,543.000000,0.000000,0.000000,293.000000,1.000000,1.000000,0.000000,1000.304199,0.750000,0.750000,1.000000,0.002000000,0.000001110,0.066000,0.000000,0.000000,0.000000,0.000000,0.000000,0.750000,0.000000
31570.701172,1.000000,543.000000,0.000000,0.000000,293.000000,1.000000,1.000000,0.000000,1000.304199,0.750000,0.750000,1.000000,0.002000000,0.000001110,0.066000,0.000000,0.000000,0.000000,0.000000,0.000000,0.750000,0.000000
31670.701172,1.000000,543.000000,0.000000,0.000000,293.000000,1.000000,1.000000,0.000000,1000.304504,0.750000,0.750000,1.000000,0.002000000,0.000001110,0.066000,0.000000,0.000000,0.000000,0.000000,0.000000,0.750000,0.000000
31770.701172,1.000000,543.000000,0.000000,0.000000,293.000000,1.000000,1.000000,0.000000,1000.307617,0.750000,0.750000,1.000000,0.002000000,0.000001110,0.066000,0.000000,0.000000,0.000000,0.000000,0.000000,0.750000,0.000000
31870.701172,1.000000,543.000000,0.000000,0.000000,293.000000,1.000000,1.000000,0.000000,1000.304932,0.750000,0.750000,1.000000,0.002000000,0.000001110,0.066000,0.000000,0.000000,0.000000,0.000000,0.000000,0.750000,0.000000
31970.701172,1.000000,543.000000,0.000000,0.000000,293.000000,1.000000,1.000000,0.000000,1000.304138,0.750000,0.750000,1.000000,0.002000000,0.000001110,0.066000,0.000000,0.000000,0.000000,0.000000,0.000000,0.750000,0.000000
32070.701172,1.000000,543.000000,0.000000,0.000000,293.000000,1.000000,1.000000,0.000000,1000.304932,0.750000,0.750000,1.000000,0.002000000,0.000001110,0.066000,0.000000,0.000000,0.000000,0.000000,0.000000,0.750000,0.000000
32170.701172,1.000000,543.000000,0.000000,0.000000,293.000000,1.000000,1.000000,0.000000,1000.304382,0.750000,0.750000,1.000000,0.002000000,0.000001110,0.066000,0.000000,0.000000,0.000000,0.000000,0.000000,0.750000,0.000000
32270.701172,1.000000,543.000000,0.000000,0.000000,293.000000,1.000000,1.000000,0.000000,1000.307556,0.750000,0.750000,1.000000,0.002000000,0.000001110,0.066000,0.000000,0.000000,0.000000,0.000000,0.000000,0.750000,0.000000
32370.701172,1.000000,543.000000,0.000000,0.000000,293.000000,1.000000,1.000000,0.000000,1000.304871,0.750000,0.750000,1.000000,0.002000000,0.000001110,0.066000,0.000000,0.000000,0.000000,0.000000,0.000000,0.750000,0.000000
32470.701172,1.000000,543.000000,0.000000,0.000000,293.000000,1.000000,1.000000,0.000000,1000.304810,0.750000,0.750000,1.000000,0.002000000,0.000001110,0.066000,0.000000,0.000000,0.000000,0.000000,0.000000,0.750000,0.000000
32570.701172,1.000000,543.000000,0.000000,0.000000,293.000000,1.000000,1.000000,0.000000,1000.304382,0.750000,0.750000,1.000000,0.002000000,0.000001110,0.066000,0.000000,0.000000,0.000000,0.000000,0.000000,0.750000,0.000000
32670.701172,1.000000,543.000000,0.000000,0.000000,293.000000,1.000000,1.000000,0.000000,1000.307312,0.750000,0.750000,1.000000,0.002000000,0.000001110,0.066000,0.000000,0.000000,0.000000,0.000000,0.000000,0.750000,0.000000
32770.703125,1.000000,543.000000,0.000000,0.000000,293.000000,1.000000,1.000000,0.000000,1000.323914,0.750000,0.750000,1.000000,0.002000000,0.000001110,0.066000,0.000000,0.000000,0.000000,0.000000,0.000000,0.750000,0.000000
32870.703125,1.000000,543.000000,0.000000,0.000000,293.000000,1.000000,1.000000,0.000000,1000.305115,0.750000,0.750000,1.000000,0.002000000,0.000001110,0.066000,0.000000,0.000000,0.000000,0.000000,0.000000,0.750000,0.000000
32970.703125,1.000000,543.000000,0.000000,0.000000,293.000000,1.000000,1.000000,0.000000,1000.303711,0.750000,0.750000,1.000000,0.002000000,0.000001110,0.066000,0.000000,0.000000,0.000000,0.000000,0.000000,0.750000,0.000000
33070.703125,1.000000,543.000000,0.000000,0.000000,293.000000,1.000000,1.000000,0.000000,1000.307983,0.750000,0.750000,1.000000,0.002000000,0.000001110,0.066000,0.000000,0.000000,0.000000,0.000000,0.000000,0.750000,0.000000
33170.703125,1.000000,543.000000,0.000000,0.000000,293.000000,1.000000,1.000000,0.000000,1000.304138,0.750000,0.750000,1.000000,0.002000000,0.000001110,0.066000,0.000000,0.000000,0.000000,0.000000,0.000000,0.750000,0.000000
33270.703125,1.000000,543.000000,0.000000,0.000000,293.000000,1.000000,1.000000,0.000000,1000.304871,0.750000,0.750000,1.000000,0.002000000,0.000001110,0.066000,0.000000,0.000000,0.000000,0.000000,0.000000,0.750000,0.000000
33370.703125,1.000000,543.000000,0.000000,0.000000,293.000000,1.000000,1.000000,0.000000,1000.304871,0.750000,0.750000,1.000000,0.002000000,0.000001110,0.066000,0.000000,0.000000,0.000000,0.000000,0.000000,0.750000,0.000000
33470.703125,1.000000,543.000000,0.000000,0.000000,293.000000,1.000000,1.000000,0.000000,1000.304443,0.750000,0.750000,1.000000,0.002000000,0.000001110,0.066000,0.000000,0.000000,0.000000,0.000000,0.000000,0.750000,0.000000
33570.703125,1.000000,543.000000,0.000000,0.000000,293.000000,1.000000,1.000000,0.000000,1000.307617,0.750000,0.750000,1.000000,0.002000000,0.000001110,0.066000,0.000000,0.000000,0.000000,0.000000,0.000000,0.750000,0.000000
33670.703125,1.000000,543.000000,0.000000,0.000000,293.000000,1.000000,1.000000,0.000000,1000.304077,0.750000,0.750000,1.000000,0.002000000,0.000001110,0.066000,0.000000,0.000000,0.000000,0.000000,0.000000,0.750000,0.000000
33770.703125,1.000000,543.000000,0.000000,0.000000,293.000000,1.000000,1.000000,0.000000,1000.305176,0.750000,0.750000,1.000000,0.002000000,0.000001110,0.066000,0.000000,0.000000,0.000000,0.000000,0.000000,0.750000,0.000000
33870.703125,1.000000,543.000000,0.000000,0.000000,293.000000,1.000000,1.000000,0.000000,1000.304016,0.750000,0.750000,1.000000,0.002000000,0.000001110,0.066000,0.000000,0.000000,0.000000,0.000000,0.000000,0.750000,0.000000
33970.703125,1.000000,543.000000,0.000000,0.000000,293.000000,1.000000,1.000000,0.000000,1000.308105,0.750000,0.750000,1.000000,0.002000000,0.000001110,0.066000,0.000000,0.000000,0.000000,0.000000,0.000000,0.750000,0.000000
34070.703125,1.000000,543.000000,0.000000,0.000000,293.000000,1.000000,1.000000,0.000000,1000.305176,0.750000,0.750000,1.000000,0.002000000,0.000001110,0.066000,0.000000,0.000000,0.000000,0.000000,0.000000,0.750000,0.000000
34170.703125,1.000000,543.000000,0.000000,0.000000,293.000000,1.000000,1.000000,0.000000,1000.303528,0.750000,0.750000,1.000000,0.002000000,0.000001110,0.066000,0.000000,0.000000,0.000000,0.000000,0.000000,0.750000,0.000000
34270.703125,1.000000,543.000000,0.000000,0.000000,293.000000,1.000000,1.000000,0.000000,1000.304565,0.750000,0.750000,1.000000,0.002000000,0.000001110,0.066000,0.000000,0.000000,0.000000,0.000000,0.000000,0.750000,0.000000
34370.703125,1.000000,543.000000,0.000000,0.000000,293.000000,1.000000,1.000000,0.000000,1000.304749,0.750000,0.750000,1.000000,0.002000000,0.000001110,0.066000,0.000000,0.000000,0.000000,0.000000,0.000000,0.750000,0.000000
34470.703125,1.000000,543.000000,0.000000,0.000000,293.000000,1.000000,1.000000,0.000000,1000.307312,0.750000,0.750000,1.000000,0.002000000,0.000001110,0.066000,0.000000,0.000000,0.000000,0.000000,0.000000,0.750000,0.000000
34570.703125,1.000000,543.000000,0.000000,0.000000,293.000000,1.000000,1.000000,0.000000,1000.305542,0.750000,0.750000,1.000000,0.002000000,0.000001110,0.066000,0.000000,0.000000,0.000000,0.000000,0.000000,0.750000,0.000000
34670.703125,1.000000,543.000000,0.000000,0.000000,293.000000,1.000000,1.000000,0.000000,1000.304016,0.750000,0.750000,1.000000,0.002000000,0.000001110,0.066000,0.000000,0.000000,0.000000,0.000000,0.000000,0.750000,0.000000
34770.703125,1.000000,543.000000,0.000000,0.000000,293.000000,1.000000,1.000000,0.000000,1000.304077,0.750000,0.750000,1.000000,0.002000000,0.000001110,0.066000,0.000000,0.000000,0.000000,0.000000,0.000000,0.750000,0.000000
34870.703125,1.000000,543.000000,0.000000,0.000000,293.000000,1.000000,1.000000,0.000000,1000.308105,0.750000,0.750000,1.000000,0.002000000,0.000001110,0.066000,0.000000,0.000000,0.000000,0.000000,0.000000,0.750000,0.000000
34970.703125,1.000000,543.000000,0.000000,0.000000,293.000000,1.000000,1.000000,0.000000,1000.304443,0.750000,0.750000,1.000000,0.002000000,0.000001110,0.066000,0.000000,0.000000,0.000000,0.000000,0.000000,0.750000,0.000000
35070.703125,1.000000,543.000000,0.000000,0.000000,293.000000,1.000000,1.000000,0.000000,1000.305176,0.750000,0.750000,1.000000,0.002000000,0.000001110,0.066000,0.000000,0.000000,0.000000,0.000000,0.000000,0.750000,0.000000
35170.703125,1.000000,543.000000,0.000000,0.000000,293.000000,1.000000,1.000000,0.000000,1000.304199,0.750000,0.750000,1.000000,0.002000000,0.000001110,0.066000,0.000000,0.000000,0.000000,0.000000,0.000000,0.750000,0.000000
35270.703125,1.000000,543.000000,0.000000,0.000000,293.000000,1.000000,1.000000,0.000000,1000.304443,0.750000,0.750000,1.000000,0.002000000,0.000001110,0.066000,0.000000,0.000000,0.000000,0.000000,0.000000,0.750000,0.000000
35370.703125,1.000000,543.000000,0.000000,0.000000,293.000000,1.000000,1.000000,0.000000,1000.307739,0.750000,0.750000,1.000000,0.002000000,0.000001110,0.066000,0.000000,0.000000,0.000000,0.000000,0.000000,0.750000,0.000000
35470.703125,1.000000,543.000000,0.000000,0.000000,293.000000,1.000000,1.000000,0.000000,1000.303894,0.750000,0.750000,1.000000,0.002000000,0.000001110,0.066000,0.000000,0.000000,0.000000,0.000000,0.000000,0.750000,0.000000
35570.703125,1.000000,543.000000,0.000000,0.000000,293.000000,1.000000,1.000000,0.000000,1000.305481,0.750000,0.750000,1.000000,0.002000000,0.000001110,0.066000,0.000000,0.000000,0.000000,0.000000,0.000000,0.750000,0.000000
35670.703125,1.000000,543.000000,0.000000,0.000000,293.000000,1.000000,1.000000,0.000000,1000.303589,0.750000,0.750000,1.000000,0.002000000,0.000001110,0.066000,0.000000,0.000000,0.000000,0.000000,0.000000,0.750000,0.000000
35770.703125,1.000000,543.000000,0.000000,0.000000,293.000000,1.000000,1.000000,0.000000,1000.307739,0.750000,0.750000,1.000000,0.002000000,0.000001110,0.066000,0.000000,0.000000,0.000000,0.000000,0.000000,0.750000,0.000000
35870.703125,1.000000,543.000000,0.000000,0.000000,293.000000,1.000000,1.000000,0.000000,1000.305481,0.750000,0.750000,1.000000,0.002000000,0.000001110,0.066000,0.000000,0.000000,0.000000,0.000000,0.000000,0.750000,0.000000
35970.703125,1.000000,543.000000,0.000000,0.000000,293.000000,1.000000,1.000000,0.000000,1000.304382,0.750000,0.750000,1.000000,0.002000000,0.000001110,0.066000,0.000000,0.000000,0.000000,0.000000,0.000000,0.750000,0.000000
36070.703125,1.000000,543.000000,0.000000,0.000000,293.000000,1.000000,1.000000,0.000000,1000.304871,0.750000,0.750000,1.000000,0.002000000,0.000001110,0.066000,0.000000,0.000000,0.000000,0.000000,0.000000,0.750000,0.000000
36170.703125,1.000000,543.000000,0.000000,0.000000,293.000000,1.000000,1.000000,0.000000,1000.303894,0.750000,0.750000,1.000000,0.002000000,0.000001110,0.066000,0.000000,0.000000,0.000000,0.000000,0.000000,0.750000,0.000000
36270.703125,1.000000,543.000000,0.000000,0.000000,293.000000,1.000000,1.000000,0.000000,1000.308105,0.750000,0.750000,1.000000,0.002000000,0.000001110,0.066000,0.000000,0.000000,0.000000,0.000000,0.000000,0.750000,0.000000
36370.703125,1.000000,543.000000,0.000000,0.000000,293.000000,1.000000,1.000000,0.000000,1000.304260,0.750000,0.750000,1.000000,0.002000000,0.000001110,0.066000,0.000000,0.000000,0.000000,0.000000,0.000000,0.750000,0.000000
36470.703125,1.000000,543.000000,0.000000,0.000000,293.000000,1.000000,1.000000,0.000000,1000.304443,0.750000,0.750000,1.000000,0.002000000,0.000001110,0.066000,0.000000,0.000000,0.000000,0.000000,0.000000,0.750000,0.000000
36570.703125,1.000000,543.000000,0.000000,0.000000,293.000000,1.000000,1.000000,0.000000,1000.304565,0.750000,0.750000,1.000000,0.002000000,0.000001110,0.066000,0.000000,0.000000,0.000000,0.000000,0.000000,0.750000,0.000000
36670.703125,1.000000,543.000000,0.000000,0.000000,293.000000,1.000000,1.000000,0.000000,1000.304749,0.750000,0.750000,1.000000,0.002000000,0.000001110,0.066000,0.000000,0.000000,0.000000,0.000000,0.000000,0.750000,0.000000
36770.703125,1.000000,543.000000,0.000000,0.000000,293.000000,1.000000,1.000000,0.000000,1000.307800,0.750000,0.750000,1.000000,0.002000000,0.000001110,0.066000,0.000000,0.000000,0.000000,0.000000,0.000000,0.750000,0.000000
36870.703125,1.000000,543.000000,0.000000,0.000000,293.000000,1.000000,1.000000,0.000000,1000.303528,0.750000,0.750000,1.000000,0.002000000,0.000001110,0.066000,0.000000,0.000000,0.000000,0.000000,0.000000,0.750000,0.000000
36970.703125,1.000000,543.000000,0.000000,0.000000,293.000000,1.000000,1.000000,0.000000,1000.305115,0.750000,0.750000,1.000000,0.002000000,0.000001110,0.066000,0.000000,0.000000,0.000000,0.000000,0.000000,0.750000,0.000000
37070.703125,1.000000,543.000000,0.000000,0.000000,293.000000,1.000000,1.000000,0.000000,1000.304565,0.750000,0.750000,1.000000,0.002000000,0.000001110,0.066000,0.000000,0.000000,0.000000,0.000000,0.000000,0.750000,0.000000
37170.703125,1.000000,543.000000,0.000000,0.000000,293.000000,1.000000,1.000000,0.000000,1000.307312,0.750000,0.750000,1.000000,0.002000000,0.000001110,0.066000,0.000000,0.000000,0.000000,0.000000,0.000000,0.750000,0.000000
37270.703125,1.000000,543.000000,0.000000,0.000000,293.000000,1.000000,1.000000,0.000000,1000.304810,0.750000,0.750000,1.000000,0.002000000,0.000001110,0.066000,0.000000,0.000000,0.000000,0.000000,0.000000,0.750000,0.000000
37370.703125,1.000000,543.000000,0.000000,0.000000,293.000000,1.000000,1.000000,0.000000,1000.305115,0.750000,0.750000,1.000000,0.002000000,0.000001110,0.066000,0.000000,0.000000,0.000000,0.000000,0.000000,0.750000,0.000000
37470.703125,1.000000,543.000000,0.000000,0.000000,293.000000,1.000000,1.000000,0.000000,1000.304016,0.750000,0.750000,1.000000,0.002000000,0.000001110,0.066000,0.000000,0.000000,0.000000,0.000000,0.000000,0.750000,0.000000
37570.703125,1.000000,543.000000,0.000000,0.000000,293.000000,1.000000,1.000000,0.000000,1000.305359,0.750000,0.750000,1.000000,0.002000000,0.000001110,0.066000,0.000000,0.000000,0.000000,0.000000,0.000000,0.750000,0.000000
37670.703125,1.000000,543.000000,0.000000,0.000000,293.000000,1.000000,1.000000,0.000000,1000.307129,0.750000,0.750000,1.000000,0.002000000,0.000001110,0.066000,0.000000,0.000000,0.000000,0.000000,0.000000,0.750000,0.000000
37770.703125,1.000000,543.000000,0.000000,0.000000,293.000000,1.000000,1.000000,0.000000,1000.304016,0.750000,0.750000,1.000000,0.002000000,0.000001110,0.066000,0.000000,0.000000,0.000000,0.000000,0.000000,0.750000,0.000000
37870.703125,1.000000,543.000000,0.000000,0.000000,293.000000,1.000000,1.000000,0.000000,1000.305359,0.750000,0.750000,1.000000,0.002000000,0.000001110,0.066000,0.000000,0.000000,0.000000,0.000000,0.000000,0.750000,0.000000
37970.703125,1.000000,543.000000,0.000000,0.000000,293.000000,1.000000,1.000000,0.000000,1000.304382,0.750000,0.750000,1.000000,0.002000000,0.000001110,0.066000,0.000000,0.000000,0.000000,0.000000,0.000000,0.750000,0.000000
38070.703125,1.000000,543.000000,0.000000,0.000000,293.000000,1.000000,1.000000,0.000000,1000.307617,0.750000,0.750000,1.000000,0.002000000,0.000001110,0.066000,0.000000,0.000000,0.000000,0.000000,0.000000,0.750000,0.000000
38170.703125,1.000000,543.000000,0.000000,0.000000,293.000000,1.000000,1.000000,0.000000,1000.304382,0.750000,0.750000,1.000000,0.002000000,0.000001110,0.066000,0.000000,0.000000,0.000000,0.000000,0.000000,0.750000,0.000000
38270.703125,1.000000,543.000000,0.000000,0.000000,293.000000,1.000000,1.000000,0.000000,1000.304016,0.750000,0.750000,1.000000,0.002000000,0.000001110,0.066000,0.000000,0.000000,0.000000,0.000000,0.000000,0.750000,0.000000
38370.703125,1.000000,543.000000,0.000000,0.000000,293.000000,1.000000,1.000000,0.000000,1000.304932,0.750000,0.750000,1.000000,0.002000000,0.000001110,0.066000,0.000000,0.000000,0.000000,0.000000,0.000000,0.750000,0.000000
38470.703125,1.000000,543.000000,0.000000,0.000000,293.000000,1.000000,1.000000,0.000000,1000.307922,0.750000,0.750000,1.000000,0.002000000,0.000001110,0.066000,0.000000,0.000000,0.000000,0.000000,0.000000,0.750000,0.000000
38570.703125,1.000000,543.000000,0.000000,0.000000,293.000000,1.000000,1.000000,0.000000,1000.304016,0.750000,0.750000,1.000000,0.002000000,0.000001110,0.066000,0.000000,0.000000,0.000000,0.000000,0.000000,0.750000,0.000000
38670.703125,1.000000,543.000000,0.000000,0.000000,293.000000,1.000000,1.000000,0.000000,1000.304871,0.750000,0.750000,1.000000,0.002000000,0.000001110,0.066000,0.000000,0.000000,0.000000,0.000000,0.000000,0.750000,0.000000
38770.703125,1.000000,543.000000,0.000000,0.000000,293.000000,1.000000,1.000000,0.000000,1000.305115,0.750000,0.750000,1.000000,0.002000000,0.000001110,0.066000,0.000000,0.000000,0.000000,0.000000,0.000000,0.750000,0.000000
38870.703125,1.000000,543.000000,0.000000,0.000000,293.000000,1.000000,1.000000,0.000000,1000.304565,0.750000,0.750000,1.000000,0.002000000,0.000001110,0.066000,0.000000,0.000000,0.000000,0.000000,0.000000,0.750000,0.000000
38970.703125,1.000000,543.000000,0.000000,0.000000,293.000000,1.000000,1.000000,0.000000,1000.307068,0.750000,0.750000,1.000000,0.002000000,0.000001110,0.066000,0.000000,0.000000,0.000000,0.000000,0.000000,0.750000,0.000000
39070.703125,1.000000,543.000000,0.000000,0.000000,293.000000,1.000000,1.000000,0.000000,1000.304260,0.750000,0.750000,1.000000,0.002000000,0.000001110,0.066000,0.000000,0.000000,0.000000,0.000000,0.000000,0.750000,0.000000
39170.703125,1.000000,543.000000,0.000000,0.000000,293.000000,1.000000,1.000000,0.000000,1000.305054,0.750000,0.750000,1.000000,0.002000000,0.000001110,0.066000,0.000000,0.000000,0.000000,0.000000,0.000000,0.750000,0.000000
39270.703125,1.000000,543.000000,0.000000,0.000000,293.000000,1.000000,1.000000,0.000000,1000.304077,0.750000,0.750000,1.000000,0.002000000,0.000001110,0.066000,0.000000,0.000000,0.000000,0.000000,0.000000,0.750000,0.000000
39370.703125,1.000000,543.000000,0.000000,0.000000,293.000000,1.000000,1.000000,0.000000,1000.304871,0.750000,0.750000,1.000000,0.002000000,0.000001110,0.066000,0.000000,0.000000,0.000000,0.000000,0.000000,0.750000,0.000000
39470.703125,1.000000,543.000000,0.000000,0.000000,293.000000,1.000000,1.000000,0.000000,1000.307617,0.750000,0.750000,1.000000,0.002000000,0.000001110,0.066000,0.000000,0.000000,0.000000,0.000000,0.000000,0.750000,0.000000
39570.703125,1.000000,543.000000,0.000000,0.000000,293.000000,1.000000,1.000000,0.000000,1000.304382,0.750000,0.750000,1.000000,0.002000000,0.000001110,0.066000,0.000000,0.000000,0.000000,0.000000,0.000000,0.750000,0.000000
39670.703125,1.000000,543.000000,0.000000,0.000000,293.000000,1.000000,1.000000,0.000000,1000.305176,0.750000,0.750000,1.000000,0.002000000,0.000001110,0.066000,0.000000,0.000000,0.000000,0.000000,0.000000,0.750000,0.000000
39770.703125,1.000000,543.000000,0.000000,0.000000,293.000000,1.000000,1.000000,0.000000,1000.304565,0.750000,0.750000,1.000000,0.002000000,0.000001110,0.066000,0.000000,0.000000,0.000000,0.000000,0.000000,0.750000,0.000000
39870.703125,1.000000,543.000000,0.000000,0.000000,293.000000,1.000000,1.000000,0.000000,1000.307129,0.750000,0.750000,1.000000,0.002000000,0.000001110,0.066000,0.000000,0.000000,0.000000,0.000000,0.000000,0.750000,0.000000
39970.703125,1.000000,543.000000,0.000000,0.000000,293.000000,1.000000,1.000000,0.000000,1000.304871,0.750000,0.750000,1.000000,0.002000000,0.000001110,0.066000,0.000000,0.000000,0.000000,0.000000,0.000000,0.750000,0.000000
40070.703125,1.000000,543.000000,0.000000,0.000000,293.000000,1.000000,1.000000,0.000000,1000.303894,0.750000,0.750000,1.000000,0.002000000,0.000001110,0.066000,0.000000,0.000000,0.000000,0.000000,0.000000,0.750000,0.000000
40170.703125,1.000000,543.000000,0.000000,0.000000,293.000000,1.000000,1.000000,0.000000,1000.304871,0.750000,0.750000,1.000000,0.002000000,0.000001110,0.066000,0.000000,0.000000,0.000000,0.000000,0.000000,0.750000,0.000000
40270.703125,1.000000,543.000000,0.000000,0.000000,293.000000,1.000000,1.000000,0.000000,1000.304504,0.750000,0.750000,1.000000,0.002000000,0.000001110,0.066000,0.000000,0.000000,0.000000,0.000000,0.000000,0.750000,0.000000
40370.703125,1.000000,543.000000,0.000000,0.000000,293.000000,1.000000,1.000000,0.000000,1000.307861,0.750000,0.750000,1.000000,0.002000000,0.000001110,0.066000,0.000000,0.000000,0.000000,0.000000,0.000000,0.750000,0.000000
40470.703125,1.000000,543.000000,0.000000,0.000000,293.000000,1.000000,1.000000,0.000000,1000.304749,0.750000,0.750000,1.000000,0.002000000,0.000001110,0.066000,0.000000,0.000000,0.000000,0.000000,0.000000,0.750000,0.000000
40570.703125,1.000000,543.000000,0.000000,0.000000,293.000000,1.000000,1.000000,0.000000,1000.304138,0.750000,0.750000,1.000000,0.002000000,0.000001110,0.066000,0.000000,0.000000,0.000000,0.000000,0.000000,0.750000,0.000000
40670.703125,1.000000,543.000000,0.000000,0.000000,293.000000,1.000000,1.000000,0.000000,1000.304932,0.750000,0.750000,1.000000,0.002000000,0.000001110,0.066000,0.000000,0.000000,0.000000,0.000000,0.000000,0.750000,0.000000
40770.703125,1.000000,543.000000,0.000000,0.000000,293.000000,1.000000,1.000000,0.000000,1000.307251,0.750000,0.750000,1.000000,0.002000000,0.000001110,0.066000,0.000000,0.000000,0.000000,0.000000,0.000000,0.750000,0.000000
40870.703125,1.000000,543.000000,0.000000,0.000000,293.000000,1.000000,1.000000,0.000000,1000.305176,0.750000,0.750000,1.000000,0.002000000,0.000001110,0.066000,0.000000,0.000000,0.000000,0.000000,0.000000,0.750000,0.000000
40970.703125,1.000000,543.000000,0.000000,0.000000,293.000000,1.000000,1.000000,0.000000,1000.303589,0.750000,0.750000,1.000000,0.002000000,0.000001110,0.066000,0.000000,0.000000,0.000000,0.000000,0.000000,0.750000,0.000000
41070.703125,1.000000,543.000000,0.000000,0.000000,293.000000,1.000000,1.000000,0.000000,1000.304749,0.750000,0.750000,1.000000,0.002000000,0.000001110,0.066000,0.000000,0.000000,0.000000,0.000000,0.000000,0.750000,0.000000
41170.703125,1.000000,543.000000,0.000000,0.000000,293.000000,1.000000,1.000000,0.000000,1000.307617,0.750000,0.750000,1.000000,0.002000000,0.000001110,0.066000,0.000000,0.000000,0.000000,0.000000,0.000000,0.750000,0.000000
41270.703125,1.000000,543.000000,0.000000,0.000000,293.000000,1.000000,1.000000,0.000000,1000.304688,0.750000,0.750000,1.000000,0.002000000,0.000001110,0.066000,0.000000,0.000000,0.000000,0.000000,0.000000,0.750000,0.000000
41370.703125,1.000000,543.000000,0.000000,0.000000,293.000000,1.000000,1.000000,0.000000,1000.305176,0.750000,0.750000,1.000000,0.002000000,0.000001110,0.066000,0.000000,0.000000,0.000000,0.000000,0.000000,0.750000,0.000000
41470.703125,1.000000,543.000000,0.000000,0.000000,293.000000,1.000000,1.000000,0.000000,1000.304749,0.750000,0.750000,1.000000,0.002000000,0.000001110,0.066000,0.000000,0.000000,0.000000,0.000000,0.000000,0.750000,0.000000
41570.703125,1.000000,543.000000,0.000000,0.000000,293.000000,1.000000,1.000000,0.000000,1000.303894,0.750000,0.750000,1.000000,0.002000000,0.000001110,0.066000,0.000000,0.000000,0.000000,0.000000,0.000000,0.750000,0.000000
41670.703125,1.000000,543.000000,0.000000,0.000000,293.000000,1.000000,1.000000,0.000000,1000.307861,0.750000,0.750000,1.000000,0.002000000,0.000001110,0.066000,0.000000,0.000000,0.000000,0.000000,0.000000,0.750000,0.000000
41770.703125,1.000000,543.000000,0.000000,0.000000,293.000000,1.000000,1.000000,0.000000,1000.304565,0.750000,0.750000,1.000000,0.002000000,0.000001110,0.066000,0.000000,0.000000,0.000000,0.000000,0.000000,0.750000,0.000000
41870.703125,1.000000,543.000000,0.000000,0.000000,293.000000,1.000000,1.000000,0.000000,1000.304443,0.750000,0.750000,1.000000,0.002000000,0.000001110,0.066000,0.000000,0.000000,0.000000,0.000000,0.000000,0.750000,0.000000
41970.703125,1.000000,543.000000,0.000000,0.000000,293.000000,1.000000,1.000000,0.000000,1000.304871,0.750000,0.750000,1.000000,0.002000000,0.000001110,0.066000,0.000000,0.000000,0.000000,0.000000,0.000000,0.750000,0.000000
42070.703125,1.000000,543.000000,0.000000,0.000000,293.000000,1.000000,1.000000,0.000000,1000.304871,0.750000,0.750000,1.000000,0.002000000,0.000001110,0.066000,0.000000,0.000000,0.000000,0.000000,0.000000,0.750000,0.000000
42170.703125,1.000000,543.000000,0.000000,0.000000,293.000000,1.000000,1.000000,0.000000,1000.306885,0.750000,0.750000,1.000000,0.002000000,0.000001110,0.066000,0.000000,0.000000,0.000000,0.000000,0.000000,0.750000,0.000000
42270.703125,1.000000,543.000000,0.000000,0.000000,293.000000,1.000000,1.000000,0.000000,1000.304382,0.750000,0.750000,1.000000,0.002000000,0.000001110,0.066000,0.000000,0.000000,0.000000,0.000000,0.000000,0.750000,0.000000
42370.703125,1.000000,543.000000,0.000000,0.000000,293.000000,1.000000,1.000000,0.000000,1000.305115,0.750000,0.750000,1.000000,0.002000000,0.000001110,0.066000,0.000000,0.000000,0.000000,0.000000,0.000000,0.750000,0.000000
42470.703125,1.000000,543.000000,0.000000,0.000000,293.000000,1.000000,1.000000,0.000000,1000.304138,0.750000,0.750000,1.000000,0.002000000,0.000001110,0.066000,0.000000,0.000000,0.000000,0.000000,0.000000,0.750000,0.000000
42570.703125,1.000000,543.000000,0.000000,0.000000,293.000000,1.000000,1.000000,0.000000,1000.307922,0.750000,0.750000,1.000000,0.002000000,0.000001110,0.066000,0.000000,0.000000,0.000000,0.000000,0.000000,0.750000,0.000000
42670.703125,1.000000,543.000000,0.000000,0.000000,293.000000,1.000000,1.000000,0.000000,1000.304871,0.750000,0.750000,1.000000,0.002000000,0.000001110,0.066000,0.000000,0.000000,0.000000,0.000000,0.000000,0.750000,0.000000
42770.703125,1.000000,543.000000,0.000000,0.000000,293.000000,1.000000,1.000000,0.000000,1000.303772,0.750000,0.750000,1.000000,0.002000000,0.000001110,0.066000,0.000000,0.000000,0.000000,0.000000,0.000000,0.750000,0.000000
42870.703125,1.000000,543.000000,0.000000,0.000000,293.000000,1.000000,1.000000,0.000000,1000.305115,0.750000,0.750000,1.000000,0.002000000,0.000001110,0.066000,0.000000,0.000000,0.000000,0.000000,0.000000,0.750000,0.000000
42970.703125,1.000000,543.000000,0.000000,0.000000,293.000000,1.000000,1.000000,0.000000,1000.304077,0.750000,0.750000,1.000000,0.002000000,0.000001110,0.066000,0.000000,0.000000,0.000000,0.000000,0.000000,0.750000,0.000000
43070.703125,1.000000,543.000000,0.000000,0.000000,293.000000,1.000000,1.000000,0.000000,1000.307983,0.750000,0.750000,1.000000,0.002000000,0.000001110,0.066000,0.000000,0.000000,0.000000,0.000000,0.000000,0.750000,0.000000
43170.703125,1.000000,543.000000,0.000000,0.000000,293.000000,1.000000,1.000000,0.000000,1000.304504,0.750000,0.750000,1.000000,0.002000000,0.000001110,0.066000,0.000000,0.000000,0.000000,0.000000,0.000000,0.750000,0.000000
43270.703125,1.000000,543.000000,0.000000,0.000000,293.000000,1.000000,1.000000,0.000000,1000.304932,0.750000,0.750000,1.000000,0.002000000,0.000001110,0.066000,0.000000,0.000000,0.000000,0.000000,0.000000,0.750000,0.000000
43370.703125,1.000000,543.000000,0.000000,0.000000,293.000000,1.000000,1.000000,0.000000,1000.304382,0.750000,0.750000,1.000000,0.002000000,0.000001110,0.066000,0.000000,0.000000,0.000000,0.000000,0.000000,0.750000,0.000000
43470.703125,1.000000,543.000000,0.000000,0.000000,293.000000,1.000000,1.000000,0.000000,1000.307129,0.750000,0.750000,1.000000,0.002000000,0.000001110,0.066000,0.000000,0.000000,0.000000,0.000000,0.000000,0.750000,0.000000
43570.703125,1.000000,543.000000,0.000000,0.000000,293.000000,1.000000,1.000000,0.000000,1000.304504,0.750000,0.750000,1.000000,0.002000000,0.000001110,0.066000,0.000000,0.000000,0.000000,0.000000,0.000000,0.750000,0.000000
43670.703125,1.000000,543.000000,0.000000,0.000000,293.000000,1.000000,1.000000,0.000000,1000.304932,0.750000,0.750000,1.000000,0.002000000,0.000001110,0.066000,0.000000,0.000000,0.000000,0.000000,0.000000,0.750000,0.000000
43770.703125,1.000000,543.000000,0.000000,0.000000,293.000000,1.000000,1.000000,0.000000,1000.303894,0.750000,0.750000,1.000000,0.002000000,0.000001110,0.066000,0.000000,0.000000,0.000000,0.000000,0.000000,0.750000,0.000000
43870.703125,1.000000,543.000000,0.000000,0.000000,293.000000,1.000000,1.000000,0.000000,1000.305176,0.750000,0.750000,1.000000,0.002000000,0.000001110,0.066000,0.000000,0.000000,0.000000,0.000000,0.000000,0.750000,0.000000
43970.703125,1.000000,543.000000,0.000000,0.000000,293.000000,1.000000,1.000000,0.000000,1000.308228,0.750000,0.750000,1.000000,0.002000000,0.000001110,0.066000,0.000000,0.000000,0.000000,0.000000,0.000000,0.750000,0.000000
44070.703125,1.000000,543.000000,0.000000,0.000000,293.000000,1.000000,1.000000,0.000000,1000.303162,0.750000,0.750000,1.000000,0.002000000,0.000001110,0.066000,0.000000,0.000000,0.000000,0.000000,0.000000,0.750000,0.000000
44170.703125,1.000000,543.000000,0.000000,0.000000,293.000000,1.000000,1.000000,0.000000,1000.304810,0.750000,0.750000,1.000000,0.002000000,0.000001110,0.066000,0.000000,0.000000,0.000000,0.000000,0.000000,0.750000,0.000000
44270.703125,1.000000,543.000000,0.000000,0.000000,293.000000,1.000000,1.000000,0.000000,1000.304565,0.750000,0.750000,1.000000,0.002000000,0.000001110,0.066000,0.000000,0.000000,0.000000,0.000000,0.000000,0.750000,0.000000
44370.703125,1.000000,543.000000,0.000000,0.000000,293.000000,1.000000,1.000000,0.000000,1000.307861,0.750000,0.750000,1.000000,0.002000000,0.000001110,0.066000,0.000000,0.000000,0.000000,0.000000,0.000000,0.750000,0.000000
44470.703125,1.000000,543.000000,0.000000,0.000000,293.000000,1.000000,1.000000,0.000000,1000.304749,0.750000,0.750000,1.000000,0.002000000,0.000001110,0.066000,0.000000,0.000000,0.000000,0.000000,0.000000,0.750000,0.000000
44570.703125,1.000000,543.000000,0.000000,0.000000,293.000000,1.000000,1.000000,0.000000,1000.304565,0.750000,0.750000,1.000000,0.002000000,0.000001110,0.066000,0.000000,0.000000,0.000000,0.000000,0.000000,0.750000,0.000000
44670.703125,1.000000,543.000000,0.000000,0.000000,293.000000,1.000000,1.000000,0.000000,1000.304749,0.750000,0.750000,1.000000,0.002000000,0.000001110,0.066000,0.000000,0.000000,0.000000,0.000000,0.000000,0.750000,0.000000
44770.703125,1.000000,543.000000,0.000000,0.000000,293.000000,1.000000,1.000000,0.000000,1000.304810,0.750000,0.750000,1.000000,0.002000000,0.000001110,0.066000,0.000000,0.000000,0.000000,0.000000,0.000000,0.750000,0.000000
44870.703125,1.000000,543.000000,0.000000,0.000000,293.000000,1.000000,1.000000,0.000000,1000.307617,0.750000,0.750000,1.000000,0.002000000,0.000001110,0.066000,0.000000,0.000000,0.000000,0.000000,0.000000,0.750000,0.000000
44970.703125,1.000000,543.000000,0.000000,0.000000,293.000000,1.000000,1.000000,0.000000,1000.304199,0.750000,0.750000,1.000000,0.002000000,0.000001110,0.066000,0.000000,0.000000,0.000000,0.000000,0.000000,0.750000,0.000000
45070.703125,1.000000,543.000000,0.000000,0.000000,293.000000,1.000000,1.000000,0.000000,1000.304565,0.750000,0.750000,1.000000,0.002000000,0.000001110,0.066000,0.000000,0.000000,0.000000,0.000000,0.000000,0.750000,0.000000
45170.703125,1.000000,543.000000,0.000000,0.000000,293.000000,1.000000,1.000000,0.000000,1000.305054,0.750000,0.750000,1.000000,0.002000000,0.000001110,0.066000,0.000000,0.000000,0.000000,0.000000,0.000000,0.750000,0.000000
45270.703125,1.000000,543.000000,0.000000,0.000000,293.000000,1.000000,1.000000,0.000000,1000.307068,0.750000,0.750000,1.000000,0.002000000,0.000001110,0.066000,0.000000,0.000000,0.000000,0.000000,0.000000,0.750000,0.000000
45370.703125,1.000000,543.000000,0.000000,0.000000,293.000000,1.000000,1.000000,0.000000,1000.304504,0.750000,0.750000,1.000000,0.002000000,0.000001110,0.066000,0.000000,0.000000,0.000000,0.000000,0.000000,0.750000,0.000000
45470.703125,1.000000,543.000000,0.000000,0.000000,293.000000,1.000000,1.000000,0.000000,1000.304504,0.750000,0.750000,1.000000,0.002000000,0.000001110,0.066000,0.000000,0.000000,0.000000,0.000000,0.000000,0.750000,0.000000
45570.703125,1.000000,543.000000,0.000000,0.000000,293.000000,1.000000,1.000000,0.000000,1000.304749,0.750000,0.750000,1.000000,0.002000000,0.000001110,0.066000,0.000000,0.000000,0.000000,0.000000,0.000000,0.750000,0.000000
45670.703125,1.000000,543.000000,0.000000,0.000000,293.000000,1.000000,1.000000,0.000000,1000.305176,0.750000,0.750000,1.000000,0.002000000,0.000001110,0.066000,0.000000,0.000000,0.000000,0.000000,0.000000,0.750000,0.000000
45770.703125,1.000000,543.000000,0.000000,0.000000,293.000000,1.000000,1.000000,0.000000,1000.306763,0.750000,0.750000,1.000000,0.002000000,0.000001110,0.066000,0.000000,0.000000,0.000000,0.000000,0.000000,0.750000,0.000000
45870.703125,1.000000,543.000000,0.000000,0.000000,293.000000,1.000000,1.000000,0.000000,1000.304932,0.750000,0.750000,1.000000,0.002000000,0.000001110,0.066000,0.000000,0.000000,0.000000,0.000000,0.000000,0.750000,0.000000
45970.703125,1.000000,543.000000,0.000000,0.000000,293.000000,1.000000,1.000000,0.000000,1000.304443,0.750000,0.750000,1.000000,0.002000000,0.000001110,0.066000,0.000000,0.000000,0.000000,0.000000,0.000000,0.750000,0.000000
46070.703125,1.000000,543.000000,0.000000,0.000000,293.000000,1.000000,1.000000,0.000000,1000.304382,0.750000,0.750000,1.000000,0.002000000,0.000001110,0.066000,0.000000,0.000000,0.000000,0.000000,0.000000,0.750000,0.000000
46170.703125,1.000000,543.000000,0.000000,0.000000,293.000000,1.000000,1.000000,0.000000,1000.307495,0.750000,0.750000,1.000000,0.002000000,0.000001110,0.066000,0.000000,0.000000,0.000000,0.000000,0.000000,0.750000,0.000000
46270.703125,1.000000,543.000000,0.000000,0.000000,293.000000,1.000000,1.000000,0.000000,1000.304932,0.750000,0.750000,1.000000,0.002000000,0.000001110,0.066000,0.000000,0.000000,0.000000,0.000000,0.000000,0.750000,0.000000
46370.703125,1.000000,543.000000,0.000000,0.000000,293.000000,1.000000,1.000000,0.000000,1000.304688,0.750000,0.750000,1.000000,0.002000000,0.000001110,0.066000,0.000000,0.000000,0.000000,0.000000,0.000000,0.750000,0.000000
46470.703125,1.000000,543.000000,0.000000,0.000000,293.000000,1.000000,1.000000,0.000000,1000.304382,0.750000,0.750000,1.000000,0.002000000,0.000001110,0.066000,0.000000,0.000000,0.000000,0.000000,0.000000,0.750000,0.000000
46570.703125,1.000000,543.000000,0.000000,0.000000,293.000000,1.000000,1.000000,0.000000,1000.305420,0.750000,0.750000,1.000000,0.002000000,0.000001110,0.066000,0.000000,0.000000,0.000000,0.000000,0.000000,0.750000,0.000000
46670.703125,1.000000,543.000000,0.000000,0.000000,293.000000,1.000000,1.000000,0.000000,1000.307495,0.750000,0.750000,1.000000,0.002000000,0.000001110,0.066000,0.000000,0.000000,0.000000,0.000000,0.000000,0.750000,0.000000
46770.703125,1.000000,543.000000,0.000000,0.000000,293.000000,1.000000,1.000000,0.000000,1000.304260,0.750000,0.750000,1.000000,0.002000000,0.000001110,0.066000,0.000000,0.000000,0.000000,0.000000,0.000000,0.750000,0.000000
46870.703125,1.000000,543.000000,0.000000,0.000000,293.000000,1.000000,1.000000,0.000000,1000.304565,0.750000,0.750000,1.000000,0.002000000,0.000001110,0.066000,0.000000,0.000000,0.000000,0.000000,0.000000,0.750000,0.000000
46970.703125,1.000000,543.000000,0.000000,0.000000,293.000000,1.000000,1.000000,0.000000,1000.304138,0.750000,0.750000,1.000000,0.002000000,0.000001110,0.066000,0.000000,0.000000,0.000000,0.000000,0.000000,0.750000,0.000000
47070.703125,1.000000,543.000000,0.000000,0.000000,293.000000,1.000000,1.000000,0.000000,1000.307617,0.750000,0.750000,1.000000,0.002000000,0.000001110,0.066000,0.000000,0.000000,0.000000,0.000000,0.000000,0.750000,0.000000
47170.703125,1.000000,543.000000,0.000000,0.000000,293.000000,1.000000,1.000000,0.000000,1000.304199,0.750000,0.750000,1.000000,0.002000000,0.000001110,0.066000,0.000000,0.000000,0.000000,0.000000,0.000000,0.750000,0.000000
47270.703125,1.000000,543.000000,0.000000,0.000000,293.000000,1.000000,1.000000,0.000000,1000.304504,0.750000,0.750000,1.000000,0.002000000,0.000001110,0.066000,0.000000,0.000000,0.000000,0.000000,0.000000,0.750000,0.000000
47370.703125,1.000000,543.000000,0.000000,0.000000,293.000000,1.000000,1.000000,0.000000,1000.304749,0.750000,0.750000,1.000000,0.002000000,0.000001110,0.066000,0.000000,0.000000,0.000000,0.000000,0.000000,0.750000,0.000000
47470.703125,1.000000,543.000000,0.000000,0.000000,293.000000,1.000000,1.000000,0.000000,1000.304932,0.750000,0.750000,1.000000,0.002000000,0.000001110,0.066000,0.000000,0.000000,0.000000,0.000000,0.000000,0.750000,0.000000
47570.703125,1.000000,543.000000,0.000000,0.000000,293.000000,1.000000,1.000000,0.000000,1000.307861,0.750000,0.750000,1.000000,0.002000000,0.000001110,0.066000,0.000000,0.000000,0.000000,0.000000,0.000000,0.750000,0.000000
47670.703125,1.000000,543.000000,0.000000,0.000000,293.000000,1.000000,1.000000,0.000000,1000.304138,0.750000,0.750000,1.000000,0.002000000,0.000001110,0.066000,0.000000,0.000000,0.000000,0.000000,0.000000,0.750000,0.000000
47770.703125,1.000000,543.000000,0.000000,0.000000,293.000000,1.000000,1.000000,0.000000,1000.305115,0.750000,0.750000,1.000000,0.002000000,0.000001110,0.066000,0.000000,0.000000,0.000000,0.000000,0.000000,0.750000,0.000000
47870.703125,1.000000,543.000000,0.000000,0.000000,293.000000,1.000000,1.000000,0.000000,1000.303528,0.750000,0.750000,1.000000,0.002000000,0.000001110,0.066000,0.000000,0.000000,0.000000,0.000000,0.000000,0.750000,0.000000
47970.703125,1.000000,543.000000,0.000000,0.000000,293.000000,1.000000,1.000000,0.000000,1000.307983,0.750000,0.750000,1.000000,0.002000000,0.000001110,0.066000,0.000000,0.000000,0.000000,0.000000,0.000000,0.750000,0.000000
48070.703125,1.000000,543.000000,0.000000,0.000000,293.000000,1.000000,1.000000,0.000000,1000.305115,0.750000,0.750000,1.000000,0.002000000,0.000001110,0.066000,0.000000,0.000000,0.000000,0.000000,0.000000,0.750000,0.000000
48170.703125,1.000000,543.000000,0.000000,0.000000,293.000000,1.000000,1.000000,0.000000,1000.304565,0.750000,0.750000,1.000000,0.002000000,0.000001110,0.066000,0.000000,0.000000,0.000000,0.000000,0.000000,0.750000,0.000000
48270.703125,1.000000,543.000000,0.000000,0.000000,293.000000,1.000000,1.000000,0.000000,1000.303528,0.750000,0.750000,1.000000,0.002000000,0.000001110,0.066000,0.000000,0.000000,0.000000,0.000000,0.000000,0.750000,0.000000
48370.703125,1.000000,543.000000,0.000000,0.000000,293.000000,1.000000,1.000000,0.000000,1000.308838,0.750000,0.750000,1.000000,0.002000000,0.000001110,0.066000,0.000000,0.000000,0.000000,0.000000,0.000000,0.750000,0.000000
48470.703125,1.000000,543.000000,0.000000,0.000000,293.000000,1.000000,1.000000,0.000000,1000.303589,0.750000,0.750000,1.000000,0.002000000,0.000001110,0.066000,0.000000,0.000000,0.000000,0.000000,0.000000,0.750000,0.000000
48570.703125,1.000000,543.000000,0.000000,0.000000,293.000000,1.000000,1.000000,0.000000,1000.304932,0.750000,0.750000,1.000000,0.002000000,0.000001110,0.066000,0.000000,0.000000,0.000000,0.000000,0.000000,0.750000,0.000000
48670.703125,1.000000,543.000000,0.000000,0.000000,293.000000,1.000000,1.000000,0.000000,1000.304199,0.750000,0.750000,1.000000,0.002000000,0.000001110,0.066000,0.000000,0.000000,0.000000,0.000000,0.000000,0.750000,0.000000
48770.703125,1.000000,543.000000,0.000000,0.000000,293.000000,1.000000,1.000000,0.000000,1000.304504,0.750000,0.750000,1.000000,0.002000000,0.000001110,0.066000,0.000000,0.000000,0.000000,0.000000,0.000000,0.750000,0.000000
48870.703125,1.000000,543.000000,0.000000,0.000000,293.000000,1.000000,1.000000,0.000000,1000.307861,0.750000,0.750000,1.000000,0.002000000,0.000001110,0.066000,0.000000,0.000000,0.000000,0.000000,0.000000,0.750000,0.000000
48970.703125,1.000000,543.000000,0.000000,0.000000,293.000000,1.000000,1.000000,0.000000,1000.304382,0.750000,0.750000,1.000000,0.002000000,0.000001110,0.066000,0.000000,0.000000,0.000000,0.000000,0.000000,0.750000,0.000000
49070.703125,1.000000,543.000000,0.000000,0.000000,293.000000,1.000000,1.000000,0.000000,1000.304565,0.750000,0.750000,1.000000,0.002000000,0.000001110,0.066000,0.000000,0.000000,0.000000,0.000000,0.000000,0.750000,0.000000
49170.703125,1.000000,543.000000,0.000000,0.000000,293.000000,1.000000,1.000000,0.000000,1000.304382,0.750000,0.750000,1.000000,0.002000000,0.000001110,0.066000,0.000000,0.000000,0.000000,0.000000,0.000000,0.750000,0.000000
49270.703125,1.000000,543.000000,0.000000,0.000000,293.000000,1.000000,1.000000,0.000000,1000.307617,0.750000,0.750000,1.000000,0.002000000,0.000001110,0.066000,0.000000,0.000000,0.000000,0.000000,0.000000,0.750000,0.000000
49370.703125,1.000000,543.000000,0.000000,0.000000,293.000000,1.000000,1.000000,0.000000,1000.305786,0.750000,0.750000,1.000000,0.002000000,0.000001110,0.066000,0.000000,0.000000,0.000000,0.000000,0.000000,0.750000,0.000000
49470.703125,1.000000,543.000000,0.000000,0.000000,293.000000,1.000000,1.000000,0.000000,1000.304138,0.750000,0.750000,1.000000,0.002000000,0.000001110,0.066000,0.000000,0.000000,0.000000,0.000000,0.000000,0.750000,0.000000
49570.703125,1.000000,543.000000,0.000000,0.000000,293.000000,1.000000,1.000000,0.000000,1000.304504,0.750000,0.750000,1.000000,0.002000000,0.000001110,0.066000,0.000000,0.000000,0.000000,0.000000,0.000000,0.750000,0.000000
49670.703125,1.000000,543.000000,0.000000,0.000000,293.000000,1.000000,1.000000,0.000000,1000.304199,0.750000,0.750000,1.000000,0.002000000,0.000001110,0.066000,0.000000,0.000000,0.000000,0.000000,0.000000,0.750000,0.000000
49770.703125,1.000000,543.000000,0.000000,0.000000,293.000000,1.000000,1.000000,0.000000,1000.307861,0.750000,0.750000,1.000000,0.002000000,0.000001110,0.066000,0.000000,0.000000,0.000000,0.000000,0.000000,0.750000,0.000000
49870.703125,1.000000,543.000000,0.000000,0.000000,293.000000,1.000000,1.000000,0.000000,1000.304443,0.750000,0.750000,1.000000,0.002000000,0.000001110,0.066000,0.000000,0.000000,0.000000,0.000000,0.000000,0.750000,0.000000
49970.703125,1.000000,543.000000,0.000000,0.000000,293.000000,1.000000,1.000000,0.000000,1000.304932,0.750000,0.750000,1.000000,0.002000000,0.000001110,0.066000,0.000000,0.000000,0.000000,0.000000,0.000000,0.750000,0.000000
50070.703125,1.000000,543.000000,0.000000,0.000000,293.000000,1.000000,1.000000,0.000000,1000.304382,0.750000,0.750000,1.000000,0.002000000,0.000001110,0.066000,0.000000,0.000000,0.000000,0.000000,0.000000,0.750000,0.000000
50170.703125,1.000000,543.000000,0.000000,0.000000,293.000000,1.000000,1.000000,0.000000,1000.304932,0.750000,0.750000,1.000000,0.002000000,0.000001110,0.066000,0.000000,0.000000,0.000000,0.000000,0.000000,0.750000,0.000000
50270.703125,1.000000,543.000000,0.000000,0.000000,293.000000,1.000000,1.000000,0.000000,1000.306763,0.750000,0.750000,1.000000,0.002000000,0.000001110,0.066000,0.000000,0.000000,0.000000,0.000000,0.000000,0.750000,0.000000
50370.703125,1.000000,543.000000,0.000000,0.000000,293.000000,1.000000,1.000000,0.000000,1000.304565,0.750000,0.750000,1.000000,0.002000000,0.000001110,0.066000,0.000000,0.000000,0.000000,0.000000,0.000000,0.750000,0.000000
50470.703125,1.000000,543.000000,0.000000,0.000000,293.000000,1.000000,1.000000,0.000000,1000.304932,0.750000,0.750000,1.000000,0.002000000,0.000001110,0.066000,0.000000,0.000000,0.000000,0.000000,0.000000,0.750000,0.000000
50570.703125,1.000000,543.000000,0.000000,0.000000,293.000000,1.000000,1.000000,0.000000,1000.304199,0.750000,0.750000,1.000000,0.002000000,0.000001110,0.066000,0.000000,0.000000,0.000000,0.000000,0.000000,0.750000,0.000000
50670.703125,1.000000,543.000000,0.000000,0.000000,293.000000,1.000000,1.000000,0.000000,1000.307556,0.750000,0.750000,1.000000,0.002000000,0.000001110,0.066000,0.000000,0.000000,0.000000,0.000000,0.000000,0.750000,0.000000
50770.703125,1.000000,543.000000,0.000000,0.000000,293.000000,1.000000,1.000000,0.000000,1000.305481,0.750000,0.750000,1.000000,0.002000000,0.000001110,0.066000,0.000000,0.000000,0.000000,0.000000,0.000000,0.750000,0.000000
50870.703125,1.000000,543.000000,0.000000,0.000000,293.000000,1.000000,1.000000,0.000000,1000.304199,0.750000,0.750000,1.000000,0.002000000,0.000001110,0.066000,0.000000,0.000000,0.000000,0.000000,0.000000,0.750000,0.000000
50970.703125,1.000000,543.000000,0.000000,0.000000,293.000000,1.000000,1.000000,0.000000,1000.304504,0.750000,0.750000,1.000000,0.002000000,0.000001110,0.066000,0.000000,0.000000,0.000000,0.000000,0.000000,0.750000,0.000000
51070.703125,1.000000,543.000000,0.000000,0.000000,293.000000,1.000000,1.000000,0.000000,1000.304565,0.750000,0.750000,1.000000,0.002000000,0.000001110,0.066000,0.000000,0.000000,0.000000,0.000000,0.000000,0.750000,0.000000
51170.703125,1.000000,543.000000,0.000000,0.000000,293.000000,1.000000,1.000000,0.000000,1000.307800,0.750000,0.750000,1.000000,0.002000000,0.000001110,0.066000,0.000000,0.000000,0.000000,0.000000,0.000000,0.750000,0.000000
51270.703125,1.000000,543.000000,0.000000,0.000000,293.000000,1.000000,1.000000,0.000000,1000.304565,0.750000,0.750000,1.000000,0.002000000,0.000001110,0.066000,0.000000,0.000000,0.000000,0.000000,0.000000,0.750000,0.000000
51370.703125,1.000000,543.000000,0.000000,0.000000,293.000000,1.000000,1.000000,0.000000,1000.303833,0.750000,0.750000,1.000000,0.002000000,0.000001110,0.066000,0.000000,0.000000,0.000000,0.000000,0.000000,0.750000,0.000000
51470.703125,1.000000,543.000000,0.000000,0.000000,293.000000,1.000000,1.000000,0.000000,1000.305115,0.750000,0.750000,1.000000,0.002000000,0.000001110,0.066000,0.000000,0.000000,0.000000,0.000000,0.000000,0.750000,0.000000
51570.703125,1.000000,543.000000,0.000000,0.000000,293.000000,1.000000,1.000000,0.000000,1000.306885,0.750000,0.750000,1.000000,0.002000000,0.000001110,0.066000,0.000000,0.000000,0.000000,0.000000,0.000000,0.750000,0.000000
51670.703125,1.000000,543.000000,0.000000,0.000000,293.000000,1.000000,1.000000,0.000000,1000.304749,0.750000,0.750000,1.000000,0.002000000,0.000001110,0.066000,0.000000,0.000000,0.000000,0.000000,0.000000,0.750000,0.000000
51770.703125,1.000000,543.000000,0.000000,0.000000,293.000000,1.000000,1.000000,0.000000,1000.304932,0.750000,0.750000,1.000000,0.002000000,0.000001110,0.066000,0.000000,0.000000,0.000000,0.000000,0.000000,0.750000,0.000000
51870.703125,1.000000,543.000000,0.000000,0.000000,293.000000,1.000000,1.000000,0.000000,1000.304871,0.750000,0.750000,1.000000,0.002000000,0.000001110,0.066000,0.000000,0.000000,0.000000,0.000000,0.000000,0.750000,0.000000
51970.703125,1.000000,543.000000,0.000000,0.000000,293.000000,1.000000,1.000000,0.000000,1000.304871,0.750000,0.750000,1.000000,0.002000000,0.000001110,0.066000,0.000000,0.000000,0.000000,0.000000,0.000000,0.750000,0.000000
52070.703125,1.000000,543.000000,0.000000,0.000000,293.000000,1.000000,1.000000,0.000000,1000.307190,0.750000,0.750000,1.000000,0.002000000,0.000001110,0.066000,0.000000,0.000000,0.000000,0.000000,0.000000,0.750000,0.000000
52170.703125,1.000000,543.000000,0.000000,0.000000,293.000000,1.000000,1.000000,0.000000,1000.303894,0.750000,0.750000,1.000000,0.002000000,0.000001110,0.066000,0.000000,0.000000,0.000000,0.000000,0.000000,0.750000,0.000000
52270.703125,1.000000,543.000000,0.000000,0.000000,293.000000,1.000000,1.000000,0.000000,1000.305786,0.750000,0.750000,1.000000,0.002000000,0.000001110,0.066000,0.000000,0.000000,0.000000,0.000000,0.000000,0.750000,0.000000
52370.703125,1.000000,543.000000,0.000000,0.000000,293.000000,1.000000,1.000000,0.000000,1000.304016,0.750000,0.750000,1.000000,0.002000000,0.000001110,0.066000,0.000000,0.000000,0.000000,0.000000,0.000000,0.750000,0.000000
52470.703125,1.000000,543.000000,0.000000,0.000000,293.000000,1.000000,1.000000,0.000000,1000.307739,0.750000,0.750000,1.000000,0.002000000,0.000001110,0.066000,0.000000,0.000000,0.000000,0.000000,0.000000,0.750000,0.000000
52570.703125,1.000000,543.000000,0.000000,0.000000,293.000000,1.000000,1.000000,0.000000,1000.304260,0.750000,0.750000,1.000000,0.002000000,0.000001110,0.066000,0.000000,0.000000,0.000000,0.000000,0.000000,0.750000,0.000000
52670.703125,1.000000,543.000000,0.000000,0.000000,293.000000,1.000000,1.000000,0.000000,1000.304871,0.750000,0.750000,1.000000,0.002000000,0.000001110,0.066000,0.000000,0.000000,0.000000,0.000000,0.000000,0.750000,0.000000
52770.703125,1.000000,543.000000,0.000000,0.000000,293.000000,1.000000,1.000000,0.000000,1000.304504,0.750000,0.750000,1.000000,0.002000000,0.000001110,0.066000,0.000000,0.000000,0.000000,0.000000,0.000000,0.750000,0.000000
52870.703125,1.000000,543.000000,0.000000,0.000000,293.000000,1.000000,1.000000,0.000000,1000.304138,0.750000,0.750000,1.000000,0.002000000,0.000001110,0.066000,0.000000,0.000000,0.000000,0.000000,0.000000,0.750000,0.000000
52970.703125,1.000000,543.000000,0.000000,0.000000,293.000000,1.000000,1.000000,0.000000,1000.307922,0.750000,0.750000,1.000000,0.002000000,0.000001110,0.066000,0.000000,0.000000,0.000000,0.000000,0.000000,0.750000,0.000000
53070.703125,1.000000,543.000000,0.000000,0.000000,293.000000,1.000000,1.000000,0.000000,1000.304199,0.750000,0.750000,1.000000,0.002000000,0.000001110,0.066000,0.000000,0.000000,0.000000,0.000000,0.000000,0.750000,0.000000
53170.703125,1.000000,543.000000,0.000000,0.000000,293.000000,1.000000,1.000000,0.000000,1000.305115,0.750000,0.750000,1.000000,0.002000000,0.000001110,0.066000,0.000000,0.000000,0.000000,0.000000,0.000000,0.750000,0.000000
53270.703125,1.000000,543.000000,0.000000,0.000000,293.000000,1.000000,1.000000,0.000000,1000.304565,0.750000,0.750000,1.000000,0.002000000,0.000001110,0.066000,0.000000,0.000000,0.000000,0.000000,0.000000,0.750000,0.000000
53370.703125,1.000000,543.000000,0.000000,0.000000,293.000000,1.000000,1.000000,0.000000,1000.307068,0.750000,0.750000,1.000000,0.002000000,0.000001110,0.066000,0.000000,0.000000,0.000000,0.000000,0.000000,0.750000,0.000000
53470.703125,1.000000,543.000000,0.000000,0.000000,293.000000,1.000000,1.000000,0.000000,1000.304871,0.750000,0.750000,1.000000,0.002000000,0.000001110,0.066000,0.000000,0.000000,0.000000,0.000000,0.000000,0.750000,0.000000
53570.703125,1.000000,543.000000,0.000000,0.000000,293.000000,1.000000,1.000000,0.000000,1000.304199,0.750000,0.750000,1.000000,0.002000000,0.000001110,0.066000,0.000000,0.000000,0.000000,0.000000,0.000000,0.750000,0.000000
53670.703125,1.000000,543.000000,0.000000,0.000000,293.000000,1.000000,1.000000,0.000000,1000.305481,0.750000,0.750000,1.000000,0.002000000,0.000001110,0.066000,0.000000,0.000000,0.000000,0.000000,0.000000,0.750000,0.000000
53770.703125,1.000000,543.000000,0.000000,0.000000,293.000000,1.000000,1.000000,0.000000,1000.304382,0.750000,0.750000,1.000000,0.002000000,0.000001110,0.066000,0.000000,0.000000,0.000000,0.000000,0.000000,0.750000,0.000000
53870.703125,1.000000,543.000000,0.000000,0.000000,293.000000,1.000000,1.000000,0.000000,1000.307312,0.750000,0.750000,1.000000,0.002000000,0.000001110,0.066000,0.000000,0.000000,0.000000,0.000000,0.000000,0.750000,0.000000
53970.703125,1.000000,543.000000,0.000000,0.000000,293.000000,1.000000,1.000000,0.000000,1000.303894,0.750000,0.750000,1.000000,0.002000000,0.000001110,0.066000,0.000000,0.000000,0.000000,0.000000,0.000000,0.750000,0.000000
54070.703125,1.000000,543.000000,0.000000,0.000000,293.000000,1.000000,1.000000,0.000000,1000.304932,0.750000,0.750000,1.000000,0.002000000,0.000001110,0.066000,0.000000,0.000000,0.000000,0.000000,0.000000,0.750000,0.000000
54170.703125,1.000000,543.000000,0.000000,0.000000,293.000000,1.000000,1.000000,0.000000,1000.304382,0.750000,0.750000,1.000000,0.002000000,0.000001110,0.066000,0.000000,0.000000,0.000000,0.000000,0.000000,0.750000,0.000000
54270.703125,1.000000,543.000000,0.000000,0.000000,293.000000,1.000000,1.000000,0.000000,1000.307922,0.750000,0.750000,1.000000,0.002000000,0.000001110,0.066000,0.000000,0.000000,0.000000,0.000000,0.000000,0.750000,0.000000
54370.703125,1.000000,543.000000,0.000000,0.000000,293.000000,1.000000,1.000000,0.000000,1000.304016,0.750000,0.750000,1.000000,0.002000000,0.000001110,0.066000,0.000000,0.000000,0.000000,0.000000,0.000000,0.750000,0.000000
54470.703125,1.000000,543.000000,0.000000,0.000000,293.000000,1.000000,1.000000,0.000000,1000.305481,0.750000,0.750000,1.000000,0.002000000,0.000001110,0.066000,0.000000,0.000000,0.000000,0.000000,0.000000,0.750000,0.000000
54570.703125,1.000000,543.000000,0.000000,0.000000,293.000000,1.000000,1.000000,0.000000,1000.303711,0.750000,0.750000,1.000000,0.002000000,0.000001110,0.066000,0.000000,0.000000,0.000000,0.000000,0.000000,0.750000,0.000000
54670.703125,1.000000,543.000000,0.000000,0.000000,293.000000,1.000000,1.000000,0.000000,1000.308655,0.750000,0.750000,1.000000,0.002000000,0.000001110,0.066000,0.000000,0.000000,0.000000,0.000000,0.000000,0.750000,0.000000
54770.703125,1.000000,543.000000,0.000000,0.000000,293.000000,1.000000,1.000000,0.000000,1000.304443,0.750000,0.750000,1.000000,0.002000000,0.000001110,0.066000,0.000000,0.000000,0.000000,0.000000,0.000000,0.750000,0.000000
54870.703125,1.000000,543.000000,0.000000,0.000000,293.000000,1.000000,1.000000,0.000000,1000.303772,0.750000,0.750000,1.000000,0.002000000,0.000001110,0.066000,0.000000,0.000000,0.000000,0.000000,0.000000,0.750000,0.000000
54970.703125,1.000000,543.000000,0.000000,0.000000,293.000000,1.000000,1.000000,0.000000,1000.305542,0.750000,0.750000,1.000000,0.002000000,0.000001110,0.066000,0.000000,0.000000,0.000000,0.000000,0.000000,0.750000,0.000000
55070.703125,1.000000,543.000000,0.000000,0.000000,293.000000,1.000000,1.000000,0.000000,1000.303589,0.750000,0.750000,1.000000,0.002000000,0.000001110,0.066000,0.000000,0.000000,0.000000,0.000000,0.000000,0.750000,0.000000
55170.703125,1.000000,543.000000,0.000000,0.000000,293.000000,1.000000,1.000000,0.000000,1000.307861,0.750000,0.750000,1.000000,0.002000000,0.000001110,0.066000,0.000000,0.000000,0.000000,0.000000,0.000000,0.750000,0.000000
55270.703125,1.000000,543.000000,0.000000,0.000000,293.000000,1.000000,1.000000,0.000000,1000.305115,0.750000,0.750000,1.000000,0.002000000,0.000001110,0.066000,0.000000,0.000000,0.000000,0.000000,0.000000,0.750000,0.000000
55370.703125,1.000000,543.000000,0.000000,0.000000,293.000000,1.000000,1.000000,0.000000,1000.303406,0.750000,0.750000,1.000000,0.002000000,0.000001110,0.066000,0.000000,0.000000,0.000000,0.000000,0.000000,0.750000,0.000000
55470.703125,1.000000,543.000000,0.000000,0.000000,293.000000,1.000000,1.000000,0.000000,1000.305908,0.750000,0.750000,1.000000,0.002000000,0.000001110,0.066000,0.000000,0.000000,0.000000,0.000000,0.000000,0.750000,0.000000
55570.703125,1.000000,543.000000,0.000000,0.000000,293.000000,1.000000,1.000000,0.000000,1000.304138,0.750000,0.750000,1.000000,0.002000000,0.000001110,0.066000,0.000000,0.000000,0.000000,0.000000,0.000000,0.750000,0.000000
55670.703125,1.000000,543.000000,0.000000,0.000000,293.000000,1.000000,1.000000,0.000000,1000.307861,0.750000,0.750000,1.000000,0.002000000,0.000001110,0.066000,0.000000,0.000000,0.000000,0.000000,0.000000,0.750000,0.000000
55770.703125,1.000000,543.000000,0.000000,0.000000,293.000000,1.000000,1.000000,0.000000,1000.304138,0.750000,0.750000,1.000000,0.002000000,0.000001110,0.066000,0.000000,0.000000,0.000000,0.000000,0.000000,0.750000,0.000000
55870.703125,1.000000,543.000000,0.000000,0.000000,293.000000,1.000000,1.000000,0.000000,1000.304382,0.750000,0.750000,1.000000,0.002000000,0.000001110,0.066000,0.000000,0.000000,0.000000,0.000000,0.000000,0.750000,0.000000
55970.703125,1.000000,543.000000,0.000000,0.000000,293.000000,1.000000,1.000000,0.000000,1000.304871,0.750000,0.750000,1.000000,0.002000000,0.000001110,0.066000,0.000000,0.000000,0.000000,0.000000,0.000000,0.750000,0.000000
56070.703125,1.000000,543.000000,0.000000,0.000000,293.000000,1.000000,1.000000,0.000000,1000.307861,0.750000,0.750000,1.000000,0.002000000,0.000001110,0.066000,0.000000,0.000000,0.000000,0.000000,0.000000,0.750000,0.000000
56170.703125,1.000000,543.000000,0.000000,0.000000,293.000000,1.000000,1.000000,0.000000,1000.303772,0.750000,0.750000,1.000000,0.002000000,0.000001110,0.066000,0.000000,0.000000,0.000000,0.000000,0.000000,0.750000,0.000000
56270.703125,1.000000,543.000000,0.000000,0.000000,293.000000,1.000000,1.000000,0.000000,1000.304810,0.750000,0.750000,1.000000,0.002000000,0.000001110,0.066000,0.000000,0.000000,0.000000,0.000000,0.000000,0.750000,0.000000
56370.703125,1.000000,543.000000,0.000000,0.000000,293.000000,1.000000,1.000000,0.000000,1000.304932,0.750000,0.750000,1.000000,0.002000000,0.000001110,0.066000,0.000000,0.000000,0.000000,0.000000,0.000000,0.750000,0.000000
56470.703125,1.000000,543.000000,0.000000,0.000000,293.000000,1.000000,1.000000,0.000000,1000.304871,0.750000,0.750000,1.000000,0.002000000,0.000001110,0.066000,0.000000,0.000000,0.000000,0.000000,0.000000,0.750000,0.000000
56570.703125,1.000000,543.000000,0.000000,0.000000,293.000000,1.000000,1.000000,0.000000,1000.306885,0.750000,0.750000,1.000000,0.002000000,0.000001110,0.066000,0.000000,0.000000,0.000000,0.000000,0.000000,0.750000,0.000000
56670.703125,1.000000,543.000000,0.000000,0.000000,293.000000,1.000000,1.000000,0.000000,1000.304871,0.750000,0.750000,1.000000,0.002000000,0.000001110,0.066000,0.000000,0.000000,0.000000,0.000000,0.000000,0.750000,0.000000
56770.703125,1.000000,543.000000,0.000000,0.000000,293.000000,1.000000,1.000000,0.000000,1000.305054,0.750000,0.750000,1.000000,0.002000000,0.000001110,0.066000,0.000000,0.000000,0.000000,0.000000,0.000000,0.750000,0.000000
56870.703125,1.000000,543.000000,0.000000,0.000000,293.000000,1.000000,1.000000,0.000000,1000.303894,0.750000,0.750000,1.000000,0.002000000,0.000001110,0.066000,0.000000,0.000000,0.000000,0.000000,0.000000,0.750000,0.000000
56970.703125,1.000000,543.000000,0.000000,0.000000,293.000000,1.000000,1.000000,0.000000,1000.307617,0.750000,0.750000,1.000000,0.002000000,0.000001110,0.066000,0.000000,0.000000,0.000000,0.000000,0.000000,0.750000,0.000000
57070.703125,1.000000,543.000000,0.000000,0.000000,293.000000,1.000000,1.000000,0.000000,1000.304382,0.750000,0.750000,1.000000,0.002000000,0.000001110,0.066000,0.000000,0.000000,0.000000,0.000000,0.000000,0.750000,0.000000
57170.703125,1.000000,543.000000,0.000000,0.000000,293.000000,1.000000,1.000000,0.000000,1000.304932,0.750000,0.750000,1.000000,0.002000000,0.000001110,0.066000,0.000000,0.000000,0.000000,0.000000,0.000000,0.750000,0.000000
57270.703125,1.000000,543.000000,0.000000,0.000000,293.000000,1.000000,1.000000,0.000000,1000.304382,0.750000,0.750000,1.000000,0.002000000,0.000001110,0.066000,0.000000,0.000000,0.000000,0.000000,0.000000,0.750000,0.000000
57370.703125,1.000000,543.000000,0.000000,0.000000,293.000000,1.000000,1.000000,0.000000,1000.307617,0.750000,0.750000,1.000000,0.002000000,0.000001110,0.066000,0.000000,0.000000,0.000000,0.000000,0.000000,0.750000,0.000000
57470.703125,1.000000,543.000000,0.000000,0.000000,293.000000,1.000000,1.000000,0.000000,1000.304382,0.750000,0.750000,1.000000,0.002000000,0.000001110,0.066000,0.000000,0.000000,0.000000,0.000000,0.000000,0.750000,0.000000
57570.703125,1.000000,543.000000,0.000000,0.000000,293.000000,1.000000,1.000000,0.000000,1000.304382,0.750000,0.750000,1.000000,0.002000000,0.000001110,0.066000,0.000000,0.000000,0.000000,0.000000,0.000000,0.750000,0.000000
57670.703125,1.000000,543.000000,0.000000,0.000000,293.000000,1.000000,1.000000,0.000000,1000.305481,0.750000,0.750000,1.000000,0.002000000,0.000001110,0.066000,0.000000,0.000000,0.000000,0.000000,0.000000,0.750000,0.000000
57770.703125,1.000000,543.000000,0.000000,0.000000,293.000000,1.000000,1.000000,0.000000,1000.304199,0.750000,0.750000,1.000000,0.002000000,0.000001110,0.066000,0.000000,0.000000,0.000000,0.000000,0.000000,0.750000,0.000000
57870.703125,1.000000,543.000000,0.000000,0.000000,293.000000,1.000000,1.000000,0.000000,1000.307861,0.750000,0.750000,1.000000,0.002000000,0.000001110,0.066000,0.000000,0.000000,0.000000,0.000000,0.000000,0.750000,0.000000
57970.703125,1.000000,543.000000,0.000000,0.000000,293.000000,1.000000,1.000000,0.000000,1000.304749,0.750000,0.750000,1.000000,0.002000000,0.000001110,0.066000,0.000000,0.000000,0.000000,0.000000,0.000000,0.750000,0.000000
58070.703125,1.000000,543.000000,0.000000,0.000000,293.000000,1.000000,1.000000,0.000000,1000.303772,0.750000,0.750000,1.000000,0.002000000,0.000001110,0.066000,0.000000,0.000000,0.000000,0.000000,0.000000,0.750000,0.000000
58170.703125,1.000000,543.000000,0.000000,0.000000,293.000000,1.000000,1.000000,0.000000,1000.305542,0.750000,0.750000,1.000000,0.002000000,0.000001110,0.066000,0.000000,0.000000,0.000000,0.000000,0.000000,0.750000,0.000000
58270.703125,1.000000,543.000000,0.000000,0.000000,293.000000,1.000000,1.000000,0.000000,1000.304138,0.750000,0.750000,1.000000,0.002000000,0.000001110,0.066000,0.000000,0.000000,0.000000,0.000000,0.000000,0.750000,0.000000
58370.703125,1.000000,543.000000,0.000000,0.000000,293.000000,1.000000,1.000000,0.000000,1000.307495,0.750000,0.750000,1.000000,0.002000000,0.000001110,0.066000,0.000000,0.000000,0.000000,0.000000,0.000000,0.750000,0.000000
58470.703125,1.000000,543.000000,0.000000,0.000000,293.000000,1.000000,1.000000,0.000000,1000.304382,0.750000,0.750000,1.000000,0.002000000,0.000001110,0.066000,0.000000,0.000000,0.000000,0.000000,0.000000,0.750000,0.000000
58570.703125,1.000000,543.000000,0.000000,0.000000,293.000000,1.000000,1.000000,0.000000,1000.304932,0.750000,0.750000,1.000000,0.002000000,0.000001110,0.066000,0.000000,0.000000,0.000000,0.000000,0.000000,0.750000,0.000000
58670.703125,1.000000,543.000000,0.000000,0.000000,293.000000,1.000000,1.000000,0.000000,1000.304504,0.750000,0.750000,1.000000,0.002000000,0.000001110,0.066000,0.000000,0.000000,0.000000,0.000000,0.000000,0.750000,0.000000
58770.703125,1.000000,543.000000,0.000000,0.000000,293.000000,1.000000,1.000000,0.000000,1000.307495,0.750000,0.750000,1.000000,0.002000000,0.000001110,0.066000,0.000000,0.000000,0.000000,0.000000,0.000000,0.750000,0.000000
58870.703125,1.000000,543.000000,0.000000,0.000000,293.000000,1.000000,1.000000,0.000000,1000.304871,0.750000,0.750000,1.000000,0.002000000,0.000001110,0.066000,0.000000,0.000000,0.000000,0.000000,0.000000,0.750000,0.000000
58970.703125,1.000000,543.000000,0.000000,0.000000,293.000000,1.000000,1.000000,0.000000,1000.303772,0.750000,0.750000,1.000000,0.002000000,0.000001110,0.066000,0.000000,0.000000,0.000000,0.000000,0.000000,0.750000,0.000000
59070.703125,1.000000,543.000000,0.000000,0.000000,293.000000,1.000000,1.000000,0.000000,1000.304871,0.750000,0.750000,1.000000,0.002000000,0.000001110,0.066000,0.000000,0.000000,0.000000,0.000000,0.000000,0.750000,0.000000
59170.703125,1.000000,543.000000,0.000000,0.000000,293.000000,1.000000,1.000000,0.000000,1000.307495,0.750000,0.750000,1.000000,0.002000000,0.000001110,0.066000,0.000000,0.000000,0.000000,0.000000,0.000000,0.750000,0.000000
59270.703125,1.000000,543.000000,0.000000,0.000000,293.000000,1.000000,1.000000,0.000000,1000.304932,0.750000,0.750000,1.000000,0.002000000,0.000001110,0.066000,0.000000,0.000000,0.000000,0.000000,0.000000,0.750000,0.000000
59370.703125,1.000000,543.000000,0.000000,0.000000,293.000000,1.000000,1.000000,0.000000,1000.304199,0.750000,0.750000,1.000000,0.002000000,0.000001110,0.066000,0.000000,0.000000,0.000000,0.000000,0.000000,0.750000,0.000000
59470.703125,1.000000,543.000000,0.000000,0.000000,293.000000,1.000000,1.000000,0.000000,1000.305176,0.750000,0.750000,1.000000,0.002000000,0.000001110,0.066000,0.000000,0.000000,0.000000,0.000000,0.000000,0.750000,0.000000
59570.703125,1.000000,543.000000,0.000000,0.000000,293.000000,1.000000,1.000000,0.000000,1000.303833,0.750000,0.750000,1.000000,0.002000000,0.000001110,0.066000,0.000000,0.000000,0.000000,0.000000,0.000000,0.750000,0.000000
59670.703125,1.000000,543.000000,0.000000,0.000000,293.000000,1.000000,1.000000,0.000000,1000.307617,0.750000,0.750000,1.000000,0.002000000,0.000001110,0.066000,0.000000,0.000000,0.000000,0.000000,0.000000,0.750000,0.000000
59770.703125,1.000000,543.000000,0.000000,0.000000,293.000000,1.000000,1.000000,0.000000,1000.304382,0.750000,0.750000,1.000000,0.002000000,0.000001110,0.066000,0.000000,0.000000,0.000000,0.000000,0.000000,0.750000,0.000000
59870.703125,1.000000,543.000000,0.000000,0.000000,293.000000,1.000000,1.000000,0.000000,1000.304810,0.750000,0.750000,1.000000,0.002000000,0.000001110,0.066000,0.000000,0.000000,0.000000,0.000000,0.000000,0.750000,0.000000
59970.703125,1.000000,543.000000,0.000000,0.000000,293.000000,1.000000,1.000000,0.000000,1000.303894,0.750000,0.750000,1.000000,0.002000000,0.000001110,0.066000,0.000000,0.000000,0.000000,0.000000,0.000000,0.750000,0.000000
60070.703125,1.000000,543.000000,0.000000,0.000000,293.000000,1.000000,1.000000,0.000000,1000.305176,0.750000,0.750000,1.000000,0.002000000,0.000001110,0.066000,0.000000,0.000000,0.000000,0.000000,0.000000,0.750000,0.000000
60170.703125,1.000000,543.000000,0.000000,0.000000,293.000000,1.000000,1.000000,0.000000,1000.307129,0.750000,0.750000,1.000000,0.002000000,0.000001110,0.066000,0.000000,0.000000,0.000000,0.000000,0.000000,0.750000,0.000000
60270.703125,1.000000,543.000000,0.000000,0.000000,293.000000,1.000000,1.000000,0.000000,1000.305359,0.750000,0.750000,1.000000,0.002000000,0.000001110,0.066000,0.000000,0.000000,0.000000,0.000000,0.000000,0.750000,0.000000
60370.703125,1.000000,543.000000,0.000000,0.000000,293.000000,1.000000,1.000000,0.000000,1000.304810,0.750000,0.750000,1.000000,0.002000000,0.000001110,0.066000,0.000000,0.000000,0.000000,0.000000,0.000000,0.750000,0.000000
60470.703125,1.000000,543.000000,0.000000,0.000000,293.000000,1.000000,1.000000,0.000000,1000.304199,0.750000,0.750000,1.000000,0.002000000,0.000001110,0.066000,0.000000,0.000000,0.000000,0.000000,0.000000,0.750000,0.000000
60570.703125,1.000000,543.000000,0.000000,0.000000,293.000000,1.000000,1.000000,0.000000,1000.307922,0.750000,0.750000,1.000000,0.002000000,0.000001110,0.066000,0.000000,0.000000,0.000000,0.000000,0.000000,0.750000,0.000000
60670.703125,1.000000,543.000000,0.000000,0.000000,293.000000,1.000000,1.000000,0.000000,1000.303345,0.750000,0.750000,1.000000,0.002000000,0.000001110,0.066000,0.000000,0.000000,0.000000,0.000000,0.000000,0.750000,0.000000
60770.703125,1.000000,543.000000,0.000000,0.000000,293.000000,1.000000,1.000000,0.000000,1000.305115,0.750000,0.750000,1.000000,0.002000000,0.000001110,0.066000,0.000000,0.000000,0.000000,0.000000,0.000000,0.750000,0.000000
60870.703125,1.000000,543.000000,0.000000,0.000000,293.000000,1.000000,1.000000,0.000000,1000.305481,0.750000,0.750000,1.000000,0.002000000,0.000001110,0.066000,0.000000,0.000000,0.000000,0.000000,0.000000,0.750000,0.000000
60970.703125,1.000000,543.000000,0.000000,0.000000,293.000000,1.000000,1.000000,0.000000,1000.304199,0.750000,0.750000,1.000000,0.002000000,0.000001110,0.066000,0.000000,0.000000,0.000000,0.000000,0.000000,0.750000,0.000000
61070.703125,1.000000,543.000000,0.000000,0.000000,293.000000,1.000000,1.000000,0.000000,1000.307068,0.750000,0.750000,1.000000,0.002000000,0.000001110,0.066000,0.000000,0.000000,0.000000,0.000000,0.000000,0.750000,0.000000
61170.703125,1.000000,543.000000,0.000000,0.000000,293.000000,1.000000,1.000000,0.000000,1000.304932,0.750000,0.750000,1.000000,0.002000000,0.000001110,0.066000,0.000000,0.000000,0.000000,0.000000,0.000000,0.750000,0.000000
61270.703125,1.000000,543.000000,0.000000,0.000000,293.000000,1.000000,1.000000,0.000000,1000.304932,0.750000,0.750000,1.000000,0.002000000,0.000001110,0.066000,0.000000,0.000000,0.000000,0.000000,0.000000,0.750000,0.000000
61370.703125,1.000000,543.000000,0.000000,0.000000,293.000000,1.000000,1.000000,0.000000,1000.304260,0.750000,0.750000,1.000000,0.002000000,0.000001110,0.066000,0.000000,0.000000,0.000000,0.000000,0.000000,0.750000,0.000000
61470.703125,1.000000,543.000000,0.000000,0.000000,293.000000,1.000000,1.000000,0.000000,1000.306885,0.750000,0.750000,1.000000,0.002000000,0.000001110,0.066000,0.000000,0.000000,0.000000,0.000000,0.000000,0.750000,0.000000
61570.703125,1.000000,543.000000,0.000000,0.000000,293.000000,1.000000,1.000000,0.000000,1000.305115,0.750000,0.750000,1.000000,0.002000000,0.000001110,0.066000,0.000000,0.000000,0.000000,0.000000,0.000000,0.750000,0.000000
61670.703125,1.000000,543.000000,0.000000,0.000000,293.000000,1.000000,1.000000,0.000000,1000.304749,0.750000,0.750000,1.000000,0.002000000,0.000001110,0.066000,0.000000,0.000000,0.000000,0.000000,0.000000,0.750000,0.000000
61770.703125,1.000000,543.000000,0.000000,0.000000,293.000000,1.000000,1.000000,0.000000,1000.303894,0.750000,0.750000,1.000000,0.002000000,0.000001110,0.066000,0.000000,0.000000,0.000000,0.000000,0.000000,0.750000,0.000000
61870.703125,1.000000,543.000000,0.000000,0.000000,293.000000,1.000000,1.000000,0.000000,1000.308167,0.750000,0.750000,1.000000,0.002000000,0.000001110,0.066000,0.000000,0.000000,0.000000,0.000000,0.000000,0.750000,0.000000
61970.703125,1.000000,543.000000,0.000000,0.000000,293.000000,1.000000,1.000000,0.000000,1000.304871,0.750000,0.750000,1.000000,0.002000000,0.000001110,0.066000,0.000000,0.000000,0.000000,0.000000,0.000000,0.750000,0.000000
62070.703125,1.000000,543.000000,0.000000,0.000000,293.000000,1.000000,1.000000,0.000000,1000.303589,0.750000,0.750000,1.000000,0.002000000,0.000001110,0.066000,0.000000,0.000000,0.000000,0.000000,0.000000,0.750000,0.000000
62170.703125,1.000000,543.000000,0.000000,0.000000,293.000000,1.000000,1.000000,0.000000,1000.305481,0.750000,0.750000,1.000000,0.002000000,0.000001110,0.066000,0.000000,0.000000,0.000000,0.000000,0.000000,0.750000,0.000000
62270.703125,1.000000,543.000000,0.000000,0.000000,293.000000,1.000000,1.000000,0.000000,1000.304504,0.750000,0.750000,1.000000,0.002000000,0.000001110,0.066000,0.000000,0.000000,0.000000,0.000000,0.000000,0.750000,0.000000
62370.703125,1.000000,543.000000,0.000000,0.000000,293.000000,1.000000,1.000000,0.000000,1000.307312,0.750000,0.750000,1.000000,0.002000000,0.000001110,0.066000,0.000000,0.000000,0.000000,0.000000,0.000000,0.750000,0.000000
62470.703125,1.000000,543.000000,0.000000,0.000000,293.000000,1.000000,1.000000,0.000000,1000.304382,0.750000,0.750000,1.000000,0.002000000,0.000001110,0.066000,0.000000,0.000000,0.000000,0.000000,0.000000,0.750000,0.000000
62570.703125,1.000000,543.000000,0.000000,0.000000,293.000000,1.000000,1.000000,0.000000,1000.304504,0.750000,0.750000,1.000000,0.002000000,0.000001110,0.066000,0.000000,0.000000,0.000000,0.000000,0.000000,0.750000,0.000000
62670.703125,1.000000,543.000000,0.000000,0.000000,293.000000,1.000000,1.000000,0.000000,1000.304565,0.750000,0.750000,1.000000,0.002000000,0.000001110,0.066000,0.000000,0.000000,0.000000,0.000000,0.000000,0.750000,0.000000
62770.703125,1.000000,543.000000,0.000000,0.000000,293.000000,1.000000,1.000000,0.000000,1000.305115,0.750000,0.750000,1.000000,0.002000000,0.000001110,0.066000,0.000000,0.000000,0.000000,0.000000,0.000000,0.750000,0.000000
62870.703125,1.000000,543.000000,0.000000,0.000000,293.000000,1.000000,1.000000,0.000000,1000.307495,0.750000,0.750000,1.000000,0.002000000,0.000001110,0.066000,0.000000,0.000000,0.000000,0.000000,0.000000,0.750000,0.000000
62970.703125,1.000000,543.000000,0.000000,0.000000,293.000000,1.000000,1.000000,0.000000,1000.304138,0.750000,0.750000,1.000000,0.002000000,0.000001110,0.066000,0.000000,0.000000,0.000000,0.000000,0.000000,0.750000,0.000000
63070.703125,1.000000,543.000000,0.000000,0.000000,293.000000,1.000000,1.000000,0.000000,1000.304443,0.750000,0.750000,1.000000,0.002000000,0.000001110,0.066000,0.000000,0.000000,0.000000,0.000000,0.000000,0.750000,0.000000
63170.703125,1.000000,543.000000,0.000000,0.000000,293.000000,1.000000,1.000000,0.000000,1000.304443,0.750000,0.750000,1.000000,0.002000000,0.000001110,0.066000,0.000000,0.000000,0.000000,0.000000,0.000000,0.750000,0.000000
63270.703125,1.000000,543.000000,0.000000,0.000000,293.000000,1.000000,1.000000,0.000000,1000.308167,0.750000,0.750000,1.000000,0.002000000,0.000001110,0.066000,0.000000,0.000000,0.000000,0.000000,0.000000,0.750000,0.000000
63370.703125,1.000000,543.000000,0.000000,0.000000,293.000000,1.000000,1.000000,0.000000,1000.305054,0.750000,0.750000,1.000000,0.002000000,0.000001110,0.066000,0.000000,0.000000,0.000000,0.000000,0.000000,0.750000,0.000000
63470.703125,1.000000,543.000000,0.000000,0.000000,293.000000,1.000000,1.000000,0.000000,1000.303772,0.750000,0.750000,1.000000,0.002000000,0.000001110,0.066000,0.000000,0.000000,0.000000,0.000000,0.000000,0.750000,0.000000
63570.703125,1.000000,543.000000,0.000000,0.000000,293.000000,1.000000,1.000000,0.000000,1000.304504,0.750000,0.750000,1.000000,0.002000000,0.000001110,0.066000,0.000000,0.000000,0.000000,0.000000,0.000000,0.750000,0.000000
63670.703125,1.000000,543.000000,0.000000,0.000000,293.000000,1.000000,1.000000,0.000000,1000.307922,0.750000,0.750000,1.000000,0.002000000,0.000001110,0.066000,0.000000,0.000000,0.000000,0.000000,0.000000,0.750000,0.000000
63770.703125,1.000000,543.000000,0.000000,0.000000,293.000000,1.000000,1.000000,0.000000,1000.304749,0.750000,0.750000,1.000000,0.002000000,0.000001110,0.066000,0.000000,0.000000,0.000000,0.000000,0.000000,0.750000,0.000000
63870.703125,1.000000,543.000000,0.000000,0.000000,293.000000,1.000000,1.000000,0.000000,1000.303406,0.750000,0.750000,1.000000,0.002000000,0.000001110,0.066000,0.000000,0.000000,0.000000,0.000000,0.000000,0.750000,0.000000
63970.703125,1.000000,543.000000,0.000000,0.000000,293.000000,1.000000,1.000000,0.000000,1000.304871,0.750000,0.750000,1.000000,0.002000000,0.000001110,0.066000,0.000000,0.000000,0.000000,0.000000,0.000000,0.750000,0.000000
64070.703125,1.000000,543.000000,0.000000,0.000000,293.000000,1.000000,1.000000,0.000000,1000.304871,0.750000,0.750000,1.000000,0.002000000,0.000001110,0.066000,0.000000,0.000000,0.000000,0.000000,0.000000,0.750000,0.000000
64170.703125,1.000000,543.000000,0.000000,0.000000,293.000000,1.000000,1.000000,0.000000,1000.307861,0.750000,0.750000,1.000000,0.002000000,0.000001110,0.066000,0.000000,0.000000,0.000000,0.000000,0.000000,0.750000,0.000000
64270.703125,1.000000,543.000000,0.000000,0.000000,293.000000,1.000000,1.000000,0.000000,1000.304932,0.750000,0.750000,1.000000,0.002000000,0.000001110,0.066000,0.000000,0.000000,0.000000,0.000000,0.000000,0.750000,0.000000
64370.703125,1.000000,543.000000,0.000000,0.000000,293.000000,1.000000,1.000000,0.000000,1000.304138,0.750000,0.750000,1.000000,0.002000000,0.000001110,0.066000,0.000000,0.000000,0.000000,0.000000,0.000000,0.750000,0.000000
64470.703125,1.000000,543.000000,0.000000,0.000000,293.000000,1.000000,1.000000,0.000000,1000.304932,0.750000,0.750000,1.000000,0.002000000,0.000001110,0.066000,0.000000,0.000000,0.000000,0.000000,0.000000,0.750000,0.000000
64570.703125,1.000000,543.000000,0.000000,0.000000,293.000000,1.000000,1.000000,0.000000,1000.304565,0.750000,0.750000,1.000000,0.002000000,0.000001110,0.066000,0.000000,0.000000,0.000000,0.000000,0.000000,0.750000,0.000000
64670.703125,1.000000,543.000000,0.000000,0.000000,293.000000,1.000000,1.000000,0.000000,1000.307617,0.750000,0.750000,1.000000,0.002000000,0.000001110,0.066000,0.000000,0.000000,0.000000,0.000000,0.000000,0.750000,0.000000
64770.703125,1.000000,543.000000,0.000000,0.000000,293.000000,1.000000,1.000000,0.000000,1000.304382,0.750000,0.750000,1.000000,0.002000000,0.000001110,0.066000,0.000000,0.000000,0.000000,0.000000,0.000000,0.750000,0.000000
64870.703125,1.000000,543.000000,0.000000,0.000000,293.000000,1.000000,1.000000,0.000000,1000.305054,0.750000,0.750000,1.000000,0.002000000,0.000001110,0.066000,0.000000,0.000000,0.000000,0.000000,0.000000,0.750000,0.000000
64970.703125,1.000000,543.000000,0.000000,0.000000,293.000000,1.000000,1.000000,0.000000,1000.303406,0.750000,0.750000,1.000000,0.002000000,0.000001110,0.066000,0.000000,0.000000,0.000000,0.000000,0.000000,0.750000,0.000000
65070.703125,1.000000,543.000000,0.000000,0.000000,293.000000,1.000000,1.000000,0.000000,1000.308289,0.750000,0.750000,1.000000,0.002000000,0.000001110,0.066000,0.000000,0.000000,0.000000,0.000000,0.000000,0.750000,0.000000
65170.703125,1.000000,543.000000,0.000000,0.000000,293.000000,1.000000,1.000000,0.000000,1000.303772,0.750000,0.750000,1.000000,0.002000000,0.000001110,0.066000,0.000000,0.000000,0.000000,0.000000,0.000000,0.750000,0.000000
65270.703125,1.000000,543.000000,0.000000,0.000000,293.000000,1.000000,1.000000,0.000000,1000.305481,0.750000,0.750000,1.000000,0.002000000,0.000001110,0.066000,0.000000,0.000000,0.000000,0.000000,0.000000,0.750000,0.000000
65370.703125,1.000000,543.000000,0.000000,0.000000,293.000000,1.000000,1.000000,0.000000,1000.304749,0.750000,0.750000,1.000000,0.002000000,0.000001110,0.066000,0.000000,0.000000,0.000000,0.000000,0.000000,0.750000,0.000000
65470.703125,1.000000,543.000000,0.000000,0.000000,293.000000,1.000000,1.000000,0.000000,1000.304382,0.750000,0.750000,1.000000,0.002000000,0.000001110,0.066000,0.000000,0.000000,0.000000,0.000000,0.000000,0.750000,0.000000
65570.703125,1.000000,543.000000,0.000000,0.000000,293.000000,1.000000,1.000000,0.000000,1000.307312,0.750000,0.750000,1.000000,0.002000000,0.000001110,0.066000,0.000000,0.000000,0.000000,0.000000,0.000000,0.750000,0.000000
65670.703125,1.000000,543.000000,0.000000,0.000000,293.000000,1.000000,1.000000,0.000000,1000.304382,0.750000,0.750000,1.000000,0.002000000,0.000001110,0.066000,0.000000,0.000000,0.000000,0.000000,0.000000,0.750000,0.000000
65770.703125,1.000000,543.000000,0.000000,0.000000,293.000000,1.000000,1.000000,0.000000,1000.305115,0.750000,0.750000,1.000000,0.002000000,0.000001110,0.066000,0.000000,0.000000,0.000000,0.000000,0.000000,0.750000,0.000000
65870.703125,1.000000,543.000000,0.000000,0.000000,293.000000,1.000000,1.000000,0.000000,1000.304382,0.750000,0.750000,1.000000,0.002000000,0.000001110,0.066000,0.000000,0.000000,0.000000,0.000000,0.000000,0.750000,0.000000
65970.703125,1.000000,543.000000,0.000000,0.000000,293.000000,1.000000,1.000000,0.000000,1000.307251,0.750000,0.750000,1.000000,0.002000000,0.000001110,0.066000,0.000000,0.000000,0.000000,0.000000,0.000000,0.750000,0.000000
66070.703125,1.000000,543.000000,0.000000,0.000000,293.000000,1.000000,1.000000,0.000000,1000.304932,0.750000,0.750000,1.000000,0.002000000,0.000001110,0.066000,0.000000,0.000000,0.000000,0.000000,0.000000,0.750000,0.000000
66170.703125,1.000000,543.000000,0.000000,0.000000,293.000000,1.000000,1.000000,0.000000,1000.304749,0.750000,0.750000,1.000000,0.002000000,0.000001110,0.066000,0.000000,0.000000,0.000000,0.000000,0.000000,0.750000,0.000000
66270.703125,1.000000,543.000000,0.000000,0.000000,293.000000,1.000000,1.000000,0.000000,1000.304382,0.750000,0.750000,1.000000,0.002000000,0.000001110,0.066000,0.000000,0.000000,0.000000,0.000000,0.000000,0.750000,0.000000
66370.703125,1.000000,543.000000,0.000000,0.000000,293.000000,1.000000,1.000000,0.000000,1000.304749,0.750000,0.750000,1.000000,0.002000000,0.000001110,0.066000,0.000000,0.000000,0.000000,0.000000,0.000000,0.750000,0.000000
66470.703125,1.000000,543.000000,0.000000,0.000000,293.000000,1.000000,1.000000,0.000000,1000.307617,0.750000,0.750000,1.000000,0.002000000,0.000001110,0.066000,0.000000,0.000000,0.000000,0.000000,0.000000,0.750000,0.000000
66570.703125,1.000000,543.000000,0.000000,0.000000,293.000000,1.000000,1.000000,0.000000,1000.303772,0.750000,0.750000,1.000000,0.002000000,0.000001110,0.066000,0.000000,0.000000,0.000000,0.000000,0.000000,0.750000,0.000000
66670.703125,1.000000,543.000000,0.000000,0.000000,293.000000,1.000000,1.000000,0.000000,1000.304504,0.750000,0.750000,1.000000,0.002000000,0.000001110,0.066000,0.000000,0.000000,0.000000,0.000000,0.000000,0.750000,0.000000
66770.703125,1.000000,543.000000,0.000000,0.000000,293.000000,1.000000,1.000000,0.000000,1000.305542,0.750000,0.750000,1.000000,0.002000000,0.000001110,0.066000,0.000000,0.000000,0.000000,0.000000,0.000000,0.750000,0.000000
66870.703125,1.000000,543.000000,0.000000,0.000000,293.000000,1.000000,1.000000,0.000000,1000.307251,0.750000,0.750000,1.000000,0.002000000,0.000001110,0.066000,0.000000,0.000000,0.000000,0.000000,0.000000,0.750000,0.000000
66970.703125,1.000000,543.000000,0.000000,0.000000,293.000000,1.000000,1.000000,0.000000,1000.303833,0.750000,0.750000,1.000000,0.002000000,0.000001110,0.066000,0.000000,0.000000,0.000000,0.000000,0.000000,0.750000,0.000000
67070.703125,1.000000,543.000000,0.000000,0.000000,293.000000,1.000000,1.000000,0.000000,1000.305176,0.750000,0.750000,1.000000,0.002000000,0.000001110,0.066000,0.000000,0.000000,0.000000,0.000000,0.000000,0.750000,0.000000
67170.703125,1.000000,543.000000,0.000000,0.000000,293.000000,1.000000,1.000000,0.000000,1000.304749,0.750000,0.750000,1.000000,0.002000000,0.000001110,0.066000,0.000000,0.000000,0.000000,0.000000,0.000000,0.750000,0.000000
67270.703125,1.000000,543.000000,0.000000,0.000000,293.000000,1.000000,1.000000,0.000000,1000.304138,0.750000,0.750000,1.000000,0.002000000,0.000001110,0.066000,0.000000,0.000000,0.000000,0.000000,0.000000,0.750000,0.000000
67370.703125,1.000000,543.000000,0.000000,0.000000,293.000000,1.000000,1.000000,0.000000,1000.307922,0.750000,0.750000,1.000000,0.002000000,0.000001110,0.066000,0.000000,0.000000,0.000000,0.000000,0.000000,0.750000,0.000000
67470.703125,1.000000,543.000000,0.000000,0.000000,293.000000,1.000000,1.000000,0.000000,1000.304504,0.750000,0.750000,1.000000,0.002000000,0.000001110,0.066000,0.000000,0.000000,0.000000,0.000000,0.000000,0.750000,0.000000
67570.703125,1.000000,543.000000,0.000000,0.000000,293.000000,1.000000,1.000000,0.000000,1000.304504,0.750000,0.750000,1.000000,0.002000000,0.000001110,0.066000,0.000000,0.000000,0.000000,0.000000,0.000000,0.750000,0.000000
67670.703125,1.000000,543.000000,0.000000,0.000000,293.000000,1.000000,1.000000,0.000000,1000.304871,0.750000,0.750000,1.000000,0.002000000,0.000001110,0.066000,0.000000,0.000000,0.000000,0.000000,0.000000,0.750000,0.000000
67770.703125,1.000000,543.000000,0.000000,0.000000,293.000000,1.000000,1.000000,0.000000,1000.306885,0.750000,0.750000,1.000000,0.002000000,0.000001110,0.066000,0.000000,0.000000,0.000000,0.000000,0.000000,0.750000,0.000000
67870.703125,1.000000,543.000000,0.000000,0.000000,293.000000,1.000000,1.000000,0.000000,1000.304871,0.750000,0.750000,1.000000,0.002000000,0.000001110,0.066000,0.000000,0.000000,0.000000,0.000000,0.000000,0.750000,0.000000
67970.703125,1.000000,543.000000,0.000000,0.000000,293.000000,1.000000,1.000000,0.000000,1000.304138,0.750000,0.750000,1.000000,0.002000000,0.000001110,0.066000,0.000000,0.000000,0.000000,0.000000,0.000000,0.750000,0.000000
68070.703125,1.000000,543.000000,0.000000,0.000000,293.000000,1.000000,1.000000,0.000000,1000.304443,0.750000,0.750000,1.000000,0.002000000,0.000001110,0.066000,0.000000,0.000000,0.000000,0.000000,0.000000,0.750000,0.000000
68170.703125,1.000000,543.000000,0.000000,0.000000,293.000000,1.000000,1.000000,0.000000,1000.307922,0.750000,0.750000,1.000000,0.002000000,0.000001110,0.066000,0.000000,0.000000,0.000000,0.000000,0.000000,0.750000,0.000000
68270.703125,1.000000,543.000000,0.000000,0.000000,293.000000,1.000000,1.000000,0.000000,1000.305176,0.750000,0.750000,1.000000,0.002000000,0.000001110,0.066000,0.000000,0.000000,0.000000,0.000000,0.000000,0.750000,0.000000
68370.703125,1.000000,543.000000,0.000000,0.000000,293.000000,1.000000,1.000000,0.000000,1000.304199,0.750000,0.750000,1.000000,0.002000000,0.000001110,0.066000,0.000000,0.000000,0.000000,0.000000,0.000000,0.750000,0.000000
68470.703125,1.000000,543.000000,0.000000,0.000000,293.000000,1.000000,1.000000,0.000000,1000.304565,0.750000,0.750000,1.000000,0.002000000,0.000001110,0.066000,0.000000,0.000000,0.000000,0.000000,0.000000,0.750000,0.000000
68570.703125,1.000000,543.000000,0.000000,0.000000,293.000000,1.000000,1.000000,0.000000,1000.304199,0.750000,0.750000,1.000000,0.002000000,0.000001110,0.066000,0.000000,0.000000,0.000000,0.000000,0.000000,0.750000,0.000000
68670.703125,1.000000,543.000000,0.000000,0.000000,293.000000,1.000000,1.000000,0.000000,1000.307434,0.750000,0.750000,1.000000,0.002000000,0.000001110,0.066000,0.000000,0.000000,0.000000,0.000000,0.000000,0.750000,0.000000
68770.703125,1.000000,543.000000,0.000000,0.000000,293.000000,1.000000,1.000000,0.000000,1000.304871,0.750000,0.750000,1.000000,0.002000000,0.000001110,0.066000,0.000000,0.000000,0.000000,0.000000,0.000000,0.750000,0.000000
68870.703125,1.000000,543.000000,0.000000,0.000000,293.000000,1.000000,1.000000,0.000000,1000.304688,0.750000,0.750000,1.000000,0.002000000,0.000001110,0.066000,0.000000,0.000000,0.000000,0.000000,0.000000,0.750000,0.000000
68970.703125,1.000000,543.000000,0.000000,0.000000,293.000000,1.000000,1.000000,0.000000,1000.304688,0.750000,0.750000,1.000000,0.002000000,0.000001110,0.066000,0.000000,0.000000,0.000000,0.000000,0.000000,0.750000,0.000000
69070.703125,1.000000,543.000000,0.000000,0.000000,293.000000,1.000000,1.000000,0.000000,1000.304382,0.750000,0.750000,1.000000,0.002000000,0.000001110,0.066000,0.000000,0.000000,0.000000,0.000000,0.000000,0.750000,0.000000
69170.703125,1.000000,543.000000,0.000000,0.000000,293.000000,1.000000,1.000000,0.000000,1000.308105,0.750000,0.750000,1.000000,0.002000000,0.000001110,0.066000,0.000000,0.000000,0.000000,0.000000,0.000000,0.750000,0.000000
69270.703125,1.000000,543.000000,0.000000,0.000000,293.000000,1.000000,1.000000,0.000000,1000.304382,0.750000,0.750000,1.000000,0.002000000,0.000001110,0.066000,0.000000,0.000000,0.000000,0.000000,0.000000,0.750000,0.000000
69370.703125,1.000000,543.000000,0.000000,0.000000,293.000000,1.000000,1.000000,0.000000,1000.303589,0.750000,0.750000,1.000000,0.002000000,0.000001110,0.066000,0.000000,0.000000,0.000000,0.000000,0.000000,0.750000,0.000000
69470.703125,1.000000,543.000000,0.000000,0.000000,293.000000,1.000000,1.000000,0.000000,1000.304932,0.750000,0.750000,1.000000,0.002000000,0.000001110,0.066000,0.000000,0.000000,0.000000,0.000000,0.000000,0.750000,0.000000
69570.703125,1.000000,543.000000,0.000000,0.000000,293.000000,1.000000,1.000000,0.000000,1000.307617,0.750000,0.750000,1.000000,0.002000000,0.000001110,0.066000,0.000000,0.000000,0.000000,0.000000,0.000000,0.750000,0.000000
69670.703125,1.000000,543.000000,0.000000,0.000000,293.000000,1.000000,1.000000,0.000000,1000.304382,0.750000,0.750000,1.000000,0.002000000,0.000001110,0.066000,0.000000,0.000000,0.000000,0.000000,0.000000,0.750000,0.000000
69770.703125,1.000000,543.000000,0.000000,0.000000,293.000000,1.000000,1.000000,0.000000,1000.304810,0.750000,0.750000,1.000000,0.002000000,0.000001110,0.066000,0.000000,0.000000,0.000000,0.000000,0.000000,0.750000,0.000000
69870.703125,1.000000,543.000000,0.000000,0.000000,293.000000,1.000000,1.000000,0.000000,1000.305115,0.750000,0.750000,1.000000,0.002000000,0.000001110,0.066000,0.000000,0.000000,0.000000,0.000000,0.000000,0.750000,0.000000
69970.703125,1.000000,543.000000,0.000000,0.000000,293.000000,1.000000,1.000000,0.000000,1000.304382,0.750000,0.750000,1.000000,0.002000000,0.000001110,0.066000,0.000000,0.000000,0.000000,0.000000,0.000000,0.750000,0.000000
70070.703125,1.000000,543.000000,0.000000,0.000000,293.000000,1.000000,1.000000,0.000000,1000.307495,0.750000,0.750000,1.000000,0.002000000,0.000001110,0.066000,0.000000,0.000000,0.000000,0.000000,0.000000,0.750000,0.000000
70170.703125,1.000000,543.000000,0.000000,0.000000,293.000000,1.000000,1.000000,0.000000,1000.303894,0.750000,0.750000,1.000000,0.002000000,0.000001110,0.066000,0.000000,0.000000,0.000000,0.000000,0.000000,0.750000,0.000000
70270.703125,1.000000,543.000000,0.000000,0.000000,293.000000,1.000000,1.000000,0.000000,1000.304871,0.750000,0.750000,1.000000,0.002000000,0.000001110,0.066000,0.000000,0.000000,0.000000,0.000000,0.000000,0.750000,0.000000
70370.703125,1.000000,543.000000,0.000000,0.000000,293.000000,1.000000,1.000000,0.000000,1000.304565,0.750000,0.750000,1.000000,0.002000000,0.000001110,0.066000,0.000000,0.000000,0.000000,0.000000,0.000000,0.750000,0.000000
70470.703125,1.000000,543.000000,0.000000,0.000000,293.000000,1.000000,1.000000,0.000000,1000.307434,0.750000,0.750000,1.000000,0.002000000,0.000001110,0.066000,0.000000,0.000000,0.000000,0.000000,0.000000,0.750000,0.000000
70570.703125,1.000000,543.000000,0.000000,0.000000,293.000000,1.000000,1.000000,0.000000,1000.304871,0.750000,0.750000,1.000000,0.002000000,0.000001110,0.066000,0.000000,0.000000,0.000000,0.000000,0.000000,0.750000,0.000000
70670.703125,1.000000,543.000000,0.000000,0.000000,293.000000,1.000000,1.000000,0.000000,1000.304443,0.750000,0.750000,1.000000,0.002000000,0.000001110,0.066000,0.000000,0.000000,0.000000,0.000000,0.000000,0.750000,0.000000
70770.703125,1.000000,543.000000,0.000000,0.000000,293.000000,1.000000,1.000000,0.000000,1000.304810,0.750000,0.750000,1.000000,0.002000000,0.000001110,0.066000,0.000000,0.000000,0.000000,0.000000,0.000000,0.750000,0.000000
70870.703125,1.000000,543.000000,0.000000,0.000000,293.000000,1.000000,1.000000,0.000000,1000.304932,0.750000,0.750000,1.000000,0.002000000,0.000001110,0.066000,0.000000,0.000000,0.000000,0.000000,0.000000,0.750000,0.000000
70970.703125,1.000000,543.000000,0.000000,0.000000,293.000000,1.000000,1.000000,0.000000,1000.307800,0.750000,0.750000,1.000000,0.002000000,0.000001110,0.066000,0.000000,0.000000,0.000000,0.000000,0.000000,0.750000,0.000000
71070.703125,1.000000,543.000000,0.000000,0.000000,293.000000,1.000000,1.000000,0.000000,1000.303894,0.750000,0.750000,1.000000,0.002000000,0.000001110,0.066000,0.000000,0.000000,0.000000,0.000000,0.000000,0.750000,0.000000
71170.703125,1.000000,543.000000,0.000000,0.000000,293.000000,1.000000,1.000000,0.000000,1000.304443,0.750000,0.750000,1.000000,0.002000000,0.000001110,0.066000,0.000000,0.000000,0.000000,0.000000,0.000000,0.750000,0.000000
71270.703125,1.000000,543.000000,0.000000,0.000000,293.000000,1.000000,1.000000,0.000000,1000.304504,0.750000,0.750000,1.000000,0.002000000,0.000001110,0.066000,0.000000,0.000000,0.000000,0.000000,0.000000,0.750000,0.000000
71370.703125,1.000000,543.000000,0.000000,0.000000,293.000000,1.000000,1.000000,0.000000,1000.308228,0.750000,0.750000,1.000000,0.002000000,0.000001110,0.066000,0.000000,0.000000,0.000000,0.000000,0.000000,0.750000,0.000000
71470.703125,1.000000,543.000000,0.000000,0.000000,293.000000,1.000000,1.000000,0.000000,1000.303589,0.750000,0.750000,1.000000,0.002000000,0.000001110,0.066000,0.000000,0.000000,0.000000,0.000000,0.000000,0.750000,0.000000
71570.703125,1.000000,543.000000,0.000000,0.000000,293.000000,1.000000,1.000000,0.000000,1000.305115,0.750000,0.750000,1.000000,0.002000000,0.000001110,0.066000,0.000000,0.000000,0.000000,0.000000,0.000000,0.750000,0.000000
71670.703125,1.000000,543.000000,0.000000,0.000000,293.000000,1.000000,1.000000,0.000000,1000.304871,0.750000,0.750000,1.000000,0.002000000,0.000001110,0.066000,0.000000,0.000000,0.000000,0.000000,0.000000,0.750000,0.000000
71770.703125,1.000000,543.000000,0.000000,0.000000,293.000000,1.000000,1.000000,0.000000,1000.304504,0.750000,0.750000,1.000000,0.002000000,0.000001110,0.066000,0.000000,0.000000,0.000000,0.000000,0.000000,0.750000,0.000000
71870.703125,1.000000,543.000000,0.000000,0.000000,293.000000,1.000000,1.000000,0.000000,1000.307068,0.750000,0.750000,1.000000,0.002000000,0.000001110,0.066000,0.000000,0.000000,0.000000,0.000000,0.000000,0.750000,0.000000
71970.703125,1.000000,543.000000,0.000000,0.000000,293.000000,1.000000,1.000000,0.000000,1000.304382,0.750000,0.750000,1.000000,0.002000000,0.000001110,0.066000,0.000000,0.000000,0.000000,0.000000,0.000000,0.750000,0.000000
72070.703125,1.000000,543.000000,0.000000,0.000000,293.000000,1.000000,1.000000,0.000000,1000.304932,0.750000,0.750000,1.000000,0.002000000,0.000001110,0.066000,0.000000,0.000000,0.000000,0.000000,0.000000,0.750000,0.000000
72170.703125,1.000000,543.000000,0.000000,0.000000,293.000000,1.000000,1.000000,0.000000,1000.304932,0.750000,0.750000,1.000000,0.002000000,0.000001110,0.066000,0.000000,0.000000,0.000000,0.000000,0.000000,0.750000,0.000000
72270.703125,1.000000,543.000000,0.000000,0.000000,293.000000,1.000000,1.000000,0.000000,1000.307495,0.750000,0.750000,1.000000,0.002000000,0.000001110,0.066000,0.000000,0.000000,0.000000,0.000000,0.000000,0.750000,0.000000
72370.703125,1.000000,543.000000,0.000000,0.000000,293.000000,1.000000,1.000000,0.000000,1000.304016,0.750000,0.750000,1.000000,0.002000000,0.000001110,0.066000,0.000000,0.000000,0.000000,0.000000,0.000000,0.750000,0.000000
72470.703125,1.000000,543.000000,0.000000,0.000000,293.000000,1.000000,1.000000,0.000000,1000.304565,0.750000,0.750000,1.000000,0.002000000,0.000001110,0.066000,0.000000,0.000000,0.000000,0.000000,0.000000,0.750000,0.000000
72570.703125,1.000000,543.000000,0.000000,0.000000,293.000000,1.000000,1.000000,0.000000,1000.304260,0.750000,0.750000,1.000000,0.002000000,0.000001110,0.066000,0.000000,0.000000,0.000000,0.000000,0.000000,0.750000,0.000000
72670.703125,1.000000,543.000000,0.000000,0.000000,293.000000,1.000000,1.000000,0.000000,1000.307922,0.750000,0.750000,1.000000,0.002000000,0.000001110,0.066000,0.000000,0.000000,0.000000,0.000000,0.000000,0.750000,0.000000
72770.703125,1.000000,543.000000,0.000000,0.000000,293.000000,1.000000,1.000000,0.000000,1000.304138,0.750000,0.750000,1.000000,0.002000000,0.000001110,0.066000,0.000000,0.000000,0.000000,0.000000,0.000000,0.750000,0.000000
72870.703125,1.000000,543.000000,0.000000,0.000000,293.000000,1.000000,1.000000,0.000000,1000.304504,0.750000,0.750000,1.000000,0.002000000,0.000001110,0.066000,0.000000,0.000000,0.000000,0.000000,0.000000,0.750000,0.000000
72970.703125,1.000000,543.000000,0.000000,0.000000,293.000000,1.000000,1.000000,0.000000,1000.305359,0.750000,0.750000,1.000000,0.002000000,0.000001110,0.066000,0.000000,0.000000,0.000000,0.000000,0.000000,0.750000,0.000000
73070.703125,1.000000,543.000000,0.000000,0.000000,293.000000,1.000000,1.000000,0.000000,1000.304443,0.750000,0.750000,1.000000,0.002000000,0.000001110,0.066000,0.000000,0.000000,0.000000,0.000000,0.000000,0.750000,0.000000
73170.703125,1.000000,543.000000,0.000000,0.000000,293.000000,1.000000,1.000000,0.000000,1000.307312,0.750000,0.750000,1.000000,0.002000000,0.000001110,0.066000,0.000000,0.000000,0.000000,0.000000,0.000000,0.750000,0.000000
73270.703125,1.000000,543.000000,0.000000,0.000000,293.000000,1.000000,1.000000,0.000000,1000.304749,0.750000,0.750000,1.000000,0.002000000,0.000001110,0.066000,0.000000,0.000000,0.000000,0.000000,0.000000,0.750000,0.000000
73370.703125,1.000000,543.000000,0.000000,0.000000,293.000000,1.000000,1.000000,0.000000,1000.304504,0.750000,0.750000,1.000000,0.002000000,0.000001110,0.066000,0.000000,0.000000,0.000000,0.000000,0.000000,0.750000,0.000000
73470.703125,1.000000,543.000000,0.000000,0.000000,293.000000,1.000000,1.000000,0.000000,1000.305176,0.750000,0.750000,1.000000,0.002000000,0.000001110,0.066000,0.000000,0.000000,0.000000,0.000000,0.000000,0.750000,0.000000
73570.703125,1.000000,543.000000,0.000000,0.000000,293.000000,1.000000,1.000000,0.000000,1000.304016,0.750000,0.750000,1.000000,0.002000000,0.000001110,0.066000,0.000000,0.000000,0.000000,0.000000,0.000000,0.750000,0.000000
73670.703125,1.000000,543.000000,0.000000,0.000000,293.000000,1.000000,1.000000,0.000000,1000.307556,0.750000,0.750000,1.000000,0.002000000,0.000001110,0.066000,0.000000,0.000000,0.000000,0.000000,0.000000,0.750000,0.000000
73770.703125,1.000000,543.000000,0.000000,0.000000,293.000000,1.000000,1.000000,0.000000,1000.304138,0.750000,0.750000,1.000000,0.002000000,0.000001110,0.066000,0.000000,0.000000,0.000000,0.000000,0.000000,0.750000,0.000000
73870.703125,1.000000,543.000000,0.000000,0.000000,293.000000,1.000000,1.000000,0.000000,1000.305481,0.750000,0.750000,1.000000,0.002000000,0.000001110,0.066000,0.000000,0.000000,0.000000,0.000000,0.000000,0.750000,0.000000
73970.703125,1.000000,543.000000,0.000000,0.000000,293.000000,1.000000,1.000000,0.000000,1000.304138,0.750000,0.750000,1.000000,0.002000000,0.000001110,0.066000,0.000000,0.000000,0.000000,0.000000,0.000000,0.750000,0.000000
74070.703125,1.000000,543.000000,0.000000,0.000000,293.000000,1.000000,1.000000,0.000000,1000.307617,0.750000,0.750000,1.000000,0.002000000,0.000001110,0.066000,0.000000,0.000000,0.000000,0.000000,0.000000,0.750000,0.000000
74170.703125,1.000000,543.000000,0.000000,0.000000,293.000000,1.000000,1.000000,0.000000,1000.304688,0.750000,0.750000,1.000000,0.002000000,0.000001110,0.066000,0.000000,0.000000,0.000000,0.000000,0.000000,0.750000,0.000000
74270.703125,1.000000,543.000000,0.000000,0.000000,293.000000,1.000000,1.000000,0.000000,1000.304382,0.750000,0.750000,1.000000,0.002000000,0.000001110,0.066000,0.000000,0.000000,0.000000,0.000000,0.000000,0.750000,0.000000
74370.703125,1.000000,543.000000,0.000000,0.000000,293.000000,1.000000,1.000000,0.000000,1000.304871,0.750000,0.750000,1.000000,0.002000000,0.000001110,0.066000,0.000000,0.000000,0.000000,0.000000,0.000000,0.750000,0.000000
74470.703125,1.000000,543.000000,0.000000,0.000000,293.000000,1.000000,1.000000,0.000000,1000.304871,0.750000,0.750000,1.000000,0.002000000,0.000001110,0.066000,0.000000,0.000000,0.000000,0.000000,0.000000,0.750000,0.000000
74570.703125,1.000000,543.000000,0.000000,0.000000,293.000000,1.000000,1.000000,0.000000,1000.307434,0.750000,0.750000,1.000000,0.002000000,0.000001110,0.066000,0.000000,0.000000,0.000000,0.000000,0.000000,0.750000,0.000000
74670.703125,1.000000,543.000000,0.000000,0.000000,293.000000,1.000000,1.000000,0.000000,1000.304260,0.750000,0.750000,1.000000,0.002000000,0.000001110,0.066000,0.000000,0.000000,0.000000,0.000000,0.000000,0.750000,0.000000
74770.703125,1.000000,543.000000,0.000000,0.000000,293.000000,1.000000,1.000000,0.000000,1000.304138,0.750000,0.750000,1.000000,0.002000000,0.000001110,0.066000,0.000000,0.000000,0.000000,0.000000,0.000000,0.750000,0.000000
74870.703125,1.000000,543.000000,0.000000,0.000000,293.000000,1.000000,1.000000,0.000000,1000.305481,0.750000,0.750000,1.000000,0.002000000,0.000001110,0.066000,0.000000,0.000000,0.000000,0.000000,0.000000,0.750000,0.000000
74970.703125,1.000000,543.000000,0.000000,0.000000,293.000000,1.000000,1.000000,0.000000,1000.307190,0.750000,0.750000,1.000000,0.002000000,0.000001110,0.066000,0.000000,0.000000,0.000000,0.000000,0.000000,0.750000,0.000000
75070.703125,1.000000,543.000000,0.000000,0.000000,293.000000,1.000000,1.000000,0.000000,1000.304749,0.750000,0.750000,1.000000,0.002000000,0.000001110,0.066000,0.000000,0.000000,0.000000,0.000000,0.000000,0.750000,0.000000
75170.703125,1.000000,543.000000,0.000000,0.000000,293.000000,1.000000,1.000000,0.000000,1000.304749,0.750000,0.750000,1.000000,0.002000000,0.000001110,0.066000,0.000000,0.000000,0.000000,0.000000,0.000000,0.750000,0.000000
75270.703125,1.000000,543.000000,0.000000,0.000000,293.000000,1.000000,1.000000,0.000000,1000.304138,0.750000,0.750000,1.000000,0.002000000,0.000001110,0.066000,0.000000,0.000000,0.000000,0.000000,0.000000,0.750000,0.000000
75370.703125,1.000000,543.000000,0.000000,0.000000,293.000000,1.000000,1.000000,0.000000,1000.304199,0.750000,0.750000,1.000000,0.002000000,0.000001110,0.066000,0.000000,0.000000,0.000000,0.000000,0.000000,0.750000,0.000000
75470.703125,1.000000,543.000000,0.000000,0.000000,293.000000,1.000000,1.000000,0.000000,1000.307922,0.750000,0.750000,1.000000,0.002000000,0.000001110,0.066000,0.000000,0.000000,0.000000,0.000000,0.000000,0.750000,0.000000
75570.703125,1.000000,543.000000,0.000000,0.000000,293.000000,1.000000,1.000000,0.000000,1000.304565,0.750000,0.750000,1.000000,0.002000000,0.000001110,0.066000,0.000000,0.000000,0.000000,0.000000,0.000000,0.750000,0.000000
75670.703125,1.000000,543.000000,0.000000,0.000000,293.000000,1.000000,1.000000,0.000000,1000.305115,0.750000,0.750000,1.000000,0.002000000,0.000001110,0.066000,0.000000,0.000000,0.000000,0.000000,0.000000,0.750000,0.000000
75770.703125,1.000000,543.000000,0.000000,0.000000,293.000000,1.000000,1.000000,0.000000,1000.304199,0.750000,0.750000,1.000000,0.002000000,0.000001110,0.066000,0.000000,0.000000,0.000000,0.000000,0.000000,0.750000,0.000000
75870.703125,1.000000,543.000000,0.000000,0.000000,293.000000,1.000000,1.000000,0.000000,1000.307922,0.750000,0.750000,1.000000,0.002000000,0.000001110,0.066000,0.000000,0.000000,0.000000,0.000000,0.000000,0.750000,0.000000
75970.703125,1.000000,543.000000,0.000000,0.000000,293.000000,1.000000,1.000000,0.000000,1000.303589,0.750000,0.750000,1.000000,0.002000000,0.000001110,0.066000,0.000000,0.000000,0.000000,0.000000,0.000000,0.750000,0.000000
76070.703125,1.000000,543.000000,0.000000,0.000000,293.000000,1.000000,1.000000,0.000000,1000.304871,0.750000,0.750000,1.000000,0.002000000,0.000001110,0.066000,0.000000,0.000000,0.000000,0.000000,0.000000,0.750000,0.000000
76170.703125,1.000000,543.000000,0.000000,0.000000,293.000000,1.000000,1.000000,0.000000,1000.304565,0.750000,0.750000,1.000000,0.002000000,0.000001110,0.066000,0.000000,0.000000,0.000000,0.000000,0.000000,0.750000,0.000000
76270.703125,1.000000,543.000000,0.000000,0.000000,293.000000,1.000000,1.000000,0.000000,1000.304382,0.750000,0.750000,1.000000,0.002000000,0.000001110,0.066000,0.000000,0.000000,0.000000,0.000000,0.000000,0.750000,0.000000
76370.703125,1.000000,543.000000,0.000000,0.000000,293.000000,1.000000,1.000000,0.000000,1000.308105,0.750000,0.750000,1.000000,0.002000000,0.000001110,0.066000,0.000000,0.000000,0.000000,0.000000,0.000000,0.750000,0.000000
76470.703125,1.000000,543.000000,0.000000,0.000000,293.000000,1.000000,1.000000,0.000000,1000.304016,0.750000,0.750000,1.000000,0.002000000,0.000001110,0.066000,0.000000,0.000000,0.000000,0.000000,0.000000,0.750000,0.000000
76570.703125,1.000000,543.000000,0.000000,0.000000,293.000000,1.000000,1.000000,0.000000,1000.305115,0.750000,0.750000,1.000000,0.002000000,0.000001110,0.066000,0.000000,0.000000,0.000000,0.000000,0.000000,0.750000,0.000000
76670.703125,1.000000,543.000000,0.000000,0.000000,293.000000,1.000000,1.000000,0.000000,1000.304565,0.750000,0.750000,1.000000,0.002000000,0.000001110,0.066000,0.000000,0.000000,0.000000,0.000000,0.000000,0.750000,0.000000
76770.703125,1.000000,543.000000,0.000000,0.000000,293.000000,1.000000,1.000000,0.000000,1000.306885,0.750000,0.750000,1.000000,0.002000000,0.000001110,0.066000,0.000000,0.000000,0.000000,0.000000,0.000000,0.750000,0.000000
76870.703125,1.000000,543.000000,0.000000,0.000000,293.000000,1.000000,1.000000,0.000000,1000.305176,0.750000,0.750000,1.000000,0.002000000,0.000001110,0.066000,0.000000,0.000000,0.000000,0.000000,0.000000,0.750000,0.000000
76970.703125,1.000000,543.000000,0.000000,0.000000,293.000000,1.000000,1.000000,0.000000,1000.304443,0.750000,0.750000,1.000000,0.002000000,0.000001110,0.066000,0.000000,0.000000,0.000000,0.000000,0.000000,0.750000,0.000000
77070.703125,1.000000,543.000000,0.000000,0.000000,293.000000,1.000000,1.000000,0.000000,1000.304565,0.750000,0.750000,1.000000,0.002000000,0.000001110,0.066000,0.000000,0.000000,0.000000,0.000000,0.000000,0.750000,0.000000
77170.703125,1.000000,543.000000,0.000000,0.000000,293.000000,1.000000,1.000000,0.000000,1000.306763,0.750000,0.750000,1.000000,0.002000000,0.000001110,0.066000,0.000000,0.000000,0.000000,0.000000,0.000000,0.750000,0.000000
77270.703125,1.000000,543.000000,0.000000,0.000000,293.000000,1.000000,1.000000,0.000000,1000.305420,0.750000,0.750000,1.000000,0.002000000,0.000001110,0.066000,0.000000,0.000000,0.000000,0.000000,0.000000,0.750000,0.000000
77370.703125,1.000000,543.000000,0.000000,0.000000,293.000000,1.000000,1.000000,0.000000,1000.304932,0.750000,0.750000,1.000000,0.002000000,0.000001110,0.066000,0.000000,0.000000,0.000000,0.000000,0.000000,0.750000,0.000000
77470.703125,1.000000,543.000000,0.000000,0.000000,293.000000,1.000000,1.000000,0.000000,1000.304199,0.750000,0.750000,1.000000,0.002000000,0.000001110,0.066000,0.000000,0.000000,0.000000,0.000000,0.000000,0.750000,0.000000
77570.703125,1.000000,543.000000,0.000000,0.000000,293.000000,1.000000,1.000000,0.000000,1000.304565,0.750000,0.750000,1.000000,0.002000000,0.000001110,0.066000,0.000000,0.000000,0.000000,0.000000,0.000000,0.750000,0.000000
77670.703125,1.000000,543.000000,0.000000,0.000000,293.000000,1.000000,1.000000,0.000000,1000.307312,0.750000,0.750000,1.000000,0.002000000,0.000001110,0.066000,0.000000,0.000000,0.000000,0.000000,0.000000,0.750000,0.000000
77770.703125,1.000000,543.000000,0.000000,0.000000,293.000000,1.000000,1.000000,0.000000,1000.305115,0.750000,0.750000,1.000000,0.002000000,0.000001110,0.066000,0.000000,0.000000,0.000000,0.000000,0.000000,0.750000,0.000000
77870.703125,1.000000,543.000000,0.000000,0.000000,293.000000,1.000000,1.000000,0.000000,1000.303589,0.750000,0.750000,1.000000,0.002000000,0.000001110,0.066000,0.000000,0.000000,0.000000,0.000000,0.000000,0.750000,0.000000
77970.703125,1.000000,543.000000,0.000000,0.000000,293.000000,1.000000,1.000000,0.000000,1000.304565,0.750000,0.750000,1.000000,0.002000000,0.000001110,0.066000,0.000000,0.000000,0.000000,0.000000,0.000000,0.750000,0.000000
78070.703125,1.000000,543.000000,0.000000,0.000000,293.000000,1.000000,1.000000,0.000000,1000.308533,0.750000,0.750000,1.000000,0.002000000,0.000001110,0.066000,0.000000,0.000000,0.000000,0.000000,0.000000,0.750000,0.000000
78170.703125,1.000000,543.000000,0.000000,0.000000,293.000000,1.000000,1.000000,0.000000,1000.304016,0.750000,0.750000,1.000000,0.002000000,0.000001110,0.066000,0.000000,0.000000,0.000000,0.000000,0.000000,0.750000,0.000000
78270.703125,1.000000,543.000000,0.000000,0.000000,293.000000,1.000000,1.000000,0.000000,1000.304382,0.750000,0.750000,1.000000,0.002000000,0.000001110,0.066000,0.000000,0.000000,0.000000,0.000000,0.000000,0.750000,0.000000
78370.703125,1.000000,543.000000,0.000000,0.000000,293.000000,1.000000,1.000000,0.000000,1000.304688,0.750000,0.750000,1.000000,0.002000000,0.000001110,0.066000,0.000000,0.000000,0.000000,0.000000,0.000000,0.750000,0.000000
78470.703125,1.000000,543.000000,0.000000,0.000000,293.000000,1.000000,1.000000,0.000000,1000.304382,0.750000,0.750000,1.000000,0.002000000,0.000001110,0.066000,0.000000,0.000000,0.000000,0.000000,0.000000,0.750000,0.000000
78570.703125,1.000000,543.000000,0.000000,0.000000,293.000000,1.000000,1.000000,0.000000,1000.307617,0.750000,0.750000,1.000000,0.002000000,0.000001110,0.066000,0.000000,0.000000,0.000000,0.000000,0.000000,0.750000,0.000000
78670.703125,1.000000,543.000000,0.000000,0.000000,293.000000,1.000000,1.000000,0.000000,1000.305237,0.750000,0.750000,1.000000,0.002000000,0.000001110,0.066000,0.000000,0.000000,0.000000,0.000000,0.000000,0.750000,0.000000
78770.703125,1.000000,543.000000,0.000000,0.000000,293.000000,1.000000,1.000000,0.000000,1000.304504,0.750000,0.750000,1.000000,0.002000000,0.000001110,0.066000,0.000000,0.000000,0.000000,0.000000,0.000000,0.750000,0.000000
78870.703125,1.000000,543.000000,0.000000,0.000000,293.000000,1.000000,1.000000,0.000000,1000.304016,0.750000,0.750000,1.000000,0.002000000,0.000001110,0.066000,0.000000,0.000000,0.000000,0.000000,0.000000,0.750000,0.000000
78970.703125,1.000000,543.000000,0.000000,0.000000,293.000000,1.000000,1.000000,0.000000,1000.308167,0.750000,0.750000,1.000000,0.002000000,0.000001110,0.066000,0.000000,0.000000,0.000000,0.000000,0.000000,0.750000,0.000000
79070.703125,1.000000,543.000000,0.000000,0.000000,293.000000,1.000000,1.000000,0.000000,1000.304504,0.750000,0.750000,1.000000,0.002000000,0.000001110,0.066000,0.000000,0.000000,0.000000,0.000000,0.000000,0.750000,0.000000
79170.703125,1.000000,543.000000,0.000000,0.000000,293.000000,1.000000,1.000000,0.000000,1000.304138,0.750000,0.750000,1.000000,0.002000000,0.000001110,0.066000,0.000000,0.000000,0.000000,0.000000,0.000000,0.750000,0.000000
79270.703125,1.000000,543.000000,0.000000,0.000000,293.000000,1.000000,1.000000,0.000000,1000.305176,0.750000,0.750000,1.000000,0.002000000,0.000001110,0.066000,0.000000,0.000000,0.000000,0.000000,0.000000,0.750000,0.000000
79370.703125,1.000000,543.000000,0.000000,0.000000,293.000000,1.000000,1.000000,0.000000,1000.304199,0.750000,0.750000,1.000000,0.002000000,0.000001110,0.066000,0.000000,0.000000,0.000000,0.000000,0.000000,0.750000,0.000000
79470.703125,1.000000,543.000000,0.000000,0.000000,293.000000,1.000000,1.000000,0.000000,1000.306885,0.750000,0.750000,1.000000,0.002000000,0.000001110,0.066000,0.000000,0.000000,0.000000,0.000000,0.000000,0.750000,0.000000
79570.703125,1.000000,543.000000,0.000000,0.000000,293.000000,1.000000,1.000000,0.000000,1000.304749,0.750000,0.750000,1.000000,0.002000000,0.000001110,0.066000,0.000000,0.000000,0.000000,0.000000,0.000000,0.750000,0.000000
79670.703125,1.000000,543.000000,0.000000,0.000000,293.000000,1.000000,1.000000,0.000000,1000.304932,0.750000,0.750000,1.000000,0.002000000,0.000001110,0.066000,0.000000,0.000000,0.000000,0.000000,0.000000,0.750000,0.000000
79770.703125,1.000000,543.000000,0.000000,0.000000,293.000000,1.000000,1.000000,0.000000,1000.304504,0.750000,0.750000,1.000000,0.002000000,0.000001110,0.066000,0.000000,0.000000,0.000000,0.000000,0.000000,0.750000,0.000000
79870.703125,1.000000,543.000000,0.000000,0.000000,293.000000,1.000000,1.000000,0.000000,1000.307251,0.750000,0.750000,1.000000,0.002000000,0.000001110,0.066000,0.000000,0.000000,0.000000,0.000000,0.000000,0.750000,0.000000
79970.703125,1.000000,543.000000,0.000000,0.000000,293.000000,1.000000,1.000000,0.000000,1000.304932,0.750000,0.750000,1.000000,0.002000000,0.000001110,0.066000,0.000000,0.000000,0.000000,0.000000,0.000000,0.750000,0.000000
80070.703125,1.000000,543.000000,0.000000,0.000000,293.000000,1.000000,1.000000,0.000000,1000.304810,0.750000,0.750000,1.000000,0.002000000,0.000001110,0.066000,0.000000,0.000000,0.000000,0.000000,0.000000,0.750000,0.000000
80170.703125,1.000000,543.000000,0.000000,0.000000,293.000000,1.000000,1.000000,0.000000,1000.304749,0.750000,0.750000,1.000000,0.002000000,0.000001110,0.066000,0.000000,0.000000,0.000000,0.000000,0.000000,0.750000,0.000000
80270.703125,1.000000,543.000000,0.000000,0.000000,293.000000,1.000000,1.000000,0.000000,1000.304199,0.750000,0.750000,1.000000,0.002000000,0.000001110,0.066000,0.000000,0.000000,0.000000,0.000000,0.000000,0.750000,0.000000
80370.703125,1.000000,543.000000,0.000000,0.000000,293.000000,1.000000,1.000000,0.000000,1000.307495,0.750000,0.750000,1.000000,0.002000000,0.000001110,0.066000,0.000000,0.000000,0.000000,0.000000,0.000000,0.750000,0.000000
80470.703125,1.000000,543.000000,0.000000,0.000000,293.000000,1.000000,1.000000,0.000000,1000.304871,0.750000,0.750000,1.000000,0.002000000,0.000001110,0.066000,0.000000,0.000000,0.000000,0.000000,0.000000,0.750000,0.000000
80570.703125,1.000000,543.000000,0.000000,0.000000,293.000000,1.000000,1.000000,0.000000,1000.304016,0.750000,0.750000,1.000000,0.002000000,0.000001110,0.066000,0.000000,0.000000,0.000000,0.000000,0.000000,0.750000,0.000000
80670.703125,1.000000,543.000000,0.000000,0.000000,293.000000,1.000000,1.000000,0.000000,1000.304932,0.750000,0.750000,1.000000,0.002000000,0.000001110,0.066000,0.000000,0.000000,0.000000,0.000000,0.000000,0.750000,0.000000
80770.703125,1.000000,543.000000,0.000000,0.000000,293.000000,1.000000,1.000000,0.000000,1000.307617,0.750000,0.750000,1.000000,0.002000000,0.000001110,0.066000,0.000000,0.000000,0.000000,0.000000,0.000000,0.750000,0.000000
80870.703125,1.000000,543.000000,0.000000,0.000000,293.000000,1.000000,1.000000,0.000000,1000.304932,0.750000,0.750000,1.000000,0.002000000,0.000001110,0.066000,0.000000,0.000000,0.000000,0.000000,0.000000,0.750000,0.000000
80970.703125,1.000000,543.000000,0.000000,0.000000,293.000000,1.000000,1.000000,0.000000,1000.303772,0.750000,0.750000,1.000000,0.002000000,0.000001110,0.066000,0.000000,0.000000,0.000000,0.000000,0.000000,0.750000,0.000000
81070.703125,1.000000,543.000000,0.000000,0.000000,293.000000,1.000000,1.000000,0.000000,1000.305176,0.750000,0.750000,1.000000,0.002000000,0.000001110,0.066000,0.000000,0.000000,0.000000,0.000000,0.000000,0.750000,0.000000
81170.703125,1.000000,543.000000,0.000000,0.000000,293.000000,1.000000,1.000000,0.000000,1000.304749,0.750000,0.750000,1.000000,0.002000000,0.000001110,0.066000,0.000000,0.000000,0.000000,0.000000,0.000000,0.750000,0.000000
81270.703125,1.000000,543.000000,0.000000,0.000000,293.000000,1.000000,1.000000,0.000000,1000.307129,0.750000,0.750000,1.000000,0.002000000,0.000001110,0.066000,0.000000,0.000000,0.000000,0.000000,0.000000,0.750000,0.000000
81370.703125,1.000000,543.000000,0.000000,0.000000,293.000000,1.000000,1.000000,0.000000,1000.305054,0.750000,0.750000,1.000000,0.002000000,0.000001110,0.066000,0.000000,0.000000,0.000000,0.000000,0.000000,0.750000,0.000000
81470.703125,1.000000,543.000000,0.000000,0.000000,293.000000,1.000000,1.000000,0.000000,1000.304871,0.750000,0.750000,1.000000,0.002000000,0.000001110,0.066000,0.000000,0.000000,0.000000,0.000000,0.000000,0.750000,0.000000
81570.703125,1.000000,543.000000,0.000000,0.000000,293.000000,1.000000,1.000000,0.000000,1000.303589,0.750000,0.750000,1.000000,0.002000000,0.000001110,0.066000,0.000000,0.000000,0.000000,0.000000,0.000000,0.750000,0.000000
81670.703125,1.000000,543.000000,0.000000,0.000000,293.000000,1.000000,1.000000,0.000000,1000.308228,0.750000,0.750000,1.000000,0.002000000,0.000001110,0.066000,0.000000,0.000000,0.000000,0.000000,0.000000,0.750000,0.000000
81770.703125,1.000000,543.000000,0.000000,0.000000,293.000000,1.000000,1.000000,0.000000,1000.304932,0.750000,0.750000,1.000000,0.002000000,0.000001110,0.066000,0.000000,0.000000,0.000000,0.000000,0.000000,0.750000,0.000000
81870.703125,1.000000,543.000000,0.000000,0.000000,293.000000,1.000000,1.000000,0.000000,1000.303772,0.750000,0.750000,1.000000,0.002000000,0.000001110,0.066000,0.000000,0.000000,0.000000,0.000000,0.000000,0.750000,0.000000
81970.703125,1.000000,543.000000,0.000000,0.000000,293.000000,1.000000,1.000000,0.000000,1000.304871,0.750000,0.750000,1.000000,0.002000000,0.000001110,0.066000,0.000000,0.000000,0.000000,0.000000,0.000000,0.750000,0.000000
82070.703125,1.000000,543.000000,0.000000,0.000000,293.000000,1.000000,1.000000,0.000000,1000.304199,0.750000,0.750000,1.000000,0.002000000,0.000001110,0.066000,0.000000,0.000000,0.000000,0.000000,0.000000,0.750000,0.000000
82170.703125,1.000000,543.000000,0.000000,0.000000,293.000000,1.000000,1.000000,0.000000,1000.307617,0.750000,0.750000,1.000000,0.002000000,0.000001110,0.066000,0.000000,0.000000,0.000000,0.000000,0.000000,0.750000,0.000000
82270.703125,1.000000,543.000000,0.000000,0.000000,293.000000,1.000000,1.000000,0.000000,1000.305054,0.750000,0.750000,1.000000,0.002000000,0.000001110,0.066000,0.000000,0.000000,0.000000,0.000000,0.000000,0.750000,0.000000
82370.703125,1.000000,543.000000,0.000000,0.000000,293.000000,1.000000,1.000000,0.000000,1000.304138,0.750000,0.750000,1.000000,0.002000000,0.000001110,0.066000,0.000000,0.000000,0.000000,0.000000,0.000000,0.750000,0.000000
82470.703125,1.000000,543.000000,0.000000,0.000000,293.000000,1.000000,1.000000,0.000000,1000.304443,0.750000,0.750000,1.000000,0.002000000,0.000001110,0.066000,0.000000,0.000000,0.000000,0.000000,0.000000,0.750000,0.000000
82570.703125,1.000000,543.000000,0.000000,0.000000,293.000000,1.000000,1.000000,0.000000,1000.307434,0.750000,0.750000,1.000000,0.002000000,0.000001110,0.066000,0.000000,0.000000,0.000000,0.000000,0.000000,0.750000,0.000000
82670.703125,1.000000,543.000000,0.000000,0.000000,293.000000,1.000000,1.000000,0.000000,1000.304932,0.750000,0.750000,1.000000,0.002000000,0.000001110,0.066000,0.000000,0.000000,0.000000,0.000000,0.000000,0.750000,0.000000
82770.703125,1.000000,543.000000,0.000000,0.000000,293.000000,1.000000,1.000000,0.000000,1000.305237,0.750000,0.750000,1.000000,0.002000000,0.000001110,0.066000,0.000000,0.000000,0.000000,0.000000,0.000000,0.750000,0.000000
82870.703125,1.000000,543.000000,0.000000,0.000000,293.000000,1.000000,1.000000,0.000000,1000.304382,0.750000,0.750000,1.000000,0.002000000,0.000001110,0.066000,0.000000,0.000000,0.000000,0.000000,0.000000,0.750000,0.000000
82970.703125,1.000000,543.000000,0.000000,0.000000,293.000000,1.000000,1.000000,0.000000,1000.304199,0.750000,0.750000,1.000000,0.002000000,0.000001110,0.066000,0.000000,0.000000,0.000000,0.000000,0.000000,0.750000,0.000000
83070.703125,1.000000,543.000000,0.000000,0.000000,293.000000,1.000000,1.000000,0.000000,1000.307861,0.750000,0.750000,1.000000,0.002000000,0.000001110,0.066000,0.000000,0.000000,0.000000,0.000000,0.000000,0.750000,0.000000
83170.703125,1.000000,543.000000,0.000000,0.000000,293.000000,1.000000,1.000000,0.000000,1000.304504,0.750000,0.750000,1.000000,0.002000000,0.000001110,0.066000,0.000000,0.000000,0.000000,0.000000,0.000000,0.750000,0.000000
83270.703125,1.000000,543.000000,0.000000,0.000000,293.000000,1.000000,1.000000,0.000000,1000.304749,0.750000,0.750000,1.000000,0.002000000,0.000001110,0.066000,0.000000,0.000000,0.000000,0.000000,0.000000,0.750000,0.000000
83370.703125,1.000000,543.000000,0.000000,0.000000,293.000000,1.000000,1.000000,0.000000,1000.303894,0.750000,0.750000,1.000000,0.002000000,0.000001110,0.066000,0.000000,0.000000,0.000000,0.000000,0.000000,0.750000,0.000000
83470.703125,1.000000,543.000000,0.000000,0.000000,293.000000,1.000000,1.000000,0.000000,1000.308594,0.750000,0.750000,1.000000,0.002000000,0.000001110,0.066000,0.000000,0.000000,0.000000,0.000000,0.000000,0.750000,0.000000
83570.703125,1.000000,543.000000,0.000000,0.000000,293.000000,1.000000,1.000000,0.000000,1000.303589,0.750000,0.750000,1.000000,0.002000000,0.000001110,0.066000,0.000000,0.000000,0.000000,0.000000,0.000000,0.750000,0.000000
83670.703125,1.000000,543.000000,0.000000,0.000000,293.000000,1.000000,1.000000,0.000000,1000.305359,0.750000,0.750000,1.000000,0.002000000,0.000001110,0.066000,0.000000,0.000000,0.000000,0.000000,0.000000,0.750000,0.000000
83770.703125,1.000000,543.000000,0.000000,0.000000,293.000000,1.000000,1.000000,0.000000,1000.304016,0.750000,0.750000,1.000000,0.002000000,0.000001110,0.066000,0.000000,0.000000,0.000000,0.000000,0.000000,0.750000,0.000000
83870.703125,1.000000,543.000000,0.000000,0.000000,293.000000,1.000000,1.000000,0.000000,1000.304504,0.750000,0.750000,1.000000,0.002000000,0.000001110,0.066000,0.000000,0.000000,0.000000,0.000000,0.000000,0.750000,0.000000
83970.703125,1.000000,543.000000,0.000000,0.000000,293.000000,1.000000,1.000000,0.000000,1000.308228,0.750000,0.750000,1.000000,0.002000000,0.000001110,0.066000,0.000000,0.000000,0.000000,0.000000,0.000000,0.750000,0.000000
84070.703125,1.000000,543.000000,0.000000,0.000000,293.000000,1.000000,1.000000,0.000000,1000.303589,0.750000,0.750000,1.000000,0.002000000,0.000001110,0.066000,0.000000,0.000000,0.000000,0.000000,0.000000,0.750000,0.000000
84170.703125,1.000000,543.000000,0.000000,0.000000,293.000000,1.000000,1.000000,0.000000,1000.305786,0.750000,0.750000,1.000000,0.002000000,0.000001110,0.066000,0.000000,0.000000,0.000000,0.000000,0.000000,0.750000,0.000000
84270.703125,1.000000,543.000000,0.000000,0.000000,293.000000,1.000000,1.000000,0.000000,1000.303894,0.750000,0.750000,1.000000,0.002000000,0.000001110,0.066000,0.000000,0.000000,0.000000,0.000000,0.000000,0.750000,0.000000
84370.703125,1.000000,543.000000,0.000000,0.000000,293.000000,1.000000,1.000000,0.000000,1000.307617,0.750000,0.750000,1.000000,0.002000000,0.000001110,0.066000,0.000000,0.000000,0.000000,0.000000,0.000000,0.750000,0.000000
84470.703125,1.000000,543.000000,0.000000,0.000000,293.000000,1.000000,1.000000,0.000000,1000.304749,0.750000,0.750000,1.000000,0.002000000,0.000001110,0.066000,0.000000,0.000000,0.000000,0.000000,0.000000,0.750000,0.000000
84570.703125,1.000000,543.000000,0.000000,0.000000,293.000000,1.000000,1.000000,0.000000,1000.304138,0.750000,0.750000,1.000000,0.002000000,0.000001110,0.066000,0.000000,0.000000,0.000000,0.000000,0.000000,0.750000,0.000000
84670.703125,1.000000,543.000000,0.000000,0.000000,293.000000,1.000000,1.000000,0.000000,1000.304565,0.750000,0.750000,1.000000,0.002000000,0.000001110,0.066000,0.000000,0.000000,0.000000,0.000000,0.000000,0.750000,0.000000
84770.703125,1.000000,543.000000,0.000000,0.000000,293.000000,1.000000,1.000000,0.000000,1000.305176,0.750000,0.750000,1.000000,0.002000000,0.000001110,0.066000,0.000000,0.000000,0.000000,0.000000,0.000000,0.750000,0.000000
84870.703125,1.000000,543.000000,0.000000,0.000000,293.000000,1.000000,1.000000,0.000000,1000.307312,0.750000,0.750000,1.000000,0.002000000,0.000001110,0.066000,0.000000,0.000000,0.000000,0.000000,0.000000,0.750000,0.000000
84970.703125,1.000000,543.000000,0.000000,0.000000,293.000000,1.000000,1.000000,0.000000,1000.304688,0.750000,0.750000,1.000000,0.002000000,0.000001110,0.066000,0.000000,0.000000,0.000000,0.000000,0.000000,0.750000,0.000000
85070.703125,1.000000,543.000000,0.000000,0.000000,293.000000,1.000000,1.000000,0.000000,1000.304565,0.750000,0.750000,1.000000,0.002000000,0.000001110,0.066000,0.000000,0.000000,0.000000,0.000000,0.000000,0.750000,0.000000
85170.703125,1.000000,543.000000,0.000000,0.000000,293.000000,1.000000,1.000000,0.000000,1000.304504,0.750000,0.750000,1.000000,0.002000000,0.000001110,0.066000,0.000000,0.000000,0.000000,0.000000,0.000000,0.750000,0.000000
85270.703125,1.000000,543.000000,0.000000,0.000000,293.000000,1.000000,1.000000,0.000000,1000.304199,0.750000,0.750000,1.000000,0.002000000,0.000001110,0.066000,0.000000,0.000000,0.000000,0.000000,0.000000,0.750000,0.000000
85370.703125,1.000000,543.000000,0.000000,0.000000,293.000000,1.000000,1.000000,0.000000,1000.308228,0.750000,0.750000,1.000000,0.002000000,0.000001110,0.066000,0.000000,0.000000,0.000000,0.000000,0.000000,0.750000,0.000000
85470.703125,1.000000,543.000000,0.000000,0.000000,293.000000,1.000000,1.000000,0.000000,1000.304138,0.750000,0.750000,1.000000,0.002000000,0.000001110,0.066000,0.000000,0.000000,0.000000,0.000000,0.000000,0.750000,0.000000
85570.703125,1.000000,543.000000,0.000000,0.000000,293.000000,1.000000,1.000000,0.000000,1000.304199,0.750000,0.750000,1.000000,0.002000000,0.000001110,0.066000,0.000000,0.000000,0.000000,0.000000,0.000000,0.750000,0.000000
85670.703125,1.000000,543.000000,0.000000,0.000000,293.000000,1.000000,1.000000,0.000000,1000.304810,0.750000,0.750000,1.000000,0.002000000,0.000001110,0.066000,0.000000,0.000000,0.000000,0.000000,0.000000,0.750000,0.000000
85770.703125,1.000000,543.000000,0.000000,0.000000,293.000000,1.000000,1.000000,0.000000,1000.307861,0.750000,0.750000,1.000000,0.002000000,0.000001110,0.066000,0.000000,0.000000,0.000000,0.000000,0.000000,0.750000,0.000000
85870.703125,1.000000,543.000000,0.000000,0.000000,293.000000,1.000000,1.000000,0.000000,1000.304260,0.750000,0.750000,1.000000,0.002000000,0.000001110,0.066000,0.000000,0.000000,0.000000,0.000000,0.000000,0.750000,0.000000
85970.703125,1.000000,543.000000,0.000000,0.000000,293.000000,1.000000,1.000000,0.000000,1000.304199,0.750000,0.750000,1.000000,0.002000000,0.000001110,0.066000,0.000000,0.000000,0.000000,0.000000,0.000000,0.750000,0.000000
86070.703125,1.000000,543.000000,0.000000,0.000000,293.000000,1.000000,1.000000,0.000000,1000.305176,0.750000,0.750000,1.000000,0.002000000,0.000001110,0.066000,0.000000,0.000000,0.000000,0.000000,0.000000,0.750000,0.000000
86170.703125,1.000000,543.000000,0.000000,0.000000,293.000000,1.000000,1.000000,0.000000,1000.307312,0.750000,0.750000,1.000000,0.002000000,0.000001110,0.066000,0.000000,0.000000,0.000000,0.000000,0.000000,0.750000,0.000000
86270.703125,1.000000,543.000000,0.000000,0.000000,293.000000,1.000000,1.000000,0.000000,1000.304138,0.750000,0.750000,1.000000,0.002000000,0.000001110,0.066000,0.000000,0.000000,0.000000,0.000000,0.000000,0.750000,0.000000
86370.703125,1.000000,543.000000,0.000000,0.000000,293.000000,1.000000,1.000000,0.000000,1000.304565,0.750000,0.750000,1.000000,0.002000000,0.000001110,0.066000,0.000000,0.000000,0.000000,0.000000,0.000000,0.750000,0.000000
86470.703125,1.000000,543.000000,0.000000,0.000000,293.000000,1.000000,1.000000,0.000000,1000.304565,0.750000,0.750000,1.000000,0.002000000,0.000001110,0.066000,0.000000,0.000000,0.000000,0.000000,0.000000,0.750000,0.000000
86570.703125,1.000000,543.000000,0.000000,0.000000,293.000000,1.000000,1.000000,0.000000,1000.305115,0.750000,0.750000,1.000000,0.002000000,0.000001110,0.066000,0.000000,0.000000,0.000000,0.000000,0.000000,0.750000,0.000000
86670.703125,1.000000,543.000000,0.000000,0.000000,293.000000,1.000000,1.000000,0.000000,1000.307739,0.750000,0.750000,1.000000,0.002000000,0.000001110,0.066000,0.000000,0.000000,0.000000,0.000000,0.000000,0.750000,0.000000
86770.703125,1.000000,543.000000,0.000000,0.000000,293.000000,1.000000,1.000000,0.000000,1000.304565,0.750000,0.750000,1.000000,0.002000000,0.000001110,0.066000,0.000000,0.000000,0.000000,0.000000,0.000000,0.750000,0.000000
86870.703125,1.000000,543.000000,0.000000,0.000000,293.000000,1.000000,1.000000,0.000000,1000.304199,0.750000,0.750000,1.000000,0.002000000,0.000001110,0.066000,0.000000,0.000000,0.000000,0.000000,0.000000,0.750000,0.000000
86970.703125,1.000000,543.000000,0.000000,0.000000,293.000000,1.000000,1.000000,0.000000,1000.304077,0.750000,0.750000,1.000000,0.002000000,0.000001110,0.066000,0.000000,0.000000,0.000000,0.000000,0.000000,0.750000,0.000000
87070.703125,1.000000,543.000000,0.000000,0.000000,293.000000,1.000000,1.000000,0.000000,1000.307739,0.750000,0.750000,1.000000,0.002000000,0.000001110,0.066000,0.000000,0.000000,0.000000,0.000000,0.000000,0.750000,0.000000
87170.703125,1.000000,543.000000,0.000000,0.000000,293.000000,1.000000,1.000000,0.000000,1000.305115,0.750000,0.750000,1.000000,0.002000000,0.000001110,0.066000,0.000000,0.000000,0.000000,0.000000,0.000000,0.750000,0.000000
87270.703125,1.000000,543.000000,0.000000,0.000000,293.000000,1.000000,1.000000,0.000000,1000.303833,0.750000,0.750000,1.000000,0.002000000,0.000001110,0.066000,0.000000,0.000000,0.000000,0.000000,0.000000,0.750000,0.000000
87370.703125,1.000000,543.000000,0.000000,0.000000,293.000000,1.000000,1.000000,0.000000,1000.304932,0.750000,0.750000,1.000000,0.002000000,0.000001110,0.066000,0.000000,0.000000,0.000000,0.000000,0.000000,0.750000,0.000000
87470.703125,1.000000,543.000000,0.000000,0.000000,293.000000,1.000000,1.000000,0.000000,1000.304565,0.750000,0.750000,1.000000,0.002000000,0.000001110,0.066000,0.000000,0.000000,0.000000,0.000000,0.000000,0.750000,0.000000
87570.703125,1.000000,543.000000,0.000000,0.000000,293.000000,1.000000,1.000000,0.000000,1000.307495,0.750000,0.750000,1.000000,0.002000000,0.000001110,0.066000,0.000000,0.000000,0.000000,0.000000,0.000000,0.750000,0.000000
87670.703125,1.000000,543.000000,0.000000,0.000000,293.000000,1.000000,1.000000,0.000000,1000.304565,0.750000,0.750000,1.000000,0.002000000,0.000001110,0.066000,0.000000,0.000000,0.000000,0.000000,0.000000,0.750000,0.000000
87770.703125,1.000000,543.000000,0.000000,0.000000,293.000000,1.000000,1.000000,0.000000,1000.304749,0.750000,0.750000,1.000000,0.002000000,0.000001110,0.066000,0.000000,0.000000,0.000000,0.000000,0.000000,0.750000,0.000000
87870.703125,1.000000,543.000000,0.000000,0.000000,293.000000,1.000000,1.000000,0.000000,1000.304932,0.750000,0.750000,1.000000,0.002000000,0.000001110,0.066000,0.000000,0.000000,0.000000,0.000000,0.000000,0.750000,0.000000
87970.703125,1.000000,543.000000,0.000000,0.000000,293.000000,1.000000,1.000000,0.000000,1000.307495,0.750000,0.750000,1.000000,0.002000000,0.000001110,0.066000,0.000000,0.000000,0.000000,0.000000,0.000000,0.750000,0.000000
88070.703125,1.000000,543.000000,0.000000,0.000000,293.000000,1.000000,1.000000,0.000000,1000.304138,0.750000,0.750000,1.000000,0.002000000,0.000001110,0.066000,0.000000,0.000000,0.000000,0.000000,0.000000,0.750000,0.000000
88170.703125,1.000000,543.000000,0.000000,0.000000,293.000000,1.000000,1.000000,0.000000,1000.304504,0.750000,0.750000,1.000000,0.002000000,0.000001110,0.066000,0.000000,0.000000,0.000000,0.000000,0.000000,0.750000,0.000000
88270.703125,1.000000,543.000000,0.000000,0.000000,293.000000,1.000000,1.000000,0.000000,1000.304932,0.750000,0.750000,1.000000,0.002000000,0.000001110,0.066000,0.000000,0.000000,0.000000,0.000000,0.000000,0.750000,0.000000
88370.703125,1.000000,543.000000,0.000000,0.000000,293.000000,1.000000,1.000000,0.000000,1000.304199,0.750000,0.750000,1.000000,0.002000000,0.000001110,0.066000,0.000000,0.000000,0.000000,0.000000,0.000000,0.750000,0.000000
88470.703125,1.000000,543.000000,0.000000,0.000000,293.000000,1.000000,1.000000,0.000000,1000.307251,0.750000,0.750000,1.000000,0.002000000,0.000001110,0.066000,0.000000,0.000000,0.000000,0.000000,0.000000,0.750000,0.000000
88570.703125,1.000000,543.000000,0.000000,0.000000,293.000000,1.000000,1.000000,0.000000,1000.304871,0.750000,0.750000,1.000000,0.002000000,0.000001110,0.066000,0.000000,0.000000,0.000000,0.000000,0.000000,0.750000,0.000000
88670.703125,1.000000,543.000000,0.000000,0.000000,293.000000,1.000000,1.000000,0.000000,1000.304565,0.750000,0.750000,1.000000,0.002000000,0.000001110,0.066000,0.000000,0.000000,0.000000,0.000000,0.000000,0.750000,0.000000
88770.703125,1.000000,543.000000,0.000000,0.000000,293.000000,1.000000,1.000000,0.000000,1000.304199,0.750000,0.750000,1.000000,0.002000000,0.000001110,0.066000,0.000000,0.000000,0.000000,0.000000,0.000000,0.750000,0.000000
88870.703125,1.000000,543.000000,0.000000,0.000000,293.000000,1.000000,1.000000,0.000000,1000.307922,0.750000,0.750000,1.000000,0.002000000,0.000001110,0.066000,0.000000,0.000000,0.000000,0.000000,0.000000,0.750000,0.000000
88970.703125,1.000000,543.000000,0.000000,0.000000,293.000000,1.000000,1.000000,0.000000,1000.304138,0.750000,0.750000,1.000000,0.002000000,0.000001110,0.066000,0.000000,0.000000,0.000000,0.000000,0.000000,0.750000,0.000000
89070.703125,1.000000,543.000000,0.000000,0.000000,293.000000,1.000000,1.000000,0.000000,1000.305420,0.750000,0.750000,1.000000,0.002000000,0.000001110,0.066000,0.000000,0.000000,0.000000,0.000000,0.000000,0.750000,0.000000
89170.703125,1.000000,543.000000,0.000000,0.000000,293.000000,1.000000,1.000000,0.000000,1000.304871,0.750000,0.750000,1.000000,0.002000000,0.000001110,0.066000,0.000000,0.000000,0.000000,0.000000,0.000000,0.750000,0.000000
89270.703125,1.000000,543.000000,0.000000,0.000000,293.000000,1.000000,1.000000,0.000000,1000.304199,0.750000,0.750000,1.000000,0.002000000,0.000001110,0.066000,0.000000,0.000000,0.000000,0.000000,0.000000,0.750000,0.000000
89370.703125,1.000000,543.000000,0.000000,0.000000,293.000000,1.000000,1.000000,0.000000,1000.307495,0.750000,0.750000,1.000000,0.002000000,0.000001110,0.066000,0.000000,0.000000,0.000000,0.000000,0.000000,0.750000,0.000000
89470.703125,1.000000,543.000000,0.000000,0.000000,293.000000,1.000000,1.000000,0.000000,1000.304199,0.750000,0.750000,1.000000,0.002000000,0.000001110,0.066000,0.000000,0.000000,0.000000,0.000000,0.000000,0.750000,0.000000
89570.703125,1.000000,543.000000,0.000000,0.000000,293.000000,1.000000,1.000000,0.000000,1000.305176,0.750000,0.750000,1.000000,0.002000000,0.000001110,0.066000,0.000000,0.000000,0.000000,0.000000,0.000000,0.750000,0.000000
89670.703125,1.000000,543.000000,0.000000,0.000000,293.000000,1.000000,1.000000,0.000000,1000.303894,0.750000,0.750000,1.000000,0.002000000,0.000001110,0.066000,0.000000,0.000000,0.000000,0.000000,0.000000,0.750000,0.000000
89770.703125,1.000000,543.000000,0.000000,0.000000,293.000000,1.000000,1.000000,0.000000,1000.307068,0.750000,0.750000,1.000000,0.002000000,0.000001110,0.066000,0.000000,0.000000,0.000000,0.000000,0.000000,0.750000,0.000000
89870.703125,1.000000,543.000000,0.000000,0.000000,293.000000,1.000000,1.000000,0.000000,1000.305420,0.750000,0.750000,1.000000,0.002000000,0.000001110,0.066000,0.000000,0.000000,0.000000,0.000000,0.000000,0.750000,0.000000
89970.703125,1.000000,543.000000,0.000000,0.000000,293.000000,1.000000,1.000000,0.000000,1000.304871,0.750000,0.750000,1.000000,0.002000000,0.000001110,0.066000,0.000000,0.000000,0.000000,0.000000,0.000000,0.750000,0.000000
90070.703125,1.000000,543.000000,0.000000,0.000000,293.000000,1.000000,1.000000,0.000000,1000.303589,0.750000,0.750000,1.000000,0.002000000,0.000001110,0.066000,0.000000,0.000000,0.000000,0.000000,0.000000,0.750000,0.000000
90170.703125,1.000000,543.000000,0.000000,0.000000,293.000000,1.000000,1.000000,0.000000,1000.304504,0.750000,0.750000,1.000000,0.002000000,0.000001110,0.066000,0.000000,0.000000,0.000000,0.000000,0.000000,0.750000,0.000000
90270.703125,1.000000,543.000000,0.000000,0.000000,293.000000,1.000000,1.000000,0.000000,1000.308411,0.750000,0.750000,1.000000,0.002000000,0.000001110,0.066000,0.000000,0.000000,0.000000,0.000000,0.000000,0.750000,0.000000
90370.703125,1.000000,543.000000,0.000000,0.000000,293.000000,1.000000,1.000000,0.000000,1000.303772,0.750000,0.750000,1.000000,0.002000000,0.000001110,0.066000,0.000000,0.000000,0.000000,0.000000,0.000000,0.750000,0.000000
90470.703125,1.000000,543.000000,0.000000,0.000000,293.000000,1.000000,1.000000,0.000000,1000.305359,0.750000,0.750000,1.000000,0.002000000,0.000001110,0.066000,0.000000,0.000000,0.000000,0.000000,0.000000,0.750000,0.000000
90570.703125,1.000000,543.000000,0.000000,0.000000,293.000000,1.000000,1.000000,0.000000,1000.304138,0.750000,0.750000,1.000000,0.002000000,0.000001110,0.066000,0.000000,0.000000,0.000000,0.000000,0.000000,0.750000,0.000000
90670.703125,1.000000,543.000000,0.000000,0.000000,293.000000,1.000000,1.000000,0.000000,1000.307617,0.750000,0.750000,1.000000,0.002000000,0.000001110,0.066000,0.000000,0.000000,0.000000,0.000000,0.000000,0.750000,0.000000
90770.703125,1.000000,543.000000,0.000000,0.000000,293.000000,1.000000,1.000000,0.000000,1000.304565,0.750000,0.750000,1.000000,0.002000000,0.000001110,0.066000,0.000000,0.000000,0.000000,0.000000,0.000000,0.750000,0.000000
90870.703125,1.000000,543.000000,0.000000,0.000000,293.000000,1.000000,1.000000,0.000000,1000.304382,0.750000,0.750000,1.000000,0.002000000,0.000001110,0.066000,0.000000,0.000000,0.000000,0.000000,0.000000,0.750000,0.000000
90970.703125,1.000000,543.000000,0.000000,0.000000,293.000000,1.000000,1.000000,0.000000,1000.304871,0.750000,0.750000,1.000000,0.002000000,0.000001110,0.066000,0.000000,0.000000,0.000000,0.000000,0.000000,0.750000,0.000000
91070.703125,1.000000,543.000000,0.000000,0.000000,293.000000,1.000000,1.000000,0.000000,1000.304138,0.750000,0.750000,1.000000,0.002000000,0.000001110,0.066000,0.000000,0.000000,0.000000,0.000000,0.000000,0.750000,0.000000
91170.703125,1.000000,543.000000,0.000000,0.000000,293.000000,1.000000,1.000000,0.000000,1000.308533,0.750000,0.750000,1.000000,0.002000000,0.000001110,0.066000,0.000000,0.000000,0.000000,0.000000,0.000000,0.750000,0.000000
91270.703125,1.000000,543.000000,0.000000,0.000000,293.000000,1.000000,1.000000,0.000000,1000.303406,0.750000,0.750000,1.000000,0.002000000,0.000001110,0.066000,0.000000,0.000000,0.000000,0.000000,0.000000,0.750000,0.000000
91370.703125,1.000000,543.000000,0.000000,0.000000,293.000000,1.000000,1.000000,0.000000,1000.305481,0.750000,0.750000,1.000000,0.002000000,0.000001110,0.066000,0.000000,0.000000,0.000000,0.000000,0.000000,0.750000,0.000000
91470.703125,1.000000,543.000000,0.000000,0.000000,293.000000,1.000000,1.000000,0.000000,1000.303772,0.750000,0.750000,1.000000,0.002000000,0.000001110,0.066000,0.000000,0.000000,0.000000,0.000000,0.000000,0.750000,0.000000
91570.703125,1.000000,543.000000,0.000000,0.000000,293.000000,1.000000,1.000000,0.000000,1000.308411,0.750000,0.750000,1.000000,0.002000000,0.000001110,0.066000,0.000000,0.000000,0.000000,0.000000,0.000000,0.750000,0.000000
91670.703125,1.000000,543.000000,0.000000,0.000000,293.000000,1.000000,1.000000,0.000000,1000.304199,0.750000,0.750000,1.000000,0.002000000,0.000001110,0.066000,0.000000,0.000000,0.000000,0.000000,0.000000,0.750000,0.000000
91770.703125,1.000000,543.000000,0.000000,0.000000,293.000000,1.000000,1.000000,0.000000,1000.304260,0.750000,0.750000,1.000000,0.002000000,0.000001110,0.066000,0.000000,0.000000,0.000000,0.000000,0.000000,0.750000,0.000000
91870.703125,1.000000,543.000000,0.000000,0.000000,293.000000,1.000000,1.000000,0.000000,1000.304504,0.750000,0.750000,1.000000,0.002000000,0.000001110,0.066000,0.000000,0.000000,0.000000,0.000000,0.000000,0.750000,0.000000
91970.703125,1.000000,543.000000,0.000000,0.000000,293.000000,1.000000,1.000000,0.000000,1000.304565,0.750000,0.750000,1.000000,0.002000000,0.000001110,0.066000,0.000000,0.000000,0.000000,0.000000,0.000000,0.750000,0.000000
92070.703125,1.000000,543.000000,0.000000,0.000000,293.000000,1.000000,1.000000,0.000000,1000.307861,0.750000,0.750000,1.000000,0.002000000,0.000001110,0.066000,0.000000,0.000000,0.000000,0.000000,0.000000,0.750000,0.000000
92170.703125,1.000000,543.000000,0.000000,0.000000,293.000000,1.000000,1.000000,0.000000,1000.304382,0.750000,0.750000,1.000000,0.002000000,0.000001110,0.066000,0.000000,0.000000,0.000000,0.000000,0.000000,0.750000,0.000000
92270.703125,1.000000,543.000000,0.000000,0.000000,293.000000,1.000000,1.000000,0.000000,1000.304932,0.750000,0.750000,1.000000,0.002000000,0.000001110,0.066000,0.000000,0.000000,0.000000,0.000000,0.000000,0.750000,0.000000
92370.703125,1.000000,543.000000,0.000000,0.000000,293.000000,1.000000,1.000000,0.000000,1000.304871,0.750000,0.750000,1.000000,0.002000000,0.000001110,0.066000,0.000000,0.000000,0.000000,0.000000,0.000000,0.750000,0.000000
92470.703125,1.000000,543.000000,0.000000,0.000000,293.000000,1.000000,1.000000,0.000000,1000.304199,0.750000,0.750000,1.000000,0.002000000,0.000001110,0.066000,0.000000,0.000000,0.000000,0.000000,0.000000,0.750000,0.000000
92570.703125,1.000000,543.000000,0.000000,0.000000,293.000000,1.000000,1.000000,0.000000,1000.307617,0.750000,0.750000,1.000000,0.002000000,0.000001110,0.066000,0.000000,0.000000,0.000000,0.000000,0.000000,0.750000,0.000000
92670.703125,1.000000,543.000000,0.000000,0.000000,293.000000,1.000000,1.000000,0.000000,1000.304199,0.750000,0.750000,1.000000,0.002000000,0.000001110,0.066000,0.000000,0.000000,0.000000,0.000000,0.000000,0.750000,0.000000
92770.703125,1.000000,543.000000,0.000000,0.000000,293.000000,1.000000,1.000000,0.000000,1000.305176,0.750000,0.750000,1.000000,0.002000000,0.000001110,0.066000,0.000000,0.000000,0.000000,0.000000,0.000000,0.750000,0.000000
92870.703125,1.000000,543.000000,0.000000,0.000000,293.000000,1.000000,1.000000,0.000000,1000.303467,0.750000,0.750000,1.000000,0.002000000,0.000001110,0.066000,0.000000,0.000000,0.000000,0.000000,0.000000,0.750000,0.000000
92970.703125,1.000000,543.000000,0.000000,0.000000,293.000000,1.000000,1.000000,0.000000,1000.307617,0.750000,0.750000,1.000000,0.002000000,0.000001110,0.066000,0.000000,0.000000,0.000000,0.000000,0.000000,0.750000,0.000000
93070.703125,1.000000,543.000000,0.000000,0.000000,293.000000,1.000000,1.000000,0.000000,1000.305359,0.750000,0.750000,1.000000,0.002000000,0.000001110,0.066000,0.000000,0.000000,0.000000,0.000000,0.000000,0.750000,0.000000
93170.703125,1.000000,543.000000,0.000000,0.000000,293.000000,1.000000,1.000000,0.000000,1000.304504,0.750000,0.750000,1.000000,0.002000000,0.000001110,0.066000,0.000000,0.000000,0.000000,0.000000,0.000000,0.750000,0.000000
93270.703125,1.000000,543.000000,0.000000,0.000000,293.000000,1.000000,1.000000,0.000000,1000.304749,0.750000,0.750000,1.000000,0.002000000,0.000001110,0.066000,0.000000,0.000000,0.000000,0.000000,0.000000,0.750000,0.000000
93370.703125,1.000000,543.000000,0.000000,0.000000,293.000000,1.000000,1.000000,0.000000,1000.307251,0.750000,0.750000,1.000000,0.002000000,0.000001110,0.066000,0.000000,0.000000,0.000000,0.000000,0.000000,0.750000,0.000000
93470.703125,1.000000,543.000000,0.000000,0.000000,293.000000,1.000000,1.000000,0.000000,1000.304382,0.750000,0.750000,1.000000,0.002000000,0.000001110,0.066000,0.000000,0.000000,0.000000,0.000000,0.000000,0.750000,0.000000
93570.703125,1.000000,543.000000,0.000000,0.000000,293.000000,1.000000,1.000000,0.000000,1000.304810,0.750000,0.750000,1.000000,0.002000000,0.000001110,0.066000,0.000000,0.000000,0.000000,0.000000,0.000000,0.750000,0.000000
93670.703125,1.000000,543.000000,0.000000,0.000000,293.000000,1.000000,1.000000,0.000000,1000.304565,0.750000,0.750000,1.000000,0.002000000,0.000001110,0.066000,0.000000,0.000000,0.000000,0.000000,0.000000,0.750000,0.000000
93770.703125,1.000000,543.000000,0.000000,0.000000,293.000000,1.000000,1.000000,0.000000,1000.304382,0.750000,0.750000,1.000000,0.002000000,0.000001110,0.066000,0.000000,0.000000,0.000000,0.000000,0.000000,0.750000,0.000000
93870.703125,1.000000,543.000000,0.000000,0.000000,293.000000,1.000000,1.000000,0.000000,1000.307922,0.750000,0.750000,1.000000,0.002000000,0.000001110,0.066000,0.000000,0.000000,0.000000,0.000000,0.000000,0.750000,0.000000
93970.703125,1.000000,543.000000,0.000000,0.000000,293.000000,1.000000,1.000000,0.000000,1000.303833,0.750000,0.750000,1.000000,0.002000000,0.000001110,0.066000,0.000000,0.000000,0.000000,0.000000,0.000000,0.750000,0.000000
94070.703125,1.000000,543.000000,0.000000,0.000000,293.000000,1.000000,1.000000,0.000000,1000.305481,0.750000,0.750000,1.000000,0.002000000,0.000001110,0.066000,0.000000,0.000000,0.000000,0.000000,0.000000,0.750000,0.000000
94170.703125,1.000000,543.000000,0.000000,0.000000,293.000000,1.000000,1.000000,0.000000,1000.303894,0.750000,0.750000,1.000000,0.002000000,0.000001110,0.066000,0.000000,0.000000,0.000000,0.000000,0.000000,0.750000,0.000000
94270.703125,1.000000,543.000000,0.000000,0.000000,293.000000,1.000000,1.000000,0.000000,1000.307861,0.750000,0.750000,1.000000,0.002000000,0.000001110,0.066000,0.000000,0.000000,0.000000,0.000000,0.000000,0.750000,0.000000
94370.703125,1.000000,543.000000,0.000000,0.000000,293.000000,1.000000,1.000000,0.000000,1000.305359,0.750000,0.750000,1.000000,0.002000000,0.000001110,0.066000,0.000000,0.000000,0.000000,0.000000,0.000000,0.750000,0.000000
94470.703125,1.000000,543.000000,0.000000,0.000000,293.000000,1.000000,1.000000,0.000000,1000.304016,0.750000,0.750000,1.000000,0.002000000,0.000001110,0.066000,0.000000,0.000000,0.000000,0.000000,0.000000,0.750000,0.000000
94570.703125,1.000000,543.000000,0.000000,0.000000,293.000000,1.000000,1.000000,0.000000,1000.304382,0.750000,0.750000,1.000000,0.002000000,0.000001110,0.066000,0.000000,0.000000,0.000000,0.000000,0.000000,0.750000,0.000000
94670.703125,1.000000,543.000000,0.000000,0.000000,293.000000,1.000000,1.000000,0.000000,1000.304565,0.750000,0.750000,1.000000,0.002000000,0.000001110,0.066000,0.000000,0.000000,0.000000,0.000000,0.000000,0.750000,0.000000
94770.703125,1.000000,543.000000,0.000000,0.000000,293.000000,1.000000,1.000000,0.000000,1000.308167,0.750000,0.750000,1.000000,0.002000000,0.000001110,0.066000,0.000000,0.000000,0.000000,0.000000,0.000000,0.750000,0.000000
94870.703125,1.000000,543.000000,0.000000,0.000000,293.000000,1.000000,1.000000,0.000000,1000.304199,0.750000,0.750000,1.000000,0.002000000,0.000001110,0.066000,0.000000,0.000000,0.000000,0.000000,0.000000,0.750000,0.000000
94970.703125,1.000000,543.000000,0.000000,0.000000,293.000000,1.000000,1.000000,0.000000,1000.303833,0.750000,0.750000,1.000000,0.002000000,0.000001110,0.066000,0.000000,0.000000,0.000000,0.000000,0.000000,0.750000,0.000000
95070.703125,1.000000,543.000000,0.000000,0.000000,293.000000,1.000000,1.000000,0.000000,1000.306091,0.750000,0.750000,1.000000,0.002000000,0.000001110,0.066000,0.000000,0.000000,0.000000,0.000000,0.000000,0.750000,0.000000
95170.703125,1.000000,543.000000,0.000000,0.000000,293.000000,1.000000,1.000000,0.000000,1000.303345,0.750000,0.750000,1.000000,0.002000000,0.000001110,0.066000,0.000000,0.000000,0.000000,0.000000,0.000000,0.750000,0.000000
95270.703125,1.000000,543.000000,0.000000,0.000000,293.000000,1.000000,1.000000,0.000000,1000.307495,0.750000,0.750000,1.000000,0.002000000,0.000001110,0.066000,0.000000,0.000000,0.000000,0.000000,0.000000,0.750000,0.000000
95370.703125,1.000000,543.000000,0.000000,0.000000,293.000000,1.000000,1.000000,0.000000,1000.304565,0.750000,0.750000,1.000000,0.002000000,0.000001110,0.066000,0.000000,0.000000,0.000000,0.000000,0.000000,0.750000,0.000000
95470.703125,1.000000,543.000000,0.000000,0.000000,293.000000,1.000000,1.000000,0.000000,1000.305725,0.750000,0.750000,1.000000,0.002000000,0.000001110,0.066000,0.000000,0.000000,0.000000,0.000000,0.000000,0.750000,0.000000
95570.703125,1.000000,543.000000,0.000000,0.000000,293.000000,1.000000,1.000000,0.000000,1000.304199,0.750000,0.750000,1.000000,0.002000000,0.000001110,0.066000,0.000000,0.000000,0.000000,0.000000,0.000000,0.750000,0.000000
95670.703125,1.000000,543.000000,0.000000,0.000000,293.000000,1.000000,1.000000,0.000000,1000.307251,0.750000,0.750000,1.000000,0.002000000,0.000001110,0.066000,0.000000,0.000000,0.000000,0.000000,0.000000,0.750000,0.000000
95770.703125,1.000000,543.000000,0.000000,0.000000,293.000000,1.000000,1.000000,0.000000,1000.304504,0.750000,0.750000,1.000000,0.002000000,0.000001110,0.066000,0.000000,0.000000,0.000000,0.000000,0.000000,0.750000,0.000000
95870.703125,1.000000,543.000000,0.000000,0.000000,293.000000,1.000000,1.000000,0.000000,1000.304565,0.750000,0.750000,1.000000,0.002000000,0.000001110,0.066000,0.000000,0.000000,0.000000,0.000000,0.000000,0.750000,0.000000
95970.703125,1.000000,543.000000,0.000000,0.000000,293.000000,1.000000,1.000000,0.000000,1000.305115,0.750000,0.750000,1.000000,0.002000000,0.000001110,0.066000,0.000000,0.000000,0.000000,0.000000,0.000000,0.750000,0.000000
96070.703125,1.000000,543.000000,0.000000,0.000000,293.000000,1.000000,1.000000,0.000000,1000.304138,0.750000,0.750000,1.000000,0.002000000,0.000001110,0.066000,0.000000,0.000000,0.000000,0.000000,0.000000,0.750000,0.000000
96170.703125,1.000000,543.000000,0.000000,0.000000,293.000000,1.000000,1.000000,0.000000,1000.307922,0.750000,0.750000,1.000000,0.002000000,0.000001110,0.066000,0.000000,0.000000,0.000000,0.000000,0.000000,0.750000,0.000000
96270.703125,1.000000,543.000000,0.000000,0.000000,293.000000,1.000000,1.000000,0.000000,1000.304382,0.750000,0.750000,1.000000,0.002000000,0.000001110,0.066000,0.000000,0.000000,0.000000,0.000000,0.000000,0.750000,0.000000
96370.703125,1.000000,543.000000,0.000000,0.000000,293.000000,1.000000,1.000000,0.000000,1000.304138,0.750000,0.750000,1.000000,0.002000000,0.000001110,0.066000,0.000000,0.000000,0.000000,0.000000,0.000000,0.750000,0.000000
96470.703125,1.000000,543.000000,0.000000,0.000000,293.000000,1.000000,1.000000,0.000000,1000.304871,0.750000,0.750000,1.000000,0.002000000,0.000001110,0.066000,0.000000,0.000000,0.000000,0.000000,0.000000,0.750000,0.000000
96570.703125,1.000000,543.000000,0.000000,0.000000,293.000000,1.000000,1.000000,0.000000,1000.307129,0.750000,0.750000,1.000000,0.002000000,0.000001110,0.066000,0.000000,0.000000,0.000000,0.000000,0.000000,0.750000,0.000000
96670.703125,1.000000,543.000000,0.000000,0.000000,293.000000,1.000000,1.000000,0.000000,1000.305481,0.750000,0.750000,1.000000,0.002000000,0.000001110,0.066000,0.000000,0.000000,0.000000,0.000000,0.000000,0.750000,0.000000
96770.703125,1.000000,543.000000,0.000000,0.000000,293.000000,1.000000,1.000000,0.000000,1000.304565,0.750000,0.750000,1.000000,0.002000000,0.000001110,0.066000,0.000000,0.000000,0.000000,0.000000,0.000000,0.750000,0.000000
96870.703125,1.000000,543.000000,0.000000,0.000000,293.000000,1.000000,1.000000,0.000000,1000.303772,0.750000,0.750000,1.000000,0.002000000,0.000001110,0.066000,0.000000,0.000000,0.000000,0.000000,0.000000,0.750000,0.000000
96970.703125,1.000000,543.000000,0.000000,0.000000,293.000000,1.000000,1.000000,0.000000,1000.307861,0.750000,0.750000,1.000000,0.002000000,0.000001110,0.066000,0.000000,0.000000,0.000000,0.000000,0.000000,0.750000,0.000000
97070.703125,1.000000,543.000000,0.000000,0.000000,293.000000,1.000000,1.000000,0.000000,1000.304749,0.750000,0.750000,1.000000,0.002000000,0.000001110,0.066000,0.000000,0.000000,0.000000,0.000000,0.000000,0.750000,0.000000
97170.703125,1.000000,543.000000,0.000000,0.000000,293.000000,1.000000,1.000000,0.000000,1000.303894,0.750000,0.750000,1.000000,0.002000000,0.000001110,0.066000,0.000000,0.000000,0.000000,0.000000,0.000000,0.750000,0.000000
97270.703125,1.000000,543.000000,0.000000,0.000000,293.000000,1.000000,1.000000,0.000000,1000.305054,0.750000,0.750000,1.000000,0.002000000,0.000001110,0.066000,0.000000,0.000000,0.000000,0.000000,0.000000,0.750000,0.000000
97370.703125,1.000000,543.000000,0.000000,0.000000,293.000000,1.000000,1.000000,0.000000,1000.304199,0.750000,0.750000,1.000000,0.002000000,0.000001110,0.066000,0.000000,0.000000,0.000000,0.000000,0.000000,0.750000,0.000000
97470.703125,1.000000,543.000000,0.000000,0.000000,293.000000,1.000000,1.000000,0.000000,1000.308228,0.750000,0.750000,1.000000,0.002000000,0.000001110,0.066000,0.000000,0.000000,0.000000,0.000000,0.000000,0.750000,0.000000
97570.703125,1.000000,543.000000,0.000000,0.000000,293.000000,1.000000,1.000000,0.000000,1000.303894,0.750000,0.750000,1.000000,0.002000000,0.000001110,0.066000,0.000000,0.000000,0.000000,0.000000,0.000000,0.750000,0.000000
97670.703125,1.000000,543.000000,0.000000,0.000000,293.000000,1.000000,1.000000,0.000000,1000.305481,0.750000,0.750000,1.000000,0.002000000,0.000001110,0.066000,0.000000,0.000000,0.000000,0.000000,0.000000,0.750000,0.000000
97770.703125,1.000000,543.000000,0.000000,0.000000,293.000000,1.000000,1.000000,0.000000,1000.303589,0.750000,0.750000,1.000000,0.002000000,0.000001110,0.066000,0.000000,0.000000,0.000000,0.000000,0.000000,0.750000,0.000000
97870.703125,1.000000,543.000000,0.000000,0.000000,293.000000,1.000000,1.000000,0.000000,1000.307800,0.750000,0.750000,1.000000,0.002000000,0.000001110,0.066000,0.000000,0.000000,0.000000,0.000000,0.000000,0.750000,0.000000
97970.703125,1.000000,543.000000,0.000000,0.000000,293.000000,1.000000,1.000000,0.000000,1000.304565,0.750000,0.750000,1.000000,0.002000000,0.000001110,0.066000,0.000000,0.000000,0.000000,0.000000,0.000000,0.750000,0.000000
98070.703125,1.000000,543.000000,0.000000,0.000000,293.000000,1.000000,1.000000,0.000000,1000.304565,0.750000,0.750000,1.000000,0.002000000,0.000001110,0.066000,0.000000,0.000000,0.000000,0.000000,0.000000,0.750000,0.000000
98170.703125,1.000000,543.000000,0.000000,0.000000,293.000000,1.000000,1.000000,0.000000,1000.305481,0.750000,0.750000,1.000000,0.002000000,0.000001110,0.066000,0.000000,0.000000,0.000000,0.000000,0.000000,0.750000,0.000000
98270.703125,1.000000,543.000000,0.000000,0.000000,293.000000,1.000000,1.000000,0.000000,1000.304138,0.750000,0.750000,1.000000,0.002000000,0.000001110,0.066000,0.000000,0.000000,0.000000,0.000000,0.000000,0.750000,0.000000
98370.703125,1.000000,543.000000,0.000000,0.000000,293.000000,1.000000,1.000000,0.000000,1000.306824,0.750000,0.750000,1.000000,0.002000000,0.000001110,0.066000,0.000000,0.000000,0.000000,0.000000,0.000000,0.750000,0.000000
98470.703125,1.000000,543.000000,0.000000,0.000000,293.000000,1.000000,1.000000,0.000000,1000.304871,0.750000,0.750000,1.000000,0.002000000,0.000001110,0.066000,0.000000,0.000000,0.000000,0.000000,0.000000,0.750000,0.000000
98570.703125,1.000000,543.000000,0.000000,0.000000,293.000000,1.000000,1.000000,0.000000,1000.305176,0.750000,0.750000,1.000000,0.002000000,0.000001110,0.066000,0.000000,0.000000,0.000000,0.000000,0.000000,0.750000,0.000000
98670.703125,1.000000,543.000000,0.000000,0.000000,293.000000,1.000000,1.000000,0.000000,1000.304199,0.750000,0.750000,1.000000,0.002000000,0.000001110,0.066000,0.000000,0.000000,0.000000,0.000000,0.000000,0.750000,0.000000
98770.703125,1.000000,543.000000,0.000000,0.000000,293.000000,1.000000,1.000000,0.000000,1000.304016,0.750000,0.750000,1.000000,0.002000000,0.000001110,0.066000,0.000000,0.000000,0.000000,0.000000,0.000000,0.750000,0.000000
98870.703125,1.000000,543.000000,0.000000,0.000000,293.000000,1.000000,1.000000,0.000000,1000.307922,0.750000,0.750000,1.000000,0.002000000,0.000001110,0.066000,0.000000,0.000000,0.000000,0.000000,0.000000,0.750000,0.000000
98970.703125,1.000000,543.000000,0.000000,0.000000,293.000000,1.000000,1.000000,0.000000,1000.304932,0.750000,0.750000,1.000000,0.002000000,0.000001110,0.066000,0.000000,0.000000,0.000000,0.000000,0.000000,0.750000,0.000000
99070.703125,1.000000,543.000000,0.000000,0.000000,293.000000,1.000000,1.000000,0.000000,1000.303772,0.750000,0.750000,1.000000,0.002000000,0.000001110,0.066000,0.000000,0.000000,0.000000,0.000000,0.000000,0.750000,0.000000
99170.703125,1.000000,543.000000,0.000000,0.000000,293.000000,1.000000,1.000000,0.000000,1000.304565,0.750000,0.750000,1.000000,0.002000000,0.000001110,0.066000,0.000000,0.000000,0.000000,0.000000,0.000000,0.750000,0.000000
99270.703125,1.000000,543.000000,0.000000,0.000000,293.000000,1.000000,1.000000,0.000000,1000.307495,0.750000,0.750000,1.000000,0.002000000,0.000001110,0.066000,0.000000,0.000000,0.000000,0.000000,0.000000,0.750000,0.000000
99370.703125,1.000000,543.000000,0.000000,0.000000,293.000000,1.000000,1.000000,0.000000,1000.304871,0.750000,0.750000,1.000000,0.002000000,0.000001110,0.066000,0.000000,0.000000,0.000000,0.000000,0.000000,0.750000,0.000000
99470.703125,1.000000,543.000000,0.000000,0.000000,293.000000,1.000000,1.000000,0.000000,1000.305176,0.750000,0.750000,1.000000,0.002000000,0.000001110,0.066000,0.000000,0.000000,0.000000,0.000000,0.000000,0.750000,0.000000
99570.703125,1.000000,543.000000,0.000000,0.000000,293.000000,1.000000,1.000000,0.000000,1000.304565,0.750000,0.750000,1.000000,0.002000000,0.000001110,0.066000,0.000000,0.000000,0.000000,0.000000,0.000000,0.750000,0.000000
99670.703125,1.000000,543.000000,0.000000,0.000000,293.000000,1.000000,1.000000,0.000000,1000.304382,0.750000,0.750000,1.000000,0.002000000,0.000001110,0.066000,0.000000,0.000000,0.000000,0.000000,0.000000,0.750000,0.000000
99770.703125,1.000000,543.000000,0.000000,0.000000,293.000000,1.000000,1.000000,0.000000,1000.307861,0.750000,0.750000,1.000000,0.002000000,0.000001110,0.066000,0.000000,0.000000,0.000000,0.000000,0.000000,0.750000,0.000000
99870.703125,1.000000,543.000000,0.000000,0.000000,293.000000,1.000000,1.000000,0.000000,1000.304199,0.750000,0.750000,1.000000,0.002000000,0.000001110,0.066000,0.000000,0.000000,0.000000,0.000000,0.000000,0.750000,0.000000
99970.703125,1.000000,543.000000,0.000000,0.000000,293.000000,1.000000,1.000000,0.000000,1000.304138,0.750000,0.750000,1.000000,0.002000000,0.000001110,0.066000,0.000000,0.000000,0.000000,0.000000,0.000000,0.750000,0.000000
100070.703125,1.000000,543.000000,0.000000,0.000000,293.000000,1.000000,1.000000,0.000000,1000.304871,0.750000,0.750000,1.000000,0.002000000,0.000001110,0.066000,0.000000,0.000000,0.000000,0.000000,0.000000,0.750000,0.000000
100170.703125,1.000000,543.000000,0.000000,0.000000,293.000000,1.000000,1.000000,0.000000,1000.308838,0.750000,0.750000,1.000000,0.002000000,0.000001110,0.066000,0.000000,0.000000,0.000000,0.000000,0.000000,0.750000,0.000000
100270.703125,1.000000,543.000000,0.000000,0.000000,293.000000,1.000000,1.000000,0.000000,1000.304932,0.750000,0.750000,1.000000,0.002000000,0.000001110,0.066000,0.000000,0.000000,0.000000,0.000000,0.000000,0.750000,0.000000
100370.703125,1.000000,543.000000,0.000000,0.000000,293.000000,1.000000,1.000000,0.000000,1000.304016,0.750000,0.750000,1.000000,0.002000000,0.000001110,0.066000,0.000000,0.000000,0.000000,0.000000,0.000000,0.750000,0.000000
100470.703125,1.000000,543.000000,0.000000,0.000000,293.000000,1.000000,1.000000,0.000000,1000.304382,0.750000,0.750000,1.000000,0.002000000,0.000001110,0.066000,0.000000,0.000000,0.000000,0.000000,0.000000,0.750000,0.000000
100570.703125,1.000000,543.000000,0.000000,0.000000,293.000000,1.000000,1.000000,0.000000,1000.307800,0.750000,0.750000,1.000000,0.002000000,0.000001110,0.066000,0.000000,0.000000,0.000000,0.000000,0.000000,0.750000,0.000000
100670.703125,1.000000,543.000000,0.000000,0.000000,293.000000,1.000000,1.000000,0.000000,1000.304138,0.750000,0.750000,1.000000,0.002000000,0.000001110,0.066000,0.000000,0.000000,0.000000,0.000000,0.000000,0.750000,0.000000
100770.703125,1.000000,543.000000,0.000000,0.000000,293.000000,1.000000,1.000000,0.000000,1000.305176,0.750000,0.750000,1.000000,0.002000000,0.000001110,0.066000,0.000000,0.000000,0.000000,0.000000,0.000000,0.750000,0.000000
100870.703125,1.000000,543.000000,0.000000,0.000000,293.000000,1.000000,1.000000,0.000000,1000.304199,0.750000,0.750000,1.000000,0.002000000,0.000001110,0.066000,0.000000,0.000000,0.000000,0.000000,0.000000,0.750000,0.000000
100970.703125,1.000000,543.000000,0.000000,0.000000,293.000000,1.000000,1.000000,0.000000,1000.305115,0.750000,0.750000,1.000000,0.002000000,0.000001110,0.066000,0.000000,0.000000,0.000000,0.000000,0.000000,0.750000,0.000000
101070.703125,1.000000,543.000000,0.000000,0.000000,293.000000,1.000000,1.000000,0.000000,1000.307190,0.750000,0.750000,1.000000,0.002000000,0.000001110,0.066000,0.000000,0.000000,0.000000,0.000000,0.000000,0.750000,0.000000
101170.703125,1.000000,543.000000,0.000000,0.000000,293.000000,1.000000,1.000000,0.000000,1000.304932,0.750000,0.750000,1.000000,0.002000000,0.000001110,0.066000,0.000000,0.000000,0.000000,0.000000,0.000000,0.750000,0.000000
101270.703125,1.000000,543.000000,0.000000,0.000000,293.000000,1.000000,1.000000,0.000000,1000.304138,0.750000,0.750000,1.000000,0.002000000,0.000001110,0.066000,0.000000,0.000000,0.000000,0.000000,0.000000,0.750000,0.000000
101370.703125,1.000000,543.000000,0.000000,0.000000,293.000000,1.000000,1.000000,0.000000,1000.305115,0.750000,0.750000,1.000000,0.002000000,0.000001110,0.066000,0.000000,0.000000,0.000000,0.000000,0.000000,0.750000,0.000000
101470.703125,1.000000,543.000000,0.000000,0.000000,293.000000,1.000000,1.000000,0.000000,1000.304016,0.750000,0.750000,1.000000,0.002000000,0.000001110,0.066000,0.000000,0.000000,0.000000,0.000000,0.000000,0.750000,0.000000
101570.703125,1.000000,543.000000,0.000000,0.000000,293.000000,1.000000,1.000000,0.000000,1000.307800,0.750000,0.750000,1.000000,0.002000000,0.000001110,0.066000,0.000000,0.000000,0.000000,0.000000,0.000000,0.750000,0.000000
101670.703125,1.000000,543.000000,0.000000,0.000000,293.000000,1.000000,1.000000,0.000000,1000.304688,0.750000,0.750000,1.000000,0.002000000,0.000001110,0.066000,0.000000,0.000000,0.000000,0.000000,0.000000,0.750000,0.000000
101770.703125,1.000000,543.000000,0.000000,0.000000,293.000000,1.000000,1.000000,0.000000,1000.304138,0.750000,0.750000,1.000000,0.002000000,0.000001110,0.066000,0.000000,0.000000,0.000000,0.000000,0.000000,0.750000,0.000000
101870.703125,1.000000,543.000000,0.000000,0.000000,293.000000,1.000000,1.000000,0.000000,1000.305176,0.750000,0.750000,1.000000,0.002000000,0.000001110,0.066000,0.000000,0.000000,0.000000,0.000000,0.000000,0.750000,0.000000
101970.703125,1.000000,543.000000,0.000000,0.000000,293.000000,1.000000,1.000000,0.000000,1000.307434,0.750000,0.750000,1.000000,0.002000000,0.000001110,0.066000,0.000000,0.000000,0.000000,0.000000,0.000000,0.750000,0.000000
102070.703125,1.000000,543.000000,0.000000,0.000000,293.000000,1.000000,1.000000,0.000000,1000.304565,0.750000,0.750000,1.000000,0.002000000,0.000001110,0.066000,0.000000,0.000000,0.000000,0.000000,0.000000,0.750000,0.000000
102170.703125,1.000000,543.000000,0.000000,0.000000,293.000000,1.000000,1.000000,0.000000,1000.304199,0.750000,0.750000,1.000000,0.002000000,0.000001110,0.066000,0.000000,0.000000,0.000000,0.000000,0.000000,0.750000,0.000000
102270.703125,1.000000,543.000000,0.000000,0.000000,293.000000,1.000000,1.000000,0.000000,1000.305481,0.750000,0.750000,1.000000,0.002000000,0.000001110,0.066000,0.000000,0.000000,0.000000,0.000000,0.000000,0.750000,0.000000
102370.703125,1.000000,543.000000,0.000000,0.000000,293.000000,1.000000,1.000000,0.000000,1000.304382,0.750000,0.750000,1.000000,0.002000000,0.000001110,0.066000,0.000000,0.000000,0.000000,0.000000,0.000000,0.750000,0.000000
102470.703125,1.000000,543.000000,0.000000,0.000000,293.000000,1.000000,1.000000,0.000000,1000.306763,0.750000,0.750000,1.000000,0.002000000,0.000001110,0.066000,0.000000,0.000000,0.000000,0.000000,0.000000,0.750000,0.000000
102570.703125,1.000000,543.000000,0.000000,0.000000,293.000000,1.000000,1.000000,0.000000,1000.305115,0.750000,0.750000,1.000000,0.002000000,0.000001110,0.066000,0.000000,0.000000,0.000000,0.000000,0.000000,0.750000,0.000000
102670.703125,1.000000,543.000000,0.000000,0.000000,293.000000,1.000000,1.000000,0.000000,1000.304077,0.750000,0.750000,1.000000,0.002000000,0.000001110,0.066000,0.000000,0.000000,0.000000,0.000000,0.000000,0.750000,0.000000
102770.703125,1.000000,543.000000,0.000000,0.000000,293.000000,1.000000,1.000000,0.000000,1000.304138,0.750000,0.750000,1.000000,0.002000000,0.000001110,0.066000,0.000000,0.000000,0.000000,0.000000,0.000000,0.750000,0.000000
102870.703125,1.000000,543.000000,0.000000,0.000000,293.000000,1.000000,1.000000,0.000000,1000.307861,0.750000,0.750000,1.000000,0.002000000,0.000001110,0.066000,0.000000,0.000000,0.000000,0.000000,0.000000,0.750000,0.000000
102970.703125,1.000000,543.000000,0.000000,0.000000,293.000000,1.000000,1.000000,0.000000,1000.305237,0.750000,0.750000,1.000000,0.002000000,0.000001110,0.066000,0.000000,0.000000,0.000000,0.000000,0.000000,0.750000,0.000000
103070.703125,1.000000,543.000000,0.000000,0.000000,293.000000,1.000000,1.000000,0.000000,1000.303894,0.750000,0.750000,1.000000,0.002000000,0.000001110,0.066000,0.000000,0.000000,0.000000,0.000000,0.000000,0.750000,0.000000
103170.703125,1.000000,543.000000,0.000000,0.000000,293.000000,1.000000,1.000000,0.000000,1000.305237,0.750000,0.750000,1.000000,0.002000000,0.000001110,0.066000,0.000000,0.000000,0.000000,0.000000,0.000000,0.750000,0.000000
103270.703125,1.000000,543.000000,0.000000,0.000000,293.000000,1.000000,1.000000,0.000000,1000.304871,0.750000,0.750000,1.000000,0.002000000,0.000001110,0.066000,0.000000,0.000000,0.000000,0.000000,0.000000,0.750000,0.000000
103370.703125,1.000000,543.000000,0.000000,0.000000,293.000000,1.000000,1.000000,0.000000,1000.306824,0.750000,0.750000,1.000000,0.002000000,0.000001110,0.066000,0.000000,0.000000,0.000000,0.000000,0.000000,0.750000,0.000000
103470.703125,1.000000,543.000000,0.000000,0.000000,293.000000,1.000000,1.000000,0.000000,1000.304565,0.750000,0.750000,1.000000,0.002000000,0.000001110,0.066000,0.000000,0.000000,0.000000,0.000000,0.000000,0.750000,0.000000
103570.703125,1.000000,543.000000,0.000000,0.000000,293.000000,1.000000,1.000000,0.000000,1000.304199,0.750000,0.750000,1.000000,0.002000000,0.000001110,0.066000,0.000000,0.000000,0.000000,0.000000,0.000000,0.750000,0.000000
103670.703125,1.000000,543.000000,0.000000,0.000000,293.000000,1.000000,1.000000,0.000000,1000.305359,0.750000,0.750000,1.000000,0.002000000,0.000001110,0.066000,0.000000,0.000000,0.000000,0.000000,0.000000,0.750000,0.000000
103770.703125,1.000000,543.000000,0.000000,0.000000,293.000000,1.000000,1.000000,0.000000,1000.307739,0.750000,0.750000,1.000000,0.002000000,0.000001110,0.066000,0.000000,0.000000,0.000000,0.000000,0.000000,0.750000,0.000000
103870.703125,1.000000,543.000000,0.000000,0.000000,293.000000,1.000000,1.000000,0.000000,1000.304016,0.750000,0.750000,1.000000,0.002000000,0.000001110,0.066000,0.000000,0.000000,0.000000,0.000000,0.000000,0.750000,0.000000
103970.703125,1.000000,543.000000,0.000000,0.000000,293.000000,1.000000,1.000000,0.000000,1000.304565,0.750000,0.750000,1.000000,0.002000000,0.000001110,0.066000,0.000000,0.000000,0.000000,0.000000,0.000000,0.750000,0.000000
104070.703125,1.000000,543.000000,0.000000,0.000000,293.000000,1.000000,1.000000,0.000000,1000.304810,0.750000,0.750000,1.000000,0.002000000,0.000001110,0.066000,0.000000,0.000000,0.000000,0.000000,0.000000,0.750000,0.000000
104170.703125,1.000000,543.000000,0.000000,0.000000,293.000000,1.000000,1.000000,0.000000,1000.305115,0.750000,0.750000,1.000000,0.002000000,0.000001110,0.066000,0.000000,0.000000,0.000000,0.000000,0.000000,0.750000,0.000000
104270.703125,1.000000,543.000000,0.000000,0.000000,293.000000,1.000000,1.000000,0.000000,1000.306641,0.750000,0.750000,1.000000,0.002000000,0.000001110,0.066000,0.000000,0.000000,0.000000,0.000000,0.000000,0.750000,0.000000
104370.703125,1.000000,543.000000,0.000000,0.000000,293.000000,1.000000,1.000000,0.000000,1000.304504,0.750000,0.750000,1.000000,0.002000000,0.000001110,0.066000,0.000000,0.000000,0.000000,0.000000,0.000000,0.750000,0.000000
104470.703125,1.000000,543.000000,0.000000,0.000000,293.000000,1.000000,1.000000,0.000000,1000.305115,0.750000,0.750000,1.000000,0.002000000,0.000001110,0.066000,0.000000,0.000000,0.000000,0.000000,0.000000,0.750000,0.000000
104570.703125,1.000000,543.000000,0.000000,0.000000,293.000000,1.000000,1.000000,0.000000,1000.304199,0.750000,0.750000,1.000000,0.002000000,0.000001110,0.066000,0.000000,0.000000,0.000000,0.000000,0.000000,0.750000,0.000000
104670.703125,1.000000,543.000000,0.000000,0.000000,293.000000,1.000000,1.000000,0.000000,1000.308105,0.750000,0.750000,1.000000,0.002000000,0.000001110,0.066000,0.000000,0.000000,0.000000,0.000000,0.000000,0.750000,0.000000
104770.703125,1.000000,543.000000,0.000000,0.000000,293.000000,1.000000,1.000000,0.000000,1000.303772,0.750000,0.750000,1.000000,0.002000000,0.000001110,0.066000,0.000000,0.000000,0.000000,0.000000,0.000000,0.750000,0.000000
104870.703125,1.000000,543.000000,0.000000,0.000000,293.000000,1.000000,1.000000,0.000000,1000.304810,0.750000,0.750000,1.000000,0.002000000,0.000001110,0.066000,0.000000,0.000000,0.000000,0.000000,0.000000,0.750000,0.000000
104970.703125,1.000000,543.000000,0.000000,0.000000,293.000000,1.000000,1.000000,0.000000,1000.304932,0.750000,0.750000,1.000000,0.002000000,0.000001110,0.066000,0.000000,0.000000,0.000000,0.000000,0.000000,0.750000,0.000000
105070.703125,1.000000,543.000000,0.000000,0.000000,293.000000,1.000000,1.000000,0.000000,1000.304565,0.750000,0.750000,1.000000,0.002000000,0.000001110,0.066000,0.000000,0.000000,0.000000,0.000000,0.000000,0.750000,0.000000
105170.703125,1.000000,543.000000,0.000000,0.000000,293.000000,1.000000,1.000000,0.000000,1000.307068,0.750000,0.750000,1.000000,0.002000000,0.000001110,0.066000,0.000000,0.000000,0.000000,0.000000,0.000000,0.750000,0.000000
105270.703125,1.000000,543.000000,0.000000,0.000000,293.000000,1.000000,1.000000,0.000000,1000.304871,0.750000,0.750000,1.000000,0.002000000,0.000001110,0.066000,0.000000,0.000000,0.000000,0.000000,0.000000,0.750000,0.000000
105370.703125,1.000000,543.000000,0.000000,0.000000,293.000000,1.000000,1.000000,0.000000,1000.304565,0.750000,0.750000,1.000000,0.002000000,0.000001110,0.066000,0.000000,0.000000,0.000000,0.000000,0.000000,0.750000,0.000000
105470.703125,1.000000,543.000000,0.000000,0.000000,293.000000,1.000000,1.000000,0.000000,1000.304565,0.750000,0.750000,1.000000,0.002000000,0.000001110,0.066000,0.000000,0.000000,0.000000,0.000000,0.000000,0.750000,0.000000
105570.703125,1.000000,543.000000,0.000000,0.000000,293.000000,1.000000,1.000000,0.000000,1000.307739,0.750000,0.750000,1.000000,0.002000000,0.000001110,0.066000,0.000000,0.000000,0.000000,0.000000,0.000000,0.750000,0.000000
105670.703125,1.000000,543.000000,0.000000,0.000000,293.000000,1.000000,1.000000,0.000000,1000.304138,0.750000,0.750000,1.000000,0.002000000,0.000001110,0.066000,0.000000,0.000000,0.000000,0.000000,0.000000,0.750000,0.000000
105770.703125,1.000000,543.000000,0.000000,0.000000,293.000000,1.000000,1.000000,0.000000,1000.304199,0.750000,0.750000,1.000000,0.002000000,0.000001110,0.066000,0.000000,0.000000,0.000000,0.000000,0.000000,0.750000,0.000000
105870.703125,1.000000,543.000000,0.000000,0.000000,293.000000,1.000000,1.000000,0.000000,1000.305481,0.750000,0.750000,1.000000,0.002000000,0.000001110,0.066000,0.000000,0.000000,0.000000,0.000000,0.000000,0.750000,0.000000
105970.703125,1.000000,543.000000,0.000000,0.000000,293.000000,1.000000,1.000000,0.000000,1000.304138,0.750000,0.750000,1.000000,0.002000000,0.000001110,0.066000,0.000000,0.000000,0.000000,0.000000,0.000000,0.750000,0.000000
106070.703125,1.000000,543.000000,0.000000,0.000000,293.000000,1.000000,1.000000,0.000000,1000.307861,0.750000,0.750000,1.000000,0.002000000,0.000001110,0.066000,0.000000,0.000000,0.000000,0.000000,0.000000,0.750000,0.000000
106170.703125,1.000000,543.000000,0.000000,0.000000,293.000000,1.000000,1.000000,0.000000,1000.303772,0.750000,0.750000,1.000000,0.002000000,0.000001110,0.066000,0.000000,0.000000,0.000000,0.000000,0.000000,0.750000,0.000000
