,0.750000,0.750000,1.000000,0.000100000,0.000001113,0.066000,0.000000,0.000000,0.000000,0.000000,0.000000,0.750000,0.000000
40.000000,1.000000,543.000000,0.000000,0.000000,293.000000,1.000000,1.000000,0.000000,1.000879,0.750000,0.750000,1.000000,0.000100000,0.000001113,0.066000,0.000000,0.000000,0.000000,0.000000,0.000000,0.750000,0.000000
40.099998,1.000000,543.000000,0.000000,0.000000,293.000000,1.000000,1.000000,0.000000,1.000840,0.750000,0.750000,1.000000,0.000100000,0.000001113,0.066000,0.000000,0.000000,0.000000,0.000000,0.000000,0.750000,0.000000
40.200001,1.000000,543.000000,0.000000,0.000000,293.000000,1.000000,1.000000,0.000000,1.000879,0.750000,0.750000,1.000000,0.000100000,0.000001113,0.066000,0.000000,0.000000,0.000000,0.000000,0.000000,0.750000,0.000000
40.299999,1.000000,543.000000,0.000000,0.000000,293.000000,1.000000,1.000000,0.000000,1.000841,0.750000,0.750000,1.000000,0.000100000,0.000001113,0.066000,0.000000,0.000000,0.000000,0.000000,0.000000,0.750000,0.000000
40.399998,1.000000,543.000000,0.000000,0.000000,293.000000,1.000000,1.000000,0.000000,1.000840,0.750000,0.750000,1.000000,0.000100000,0.000001113,0.066000,0.000000,0.000000,0.000000,0.000000,0.000000,0.750000,0.000000
40.500000,1.000000,543.000000,0.000000,0.000000,293.000000,1.000000,1.000000,0.000000,1.000880,0.750000,0.750000,1.000000,0.000100000,0.000001113,0.066000,0.000000,0.000000,0.000000,0.000000,0.000000,0.750000,0.000000
40.599999,1.000000,543.000000,0.000000,0.000000,293.000000,1.000000,1.000000,0.000000,1.000847,0.750000,0.750000,1.000000,0.000100000,0.000001113,0.066000,0.000000,0.000000,0.000000,0.000000,0.000000,0.750000,0.000000
40.700001,1.000000,543.000000,0.000000,0.000000,293.000000,1.000000,1.000000,0.000000,1.000879,0.750000,0.750000,1.000000,0.000100000,0.000001113,0.066000,0.000000,0.000000,0.000000,0.000000,0.000000,0.750000,0.000000
40.799999,1.000000,543.000000,0.000000,0.000000,293.000000,1.000000,1.000000,0.000000,1.000841,0.750000,0.750000,1.000000,0.000100000,0.000001113,0.066000,0.000000,0.000000,0.000000,0.000000,0.000000,0.750000,0.000000
40.899998,1.000000,543.000000,0.000000,0.000000,293.000000,1.000000,1.000000,0.000000,1.000840,0.750000,0.750000,1.000000,0.000100000,0.000001113,0.066000,0.000000,0.000000,0.000000,0.000000,0.000000,0.750000,0.000000
41.000000,1.000000,543.000000,0.000000,0.000000,293.000000,1.000000,1.000000,0.000000,1.000879,0.750000,0.750000,1.000000,0.000100000,0.000001113,0.066000,0.000000,0.000000,0.000000,0.000000,0.000000,0.750000,0.000000
41.099998,1.000000,543.000000,0.000000,0.000000,293.000000,1.000000,1.000000,0.000000,1.000841,0.750000,0.750000,1.000000,0.000100000,0.000001113,0.066000,0.000000,0.000000,0.000000,0.000000,0.000000,0.750000,0.000000
41.200001,1.000000,543.000000,0.000000,0.000000,293.000000,1.000000,1.000000,0.000000,1.000879,0.750000,0.750000,1.000000,0.000100000,0.000001113,0.066000,0.000000,0.000000,0.000000,0.000000,0.000000,0.750000,0.000000
41.299999,1.000000,543.000000,0.000000,0.000000,293.000000,1.000000,1.000000,0.000000,1.000841,0.750000,0.750000,1.000000,0.000100000,0.000001113,0.066000,0.000000,0.000000,0.000000,0.000000,0.000000,0.750000,0.000000
41.399998,1.000000,543.000000,0.000000,0.000000,293.000000,1.000000,1.000000,0.000000,1.000838,0.750000,0.750000,1.000000,0.000100000,0.000001113,0.066000,0.000000,0.000000,0.000000,0.000000,0.000000,0.750000,0.000000
41.500000,1.000000,543.000000,0.000000,0.000000,293.000000,1.000000,1.000000,0.000000,1.000878,0.750000,0.750000,1.000000,0.000100000,0.000001113,0.066000,0.000000,0.000000,0.000000,0.000000,0.000000,0.750000,0.000000
41.599999,1.000000,543.000000,0.000000,0.000000,293.000000,1.000000,1.000000,0.000000,1.000841,0.750000,0.750000,1.000000,0.000100000,0.000001113,0.066000,0.000000,0.000000,0.000000,0.000000,0.000000,0.750000,0.000000
41.700001,1.000000,543.000000,0.000000,0.000000,293.000000,1.000000,1.000000,0.000000,1.000878,0.750000,0.750000,1.000000,0.000100000,0.000001113,0.066000,0.000000,0.000000,0.000000,0.000000,0.000000,0.750000,0.000000
41.799999,1.000000,543.000000,0.000000,0.000000,293.000000,1.000000,1.000000,0.000000,1.000841,0.750000,0.750000,1.000000,0.000100000,0.000001113,0.066000,0.000000,0.000000,0.000000,0.000000,0.000000,0.750000,0.000000
41.899998,1.000000,543.000000,0.000000,0.000000,293.000000,1.000000,1.000000,0.000000,1.000841,0.750000,0.750000,1.000000,0.000100000,0.000001113,0.066000,0.000000,0.000000,0.000000,0.000000,0.000000,0.750000,0.000000
42.000000,1.000000,543.000000,0.000000,0.000000,293.000000,1.000000,1.000000,0.000000,1.000879,0.750000,0.750000,1.000000,0.000100000,0.000001113,0.066000,0.000000,0.000000,0.000000,0.000000,0.000000,0.750000,0.000000
42.099998,1.000000,543.000000,0.000000,0.000000,293.000000,1.000000,1.000000,0.000000,1.000840,0.750000,0.750000,1.000000,0.000100000,0.000001113,0.066000,0.000000,0.000000,0.000000,0.000000,0.000000,0.750000,0.000000
42.200001,1.000000,543.000000,0.000000,0.000000,293.000000,1.000000,1.000000,0.000000,1.000879,0.750000,0.750000,1.000000,0.000100000,0.000001113,0.066000,0.000000,0.000000,0.000000,0.000000,0.000000,0.750000,0.000000
42.299999,1.000000,543.000000,0.000000,0.000000,293.000000,1.000000,1.000000,0.000000,1.000838,0.750000,0.750000,1.000000,0.000100000,0.000001113,0.066000,0.000000,0.000000,0.000000,0.000000,0.000000,0.750000,0.000000
42.399998,1.000000,543.000000,0.000000,0.000000,293.000000,1.000000,1.000000,0.000000,1.000841,0.750000,0.750000,1.000000,0.000100000,0.000001113,0.066000,0.000000,0.000000,0.000000,0.000000,0.000000,0.750000,0.000000
42.500000,1.000000,543.000000,0.000000,0.000000,293.000000,1.000000,1.000000,0.000000,1.000879,0.750000,0.750000,1.000000,0.000100000,0.000001113,0.066000,0.000000,0.000000,0.000000,0.000000,0.000000,0.750000,0.000000
42.599999,1.000000,543.000000,0.000000,0.000000,293.000000,1.000000,1.000000,0.000000,1.000841,0.750000,0.750000,1.000000,0.000100000,0.000001113,0.066000,0.000000,0.000000,0.000000,0.000000,0.000000,0.750000,0.000000
42.700001,1.000000,543.000000,0.000000,0.000000,293.000000,1.000000,1.000000,0.000000,1.000878,0.750000,0.750000,1.000000,0.000100000,0.000001113,0.066000,0.000000,0.000000,0.000000,0.000000,0.000000,0.750000,0.000000
42.799999,1.000000,543.000000,0.000000,0.000000,293.000000,1.000000,1.000000,0.000000,1.000841,0.750000,0.750000,1.000000,0.000100000,0.000001113,0.066000,0.000000,0.000000,0.000000,0.000000,0.000000,0.750000,0.000000
42.899998,1.000000,543.000000,0.000000,0.000000,293.000000,1.000000,1.000000,0.000000,1.000841,0.750000,0.750000,1.000000,0.000100000,0.000001113,0.066000,0.000000,0.000000,0.000000,0.000000,0.000000,0.750000,0.000000
43.000000,1.000000,543.000000,0.000000,0.000000,293.000000,1.000000,1.000000,0.000000,1.000879,0.750000,0.750000,1.000000,0.000100000,0.000001113,0.066000,0.000000,0.000000,0.000000,0.000000,0.000000,0.750000,0.000000
43.099998,1.000000,543.000000,0.000000,0.000000,293.000000,1.000000,1.000000,0.000000,1.000841,0.750000,0.750000,1.000000,0.000100000,0.000001113,0.066000,0.000000,0.000000,0.000000,0.000000,0.000000,0.750000,0.000000
43.200001,1.000000,543.000000,0.000000,0.000000,293.000000,1.000000,1.000000,0.000000,1.000885,0.750000,0.750000,1.000000,0.000100000,0.000001113,0.066000,0.000000,0.000000,0.000000,0.000000,0.000000,0.750000,0.000000
43.299999,1.000000,543.000000,0.000000,0.000000,293.000000,1.000000,1.000000,0.000000,1.000841,0.750000,0.750000,1.000000,0.000100000,0.000001113,0.066000,0.000000,0.000000,0.000000,0.000000,0.000000,0.750000,0.000000
43.399998,1.000000,543.000000,0.000000,0.000000,293.000000,1.000000,1.000000,0.000000,1.000841,0.750000,0.750000,1.000000,0.000100000,0.000001113,0.066000,0.000000,0.000000,0.000000,0.000000,0.000000,0.750000,0.000000
43.500000,1.000000,543.000000,0.000000,0.000000,293.000000,1.000000,1.000000,0.000000,1.000878,0.750000,0.750000,1.000000,0.000100000,0.000001113,0.066000,0.000000,0.000000,0.000000,0.000000,0.000000,0.750000,0.000000
43.599999,1.000000,543.000000,0.000000,0.000000,293.000000,1.000000,1.000000,0.000000,1.000841,0.750000,0.750000,1.000000,0.000100000,0.000001113,0.066000,0.000000,0.000000,0.000000,0.000000,0.000000,0.750000,0.000000
43.700001,1.000000,543.000000,0.000000,0.000000,293.000000,1.000000,1.000000,0.000000,1.000879,0.750000,0.750000,1.000000,0.000100000,0.000001113,0.066000,0.000000,0.000000,0.000000,0.000000,0.000000,0.750000,0.000000
43.799999,1.000000,543.000000,0.000000,0.000000,293.000000,1.000000,1.000000,0.000000,1.000840,0.750000,0.750000,1.000000,0.000100000,0.000001113,0.066000,0.000000,0.000000,0.000000,0.000000,0.000000,0.750000,0.000000
43.899998,1.000000,543.000000,0.000000,0.000000,293.000000,1.000000,1.000000,0.000000,1.000841,0.750000,0.750000,1.000000,0.000100000,0.000001113,0.066000,0.000000,0.000000,0.000000,0.000000,0.000000,0.750000,0.000000
44.000000,1.000000,543.000000,0.000000,0.000000,293.000000,1.000000,1.000000,0.000000,1.000876,0.750000,0.750000,1.000000,0.000100000,0.000001113,0.066000,0.000000,0.000000,0.000000,0.000000,0.000000,0.750000,0.000000
44.099998,1.000000,543.000000,0.000000,0.000000,293.000000,1.000000,1.000000,0.000000,1.000841,0.750000,0.750000,1.000000,0.000100000,0.000001113,0.066000,0.000000,0.000000,0.000000,0.000000,0.000000,0.750000,0.000000
44.200001,1.000000,543.000000,0.000000,0.000000,293.000000,1.000000,1.000000,0.000000,1.000879,0.750000,0.750000,1.000000,0.000100000,0.000001113,0.066000,0.000000,0.000000,0.000000,0.000000,0.000000,0.750000,0.000000
44.299999,1.000000,543.000000,0.000000,0.000000,293.000000,1.000000,1.000000,0.000000,1.000840,0.750000,0.750000,1.000000,0.000100000,0.000001113,0.066000,0.000000,0.000000,0.000000,0.000000,0.000000,0.750000,0.000000
44.399998,1.000000,543.000000,0.000000,0.000000,293.000000,1.000000,1.000000,0.000000,1.000841,0.750000,0.750000,1.000000,0.000100000,0.000001113,0.066000,0.000000,0.000000,0.000000,0.000000,0.000000,0.750000,0.000000
44.500000,1.000000,543.000000,0.000000,0.000000,293.000000,1.000000,1.000000,0.000000,1.000879,0.750000,0.750000,1.000000,0.000100000,0.000001113,0.066000,0.000000,0.000000,0.000000,0.000000,0.000000,0.750000,0.000000
44.599999,1.000000,543.000000,0.000000,0.000000,293.000000,1.000000,1.000000,0.000000,1.000841,0.750000,0.750000,1.000000,0.000100000,0.000001113,0.066000,0.000000,0.000000,0.000000,0.000000,0.000000,0.750000,0.000000
44.700001,1.000000,543.000000,0.000000,0.000000,293.000000,1.000000,1.000000,0.000000,1.000879,0.750000,0.750000,1.000000,0.000100000,0.000001113,0.066000,0.000000,0.000000,0.000000,0.000000,0.000000,0.750000,0.000000
44.799999,1.000000,543.000000,0.000000,0.000000,293.000000,1.000000,1.000000,0.000000,1.000841,0.750000,0.750000,1.000000,0.000100000,0.000001113,0.066000,0.000000,0.000000,0.000000,0.000000,0.000000,0.750000,0.000000
44.899998,1.000000,543.000000,0.000000,0.000000,293.000000,1.000000,1.000000,0.000000,1.000847,0.750000,0.750000,1.000000,0.000100000,0.000001113,0.066000,0.000000,0.000000,0.000000,0.000000,0.000000,0.750000,0.000000
45.000000,1.000000,543.000000,0.000000,0.000000,293.000000,1.000000,1.000000,0.000000,1.000880,0.750000,0.750000,1.000000,0.000100000,0.000001113,0.066000,0.000000,0.000000,0.000000,0.000000,0.000000,0.750000,0.000000
45.099998,1.000000,543.000000,0.000000,0.000000,293.000000,1.000000,1.000000,0.000000,1.000840,0.750000,0.750000,1.000000,0.000100000,0.000001113,0.066000,0.000000,0.000000,0.000000,0.000000,0.000000,0.750000,0.000000
45.200001,1.000000,543.000000,0.000000,0.000000,293.000000,1.000000,1.000000,0.000000,1.000878,0.750000,0.750000,1.000000,0.000100000,0.000001113,0.066000,0.000000,0.000000,0.000000,0.000000,0.000000,0.750000,0.000000
45.299999,1.000000,543.000000,0.000000,0.000000,293.000000,1.000000,1.000000,0.000000,1.000841,0.750000,0.750000,1.000000,0.000100000,0.000001113,0.066000,0.000000,0.000000,0.000000,0.000000,0.000000,0.750000,0.000000
45.399998,1.000000,543.000000,0.000000,0.000000,293.000000,1.000000,1.000000,0.000000,1.000841,0.750000,0.750000,1.000000,0.000100000,0.000001113,0.066000,0.000000,0.000000,0.000000,0.000000,0.000000,0.750000,0.000000
45.500000,1.000000,543.000000,0.000000,0.000000,293.000000,1.000000,1.000000,0.000000,1.000878,0.750000,0.750000,1.000000,0.000100000,0.000001113,0.066000,0.000000,0.000000,0.000000,0.000000,0.000000,0.750000,0.000000
45.599999,1.000000,543.000000,0.000000,0.000000,293.000000,1.000000,1.000000,0.000000,1.000841,0.750000,0.750000,1.000000,0.000100000,0.000001113,0.066000,0.000000,0.000000,0.000000,0.000000,0.000000,0.750000,0.000000
45.699997,1.000000,543.000000,0.000000,0.000000,293.000000,1.000000,1.000000,0.000000,1.000838,0.750000,0.750000,1.000000,0.000100000,0.000001113,0.066000,0.000000,0.000000,0.000000,0.000000,0.000000,0.750000,0.000000
45.799999,1.000000,543.000000,0.000000,0.000000,293.000000,1.000000,1.000000,0.000000,1.000878,0.750000,0.750000,1.000000,0.000100000,0.000001113,0.066000,0.000000,0.000000,0.000000,0.000000,0.000000,0.750000,0.000000
45.899998,1.000000,543.000000,0.000000,0.000000,293.000000,1.000000,1.000000,0.000000,1.000841,0.750000,0.750000,1.000000,0.000100000,0.000001113,0.066000,0.000000,0.000000,0.000000,0.000000,0.000000,0.750000,0.000000
46.000000,1.000000,543.000000,0.000000,0.000000,293.000000,1.000000,1.000000,0.000000,1.000878,0.750000,0.750000,1.000000,0.000100000,0.000001113,0.066000,0.000000,0.000000,0.000000,0.000000,0.000000,0.750000,0.000000
46.099998,1.000000,543.000000,0.000000,0.000000,293.000000,1.000000,1.000000,0.000000,1.000841,0.750000,0.750000,1.000000,0.000100000,0.000001113,0.066000,0.000000,0.000000,0.000000,0.000000,0.000000,0.750000,0.000000
46.199997,1.000000,543.000000,0.000000,0.000000,293.000000,1.000000,1.000000,0.000000,1.000841,0.750000,0.750000,1.000000,0.000100000,0.000001113,0.066000,0.000000,0.000000,0.000000,0.000000,0.000000,0.750000,0.000000
46.299999,1.000000,543.000000,0.000000,0.000000,293.000000,1.000000,1.000000,0.000000,1.000878,0.750000,0.750000,1.000000,0.000100000,0.000001113,0.066000,0.000000,0.000000,0.000000,0.000000,0.000000,0.750000,0.000000
46.399998,1.000000,543.000000,0.000000,0.000000,293.000000,1.000000,1.000000,0.000000,1.000840,0.750000,0.750000,1.000000,0.000100000,0.000001113,0.066000,0.000000,0.000000,0.000000,0.000000,0.000000,0.750000,0.000000
46.500000,1.000000,543.000000,0.000000,0.000000,293.000000,1.000000,1.000000,0.000000,1.000879,0.750000,0.750000,1.000000,0.000100000,0.000001113,0.066000,0.000000,0.000000,0.000000,0.000000,0.000000,0.750000,0.000000
46.599999,1.000000,543.000000,0.000000,0.000000,293.000000,1.000000,1.000000,0.000000,1.000847,0.750000,0.750000,1.000000,0.000100000,0.000001113,0.066000,0.000000,0.000000,0.000000,0.000000,0.000000,0.750000,0.000000
46.699997,1.000000,543.000000,0.000000,0.000000,293.000000,1.000000,1.000000,0.000000,1.000841,0.750000,0.750000,1.000000,0.000100000,0.000001113,0.066000,0.000000,0.000000,0.000000,0.000000,0.000000,0.750000,0.000000
46.799999,1.000000,543.000000,0.000000,0.000000,293.000000,1.000000,1.000000,0.000000,1.000879,0.750000,0.750000,1.000000,0.000100000,0.000001113,0.066000,0.000000,0.000000,0.000000,0.000000,0.000000,0.750000,0.000000
46.899998,1.000000,543.000000,0.000000,0.000000,293.000000,1.000000,1.000000,0.000000,1.000840,0.750000,0.750000,1.000000,0.000100000,0.000001113,0.066000,0.000000,0.000000,0.000000,0.000000,0.000000,0.750000,0.000000
47.000000,1.000000,543.000000,0.000000,0.000000,293.000000,1.000000,1.000000,0.000000,1.000880,0.750000,0.750000,1.000000,0.000100000,0.000001113,0.066000,0.000000,0.000000,0.000000,0.000000,0.000000,0.750000,0.000000
47.099998,1.000000,543.000000,0.000000,0.000000,293.000000,1.000000,1.000000,0.000000,1.000840,0.750000,0.750000,1.000000,0.000100000,0.000001113,0.066000,0.000000,0.000000,0.000000,0.000000,0.000000,0.750000,0.000000
47.199997,1.000000,543.000000,0.000000,0.000000,293.000000,1.000000,1.000000,0.000000,1.000840,0.750000,0.750000,1.000000,0.000100000,0.000001113,0.066000,0.000000,0.000000,0.000000,0.000000,0.000000,0.750000,0.000000
47.299999,1.000000,543.000000,0.000000,0.000000,293.000000,1.000000,1.000000,0.000000,1.000879,0.750000,0.750000,1.000000,0.000100000,0.000001113,0.066000,0.000000,0.000000,0.000000,0.000000,0.000000,0.750000,0.000000
47.399998,1.000000,543.000000,0.000000,0.000000,293.000000,1.000000,1.000000,0.000000,1.000838,0.750000,0.750000,1.000000,0.000100000,0.000001113,0.066000,0.000000,0.000000,0.000000,0.000000,0.000000,0.750000,0.000000
47.500000,1.000000,543.000000,0.000000,0.000000,293.000000,1.000000,1.000000,0.000000,1.000878,0.750000,0.750000,1.000000,0.000100000,0.000001113,0.066000,0.000000,0.000000,0.000000,0.000000,0.000000,0.750000,0.000000
47.599999,1.000000,543.000000,0.000000,0.000000,293.000000,1.000000,1.000000,0.000000,1.000840,0.750000,0.750000,1.000000,0.000100000,0.000001113,0.066000,0.000000,0.000000,0.000000,0.000000,0.000000,0.750000,0.000000
47.699997,1.000000,543.000000,0.000000,0.000000,293.000000,1.000000,1.000000,0.000000,1.000841,0.750000,0.750000,1.000000,0.000100000,0.000001113,0.066000,0.000000,0.000000,0.000000,0.000000,0.000000,0.750000,0.000000
47.799999,1.000000,543.000000,0.000000,0.000000,293.000000,1.000000,1.000000,0.000000,1.000879,0.750000,0.750000,1.000000,0.000100000,0.000001113,0.066000,0.000000,0.000000,0.000000,0.000000,0.000000,0.750000,0.000000
47.899998,1.000000,543.000000,0.000000,0.000000,293.000000,1.000000,1.000000,0.000000,1.000841,0.750000,0.750000,1.000000,0.000100000,0.000001113,0.066000,0.000000,0.000000,0.000000,0.000000,0.000000,0.750000,0.000000
48.000000,1.000000,543.000000,0.000000,0.000000,293.000000,1.000000,1.000000,0.000000,1.000880,0.750000,0.750000,1.000000,0.000100000,0.000001113,0.066000,0.000000,0.000000,0.000000,0.000000,0.000000,0.750000,0.000000
48.099998,1.000000,543.000000,0.000000,0.000000,293.000000,1.000000,1.000000,0.000000,1.000841,0.750000,0.750000,1.000000,0.000100000,0.000001113,0.066000,0.000000,0.000000,0.000000,0.000000,0.000000,0.750000,0.000000
48.199997,1.000000,543.000000,0.000000,0.000000,293.000000,1.000000,1.000000,0.000000,1.000841,0.750000,0.750000,1.000000,0.000100000,0.000001113,0.066000,0.000000,0.000000,0.000000,0.000000,0.000000,0.750000,0.000000
48.299999,1.000000,543.000000,0.000000,0.000000,293.000000,1.000000,1.000000,0.000000,1.000885,0.750000,0.750000,1.000000,0.000100000,0.000001113,0.066000,0.000000,0.000000,0.000000,0.000000,0.000000,0.750000,0.000000
48.399998,1.000000,543.000000,0.000000,0.000000,293.000000,1.000000,1.000000,0.000000,1.000841,0.750000,0.750000,1.000000,0.000100000,0.000001113,0.066000,0.000000,0.000000,0.000000,0.000000,0.000000,0.750000,0.000000
48.500000,1.000000,543.000000,0.000000,0.000000,293.000000,1.000000,1.000000,0.000000,1.000879,0.750000,0.750000,1.000000,0.000100000,0.000001113,0.066000,0.000000,0.000000,0.000000,0.000000,0.000000,0.750000,0.000000
48.599999,1.000000,543.000000,0.000000,0.000000,293.000000,1.000000,1.000000,0.000000,1.000841,0.750000,0.750000,1.000000,0.000100000,0.000001113,0.066000,0.000000,0.000000,0.000000,0.000000,0.000000,0.750000,0.000000
48.699997,1.000000,543.000000,0.000000,0.000000,293.000000,1.000000,1.000000,0.000000,1.000841,0.750000,0.750000,1.000000,0.000100000,0.000001113,0.066000,0.000000,0.000000,0.000000,0.000000,0.000000,0.750000,0.000000
48.799999,1.000000,543.000000,0.000000,0.000000,293.000000,1.000000,1.000000,0.000000,1.000878,0.750000,0.750000,1.000000,0.000100000,0.000001113,0.066000,0.000000,0.000000,0.000000,0.000000,0.000000,0.750000,0.000000
48.899998,1.000000,543.000000,0.000000,0.000000,293.000000,1.000000,1.000000,0.000000,1.000841,0.750000,0.750000,1.000000,0.000100000,0.000001113,0.066000,0.000000,0.000000,0.000000,0.000000,0.000000,0.750000,0.000000
49.000000,1.000000,543.000000,0.000000,0.000000,293.000000,1.000000,1.000000,0.000000,1.000879,0.750000,0.750000,1.000000,0.000100000,0.000001113,0.066000,0.000000,0.000000,0.000000,0.000000,0.000000,0.750000,0.000000
49.099998,1.000000,543.000000,0.000000,0.000000,293.000000,1.000000,1.000000,0.000000,1.000847,0.750000,0.750000,1.000000,0.000100000,0.000001113,0.066000,0.000000,0.000000,0.000000,0.000000,0.000000,0.750000,0.000000
49.199997,1.000000,543.000000,0.000000,0.000000,293.000000,1.000000,1.000000,0.000000,1.000841,0.750000,0.750000,1.000000,0.000100000,0.000001113,0.066000,0.000000,0.000000,0.000000,0.000000,0.000000,0.750000,0.000000
49.299999,1.000000,543.000000,0.000000,0.000000,293.000000,1.000000,1.000000,0.000000,1.000879,0.750000,0.750000,1.000000,0.000100000,0.000001113,0.066000,0.000000,0.000000,0.000000,0.000000,0.000000,0.750000,0.000000
49.399998,1.000000,543.000000,0.000000,0.000000,293.000000,1.000000,1.000000,0.000000,1.000841,0.750000,0.750000,1.000000,0.000100000,0.000001113,0.066000,0.000000,0.000000,0.000000,0.000000,0.000000,0.750000,0.000000
49.500000,1.000000,543.000000,0.000000,0.000000,293.000000,1.000000,1.000000,0.000000,1.000879,0.750000,0.750000,1.000000,0.000100000,0.000001113,0.066000,0.000000,0.000000,0.000000,0.000000,0.000000,0.750000,0.000000
49.599999,1.000000,543.000000,0.000000,0.000000,293.000000,1.000000,1.000000,0.000000,1.000840,0.750000,0.750000,1.000000,0.000100000,0.000001113,0.066000,0.000000,0.000000,0.000000,0.000000,0.000000,0.750000,0.000000
49.699997,1.000000,543.000000,0.000000,0.000000,293.000000,1.000000,1.000000,0.000000,1.000841,0.750000,0.750000,1.000000,0.000100000,0.000001113,0.066000,0.000000,0.000000,0.000000,0.000000,0.000000,0.750000,0.000000
49.799999,1.000000,543.000000,0.000000,0.000000,293.000000,1.000000,1.000000,0.000000,1.000879,0.750000,0.750000,1.000000,0.000100000,0.000001113,0.066000,0.000000,0.000000,0.000000,0.000000,0.000000,0.750000,0.000000
49.899998,1.000000,543.000000,0.000000,0.000000,293.000000,1.000000,1.000000,0.000000,1.000847,0.750000,0.750000,1.000000,0.000100000,0.000001113,0.066000,0.000000,0.000000,0.000000,0.000000,0.000000,0.750000,0.000000
50.000000,1.000000,543.000000,0.000000,0.000000,293.000000,1.000000,1.000000,0.000000,1.000880,0.750000,0.750000,1.000000,0.000100000,0.000001113,0.066000,0.000000,0.000000,0.000000,0.000000,0.000000,0.750000,0.000000
50.099998,1.000000,543.000000,0.000000,0.000000,293.000000,1.000000,1.000000,0.000000,1.000840,0.750000,0.750000,1.000000,0.000100000,0.000001113,0.066000,0.000000,0.000000,0.000000,0.000000,0.000000,0.750000,0.000000
50.199997,1.000000,543.000000,0.000000,0.000000,293.000000,1.000000,1.000000,0.000000,1.000840,0.750000,0.750000,1.000000,0.000100000,0.000001113,0.066000,0.000000,0.000000,0.000000,0.000000,0.000000,0.750000,0.000000
50.299999,1.000000,543.000000,0.000000,0.000000,293.000000,1.000000,1.000000,0.000000,1.000879,0.750000,0.750000,1.000000,0.000100000,0.000001113,0.066000,0.000000,0.000000,0.000000,0.000000,0.000000,0.750000,0.000000
50.399998,1.000000,543.000000,0.000000,0.000000,293.000000,1.000000,1.000000,0.000000,1.000841,0.750000,0.750000,1.000000,0.000100000,0.000001113,0.066000,0.000000,0.000000,0.000000,0.000000,0.000000,0.750000,0.000000
50.500000,1.000000,543.000000,0.000000,0.000000,293.000000,1.000000,1.000000,0.000000,1.000879,0.750000,0.750000,1.000000,0.000100000,0.000001113,0.066000,0.000000,0.000000,0.000000,0.000000,0.000000,0.750000,0.000000
50.599999,1.000000,543.000000,0.000000,0.000000,293.000000,1.000000,1.000000,0.000000,1.000840,0.750000,0.750000,1.000000,0.000100000,0.000001113,0.066000,0.000000,0.000000,0.000000,0.000000,0.000000,0.750000,0.000000
50.699997,1.000000,543.000000,0.000000,0.000000,293.000000,1.000000,1.000000,0.000000,1.000838,0.750000,0.750000,1.000000,0.000100000,0.000001113,0.066000,0.000000,0.000000,0.000000,0.000000,0.000000,0.750000,0.000000
50.799999,1.000000,543.000000,0.000000,0.000000,293.000000,1.000000,1.000000,0.000000,1.000878,0.750000,0.750000,1.000000,0.000100000,0.000001113,0.066000,0.000000,0.000000,0.000000,0.000000,0.000000,0.750000,0.000000
50.899998,1.000000,543.000000,0.000000,0.000000,293.000000,1.000000,1.000000,0.000000,1.000841,0.750000,0.750000,1.000000,0.000100000,0.000001113,0.066000,0.000000,0.000000,0.000000,0.000000,0.000000,0.750000,0.000000
51.000000,1.000000,543.000000,0.000000,0.000000,293.000000,1.000000,1.000000,0.000000,1.000878,0.750000,0.750000,1.000000,0.000100000,0.000001113,0.066000,0.000000,0.000000,0.000000,0.000000,0.000000,0.750000,0.000000
51.099998,1.000000,543.000000,0.000000,0.000000,293.000000,1.000000,1.000000,0.000000,1.000841,0.750000,0.750000,1.000000,0.000100000,0.000001113,0.066000,0.000000,0.000000,0.000000,0.000000,0.000000,0.750000,0.000000
51.199997,1.000000,543.000000,0.000000,0.000000,293.000000,1.000000,1.000000,0.000000,1.000841,0.750000,0.750000,1.000000,0.000100000,0.000001113,0.066000,0.000000,0.000000,0.000000,0.000000,0.000000,0.750000,0.000000
51.299999,1.000000,543.000000,0.000000,0.000000,293.000000,1.000000,1.000000,0.000000,1.000879,0.750000,0.750000,1.000000,0.000100000,0.000001113,0.066000,0.000000,0.000000,0.000000,0.000000,0.000000,0.750000,0.000000
51.399998,1.000000,543.000000,0.000000,0.000000,293.000000,1.000000,1.000000,0.000000,1.000841,0.750000,0.750000,1.000000,0.000100000,0.000001113,0.066000,0.000000,0.000000,0.000000,0.000000,0.000000,0.750000,0.000000
51.500000,1.000000,543.000000,0.000000,0.000000,293.000000,1.000000,1.000000,0.000000,1.000880,0.750000,0.750000,1.000000,0.000100000,0.000001113,0.066000,0.000000,0.000000,0.000000,0.000000,0.000000,0.750000,0.000000
51.599999,1.000000,543.000000,0.000000,0.000000,293.000000,1.000000,1.000000,0.000000,1.000847,0.750000,0.750000,1.000000,0.000100000,0.000001113,0.066000,0.000000,0.000000,0.000000,0.000000,0.000000,0.750000,0.000000
51.699997,1.000000,543.000000,0.000000,0.000000,293.000000,1.000000,1.000000,0.000000,1.000841,0.750000,0.750000,1.000000,0.000100000,0.000001113,0.066000,0.000000,0.000000,0.000000,0.000000,0.000000,0.750000,0.000000
51.799999,1.000000,543.000000,0.000000,0.000000,293.000000,1.000000,1.000000,0.000000,1.000879,0.750000,0.750000,1.000000,0.000100000,0.000001113,0.066000,0.000000,0.000000,0.000000,0.000000,0.000000,0.750000,0.000000
51.899998,1.000000,543.000000,0.000000,0.000000,293.000000,1.000000,1.000000,0.000000,1.000840,0.750000,0.750000,1.000000,0.000100000,0.000001113,0.066000,0.000000,0.000000,0.000000,0.000000,0.000000,0.750000,0.000000
52.000000,1.000000,543.000000,0.000000,0.000000,293.000000,1.000000,1.000000,0.000000,1.000879,0.750000,0.750000,1.000000,0.000100000,0.000001113,0.066000,0.000000,0.000000,0.000000,0.000000,0.000000,0.750000,0.000000
52.099998,1.000000,543.000000,0.000000,0.000000,293.000000,1.000000,1.000000,0.000000,1.000841,0.750000,0.750000,1.000000,0.000100000,0.000001113,0.066000,0.000000,0.000000,0.000000,0.000000,0.000000,0.750000,0.000000
52.199997,1.000000,543.000000,0.000000,0.000000,293.000000,1.000000,1.000000,0.000000,1.000840,0.750000,0.750000,1.000000,0.000100000,0.000001113,0.066000,0.000000,0.000000,0.000000,0.000000,0.000000,0.750000,0.000000
52.299999,1.000000,543.000000,0.000000,0.000000,293.000000,1.000000,1.000000,0.000000,1.000880,0.750000,0.750000,1.000000,0.000100000,0.000001113,0.066000,0.000000,0.000000,0.000000,0.000000,0.000000,0.750000,0.000000
52.399998,1.000000,543.000000,0.000000,0.000000,293.000000,1.000000,1.000000,0.000000,1.000847,0.750000,0.750000,1.000000,0.000100000,0.000001113,0.066000,0.000000,0.000000,0.000000,0.000000,0.000000,0.750000,0.000000
52.500000,1.000000,543.000000,0.000000,0.000000,293.000000,1.000000,1.000000,0.000000,1.000879,0.750000,0.750000,1.000000,0.000100000,0.000001113,0.066000,0.000000,0.000000,0.000000,0.000000,0.000000,0.750000,0.000000
52.599999,1.000000,543.000000,0.000000,0.000000,293.000000,1.000000,1.000000,0.000000,1.000840,0.750000,0.750000,1.000000,0.000100000,0.000001113,0.066000,0.000000,0.000000,0.000000,0.000000,0.000000,0.750000,0.000000
52.699997,1.000000,543.000000,0.000000,0.000000,293.000000,1.000000,1.000000,0.000000,1.000841,0.750000,0.750000,1.000000,0.000100000,0.000001113,0.066000,0.000000,0.000000,0.000000,0.000000,0.000000,0.750000,0.000000
52.799999,1.000000,543.000000,0.000000,0.000000,293.000000,1.000000,1.000000,0.000000,1.000879,0.750000,0.750000,1.000000,0.000100000,0.000001113,0.066000,0.000000,0.000000,0.000000,0.000000,0.000000,0.750000,0.000000
52.899998,1.000000,543.000000,0.000000,0.000000,293.000000,1.000000,1.000000,0.000000,1.000841,0.750000,0.750000,1.000000,0.000100000,0.000001113,0.066000,0.000000,0.000000,0.000000,0.000000,0.000000,0.750000,0.000000
53.000000,1.000000,543.000000,0.000000,0.000000,293.000000,1.000000,1.000000,0.000000,1.000879,0.750000,0.750000,1.000000,0.000100000,0.000001113,0.066000,0.000000,0.000000,0.000000,0.000000,0.000000,0.750000,0.000000
53.099998,1.000000,543.000000,0.000000,0.000000,293.000000,1.000000,1.000000,0.000000,1.000840,0.750000,0.750000,1.000000,0.000100000,0.000001113,0.066000,0.000000,0.000000,0.000000,0.000000,0.000000,0.750000,0.000000
53.199997,1.000000,543.000000,0.000000,0.000000,293.000000,1.000000,1.000000,0.000000,1.000847,0.750000,0.750000,1.000000,0.000100000,0.000001113,0.066000,0.000000,0.000000,0.000000,0.000000,0.000000,0.750000,0.000000
53.299999,1.000000,543.000000,0.000000,0.000000,293.000000,1.000000,1.000000,0.000000,1.000880,0.750000,0.750000,1.000000,0.000100000,0.000001113,0.066000,0.000000,0.000000,0.000000,0.000000,0.000000,0.750000,0.000000
53.399998,1.000000,543.000000,0.000000,0.000000,293.000000,1.000000,1.000000,0.000000,1.000840,0.750000,0.750000,1.000000,0.000100000,0.000001113,0.066000,0.000000,0.000000,0.000000,0.000000,0.000000,0.750000,0.000000
53.500000,1.000000,543.000000,0.000000,0.000000,293.000000,1.000000,1.000000,0.000000,1.000879,0.750000,0.750000,1.000000,0.000100000,0.000001113,0.066000,0.000000,0.000000,0.000000,0.000000,0.000000,0.750000,0.000000
53.599999,1.000000,543.000000,0.000000,0.000000,293.000000,1.000000,1.000000,0.000000,1.000841,0.750000,0.750000,1.000000,0.000100000,0.000001113,0.066000,0.000000,0.000000,0.000000,0.000000,0.000000,0.750000,0.000000
53.699997,1.000000,543.000000,0.000000,0.000000,293.000000,1.000000,1.000000,0.000000,1.000840,0.750000,0.750000,1.000000,0.000100000,0.000001113,0.066000,0.000000,0.000000,0.000000,0.000000,0.000000,0.750000,0.000000
53.799999,1.000000,543.000000,0.000000,0.000000,293.000000,1.000000,1.000000,0.000000,1.000879,0.750000,0.750000,1.000000,0.000100000,0.000001113,0.066000,0.000000,0.000000,0.000000,0.000000,0.000000,0.750000,0.000000
53.899998,1.000000,543.000000,0.000000,0.000000,293.000000,1.000000,1.000000,0.000000,1.000840,0.750000,0.750000,1.000000,0.000100000,0.000001113,0.066000,0.000000,0.000000,0.000000,0.000000,0.000000,0.750000,0.000000
54.000000,1.000000,543.000000,0.000000,0.000000,293.000000,1.000000,1.000000,0.000000,1.000885,0.750000,0.750000,1.000000,0.000100000,0.000001113,0.066000,0.000000,0.000000,0.000000,0.000000,0.000000,0.750000,0.000000
54.099998,1.000000,543.000000,0.000000,0.000000,293.000000,1.000000,1.000000,0.000000,1.000841,0.750000,0.750000,1.000000,0.000100000,0.000001113,0.066000,0.000000,0.000000,0.000000,0.000000,0.000000,0.750000,0.000000
54.199997,1.000000,543.000000,0.000000,0.000000,293.000000,1.000000,1.000000,0.000000,1.000841,0.750000,0.750000,1.000000,0.000100000,0.000001113,0.066000,0.000000,0.000000,0.000000,0.000000,0.000000,0.750000,0.000000
54.299999,1.000000,543.000000,0.000000,0.000000,293.000000,1.000000,1.000000,0.000000,1.000878,0.750000,0.750000,1.000000,0.000100000,0.000001113,0.066000,0.000000,0.000000,0.000000,0.000000,0.000000,0.750000,0.000000
54.399998,1.000000,543.000000,0.000000,0.000000,293.000000,1.000000,1.000000,0.000000,1.000841,0.750000,0.750000,1.000000,0.000100000,0.000001113,0.066000,0.000000,0.000000,0.000000,0.000000,0.000000,0.750000,0.000000
54.500000,1.000000,543.000000,0.000000,0.000000,293.000000,1.000000,1.000000,0.000000,1.000878,0.750000,0.750000,1.000000,0.000100000,0.000001113,0.066000,0.000000,0.000000,0.000000,0.000000,0.000000,0.750000,0.000000
54.599999,1.000000,543.000000,0.000000,0.000000,293.000000,1.000000,1.000000,0.000000,1.000841,0.750000,0.750000,1.000000,0.000100000,0.000001113,0.066000,0.000000,0.000000,0.000000,0.000000,0.000000,0.750000,0.000000
54.699997,1.000000,543.000000,0.000000,0.000000,293.000000,1.000000,1.000000,0.000000,1.000841,0.750000,0.750000,1.000000,0.000100000,0.000001113,0.066000,0.000000,0.000000,0.000000,0.000000,0.000000,0.750000,0.000000
54.799999,1.000000,543.000000,0.000000,0.000000,293.000000,1.000000,1.000000,0.000000,1.000885,0.750000,0.750000,1.000000,0.000100000,0.000001113,0.066000,0.000000,0.000000,0.000000,0.000000,0.000000,0.750000,0.000000
54.899998,1.000000,543.000000,0.000000,0.000000,293.000000,1.000000,1.000000,0.000000,1.000842,0.750000,0.750000,1.000000,0.000100000,0.000001113,0.066000,0.000000,0.000000,0.000000,0.000000,0.000000,0.750000,0.000000
55.000000,1.000000,543.000000,0.000000,0.000000,293.000000,1.000000,1.000000,0.000000,1.000878,0.750000,0.750000,1.000000,0.000100000,0.000001113,0.066000,0.000000,0.000000,0.000000,0.000000,0.000000,0.750000,0.000000
55.099998,1.000000,543.000000,0.000000,0.000000,293.000000,1.000000,1.000000,0.000000,1.000841,0.750000,0.750000,1.000000,0.000100000,0.000001113,0.066000,0.000000,0.000000,0.000000,0.000000,0.000000,0.750000,0.000000
55.199997,1.000000,543.000000,0.000000,0.000000,293.000000,1.000000,1.000000,0.000000,1.000840,0.750000,0.750000,1.000000,0.000100000,0.000001113,0.066000,0.000000,0.000000,0.000000,0.000000,0.000000,0.750000,0.000000
55.299999,1.000000,543.000000,0.000000,0.000000,293.000000,1.000000,1.000000,0.000000,1.000879,0.750000,0.750000,1.000000,0.000100000,0.000001113,0.066000,0.000000,0.000000,0.000000,0.000000,0.000000,0.750000,0.000000
55.399998,1.000000,543.000000,0.000000,0.000000,293.000000,1.000000,1.000000,0.000000,1.000841,0.750000,0.750000,1.000000,0.000100000,0.000001113,0.066000,0.000000,0.000000,0.000000,0.000000,0.000000,0.750000,0.000000
55.500000,1.000000,543.000000,0.000000,0.000000,293.000000,1.000000,1.000000,0.000000,1.000879,0.750000,0.750000,1.000000,0.000100000,0.000001113,0.066000,0.000000,0.000000,0.000000,0.000000,0.000000,0.750000,0.000000
55.599999,1.000000,543.000000,0.000000,0.000000,293.000000,1.000000,1.000000,0.000000,1.000847,0.750000,0.750000,1.000000,0.000100000,0.000001113,0.066000,0.000000,0.000000,0.000000,0.000000,0.000000,0.750000,0.000000
55.699997,1.000000,543.000000,0.000000,0.000000,293.000000,1.000000,1.000000,0.000000,1.000841,0.750000,0.750000,1.000000,0.000100000,0.000001113,0.066000,0.000000,0.000000,0.000000,0.000000,0.000000,0.750000,0.000000
55.799999,1.000000,543.000000,0.000000,0.000000,293.000000,1.000000,1.000000,0.000000,1.000879,0.750000,0.750000,1.000000,0.000100000,0.000001113,0.066000,0.000000,0.000000,0.000000,0.000000,0.000000,0.750000,0.000000
55.899998,1.000000,543.000000,0.000000,0.000000,293.000000,1.000000,1.000000,0.000000,1.000840,0.750000,0.750000,1.000000,0.000100000,0.000001113,0.066000,0.000000,0.000000,0.000000,0.000000,0.000000,0.750000,0.000000
56.000000,1.000000,543.000000,0.000000,0.000000,293.000000,1.000000,1.000000,0.000000,1.000879,0.750000,0.750000,1.000000,0.000100000,0.000001113,0.066000,0.000000,0.000000,0.000000,0.000000,0.000000,0.750000,0.000000
56.099998,1.000000,543.000000,0.000000,0.000000,293.000000,1.000000,1.000000,0.000000,1.000841,0.750000,0.750000,1.000000,0.000100000,0.000001113,0.066000,0.000000,0.000000,0.000000,0.000000,0.000000,0.750000,0.000000
56.199997,1.000000,543.000000,0.000000,0.000000,293.000000,1.000000,1.000000,0.000000,1.000841,0.750000,0.750000,1.000000,0.000100000,0.000001113,0.066000,0.000000,0.000000,0.000000,0.000000,0.000000,0.750000,0.000000
56.299999,1.000000,543.000000,0.000000,0.000000,293.000000,1.000000,1.000000,0.000000,1.000879,0.750000,0.750000,1.000000,0.000100000,0.000001113,0.066000,0.000000,0.000000,0.000000,0.000000,0.000000,0.750000,0.000000
56.399998,1.000000,543.000000,0.000000,0.000000,293.000000,1.000000,1.000000,0.000000,1.000847,0.750000,0.750000,1.000000,0.000100000,0.000001113,0.066000,0.000000,0.000000,0.000000,0.000000,0.000000,0.750000,0.000000
56.500000,1.000000,543.000000,0.000000,0.000000,293.000000,1.000000,1.000000,0.000000,1.000878,0.750000,0.750000,1.000000,0.000100000,0.000001113,0.066000,0.000000,0.000000,0.000000,0.000000,0.000000,0.750000,0.000000
56.599999,1.000000,543.000000,0.000000,0.000000,293.000000,1.000000,1.000000,0.000000,1.000841,0.750000,0.750000,1.000000,0.000100000,0.000001113,0.066000,0.000000,0.000000,0.000000,0.000000,0.000000,0.750000,0.000000
56.699997,1.000000,543.000000,0.000000,0.000000,293.000000,1.000000,1.000000,0.000000,1.000840,0.750000,0.750000,1.000000,0.000100000,0.000001113,0.066000,0.000000,0.000000,0.000000,0.000000,0.000000,0.750000,0.000000
56.799999,1.000000,543.000000,0.000000,0.000000,293.000000,1.000000,1.000000,0.000000,1.000879,0.750000,0.750000,1.000000,0.000100000,0.000001113,0.066000,0.000000,0.000000,0.000000,0.000000,0.000000,0.750000,0.000000
56.899998,1.000000,543.000000,0.000000,0.000000,293.000000,1.000000,1.000000,0.000000,1.000841,0.750000,0.750000,1.000000,0.000100000,0.000001113,0.066000,0.000000,0.000000,0.000000,0.000000,0.000000,0.750000,0.000000
57.000000,1.000000,543.000000,0.000000,0.000000,293.000000,1.000000,1.000000,0.000000,1.000878,0.750000,0.750000,1.000000,0.000100000,0.000001113,0.066000,0.000000,0.000000,0.000000,0.000000,0.000000,0.750000,0.000000
57.099998,1.000000,543.000000,0.000000,0.000000,293.000000,1.000000,1.000000,0.000000,1.000841,0.750000,0.750000,1.000000,0.000100000,0.000001113,0.066000,0.000000,0.000000,0.000000,0.000000,0.000000,0.750000,0.000000
57.199997,1.000000,543.000000,0.000000,0.000000,293.000000,1.000000,1.000000,0.000000,1.000838,0.750000,0.750000,1.000000,0.000100000,0.000001113,0.066000,0.000000,0.000000,0.000000,0.000000,0.000000,0.750000,0.000000
57.299999,1.000000,543.000000,0.000000,0.000000,293.000000,1.000000,1.000000,0.000000,1.000878,0.750000,0.750000,1.000000,0.000100000,0.000001113,0.066000,0.000000,0.000000,0.000000,0.000000,0.000000,0.750000,0.000000
57.399998,1.000000,543.000000,0.000000,0.000000,293.000000,1.000000,1.000000,0.000000,1.000841,0.750000,0.750000,1.000000,0.000100000,0.000001113,0.066000,0.000000,0.000000,0.000000,0.000000,0.000000,0.750000,0.000000
57.500000,1.000000,543.000000,0.000000,0.000000,293.000000,1.000000,1.000000,0.000000,1.000879,0.750000,0.750000,1.000000,0.000100000,0.000001113,0.066000,0.000000,0.000000,0.000000,0.000000,0.000000,0.750000,0.000000
57.599999,1.000000,543.000000,0.000000,0.000000,293.000000,1.000000,1.000000,0.000000,1.000841,0.750000,0.750000,1.000000,0.000100000,0.000001113,0.066000,0.000000,0.000000,0.000000,0.000000,0.000000,0.750000,0.000000
57.699997,1.000000,543.000000,0.000000,0.000000,293.000000,1.000000,1.000000,0.000000,1.000842,0.750000,0.750000,1.000000,0.000100000,0.000001113,0.066000,0.000000,0.000000,0.000000,0.000000,0.000000,0.750000,0.000000
57.799999,1.000000,543.000000,0.000000,0.000000,293.000000,1.000000,1.000000,0.000000,1.000879,0.750000,0.750000,1.000000,0.000100000,0.000001113,0.066000,0.000000,0.000000,0.000000,0.000000,0.000000,0.750000,0.000000
57.899998,1.000000,543.000000,0.000000,0.000000,293.000000,1.000000,1.000000,0.000000,1.000840,0.750000,0.750000,1.000000,0.000100000,0.000001113,0.066000,0.000000,0.000000,0.000000,0.000000,0.000000,0.750000,0.000000
58.000000,1.000000,543.000000,0.000000,0.000000,293.000000,1.000000,1.000000,0.000000,1.000879,0.750000,0.750000,1.000000,0.000100000,0.000001113,0.066000,0.000000,0.000000,0.000000,0.000000,0.000000,0.750000,0.000000
58.099998,1.000000,543.000000,0.000000,0.000000,293.000000,1.000000,1.000000,0.000000,1.000838,0.750000,0.750000,1.000000,0.000100000,0.000001113,0.066000,0.000000,0.000000,0.000000,0.000000,0.000000,0.750000,0.000000
58.199997,1.000000,543.000000,0.000000,0.000000,293.000000,1.000000,1.000000,0.000000,1.000841,0.750000,0.750000,1.000000,0.000100000,0.000001113,0.066000,0.000000,0.000000,0.000000,0.000000,0.000000,0.750000,0.000000
58.299999,1.000000,543.000000,0.000000,0.000000,293.000000,1.000000,1.000000,0.000000,1.000878,0.750000,0.750000,1.000000,0.000100000,0.000001113,0.066000,0.000000,0.000000,0.000000,0.000000,0.000000,0.750000,0.000000
58.399998,1.000000,543.000000,0.000000,0.000000,293.000000,1.000000,1.000000,0.000000,1.000840,0.750000,0.750000,1.000000,0.000100000,0.000001113,0.066000,0.000000,0.000000,0.000000,0.000000,0.000000,0.750000,0.000000
58.500000,1.000000,543.000000,0.000000,0.000000,293.000000,1.000000,1.000000,0.000000,1.000879,0.750000,0.750000,1.000000,0.000100000,0.000001113,0.066000,0.000000,0.000000,0.000000,0.000000,0.000000,0.750000,0.000000
58.599999,1.000000,543.000000,0.000000,0.000000,293.000000,1.000000,1.000000,0.000000,1.000841,0.750000,0.750000,1.000000,0.000100000,0.000001113,0.066000,0.000000,0.000000,0.000000,0.000000,0.000000,0.750000,0.000000
58.699997,1.000000,543.000000,0.000000,0.000000,293.000000,1.000000,1.000000,0.000000,1.000841,0.750000,0.750000,1.000000,0.000100000,0.000001113,0.066000,0.000000,0.000000,0.000000,0.000000,0.000000,0.750000,0.000000
58.799999,1.000000,543.000000,0.000000,0.000000,293.000000,1.000000,1.000000,0.000000,1.000878,0.750000,0.750000,1.000000,0.000100000,0.000001113,0.066000,0.000000,0.000000,0.000000,0.000000,0.000000,0.750000,0.000000
58.899998,1.000000,543.000000,0.000000,0.000000,293.000000,1.000000,1.000000,0.000000,1.000841,0.750000,0.750000,1.000000,0.000100000,0.000001113,0.066000,0.000000,0.000000,0.000000,0.000000,0.000000,0.750000,0.000000
59.000000,1.000000,543.000000,0.000000,0.000000,293.000000,1.000000,1.000000,0.000000,1.000885,0.750000,0.750000,1.000000,0.000100000,0.000001113,0.066000,0.000000,0.000000,0.000000,0.000000,0.000000,0.750000,0.000000
59.099998,1.000000,543.000000,0.000000,0.000000,293.000000,1.000000,1.000000,0.000000,1.000841,0.750000,0.750000,1.000000,0.000100000,0.000001113,0.066000,0.000000,0.000000,0.000000,0.000000,0.000000,0.750000,0.000000
59.199997,1.000000,543.000000,0.000000,0.000000,293.000000,1.000000,1.000000,0.000000,1.000840,0.750000,0.750000,1.000000,0.000100000,0.000001113,0.066000,0.000000,0.000000,0.000000,0.000000,0.000000,0.750000,0.000000
59.299999,1.000000,543.000000,0.000000,0.000000,293.000000,1.000000,1.000000,0.000000,1.000879,0.750000,0.750000,1.000000,0.000100000,0.000001113,0.066000,0.000000,0.000000,0.000000,0.000000,0.000000,0.750000,0.000000
59.399998,1.000000,543.000000,0.000000,0.000000,293.000000,1.000000,1.000000,0.000000,1.000841,0.750000,0.750000,1.000000,0.000100000,0.000001113,0.066000,0.000000,0.000000,0.000000,0.000000,0.000000,0.750000,0.000000
59.500000,1.000000,543.000000,0.000000,0.000000,293.000000,1.000000,1.000000,0.000000,1.000879,0.750000,0.750000,1.000000,0.000100000,0.000001113,0.066000,0.000000,0.000000,0.000000,0.000000,0.000000,0.750000,0.000000
59.599999,1.000000,543.000000,0.000000,0.000000,293.000000,1.000000,1.000000,0.000000,1.000841,0.750000,0.750000,1.000000,0.000100000,0.000001113,0.066000,0.000000,0.000000,0.000000,0.000000,0.000000,0.750000,0.000000
59.699997,1.000000,543.000000,0.000000,0.000000,293.000000,1.000000,1.000000,0.000000,1.000841,0.750000,0.750000,1.000000,0.000100000,0.000001113,0.066000,0.000000,0.000000,0.000000,0.000000,0.000000,0.750000,0.000000
59.799999,1.000000,543.000000,0.000000,0.000000,293.000000,1.000000,1.000000,0.000000,1.000876,0.750000,0.750000,1.000000,0.000100000,0.000001113,0.066000,0.000000,0.000000,0.000000,0.000000,0.000000,0.750000,0.000000
59.899998,1.000000,543.000000,0.000000,0.000000,293.000000,1.000000,1.000000,0.000000,1.000840,0.750000,0.750000,1.000000,0.000100000,0.000001113,0.066000,0.000000,0.000000,0.000000,0.000000,0.000000,0.750000,0.000000
60.000000,1.000000,543.000000,0.000000,0.000000,293.000000,1.000000,1.000000,0.000000,1.000879,0.750000,0.750000,1.000000,0.000100000,0.000001113,0.066000,0.000000,0.000000,0.000000,0.000000,0.000000,0.750000,0.000000
60.099998,1.000000,543.000000,0.000000,0.000000,293.000000,1.000000,1.000000,0.000000,1.000841,0.750000,0.750000,1.000000,0.000100000,0.000001113,0.066000,0.000000,0.000000,0.000000,0.000000,0.000000,0.750000,0.000000
60.199997,1.000000,543.000000,0.000000,0.000000,293.000000,1.000000,1.000000,0.000000,1.000841,0.750000,0.750000,1.000000,0.000100000,0.000001113,0.066000,0.000000,0.000000,0.000000,0.000000,0.000000,0.750000,0.000000
60.299999,1.000000,543.000000,0.000000,0.000000,293.000000,1.000000,1.000000,0.000000,1.000878,0.750000,0.750000,1.000000,0.000100000,0.000001113,0.066000,0.000000,0.000000,0.000000,0.000000,0.000000,0.750000,0.000000
60.399998,1.000000,543.000000,0.000000,0.000000,293.000000,1.000000,1.000000,0.000000,1.000841,0.750000,0.750000,1.000000,0.000100000,0.000001113,0.066000,0.000000,0.000000,0.000000,0.000000,0.000000,0.750000,0.000000
60.500000,1.000000,543.000000,0.000000,0.000000,293.000000,1.000000,1.000000,0.000000,1.000878,0.750000,0.750000,1.000000,0.000100000,0.000001113,0.066000,0.000000,0.000000,0.000000,0.000000,0.000000,0.750000,0.000000
60.599999,1.000000,543.000000,0.000000,0.000000,293.000000,1.000000,1.000000,0.000000,1.000841,0.750000,0.750000,1.000000,0.000100000,0.000001113,0.066000,0.000000,0.000000,0.000000,0.000000,0.000000,0.750000,0.000000
60.699997,1.000000,543.000000,0.000000,0.000000,293.000000,1.000000,1.000000,0.000000,1.000838,0.750000,0.750000,1.000000,0.000100000,0.000001113,0.066000,0.000000,0.000000,0.000000,0.000000,0.000000,0.750000,0.000000
60.799999,1.000000,543.000000,0.000000,0.000000,293.000000,1.000000,1.000000,0.000000,1.000878,0.750000,0.750000,1.000000,0.000100000,0.000001113,0.066000,0.000000,0.000000,0.000000,0.000000,0.000000,0.750000,0.000000
60.899998,1.000000,543.000000,0.000000,0.000000,293.000000,1.000000,1.000000,0.000000,1.000841,0.750000,0.750000,1.000000,0.000100000,0.000001113,0.066000,0.000000,0.000000,0.000000,0.000000,0.000000,0.750000,0.000000
61.000000,1.000000,543.000000,0.000000,0.000000,293.000000,1.000000,1.000000,0.000000,1.000880,0.750000,0.750000,1.000000,0.000100000,0.000001113,0.066000,0.000000,0.000000,0.000000,0.000000,0.000000,0.750000,0.000000
61.099998,1.000000,543.000000,0.000000,0.000000,293.000000,1.000000,1.000000,0.000000,1.000840,0.750000,0.750000,1.000000,0.000100000,0.000001113,0.066000,0.000000,0.000000,0.000000,0.000000,0.000000,0.750000,0.000000
61.199997,1.000000,543.000000,0.000000,0.000000,293.000000,1.000000,1.000000,0.000000,1.000841,0.750000,0.750000,1.000000,0.000100000,0.000001113,0.066000,0.000000,0.000000,0.000000,0.000000,0.000000,0.750000,0.000000
61.299999,1.000000,543.000000,0.000000,0.000000,293.000000,1.000000,1.000000,0.000000,1.000879,0.750000,0.750000,1.000000,0.000100000,0.000001113,0.066000,0.000000,0.000000,0.000000,0.000000,0.000000,0.750000,0.000000
61.399998,1.000000,543.000000,0.000000,0.000000,293.000000,1.000000,1.000000,0.000000,1.000841,0.750000,0.750000,1.000000,0.000100000,0.000001113,0.066000,0.000000,0.000000,0.000000,0.000000,0.000000,0.750000,0.000000
61.500000,1.000000,543.000000,0.000000,0.000000,293.000000,1.000000,1.000000,0.000000,1.000878,0.750000,0.750000,1.000000,0.000100000,0.000001113,0.066000,0.000000,0.000000,0.000000,0.000000,0.000000,0.750000,0.000000
61.599999,1.000000,543.000000,0.000000,0.000000,293.000000,1.000000,1.000000,0.000000,1.000838,0.750000,0.750000,1.000000,0.000100000,0.000001113,0.066000,0.000000,0.000000,0.000000,0.000000,0.000000,0.750000,0.000000
61.699997,1.000000,543.000000,0.000000,0.000000,293.000000,1.000000,1.000000,0.000000,1.000840,0.750000,0.750000,1.000000,0.000100000,0.000001113,0.066000,0.000000,0.000000,0.000000,0.000000,0.000000,0.750000,0.000000
61.799999,1.000000,543.000000,0.000000,0.000000,293.000000,1.000000,1.000000,0.000000,1.000879,0.750000,0.750000,1.000000,0.000100000,0.000001113,0.066000,0.000000,0.000000,0.000000,0.000000,0.000000,0.750000,0.000000
61.899998,1.000000,543.000000,0.000000,0.000000,293.000000,1.000000,1.000000,0.000000,1.000840,0.750000,0.750000,1.000000,0.000100000,0.000001113,0.066000,0.000000,0.000000,0.000000,0.000000,0.000000,0.750000,0.000000
62.000000,1.000000,543.000000,0.000000,0.000000,293.000000,1.000000,1.000000,0.000000,1.000879,0.750000,0.750000,1.000000,0.000100000,0.000001113,0.066000,0.000000,0.000000,0.000000,0.000000,0.000000,0.750000,0.000000
62.099998,1.000000,543.000000,0.000000,0.000000,293.000000,1.000000,1.000000,0.000000,1.000841,0.750000,0.750000,1.000000,0.000100000,0.000001113,0.066000,0.000000,0.000000,0.000000,0.000000,0.000000,0.750000,0.000000
62.199997,1.000000,543.000000,0.000000,0.000000,293.000000,1.000000,1.000000,0.000000,1.000840,0.750000,0.750000,1.000000,0.000100000,0.000001113,0.066000,0.000000,0.000000,0.000000,0.000000,0.000000,0.750000,0.000000
62.299999,1.000000,543.000000,0.000000,0.000000,293.000000,1.000000,1.000000,0.000000,1.000879,0.750000,0.750000,1.000000,0.000100000,0.000001113,0.066000,0.000000,0.000000,0.000000,0.000000,0.000000,0.750000,0.000000
62.399998,1.000000,543.000000,0.000000,0.000000,293.000000,1.000000,1.000000,0.000000,1.000840,0.750000,0.750000,1.000000,0.000100000,0.000001113,0.066000,0.000000,0.000000,0.000000,0.000000,0.000000,0.750000,0.000000
62.500000,1.000000,543.000000,0.000000,0.000000,293.000000,1.000000,1.000000,0.000000,1.000876,0.750000,0.750000,1.000000,0.000100000,0.000001113,0.066000,0.000000,0.000000,0.000000,0.000000,0.000000,0.750000,0.000000
62.599999,1.000000,543.000000,0.000000,0.000000,293.000000,1.000000,1.000000,0.000000,1.000840,0.750000,0.750000,1.000000,0.000100000,0.000001113,0.066000,0.000000,0.000000,0.000000,0.000000,0.000000,0.750000,0.000000
62.699997,1.000000,543.000000,0.000000,0.000000,293.000000,1.000000,1.000000,0.000000,1.000842,0.750000,0.750000,1.000000,0.000100000,0.000001113,0.066000,0.000000,0.000000,0.000000,0.000000,0.000000,0.750000,0.000000
62.799999,1.000000,543.000000,0.000000,0.000000,293.000000,1.000000,1.000000,0.000000,1.000879,0.750000,0.750000,1.000000,0.000100000,0.000001113,0.066000,0.000000,0.000000,0.000000,0.000000,0.000000,0.750000,0.000000
62.899998,1.000000,543.000000,0.000000,0.000000,293.000000,1.000000,1.000000,0.000000,1.000840,0.750000,0.750000,1.000000,0.000100000,0.000001113,0.066000,0.000000,0.000000,0.000000,0.000000,0.000000,0.750000,0.000000
63.000000,1.000000,543.000000,0.000000,0.000000,293.000000,1.000000,1.000000,0.000000,1.000880,0.750000,0.750000,1.000000,0.000100000,0.000001113,0.066000,0.000000,0.000000,0.000000,0.000000,0.000000,0.750000,0.000000
63.099998,1.000000,543.000000,0.000000,0.000000,293.000000,1.000000,1.000000,0.000000,1.000841,0.750000,0.750000,1.000000,0.000100000,0.000001113,0.066000,0.000000,0.000000,0.000000,0.000000,0.000000,0.750000,0.000000
63.199997,1.000000,543.000000,0.000000,0.000000,293.000000,1.000000,1.000000,0.000000,1.000840,0.750000,0.750000,1.000000,0.000100000,0.000001113,0.066000,0.000000,0.000000,0.000000,0.000000,0.000000,0.750000,0.000000
63.299999,1.000000,543.000000,0.000000,0.000000,293.000000,1.000000,1.000000,0.000000,1.000879,0.750000,0.750000,1.000000,0.000100000,0.000001113,0.066000,0.000000,0.000000,0.000000,0.000000,0.000000,0.750000,0.000000
63.399998,1.000000,543.000000,0.000000,0.000000,293.000000,1.000000,1.000000,0.000000,1.000847,0.750000,0.750000,1.000000,0.000100000,0.000001113,0.066000,0.000000,0.000000,0.000000,0.000000,0.000000,0.750000,0.000000
63.500000,1.000000,543.000000,0.000000,0.000000,293.000000,1.000000,1.000000,0.000000,1.000879,0.750000,0.750000,1.000000,0.000100000,0.000001113,0.066000,0.000000,0.000000,0.000000,0.000000,0.000000,0.750000,0.000000
63.599999,1.000000,543.000000,0.000000,0.000000,293.000000,1.000000,1.000000,0.000000,1.000841,0.750000,0.750000,1.000000,0.000100000,0.000001113,0.066000,0.000000,0.000000,0.000000,0.000000,0.000000,0.750000,0.000000
63.699997,1.000000,543.000000,0.000000,0.000000,293.000000,1.000000,1.000000,0.000000,1.000840,0.750000,0.750000,1.000000,0.000100000,0.000001113,0.066000,0.000000,0.000000,0.000000,0.000000,0.000000,0.750000,0.000000
63.799999,1.000000,543.000000,0.000000,0.000000,293.000000,1.000000,1.000000,0.000000,1.000879,0.750000,0.750000,1.000000,0.000100000,0.000001113,0.066000,0.000000,0.000000,0.000000,0.000000,0.000000,0.750000,0.000000
63.899998,1.000000,543.000000,0.000000,0.000000,293.000000,1.000000,1.000000,0.000000,1.000841,0.750000,0.750000,1.000000,0.000100000,0.000001113,0.066000,0.000000,0.000000,0.000000,0.000000,0.000000,0.750000,0.000000
64.000000,1.000000,543.000000,0.000000,0.000000,293.000000,1.000000,1.000000,0.000000,1.000879,0.750000,0.750000,1.000000,0.000100000,0.000001113,0.066000,0.000000,0.000000,0.000000,0.000000,0.000000,0.750000,0.000000
64.099998,1.000000,543.000000,0.000000,0.000000,293.000000,1.000000,1.000000,0.000000,1.000841,0.750000,0.750000,1.000000,0.000100000,0.000001113,0.066000,0.000000,0.000000,0.000000,0.000000,0.000000,0.750000,0.000000
64.199997,1.000000,543.000000,0.000000,0.000000,293.000000,1.000000,1.000000,0.000000,1.000847,0.750000,0.750000,1.000000,0.000100000,0.000001113,0.066000,0.000000,0.000000,0.000000,0.000000,0.000000,0.750000,0.000000
64.299995,1.000000,543.000000,0.000000,0.000000,293.000000,1.000000,1.000000,0.000000,1.000841,0.750000,0.750000,1.000000,0.000100000,0.000001113,0.066000,0.000000,0.000000,0.000000,0.000000,0.000000,0.750000,0.000000
64.400002,1.000000,543.000000,0.000000,0.000000,293.000000,1.000000,1.000000,0.000000,1.000917,0.750000,0.750000,1.000000,0.000100000,0.000001113,0.066000,0.000000,0.000000,0.000000,0.000000,0.000000,0.750000,0.000000
64.500000,1.000000,543.000000,0.000000,0.000000,293.000000,1.000000,1.000000,0.000000,1.000841,0.750000,0.750000,1.000000,0.000100000,0.000001113,0.066000,0.000000,0.000000,0.000000,0.000000,0.000000,0.750000,0.000000
64.599999,1.000000,543.000000,0.000000,0.000000,293.000000,1.000000,1.000000,0.000000,1.000841,0.750000,0.750000,1.000000,0.000100000,0.000001113,0.066000,0.000000,0.000000,0.000000,0.000000,0.000000,0.750000,0.000000
64.699997,1.000000,543.000000,0.000000,0.000000,293.000000,1.000000,1.000000,0.000000,1.000839,0.750000,0.750000,1.000000,0.000100000,0.000001113,0.066000,0.000000,0.000000,0.000000,0.000000,0.000000,0.750000,0.000000
64.799995,1.000000,543.000000,0.000000,0.000000,293.000000,1.000000,1.000000,0.000000,1.000841,0.750000,0.750000,1.000000,0.000100000,0.000001113,0.066000,0.000000,0.000000,0.000000,0.000000,0.000000,0.750000,0.000000
64.900002,1.000000,543.000000,0.000000,0.000000,293.000000,1.000000,1.000000,0.000000,1.000918,0.750000,0.750000,1.000000,0.000100000,0.000001113,0.066000,0.000000,0.000000,0.000000,0.000000,0.000000,0.750000,0.000000
65.000000,1.000000,543.000000,0.000000,0.000000,293.000000,1.000000,1.000000,0.000000,1.000847,0.750000,0.750000,1.000000,0.000100000,0.000001113,0.066000,0.000000,0.000000,0.000000,0.000000,0.000000,0.750000,0.000000
65.099998,1.000000,543.000000,0.000000,0.000000,293.000000,1.000000,1.000000,0.000000,1.000841,0.750000,0.750000,1.000000,0.000100000,0.000001113,0.066000,0.000000,0.000000,0.000000,0.000000,0.000000,0.750000,0.000000
65.199997,1.000000,543.000000,0.000000,0.000000,293.000000,1.000000,1.000000,0.000000,1.000840,0.750000,0.750000,1.000000,0.000100000,0.000001113,0.066000,0.000000,0.000000,0.000000,0.000000,0.000000,0.750000,0.000000
65.299995,1.000000,543.000000,0.000000,0.000000,293.000000,1.000000,1.000000,0.000000,1.000841,0.750000,0.750000,1.000000,0.000100000,0.000001113,0.066000,0.000000,0.000000,0.000000,0.000000,0.000000,0.750000,0.000000
65.400002,1.000000,543.000000,0.000000,0.000000,293.000000,1.000000,1.000000,0.000000,1.000917,0.750000,0.750000,1.000000,0.000100000,0.000001113,0.066000,0.000000,0.000000,0.000000,0.000000,0.000000,0.750000,0.000000
65.500000,1.000000,543.000000,0.000000,0.000000,293.000000,1.000000,1.000000,0.000000,1.000841,0.750000,0.750000,1.000000,0.000100000,0.000001113,0.066000,0.000000,0.000000,0.000000,0.000000,0.000000,0.750000,0.000000
65.599999,1.000000,543.000000,0.000000,0.000000,293.000000,1.000000,1.000000,0.000000,1.000840,0.750000,0.750000,1.000000,0.000100000,0.000001113,0.066000,0.000000,0.000000,0.000000,0.000000,0.000000,0.750000,0.000000
65.699997,1.000000,543.000000,0.000000,0.000000,293.000000,1.000000,1.000000,0.000000,1.000841,0.750000,0.750000,1.000000,0.000100000,0.000001113,0.066000,0.000000,0.000000,0.000000,0.000000,0.000000,0.750000,0.000000
65.799995,1.000000,543.000000,0.000000,0.000000,293.000000,1.000000,1.000000,0.000000,1.000847,0.750000,0.750000,1.000000,0.000100000,0.000001113,0.066000,0.000000,0.000000,0.000000,0.000000,0.000000,0.750000,0.000000
65.900002,1.000000,543.000000,0.000000,0.000000,293.000000,1.000000,1.000000,0.000000,1.000917,0.750000,0.750000,1.000000,0.000100000,0.000001113,0.066000,0.000000,0.000000,0.000000,0.000000,0.000000,0.750000,0.000000
66.000000,1.000000,543.000000,0.000000,0.000000,293.000000,1.000000,1.000000,0.000000,1.000841,0.750000,0.750000,1.000000,0.000100000,0.000001113,0.066000,0.000000,0.000000,0.000000,0.000000,0.000000,0.750000,0.000000
66.099998,1.000000,543.000000,0.000000,0.000000,293.000000,1.000000,1.000000,0.000000,1.000840,0.750000,0.750000,1.000000,0.000100000,0.000001113,0.066000,0.000000,0.000000,0.000000,0.000000,0.000000,0.750000,0.000000
66.199997,1.000000,543.000000,0.000000,0.000000,293.000000,1.000000,1.000000,0.000000,1.000841,0.750000,0.750000,1.000000,0.000100000,0.000001113,0.066000,0.000000,0.000000,0.000000,0.000000,0.000000,0.750000,0.000000
66.299995,1.000000,543.000000,0.000000,0.000000,293.000000,1.000000,1.000000,0.000000,1.000840,0.750000,0.750000,1.000000,0.000100000,0.000001113,0.066000,0.000000,0.000000,0.000000,0.000000,0.000000,0.750000,0.000000
66.400002,1.000000,543.000000,0.000000,0.000000,293.000000,1.000000,1.000000,0.000000,1.000917,0.750000,0.750000,1.000000,0.000100000,0.000001113,0.066000,0.000000,0.000000,0.000000,0.000000,0.000000,0.750000,0.000000
66.500000,1.000000,543.000000,0.000000,0.000000,293.000000,1.000000,1.000000,0.000000,1.000841,0.750000,0.750000,1.000000,0.000100000,0.000001113,0.066000,0.000000,0.000000,0.000000,0.000000,0.000000,0.750000,0.000000
66.599999,1.000000,543.000000,0.000000,0.000000,293.000000,1.000000,1.000000,0.000000,1.000847,0.750000,0.750000,1.000000,0.000100000,0.000001113,0.066000,0.000000,0.000000,0.000000,0.000000,0.000000,0.750000,0.000000
66.699997,1.000000,543.000000,0.000000,0.000000,293.000000,1.000000,1.000000,0.000000,1.000841,0.750000,0.750000,1.000000,0.000100000,0.000001113,0.066000,0.000000,0.000000,0.000000,0.000000,0.000000,0.750000,0.000000
66.799995,1.000000,543.000000,0.000000,0.000000,293.000000,1.000000,1.000000,0.000000,1.000840,0.750000,0.750000,1.000000,0.000100000,0.000001113,0.066000,0.000000,0.000000,0.000000,0.000000,0.000000,0.750000,0.000000
66.900002,1.000000,543.000000,0.000000,0.000000,293.000000,1.000000,1.000000,0.000000,1.000916,0.750000,0.750000,1.000000,0.000100000,0.000001113,0.066000,0.000000,0.000000,0.000000,0.000000,0.000000,0.750000,0.000000
67.000000,1.000000,543.000000,0.000000,0.000000,293.000000,1.000000,1.000000,0.000000,1.000842,0.750000,0.750000,1.000000,0.000100000,0.000001113,0.066000,0.000000,0.000000,0.000000,0.000000,0.000000,0.750000,0.000000
67.099998,1.000000,543.000000,0.000000,0.000000,293.000000,1.000000,1.000000,0.000000,1.000840,0.750000,0.750000,1.000000,0.000100000,0.000001113,0.066000,0.000000,0.000000,0.000000,0.000000,0.000000,0.750000,0.000000
67.199997,1.000000,543.000000,0.000000,0.000000,293.000000,1.000000,1.000000,0.000000,1.000841,0.750000,0.750000,1.000000,0.000100000,0.000001113,0.066000,0.000000,0.000000,0.000000,0.000000,0.000000,0.750000,0.000000
67.299995,1.000000,543.000000,0.000000,0.000000,293.000000,1.000000,1.000000,0.000000,1.000841,0.750000,0.750000,1.000000,0.000100000,0.000001113,0.066000,0.000000,0.000000,0.000000,0.000000,0.000000,0.750000,0.000000
67.400002,1.000000,543.000000,0.000000,0.000000,293.000000,1.000000,1.000000,0.000000,1.000923,0.750000,0.750000,1.000000,0.000100000,0.000001113,0.066000,0.000000,0.000000,0.000000,0.000000,0.000000,0.750000,0.000000
67.500000,1.000000,543.000000,0.000000,0.000000,293.000000,1.000000,1.000000,0.000000,1.000841,0.750000,0.750000,1.000000,0.000100000,0.000001113,0.066000,0.000000,0.000000,0.000000,0.000000,0.000000,0.750000,0.000000
67.599999,1.000000,543.000000,0.000000,0.000000,293.000000,1.000000,1.000000,0.000000,1.000840,0.750000,0.750000,1.000000,0.000100000,0.000001113,0.066000,0.000000,0.000000,0.000000,0.000000,0.000000,0.750000,0.000000
67.699997,1.000000,543.000000,0.000000,0.000000,293.000000,1.000000,1.000000,0.000000,1.000841,0.750000,0.750000,1.000000,0.000100000,0.000001113,0.066000,0.000000,0.000000,0.000000,0.000000,0.000000,0.750000,0.000000
67.799995,1.000000,543.000000,0.000000,0.000000,293.000000,1.000000,1.000000,0.000000,1.000841,0.750000,0.750000,1.000000,0.000100000,0.000001113,0.066000,0.000000,0.000000,0.000000,0.000000,0.000000,0.750000,0.000000
67.900002,1.000000,543.000000,0.000000,0.000000,293.000000,1.000000,1.000000,0.000000,1.000917,0.750000,0.750000,1.000000,0.000100000,0.000001113,0.066000,0.000000,0.000000,0.000000,0.000000,0.000000,0.750000,0.000000
68.000000,1.000000,543.000000,0.000000,0.000000,293.000000,1.000000,1.000000,0.000000,1.000840,0.750000,0.750000,1.000000,0.000100000,0.000001113,0.066000,0.000000,0.000000,0.000000,0.000000,0.000000,0.750000,0.000000
68.099998,1.000000,543.000000,0.000000,0.000000,293.000000,1.000000,1.000000,0.000000,1.000842,0.750000,0.750000,1.000000,0.000100000,0.000001113,0.066000,0.000000,0.000000,0.000000,0.000000,0.000000,0.750000,0.000000
68.199997,1.000000,543.000000,0.000000,0.000000,293.000000,1.000000,1.000000,0.000000,1.000846,0.750000,0.750000,1.000000,0.000100000,0.000001113,0.066000,0.000000,0.000000,0.000000,0.000000,0.000000,0.750000,0.000000
68.299995,1.000000,543.000000,0.000000,0.000000,293.000000,1.000000,1.000000,0.000000,1.000842,0.750000,0.750000,1.000000,0.000100000,0.000001113,0.066000,0.000000,0.000000,0.000000,0.000000,0.000000,0.750000,0.000000
68.400002,1.000000,543.000000,0.000000,0.000000,293.000000,1.000000,1.000000,0.000000,1.000917,0.750000,0.750000,1.000000,0.000100000,0.000001113,0.066000,0.000000,0.000000,0.000000,0.000000,0.000000,0.750000,0.000000
68.500000,1.000000,543.000000,0.000000,0.000000,293.000000,1.000000,1.000000,0.000000,1.000840,0.750000,0.750000,1.000000,0.000100000,0.000001113,0.066000,0.000000,0.000000,0.000000,0.000000,0.000000,0.750000,0.000000
68.599999,1.000000,543.000000,0.000000,0.000000,293.000000,1.000000,1.000000,0.000000,1.000842,0.750000,0.750000,1.000000,0.000100000,0.000001113,0.066000,0.000000,0.000000,0.000000,0.000000,0.000000,0.750000,0.000000
68.699997,1.000000,543.000000,0.000000,0.000000,293.000000,1.000000,1.000000,0.000000,1.000841,0.750000,0.750000,1.000000,0.000100000,0.000001113,0.066000,0.000000,0.000000,0.000000,0.000000,0.000000,0.750000,0.000000
68.799995,1.000000,543.000000,0.000000,0.000000,293.000000,1.000000,1.000000,0.000000,1.000839,0.750000,0.750000,1.000000,0.000100000,0.000001113,0.066000,0.000000,0.000000,0.000000,0.000000,0.000000,0.750000,0.000000
68.900002,1.000000,543.000000,0.000000,0.000000,293.000000,1.000000,1.000000,0.000000,1.000918,0.750000,0.750000,1.000000,0.000100000,0.000001113,0.066000,0.000000,0.000000,0.000000,0.000000,0.000000,0.750000,0.000000
69.000000,1.000000,543.000000,0.000000,0.000000,293.000000,1.000000,1.000000,0.000000,1.000847,0.750000,0.750000,1.000000,0.000100000,0.000001113,0.066000,0.000000,0.000000,0.000000,0.000000,0.000000,0.750000,0.000000
69.099998,1.000000,543.000000,0.000000,0.000000,293.000000,1.000000,1.000000,0.000000,1.000842,0.750000,0.750000,1.000000,0.000100000,0.000001113,0.066000,0.000000,0.000000,0.000000,0.000000,0.000000,0.750000,0.000000
69.199997,1.000000,543.000000,0.000000,0.000000,293.000000,1.000000,1.000000,0.000000,1.000841,0.750000,0.750000,1.000000,0.000100000,0.000001113,0.066000,0.000000,0.000000,0.000000,0.000000,0.000000,0.750000,0.000000
69.299995,1.000000,543.000000,0.000000,0.000000,293.000000,1.000000,1.000000,0.000000,1.000840,0.750000,0.750000,1.000000,0.000100000,0.000001113,0.066000,0.000000,0.000000,0.000000,0.000000,0.000000,0.750000,0.000000
69.400002,1.000000,543.000000,0.000000,0.000000,293.000000,1.000000,1.000000,0.000000,1.000917,0.750000,0.750000,1.000000,0.000100000,0.000001113,0.066000,0.000000,0.000000,0.000000,0.000000,0.000000,0.750000,0.000000
69.500000,1.000000,543.000000,0.000000,0.000000,293.000000,1.000000,1.000000,0.000000,1.000840,0.750000,0.750000,1.000000,0.000100000,0.000001113,0.066000,0.000000,0.000000,0.000000,0.000000,0.000000,0.750000,0.000000
69.599999,1.000000,543.000000,0.000000,0.000000,293.000000,1.000000,1.000000,0.000000,1.000840,0.750000,0.750000,1.000000,0.000100000,0.000001113,0.066000,0.000000,0.000000,0.000000,0.000000,0.000000,0.750000,0.000000
69.699997,1.000000,543.000000,0.000000,0.000000,293.000000,1.000000,1.000000,0.000000,1.000841,0.750000,0.750000,1.000000,0.000100000,0.000001113,0.066000,0.000000,0.000000,0.000000,0.000000,0.000000,0.750000,0.000000
69.799995,1.000000,543.000000,0.000000,0.000000,293.000000,1.000000,1.000000,0.000000,1.000847,0.750000,0.750000,1.000000,0.000100000,0.000001113,0.066000,0.000000,0.000000,0.000000,0.000000,0.000000,0.750000,0.000000
69.900002,1.000000,543.000000,0.000000,0.000000,293.000000,1.000000,1.000000,0.000000,1.000918,0.750000,0.750000,1.000000,0.000100000,0.000001113,0.066000,0.000000,0.000000,0.000000,0.000000,0.000000,0.750000,0.000000
70.000000,1.000000,543.000000,0.000000,0.000000,293.000000,1.000000,1.000000,0.000000,1.000840,0.750000,0.750000,1.000000,0.000100000,0.000001113,0.066000,0.000000,0.000000,0.000000,0.000000,0.000000,0.750000,0.000000
70.099998,1.000000,543.000000,0.000000,0.000000,293.000000,1.000000,1.000000,0.000000,1.000841,0.750000,0.750000,1.000000,0.000100000,0.000001113,0.066000,0.000000,0.000000,0.000000,0.000000,0.000000,0.750000,0.000000
70.199997,1.000000,543.000000,0.000000,0.000000,293.000000,1.000000,1.000000,0.000000,1.000841,0.750000,0.750000,1.000000,0.000100000,0.000001113,0.066000,0.000000,0.000000,0.000000,0.000000,0.000000,0.750000,0.000000
70.299995,1.000000,543.000000,0.000000,0.000000,293.000000,1.000000,1.000000,0.000000,1.000841,0.750000,0.750000,1.000000,0.000100000,0.000001113,0.066000,0.000000,0.000000,0.000000,0.000000,0.000000,0.750000,0.000000
70.400002,1.000000,543.000000,0.000000,0.000000,293.000000,1.000000,1.000000,0.000000,1.000917,0.750000,0.750000,1.000000,0.000100000,0.000001113,0.066000,0.000000,0.000000,0.000000,0.000000,0.000000,0.750000,0.000000
70.500000,1.000000,543.000000,0.000000,0.000000,293.000000,1.000000,1.000000,0.000000,1.000840,0.750000,0.750000,1.000000,0.000100000,0.000001113,0.066000,0.000000,0.000000,0.000000,0.000000,0.000000,0.750000,0.000000
70.599999,1.000000,543.000000,0.000000,0.000000,293.000000,1.000000,1.000000,0.000000,1.000838,0.750000,0.750000,1.000000,0.000100000,0.000001113,0.066000,0.000000,0.000000,0.000000,0.000000,0.000000,0.750000,0.000000
70.699997,1.000000,543.000000,0.000000,0.000000,293.000000,1.000000,1.000000,0.000000,1.000841,0.750000,0.750000,1.000000,0.000100000,0.000001113,0.066000,0.000000,0.000000,0.000000,0.000000,0.000000,0.750000,0.000000
70.799995,1.000000,543.000000,0.000000,0.000000,293.000000,1.000000,1.000000,0.000000,1.000841,0.750000,0.750000,1.000000,0.000100000,0.000001113,0.066000,0.000000,0.000000,0.000000,0.000000,0.000000,0.750000,0.000000
70.900002,1.000000,543.000000,0.000000,0.000000,293.000000,1.000000,1.000000,0.000000,1.000917,0.750000,0.750000,1.000000,0.000100000,0.000001113,0.066000,0.000000,0.000000,0.000000,0.000000,0.000000,0.750000,0.000000
71.000000,1.000000,543.000000,0.000000,0.000000,293.000000,1.000000,1.000000,0.000000,1.000840,0.750000,0.750000,1.000000,0.000100000,0.000001113,0.066000,0.000000,0.000000,0.000000,0.000000,0.000000,0.750000,0.000000
71.099998,1.000000,543.000000,0.000000,0.000000,293.000000,1.000000,1.000000,0.000000,1.000841,0.750000,0.750000,1.000000,0.000100000,0.000001113,0.066000,0.000000,0.000000,0.000000,0.000000,0.000000,0.750000,0.000000
71.199997,1.000000,543.000000,0.000000,0.000000,293.000000,1.000000,1.000000,0.000000,1.000841,0.750000,0.750000,1.000000,0.000100000,0.000001113,0.066000,0.000000,0.000000,0.000000,0.000000,0.000000,0.750000,0.000000
71.299995,1.000000,543.000000,0.000000,0.000000,293.000000,1.000000,1.000000,0.000000,1.000840,0.750000,0.750000,1.000000,0.000100000,0.000001113,0.066000,0.000000,0.000000,0.000000,0.000000,0.000000,0.750000,0.000000
71.400002,1.000000,543.000000,0.000000,0.000000,293.000000,1.000000,1.000000,0.000000,1.000917,0.750000,0.750000,1.000000,0.000100000,0.000001113,0.066000,0.000000,0.000000,0.000000,0.000000,0.000000,0.750000,0.000000
71.500000,1.000000,543.000000,0.000000,0.000000,293.000000,1.000000,1.000000,0.000000,1.000838,0.750000,0.750000,1.000000,0.000100000,0.000001113,0.066000,0.000000,0.000000,0.000000,0.000000,0.000000,0.750000,0.000000
71.599999,1.000000,543.000000,0.000000,0.000000,293.000000,1.000000,1.000000,0.000000,1.000840,0.750000,0.750000,1.000000,0.000100000,0.000001113,0.066000,0.000000,0.000000,0.000000,0.000000,0.000000,0.750000,0.000000
71.699997,1.000000,543.000000,0.000000,0.000000,293.000000,1.000000,1.000000,0.000000,1.000842,0.750000,0.750000,1.000000,0.000100000,0.000001113,0.066000,0.000000,0.000000,0.000000,0.000000,0.000000,0.750000,0.000000
71.799995,1.000000,543.000000,0.000000,0.000000,293.000000,1.000000,1.000000,0.000000,1.000840,0.750000,0.750000,1.000000,0.000100000,0.000001113,0.066000,0.000000,0.000000,0.000000,0.000000,0.000000,0.750000,0.000000
71.900002,1.000000,543.000000,0.000000,0.000000,293.000000,1.000000,1.000000,0.000000,1.000916,0.750000,0.750000,1.000000,0.000100000,0.000001113,0.066000,0.000000,0.000000,0.000000,0.000000,0.000000,0.750000,0.000000
72.000000,1.000000,543.000000,0.000000,0.000000,293.000000,1.000000,1.000000,0.000000,1.000842,0.750000,0.750000,1.000000,0.000100000,0.000001113,0.066000,0.000000,0.000000,0.000000,0.000000,0.000000,0.750000,0.000000
72.099998,1.000000,543.000000,0.000000,0.000000,293.000000,1.000000,1.000000,0.000000,1.000841,0.750000,0.750000,1.000000,0.000100000,0.000001113,0.066000,0.000000,0.000000,0.000000,0.000000,0.000000,0.750000,0.000000
72.199997,1.000000,543.000000,0.000000,0.000000,293.000000,1.000000,1.000000,0.000000,1.000841,0.750000,0.750000,1.000000,0.000100000,0.000001113,0.066000,0.000000,0.000000,0.000000,0.000000,0.000000,0.750000,0.000000
72.299995,1.000000,543.000000,0.000000,0.000000,293.000000,1.000000,1.000000,0.000000,1.000840,0.750000,0.750000,1.000000,0.000100000,0.000001113,0.066000,0.000000,0.000000,0.000000,0.000000,0.000000,0.750000,0.000000
72.400002,1.000000,543.000000,0.000000,0.000000,293.000000,1.000000,1.000000,0.000000,1.000914,0.750000,0.750000,1.000000,0.000100000,0.000001113,0.066000,0.000000,0.000000,0.000000,0.000000,0.000000,0.750000,0.000000
72.500000,1.000000,543.000000,0.000000,0.000000,293.000000,1.000000,1.000000,0.000000,1.000840,0.750000,0.750000,1.000000,0.000100000,0.000001113,0.066000,0.000000,0.000000,0.000000,0.000000,0.000000,0.750000,0.000000
72.599999,1.000000,543.000000,0.000000,0.000000,293.000000,1.000000,1.000000,0.000000,1.000841,0.750000,0.750000,1.000000,0.000100000,0.000001113,0.066000,0.000000,0.000000,0.000000,0.000000,0.000000,0.750000,0.000000
72.699997,1.000000,543.000000,0.000000,0.000000,293.000000,1.000000,1.000000,0.000000,1.000841,0.750000,0.750000,1.000000,0.000100000,0.000001113,0.066000,0.000000,0.000000,0.000000,0.000000,0.000000,0.750000,0.000000
72.799995,1.000000,543.000000,0.000000,0.000000,293.000000,1.000000,1.000000,0.000000,1.000840,0.750000,0.750000,1.000000,0.000100000,0.000001113,0.066000,0.000000,0.000000,0.000000,0.000000,0.000000,0.750000,0.000000
72.900002,1.000000,543.000000,0.000000,0.000000,293.000000,1.000000,1.000000,0.000000,1.000918,0.750000,0.750000,1.000000,0.000100000,0.000001113,0.066000,0.000000,0.000000,0.000000,0.000000,0.000000,0.750000,0.000000
73.000000,1.000000,543.000000,0.000000,0.000000,293.000000,1.000000,1.000000,0.000000,1.000840,0.750000,0.750000,1.000000,0.000100000,0.000001113,0.066000,0.000000,0.000000,0.000000,0.000000,0.000000,0.750000,0.000000
73.099998,1.000000,543.000000,0.000000,0.000000,293.000000,1.000000,1.000000,0.000000,1.000840,0.750000,0.750000,1.000000,0.000100000,0.000001113,0.066000,0.000000,0.000000,0.000000,0.000000,0.000000,0.750000,0.000000
73.199997,1.000000,543.000000,0.000000,0.000000,293.000000,1.000000,1.000000,0.000000,1.000841,0.750000,0.750000,1.000000,0.000100000,0.000001113,0.066000,0.000000,0.000000,0.000000,0.000000,0.000000,0.750000,0.000000
73.299995,1.000000,543.000000,0.000000,0.000000,293.000000,1.000000,1.000000,0.000000,1.000838,0.750000,0.750000,1.000000,0.000100000,0.000001113,0.066000,0.000000,0.000000,0.000000,0.000000,0.000000,0.750000,0.000000
73.400002,1.000000,543.000000,0.000000,0.000000,293.000000,1.000000,1.000000,0.000000,1.000917,0.750000,0.750000,1.000000,0.000100000,0.000001113,0.066000,0.000000,0.000000,0.000000,0.000000,0.000000,0.750000,0.000000
73.500000,1.000000,543.000000,0.000000,0.000000,293.000000,1.000000,1.000000,0.000000,1.000840,0.750000,0.750000,1.000000,0.000100000,0.000001113,0.066000,0.000000,0.000000,0.000000,0.000000,0.000000,0.750000,0.000000
73.599999,1.000000,543.000000,0.000000,0.000000,293.000000,1.000000,1.000000,0.000000,1.000841,0.750000,0.750000,1.000000,0.000100000,0.000001113,0.066000,0.000000,0.000000,0.000000,0.000000,0.000000,0.750000,0.000000
73.699997,1.000000,543.000000,0.000000,0.000000,293.000000,1.000000,1.000000,0.000000,1.000841,0.750000,0.750000,1.000000,0.000100000,0.000001113,0.066000,0.000000,0.000000,0.000000,0.000000,0.000000,0.750000,0.000000
73.799995,1.000000,543.000000,0.000000,0.000000,293.000000,1.000000,1.000000,0.000000,1.000840,0.750000,0.750000,1.000000,0.000100000,0.000001113,0.066000,0.000000,0.000000,0.000000,0.000000,0.000000,0.750000,0.000000
73.900002,1.000000,543.000000,0.000000,0.000000,293.000000,1.000000,1.000000,0.000000,1.000918,0.750000,0.750000,1.000000,0.000100000,0.000001113,0.066000,0.000000,0.000000,0.000000,0.000000,0.000000,0.750000,0.000000
74.000000,1.000000,543.000000,0.000000,0.000000,293.000000,1.000000,1.000000,0.000000,1.000841,0.750000,0.750000,1.000000,0.000100000,0.000001113,0.066000,0.000000,0.000000,0.000000,0.000000,0.000000,0.750000,0.000000
74.099998,1.000000,543.000000,0.000000,0.000000,293.000000,1.000000,1.000000,0.000000,1.000841,0.750000,0.750000,1.000000,0.000100000,0.000001113,0.066000,0.000000,0.000000,0.000000,0.000000,0.000000,0.750000,0.000000
74.199997,1.000000,543.000000,0.000000,0.000000,293.000000,1.000000,1.000000,0.000000,1.000847,0.750000,0.750000,1.000000,0.000100000,0.000001113,0.066000,0.000000,0.000000,0.000000,0.000000,0.000000,0.750000,0.000000
74.299995,1.000000,543.000000,0.000000,0.000000,293.000000,1.000000,1.000000,0.000000,1.000842,0.750000,0.750000,1.000000,0.000100000,0.000001113,0.066000,0.000000,0.000000,0.000000,0.000000,0.000000,0.750000,0.000000
74.400002,1.000000,543.000000,0.000000,0.000000,293.000000,1.000000,1.000000,0.000000,1.000916,0.750000,0.750000,1.000000,0.000100000,0.000001113,0.066000,0.000000,0.000000,0.000000,0.000000,0.000000,0.750000,0.000000
74.500000,1.000000,543.000000,0.000000,0.000000,293.000000,1.000000,1.000000,0.000000,1.000841,0.750000,0.750000,1.000000,0.000100000,0.000001113,0.066000,0.000000,0.000000,0.000000,0.000000,0.000000,0.750000,0.000000
74.599999,1.000000,543.000000,0.000000,0.000000,293.000000,1.000000,1.000000,0.000000,1.000841,0.750000,0.750000,1.000000,0.000100000,0.000001113,0.066000,0.000000,0.000000,0.000000,0.000000,0.000000,0.750000,0.000000
74.699997,1.000000,543.000000,0.000000,0.000000,293.000000,1.000000,1.000000,0.000000,1.000840,0.750000,0.750000,1.000000,0.000100000,0.000001113,0.066000,0.000000,0.000000,0.000000,0.000000,0.000000,0.750000,0.000000
74.799995,1.000000,543.000000,0.000000,0.000000,293.000000,1.000000,1.000000,0.000000,1.000841,0.750000,0.750000,1.000000,0.000100000,0.000001113,0.066000,0.000000,0.000000,0.000000,0.000000,0.000000,0.750000,0.000000
74.900002,1.000000,543.000000,0.000000,0.000000,293.000000,1.000000,1.000000,0.000000,1.000917,0.750000,0.750000,1.000000,0.000100000,0.000001113,0.066000,0.000000,0.000000,0.000000,0.000000,0.000000,0.750000,0.000000
75.000000,1.000000,543.000000,0.000000,0.000000,293.000000,1.000000,1.000000,0.000000,1.000838,0.750000,0.750000,1.000000,0.000100000,0.000001113,0.066000,0.000000,0.000000,0.000000,0.000000,0.000000,0.750000,0.000000
75.099998,1.000000,543.000000,0.000000,0.000000,293.000000,1.000000,1.000000,0.000000,1.000841,0.750000,0.750000,1.000000,0.000100000,0.000001113,0.066000,0.000000,0.000000,0.000000,0.000000,0.000000,0.750000,0.000000
75.199997,1.000000,543.000000,0.000000,0.000000,293.000000,1.000000,1.000000,0.000000,1.000840,0.750000,0.750000,1.000000,0.000100000,0.000001113,0.066000,0.000000,0.000000,0.000000,0.000000,0.000000,0.750000,0.000000
75.299995,1.000000,543.000000,0.000000,0.000000,293.000000,1.000000,1.000000,0.000000,1.000841,0.750000,0.750000,1.000000,0.000100000,0.000001113,0.066000,0.000000,0.000000,0.000000,0.000000,0.000000,0.750000,0.000000
75.400002,1.000000,543.000000,0.000000,0.000000,293.000000,1.000000,1.000000,0.000000,1.000917,0.750000,0.750000,1.000000,0.000100000,0.000001113,0.066000,0.000000,0.000000,0.000000,0.000000,0.000000,0.750000,0.000000
75.500000,1.000000,543.000000,0.000000,0.000000,293.000000,1.000000,1.000000,0.000000,1.000841,0.750000,0.750000,1.000000,0.000100000,0.000001113,0.066000,0.000000,0.000000,0.000000,0.000000,0.000000,0.750000,0.000000
75.599999,1.000000,543.000000,0.000000,0.000000,293.000000,1.000000,1.000000,0.000000,1.000841,0.750000,0.750000,1.000000,0.000100000,0.000001113,0.066000,0.000000,0.000000,0.000000,0.000000,0.000000,0.750000,0.000000
75.699997,1.000000,543.000000,0.000000,0.000000,293.000000,1.000000,1.000000,0.000000,1.000840,0.750000,0.750000,1.000000,0.000100000,0.000001113,0.066000,0.000000,0.000000,0.000000,0.000000,0.000000,0.750000,0.000000
75.799995,1.000000,543.000000,0.000000,0.000000,293.000000,1.000000,1.000000,0.000000,1.000841,0.750000,0.750000,1.000000,0.000100000,0.000001113,0.066000,0.000000,0.000000,0.000000,0.000000,0.000000,0.750000,0.000000
75.900002,1.000000,543.000000,0.000000,0.000000,293.000000,1.000000,1.000000,0.000000,1.000914,0.750000,0.750000,1.000000,0.000100000,0.000001113,0.066000,0.000000,0.000000,0.000000,0.000000,0.000000,0.750000,0.000000
76.000000,1.000000,543.000000,0.000000,0.000000,293.000000,1.000000,1.000000,0.000000,1.000840,0.750000,0.750000,1.000000,0.000100000,0.000001113,0.066000,0.000000,0.000000,0.000000,0.000000,0.000000,0.750000,0.000000
76.099998,1.000000,543.000000,0.000000,0.000000,293.000000,1.000000,1.000000,0.000000,1.000841,0.750000,0.750000,1.000000,0.000100000,0.000001113,0.066000,0.000000,0.000000,0.000000,0.000000,0.000000,0.750000,0.000000
76.199997,1.000000,543.000000,0.000000,0.000000,293.000000,1.000000,1.000000,0.000000,1.000841,0.750000,0.750000,1.000000,0.000100000,0.000001113,0.066000,0.000000,0.000000,0.000000,0.000000,0.000000,0.750000,0.000000
76.299995,1.000000,543.000000,0.000000,0.000000,293.000000,1.000000,1.000000,0.000000,1.000840,0.750000,0.750000,1.000000,0.000100000,0.000001113,0.066000,0.000000,0.000000,0.000000,0.000000,0.000000,0.750000,0.000000
76.400002,1.000000,543.000000,0.000000,0.000000,293.000000,1.000000,1.000000,0.000000,1.000918,0.750000,0.750000,1.000000,0.000100000,0.000001113,0.066000,0.000000,0.000000,0.000000,0.000000,0.000000,0.750000,0.000000
76.500000,1.000000,543.000000,0.000000,0.000000,293.000000,1.000000,1.000000,0.000000,1.000840,0.750000,0.750000,1.000000,0.000100000,0.000001113,0.066000,0.000000,0.000000,0.000000,0.000000,0.000000,0.750000,0.000000
76.599999,1.000000,543.000000,0.000000,0.000000,293.000000,1.000000,1.000000,0.000000,1.000841,0.750000,0.750000,1.000000,0.000100000,0.000001113,0.066000,0.000000,0.000000,0.000000,0.000000,0.000000,0.750000,0.000000
76.699997,1.000000,543.000000,0.000000,0.000000,293.000000,1.000000,1.000000,0.000000,1.000841,0.750000,0.750000,1.000000,0.000100000,0.000001113,0.066000,0.000000,0.000000,0.000000,0.000000,0.000000,0.750000,0.000000
76.799995,1.000000,543.000000,0.000000,0.000000,293.000000,1.000000,1.000000,0.000000,1.000838,0.750000,0.750000,1.000000,0.000100000,0.000001113,0.066000,0.000000,0.000000,0.000000,0.000000,0.000000,0.750000,0.000000
76.900002,1.000000,543.000000,0.000000,0.000000,293.000000,1.000000,1.000000,0.000000,1.000917,0.750000,0.750000,1.000000,0.000100000,0.000001113,0.066000,0.000000,0.000000,0.000000,0.000000,0.000000,0.750000,0.000000
77.000000,1.000000,543.000000,0.000000,0.000000,293.000000,1.000000,1.000000,0.000000,1.000840,0.750000,0.750000,1.000000,0.000100000,0.000001113,0.066000,0.000000,0.000000,0.000000,0.000000,0.000000,0.750000,0.000000
77.099998,1.000000,543.000000,0.000000,0.000000,293.000000,1.000000,1.000000,0.000000,1.000841,0.750000,0.750000,1.000000,0.000100000,0.000001113,0.066000,0.000000,0.000000,0.000000,0.000000,0.000000,0.750000,0.000000
77.199997,1.000000,543.000000,0.000000,0.000000,293.000000,1.000000,1.000000,0.000000,1.000840,0.750000,0.750000,1.000000,0.000100000,0.000001113,0.066000,0.000000,0.000000,0.000000,0.000000,0.000000,0.750000,0.000000
77.299995,1.000000,543.000000,0.000000,0.000000,293.000000,1.000000,1.000000,0.000000,1.000841,0.750000,0.750000,1.000000,0.000100000,0.000001113,0.066000,0.000000,0.000000,0.000000,0.000000,0.000000,0.750000,0.000000
77.400002,1.000000,543.000000,0.000000,0.000000,293.000000,1.000000,1.000000,0.000000,1.000917,0.750000,0.750000,1.000000,0.000100000,0.000001113,0.066000,0.000000,0.000000,0.000000,0.000000,0.000000,0.750000,0.000000
77.500000,1.000000,543.000000,0.000000,0.000000,293.000000,1.000000,1.000000,0.000000,1.000840,0.750000,0.750000,1.000000,0.000100000,0.000001113,0.066000,0.000000,0.000000,0.000000,0.000000,0.000000,0.750000,0.000000
77.599999,1.000000,543.000000,0.000000,0.000000,293.000000,1.000000,1.000000,0.000000,1.000841,0.750000,0.750000,1.000000,0.000100000,0.000001113,0.066000,0.000000,0.000000,0.000000,0.000000,0.000000,0.750000,0.000000
77.699997,1.000000,543.000000,0.000000,0.000000,293.000000,1.000000,1.000000,0.000000,1.000847,0.750000,0.750000,1.000000,0.000100000,0.000001113,0.066000,0.000000,0.000000,0.000000,0.000000,0.000000,0.750000,0.000000
77.799995,1.000000,543.000000,0.000000,0.000000,293.000000,1.000000,1.000000,0.000000,1.000840,0.750000,0.750000,1.000000,0.000100000,0.000001113,0.066000,0.000000,0.000000,0.000000,0.000000,0.000000,0.750000,0.000000
77.900002,1.000000,543.000000,0.000000,0.000000,293.000000,1.000000,1.000000,0.000000,1.000917,0.750000,0.750000,1.000000,0.000100000,0.000001113,0.066000,0.000000,0.000000,0.000000,0.000000,0.000000,0.750000,0.000000
78.000000,1.000000,543.000000,0.000000,0.000000,293.000000,1.000000,1.000000,0.000000,1.000840,0.750000,0.750000,1.000000,0.000100000,0.000001113,0.066000,0.000000,0.000000,0.000000,0.000000,0.000000,0.750000,0.000000
78.099998,1.000000,543.000000,0.000000,0.000000,293.000000,1.000000,1.000000,0.000000,1.000841,0.750000,0.750000,1.000000,0.000100000,0.000001113,0.066000,0.000000,0.000000,0.000000,0.000000,0.000000,0.750000,0.000000
78.199997,1.000000,543.000000,0.000000,0.000000,293.000000,1.000000,1.000000,0.000000,1.000841,0.750000,0.750000,1.000000,0.000100000,0.000001113,0.066000,0.000000,0.000000,0.000000,0.000000,0.000000,0.750000,0.000000
78.299995,1.000000,543.000000,0.000000,0.000000,293.000000,1.000000,1.000000,0.000000,1.000840,0.750000,0.750000,1.000000,0.000100000,0.000001113,0.066000,0.000000,0.000000,0.000000,0.000000,0.000000,0.750000,0.000000
78.400002,1.000000,543.000000,0.000000,0.000000,293.000000,1.000000,1.000000,0.000000,1.000917,0.750000,0.750000,1.000000,0.000100000,0.000001113,0.066000,0.000000,0.000000,0.000000,0.000000,0.000000,0.750000,0.000000
78.500000,1.000000,543.000000,0.000000,0.000000,293.000000,1.000000,1.000000,0.000000,1.000847,0.750000,0.750000,1.000000,0.000100000,0.000001113,0.066000,0.000000,0.000000,0.000000,0.000000,0.000000,0.750000,0.000000
78.599999,1.000000,543.000000,0.000000,0.000000,293.000000,1.000000,1.000000,0.000000,1.000841,0.750000,0.750000,1.000000,0.000100000,0.000001113,0.066000,0.000000,0.000000,0.000000,0.000000,0.000000,0.750000,0.000000
78.699997,1.000000,543.000000,0.000000,0.000000,293.000000,1.000000,1.000000,0.000000,1.000841,0.750000,0.750000,1.000000,0.000100000,0.000001113,0.066000,0.000000,0.000000,0.000000,0.000000,0.000000,0.750000,0.000000
78.799995,1.000000,543.000000,0.000000,0.000000,293.000000,1.000000,1.000000,0.000000,1.000840,0.750000,0.750000,1.000000,0.000100000,0.000001113,0.066000,0.000000,0.000000,0.000000,0.000000,0.000000,0.750000,0.000000
78.900002,1.000000,543.000000,0.000000,0.000000,293.000000,1.000000,1.000000,0.000000,1.000917,0.750000,0.750000,1.000000,0.000100000,0.000001113,0.066000,0.000000,0.000000,0.000000,0.000000,0.000000,0.750000,0.000000
79.000000,1.000000,543.000000,0.000000,0.000000,293.000000,1.000000,1.000000,0.000000,1.000840,0.750000,0.750000,1.000000,0.000100000,0.000001113,0.066000,0.000000,0.000000,0.000000,0.000000,0.000000,0.750000,0.000000
79.099998,1.000000,543.000000,0.000000,0.000000,293.000000,1.000000,1.000000,0.000000,1.000841,0.750000,0.750000,1.000000,0.000100000,0.000001113,0.066000,0.000000,0.000000,0.000000,0.000000,0.000000,0.750000,0.000000
79.199997,1.000000,543.000000,0.000000,0.000000,293.000000,1.000000,1.000000,0.000000,1.000841,0.750000,0.750000,1.000000,0.000100000,0.000001113,0.066000,0.000000,0.000000,0.000000,0.000000,0.000000,0.750000,0.000000
79.299995,1.000000,543.000000,0.000000,0.000000,293.000000,1.000000,1.000000,0.000000,1.000838,0.750000,0.750000,1.000000,0.000100000,0.000001113,0.066000,0.000000,0.000000,0.000000,0.000000,0.000000,0.750000,0.000000
79.400002,1.000000,543.000000,0.000000,0.000000,293.000000,1.000000,1.000000,0.000000,1.000916,0.750000,0.750000,1.000000,0.000100000,0.000001113,0.066000,0.000000,0.000000,0.000000,0.000000,0.000000,0.750000,0.000000
79.500000,1.000000,543.000000,0.000000,0.000000,293.000000,1.000000,1.000000,0.000000,1.000841,0.750000,0.750000,1.000000,0.000100000,0.000001113,0.066000,0.000000,0.000000,0.000000,0.000000,0.000000,0.750000,0.000000
79.599999,1.000000,543.000000,0.000000,0.000000,293.000000,1.000000,1.000000,0.000000,1.000841,0.750000,0.750000,1.000000,0.000100000,0.000001113,0.066000,0.000000,0.000000,0.000000,0.000000,0.000000,0.750000,0.000000
79.699997,1.000000,543.000000,0.000000,0.000000,293.000000,1.000000,1.000000,0.000000,1.000841,0.750000,0.750000,1.000000,0.000100000,0.000001113,0.066000,0.000000,0.000000,0.000000,0.000000,0.000000,0.750000,0.000000
79.799995,1.000000,543.000000,0.000000,0.000000,293.000000,1.000000,1.000000,0.000000,1.000841,0.750000,0.750000,1.000000,0.000100000,0.000001113,0.066000,0.000000,0.000000,0.000000,0.000000,0.000000,0.750000,0.000000
79.900002,1.000000,543.000000,0.000000,0.000000,293.000000,1.000000,1.000000,0.000000,1.000917,0.750000,0.750000,1.000000,0.000100000,0.000001113,0.066000,0.000000,0.000000,0.000000,0.000000,0.000000,0.750000,0.000000
80.000000,1.000000,543.000000,0.000000,0.000000,293.000000,1.000000,1.000000,0.000000,1.000840,0.750000,0.750000,1.000000,0.000100000,0.000001113,0.066000,0.000000,0.000000,0.000000,0.000000,0.000000,0.750000,0.000000
80.099998,1.000000,543.000000,0.000000,0.000000,293.000000,1.000000,1.000000,0.000000,1.000842,0.750000,0.750000,1.000000,0.000100000,0.000001113,0.066000,0.000000,0.000000,0.000000,0.000000,0.000000,0.750000,0.000000
80.199997,1.000000,543.000000,0.000000,0.000000,293.000000,1.000000,1.000000,0.000000,1.000847,0.750000,0.750000,1.000000,0.000100000,0.000001113,0.066000,0.000000,0.000000,0.000000,0.000000,0.000000,0.750000,0.000000
80.299995,1.000000,543.000000,0.000000,0.000000,293.000000,1.000000,1.000000,0.000000,1.000841,0.750000,0.750000,1.000000,0.000100000,0.000001113,0.066000,0.000000,0.000000,0.000000,0.000000,0.000000,0.750000,0.000000
80.400002,1.000000,543.000000,0.000000,0.000000,293.000000,1.000000,1.000000,0.000000,1.000916,0.750000,0.750000,1.000000,0.000100000,0.000001113,0.066000,0.000000,0.000000,0.000000,0.000000,0.000000,0.750000,0.000000
80.500000,1.000000,543.000000,0.000000,0.000000,293.000000,1.000000,1.000000,0.000000,1.000840,0.750000,0.750000,1.000000,0.000100000,0.000001113,0.066000,0.000000,0.000000,0.000000,0.000000,0.000000,0.750000,0.000000
80.599999,1.000000,543.000000,0.000000,0.000000,293.000000,1.000000,1.000000,0.000000,1.000841,0.750000,0.750000,1.000000,0.000100000,0.000001113,0.066000,0.000000,0.000000,0.000000,0.000000,0.000000,0.750000,0.000000
80.699997,1.000000,543.000000,0.000000,0.000000,293.000000,1.000000,1.000000,0.000000,1.000840,0.750000,0.750000,1.000000,0.000100000,0.000001113,0.066000,0.000000,0.000000,0.000000,0.000000,0.000000,0.750000,0.000000
80.799995,1.000000,543.000000,0.000000,0.000000,293.000000,1.000000,1.000000,0.000000,1.000841,0.750000,0.750000,1.000000,0.000100000,0.000001113,0.066000,0.000000,0.000000,0.000000,0.000000,0.000000,0.750000,0.000000
80.900002,1.000000,543.000000,0.000000,0.000000,293.000000,1.000000,1.000000,0.000000,1.000917,0.750000,0.750000,1.000000,0.000100000,0.000001113,0.066000,0.000000,0.000000,0.000000,0.000000,0.000000,0.750000,0.000000
81.000000,1.000000,543.000000,0.000000,0.000000,293.000000,1.000000,1.000000,0.000000,1.000847,0.750000,0.750000,1.000000,0.000100000,0.000001113,0.066000,0.000000,0.000000,0.000000,0.000000,0.000000,0.750000,0.000000
81.099998,1.000000,543.000000,0.000000,0.000000,293.000000,1.000000,1.000000,0.000000,1.000842,0.750000,0.750000,1.000000,0.000100000,0.000001113,0.066000,0.000000,0.000000,0.000000,0.000000,0.000000,0.750000,0.000000
81.199997,1.000000,543.000000,0.000000,0.000000,293.000000,1.000000,1.000000,0.000000,1.000840,0.750000,0.750000,1.000000,0.000100000,0.000001113,0.066000,0.000000,0.000000,0.000000,0.000000,0.000000,0.750000,0.000000
81.299995,1.000000,543.000000,0.000000,0.000000,293.000000,1.000000,1.000000,0.000000,1.000841,0.750000,0.750000,1.000000,0.000100000,0.000001113,0.066000,0.000000,0.000000,0.000000,0.000000,0.000000,0.750000,0.000000
81.400002,1.000000,543.000000,0.000000,0.000000,293.000000,1.000000,1.000000,0.000000,1.000918,0.750000,0.750000,1.000000,0.000100000,0.000001113,0.066000,0.000000,0.000000,0.000000,0.000000,0.000000,0.750000,0.000000
81.500000,1.000000,543.000000,0.000000,0.000000,293.000000,1.000000,1.000000,0.000000,1.000840,0.750000,0.750000,1.000000,0.000100000,0.000001113,0.066000,0.000000,0.000000,0.000000,0.000000,0.000000,0.750000,0.000000
81.599999,1.000000,543.000000,0.000000,0.000000,293.000000,1.000000,1.000000,0.000000,1.000840,0.750000,0.750000,1.000000,0.000100000,0.000001113,0.066000,0.000000,0.000000,0.000000,0.000000,0.000000,0.750000,0.000000
81.699997,1.000000,543.000000,0.000000,0.000000,293.000000,1.000000,1.000000,0.000000,1.000841,0.750000,0.750000,1.000000,0.000100000,0.000001113,0.066000,0.000000,0.000000,0.000000,0.000000,0.000000,0.750000,0.000000
81.799995,1.000000,543.000000,0.000000,0.000000,293.000000,1.000000,1.000000,0.000000,1.000838,0.750000,0.750000,1.000000,0.000100000,0.000001113,0.066000,0.000000,0.000000,0.000000,0.000000,0.000000,0.750000,0.000000
81.900002,1.000000,543.000000,0.000000,0.000000,293.000000,1.000000,1.000000,0.000000,1.000917,0.750000,0.750000,1.000000,0.000100000,0.000001113,0.066000,0.000000,0.000000,0.000000,0.000000,0.000000,0.750000,0.000000
82.000000,1.000000,543.000000,0.000000,0.000000,293.000000,1.000000,1.000000,0.000000,1.000840,0.750000,0.750000,1.000000,0.000100000,0.000001113,0.066000,0.000000,0.000000,0.000000,0.000000,0.000000,0.750000,0.000000
82.099998,1.000000,543.000000,0.000000,0.000000,293.000000,1.000000,1.000000,0.000000,1.000841,0.750000,0.750000,1.000000,0.000100000,0.000001113,0.066000,0.000000,0.000000,0.000000,0.000000,0.000000,0.750000,0.000000
82.199997,1.000000,543.000000,0.000000,0.000000,293.000000,1.000000,1.000000,0.000000,1.000840,0.750000,0.750000,1.000000,0.000100000,0.000001113,0.066000,0.000000,0.000000,0.000000,0.000000,0.000000,0.750000,0.000000
82.299995,1.000000,543.000000,0.000000,0.000000,293.000000,1.000000,1.000000,0.000000,1.000841,0.750000,0.750000,1.000000,0.000100000,0.000001113,0.066000,0.000000,0.000000,0.000000,0.000000,0.000000,0.750000,0.000000
82.400002,1.000000,543.000000,0.000000,0.000000,293.000000,1.000000,1.000000,0.000000,1.000917,0.750000,0.750000,1.000000,0.000100000,0.000001113,0.066000,0.000000,0.000000,0.000000,0.000000,0.000000,0.750000,0.000000
82.500000,1.000000,543.000000,0.000000,0.000000,293.000000,1.000000,1.000000,0.000000,1.000841,0.750000,0.750000,1.000000,0.000100000,0.000001113,0.066000,0.000000,0.000000,0.000000,0.000000,0.000000,0.750000,0.000000
82.599999,1.000000,543.000000,0.000000,0.000000,293.000000,1.000000,1.000000,0.000000,1.000840,0.750000,0.750000,1.000000,0.000100000,0.000001113,0.066000,0.000000,0.000000,0.000000,0.000000,0.000000,0.750000,0.000000
82.699997,1.000000,543.000000,0.000000,0.000000,293.000000,1.000000,1.000000,0.000000,1.000838,0.750000,0.750000,1.000000,0.000100000,0.000001113,0.066000,0.000000,0.000000,0.000000,0.000000,0.000000,0.750000,0.000000
82.799995,1.000000,543.000000,0.000000,0.000000,293.000000,1.000000,1.000000,0.000000,1.000840,0.750000,0.750000,1.000000,0.000100000,0.000001113,0.066000,0.000000,0.000000,0.000000,0.000000,0.000000,0.750000,0.000000
82.900002,1.000000,543.000000,0.000000,0.000000,293.000000,1.000000,1.000000,0.000000,1.000917,0.750000,0.750000,1.000000,0.000100000,0.000001113,0.066000,0.000000,0.000000,0.000000,0.000000,0.000000,0.750000,0.000000
83.000000,1.000000,543.000000,0.000000,0.000000,293.000000,1.000000,1.000000,0.000000,1.000840,0.750000,0.750000,1.000000,0.000100000,0.000001113,0.066000,0.000000,0.000000,0.000000,0.000000,0.000000,0.750000,0.000000
83.099998,1.000000,543.000000,0.000000,0.000000,293.000000,1.000000,1.000000,0.000000,1.000840,0.750000,0.750000,1.000000,0.000100000,0.000001113,0.066000,0.000000,0.000000,0.000000,0.000000,0.000000,0.750000,0.000000
83.199997,1.000000,543.000000,0.000000,0.000000,293.000000,1.000000,1.000000,0.000000,1.000841,0.750000,0.750000,1.000000,0.000100000,0.000001113,0.066000,0.000000,0.000000,0.000000,0.000000,0.000000,0.750000,0.000000
83.299995,1.000000,543.000000,0.000000,0.000000,293.000000,1.000000,1.000000,0.000000,1.000841,0.750000,0.750000,1.000000,0.000100000,0.000001113,0.066000,0.000000,0.000000,0.000000,0.000000,0.000000,0.750000,0.000000
83.400002,1.000000,543.000000,0.000000,0.000000,293.000000,1.000000,1.000000,0.000000,1.000916,0.750000,0.750000,1.000000,0.000100000,0.000001113,0.066000,0.000000,0.000000,0.000000,0.000000,0.000000,0.750000,0.000000
83.500000,1.000000,543.000000,0.000000,0.000000,293.000000,1.000000,1.000000,0.000000,1.000842,0.750000,0.750000,1.000000,0.000100000,0.000001113,0.066000,0.000000,0.000000,0.000000,0.000000,0.000000,0.750000,0.000000
83.599999,1.000000,543.000000,0.000000,0.000000,293.000000,1.000000,1.000000,0.000000,1.000847,0.750000,0.750000,1.000000,0.000100000,0.000001113,0.066000,0.000000,0.000000,0.000000,0.000000,0.000000,0.750000,0.000000
83.699997,1.000000,543.000000,0.000000,0.000000,293.000000,1.000000,1.000000,0.000000,1.000842,0.750000,0.750000,1.000000,0.000100000,0.000001113,0.066000,0.000000,0.000000,0.000000,0.000000,0.000000,0.750000,0.000000
83.799995,1.000000,543.000000,0.000000,0.000000,293.000000,1.000000,1.000000,0.000000,1.000840,0.750000,0.750000,1.000000,0.000100000,0.000001113,0.066000,0.000000,0.000000,0.000000,0.000000,0.000000,0.750000,0.000000
83.900002,1.000000,543.000000,0.000000,0.000000,293.000000,1.000000,1.000000,0.000000,1.000916,0.750000,0.750000,1.000000,0.000100000,0.000001113,0.066000,0.000000,0.000000,0.000000,0.000000,0.000000,0.750000,0.000000
84.000000,1.000000,543.000000,0.000000,0.000000,293.000000,1.000000,1.000000,0.000000,1.000841,0.750000,0.750000,1.000000,0.000100000,0.000001113,0.066000,0.000000,0.000000,0.000000,0.000000,0.000000,0.750000,0.000000
84.099998,1.000000,543.000000,0.000000,0.000000,293.000000,1.000000,1.000000,0.000000,1.000840,0.750000,0.750000,1.000000,0.000100000,0.000001113,0.066000,0.000000,0.000000,0.000000,0.000000,0.000000,0.750000,0.000000
84.199997,1.000000,543.000000,0.000000,0.000000,293.000000,1.000000,1.000000,0.000000,1.000841,0.750000,0.750000,1.000000,0.000100000,0.000001113,0.066000,0.000000,0.000000,0.000000,0.000000,0.000000,0.750000,0.000000
84.299995,1.000000,543.000000,0.000000,0.000000,293.000000,1.000000,1.000000,0.000000,1.000841,0.750000,0.750000,1.000000,0.000100000,0.000001113,0.066000,0.000000,0.000000,0.000000,0.000000,0.000000,0.750000,0.000000
84.400002,1.000000,543.000000,0.000000,0.000000,293.000000,1.000000,1.000000,0.000000,1.000914,0.750000,0.750000,1.000000,0.000100000,0.000001113,0.066000,0.000000,0.000000,0.000000,0.000000,0.000000,0.750000,0.000000
84.500000,1.000000,543.000000,0.000000,0.000000,293.000000,1.000000,1.000000,0.000000,1.000841,0.750000,0.750000,1.000000,0.000100000,0.000001113,0.066000,0.000000,0.000000,0.000000,0.000000,0.000000,0.750000,0.000000
84.599999,1.000000,543.000000,0.000000,0.000000,293.000000,1.000000,1.000000,0.000000,1.000840,0.750000,0.750000,1.000000,0.000100000,0.000001113,0.066000,0.000000,0.000000,0.000000,0.000000,0.000000,0.750000,0.000000
84.699997,1.000000,543.000000,0.000000,0.000000,293.000000,1.000000,1.000000,0.000000,1.000840,0.750000,0.750000,1.000000,0.000100000,0.000001113,0.066000,0.000000,0.000000,0.000000,0.000000,0.000000,0.750000,0.000000
84.799995,1.000000,543.000000,0.000000,0.000000,293.000000,1.000000,1.000000,0.000000,1.000841,0.750000,0.750000,1.000000,0.000100000,0.000001113,0.066000,0.000000,0.000000,0.000000,0.000000,0.000000,0.750000,0.000000
84.900002,1.000000,543.000000,0.000000,0.000000,293.000000,1.000000,1.000000,0.000000,1.000917,0.750000,0.750000,1.000000,0.000100000,0.000001113,0.066000,0.000000,0.000000,0.000000,0.000000,0.000000,0.750000,0.000000
85.000000,1.000000,543.000000,0.000000,0.000000,293.000000,1.000000,1.000000,0.000000,1.000841,0.750000,0.750000,1.000000,0.000100000,0.000001113,0.066000,0.000000,0.000000,0.000000,0.000000,0.000000,0.750000,0.000000
85.099998,1.000000,543.000000,0.000000,0.000000,293.000000,1.000000,1.000000,0.000000,1.000840,0.750000,0.750000,1.000000,0.000100000,0.000001113,0.066000,0.000000,0.000000,0.000000,0.000000,0.000000,0.750000,0.000000
85.199997,1.000000,543.000000,0.000000,0.000000,293.000000,1.000000,1.000000,0.000000,1.000842,0.750000,0.750000,1.000000,0.000100000,0.000001113,0.066000,0.000000,0.000000,0.000000,0.000000,0.000000,0.750000,0.000000
85.299995,1.000000,543.000000,0.000000,0.000000,293.000000,1.000000,1.000000,0.000000,1.000847,0.750000,0.750000,1.000000,0.000100000,0.000001113,0.066000,0.000000,0.000000,0.000000,0.000000,0.000000,0.750000,0.000000
85.400002,1.000000,543.000000,0.000000,0.000000,293.000000,1.000000,1.000000,0.000000,1.000917,0.750000,0.750000,1.000000,0.000100000,0.000001113,0.066000,0.000000,0.000000,0.000000,0.000000,0.000000,0.750000,0.000000
85.500000,1.000000,543.000000,0.000000,0.000000,293.000000,1.000000,1.000000,0.000000,1.000841,0.750000,0.750000,1.000000,0.000100000,0.000001113,0.066000,0.000000,0.000000,0.000000,0.000000,0.000000,0.750000,0.000000
85.599999,1.000000,543.000000,0.000000,0.000000,293.000000,1.000000,1.000000,0.000000,1.000841,0.750000,0.750000,1.000000,0.000100000,0.000001113,0.066000,0.000000,0.000000,0.000000,0.000000,0.000000,0.750000,0.000000
85.699997,1.000000,543.000000,0.000000,0.000000,293.000000,1.000000,1.000000,0.000000,1.000840,0.750000,0.750000,1.000000,0.000100000,0.000001113,0.066000,0.000000,0.000000,0.000000,0.000000,0.000000,0.750000,0.000000
85.799995,1.000000,543.000000,0.000000,0.000000,293.000000,1.000000,1.000000,0.000000,1.000841,0.750000,0.750000,1.000000,0.000100000,0.000001113,0.066000,0.000000,0.000000,0.000000,0.000000,0.000000,0.750000,0.000000
85.900002,1.000000,543.000000,0.000000,0.000000,293.000000,1.000000,1.000000,0.000000,1.000917,0.750000,0.750000,1.000000,0.000100000,0.000001113,0.066000,0.000000,0.000000,0.000000,0.000000,0.000000,0.750000,0.000000
86.000000,1.000000,543.000000,0.000000,0.000000,293.000000,1.000000,1.000000,0.000000,1.000841,0.750000,0.750000,1.000000,0.000100000,0.000001113,0.066000,0.000000,0.000000,0.000000,0.000000,0.000000,0.750000,0.000000
86.099998,1.000000,543.000000,0.000000,0.000000,293.000000,1.000000,1.000000,0.000000,1.000847,0.750000,0.750000,1.000000,0.000100000,0.000001113,0.066000,0.000000,0.000000,0.000000,0.000000,0.000000,0.750000,0.000000
86.199997,1.000000,543.000000,0.000000,0.000000,293.000000,1.000000,1.000000,0.000000,1.000841,0.750000,0.750000,1.000000,0.000100000,0.000001113,0.066000,0.000000,0.000000,0.000000,0.000000,0.000000,0.750000,0.000000
86.299995,1.000000,543.000000,0.000000,0.000000,293.000000,1.000000,1.000000,0.000000,1.000840,0.750000,0.750000,1.000000,0.000100000,0.000001113,0.066000,0.000000,0.000000,0.000000,0.000000,0.000000,0.750000,0.000000
86.400002,1.000000,543.000000,0.000000,0.000000,293.000000,1.000000,1.000000,0.000000,1.000918,0.750000,0.750000,1.000000,0.000100000,0.000001113,0.066000,0.000000,0.000000,0.000000,0.000000,0.000000,0.750000,0.000000
86.500000,1.000000,543.000000,0.000000,0.000000,293.000000,1.000000,1.000000,0.000000,1.000841,0.750000,0.750000,1.000000,0.000100000,0.000001113,0.066000,0.000000,0.000000,0.000000,0.000000,0.000000,0.750000,0.000000
86.599999,1.000000,543.000000,0.000000,0.000000,293.000000,1.000000,1.000000,0.000000,1.000840,0.750000,0.750000,1.000000,0.000100000,0.000001113,0.066000,0.000000,0.000000,0.000000,0.000000,0.000000,0.750000,0.000000
86.699997,1.000000,543.000000,0.000000,0.000000,293.000000,1.000000,1.000000,0.000000,1.000841,0.750000,0.750000,1.000000,0.000100000,0.000001113,0.066000,0.000000,0.000000,0.000000,0.000000,0.000000,0.750000,0.000000
86.799995,1.000000,543.000000,0.000000,0.000000,293.000000,1.000000,1.000000,0.000000,1.000841,0.750000,0.750000,1.000000,0.000100000,0.000001113,0.066000,0.000000,0.000000,0.000000,0.000000,0.000000,0.750000,0.000000
86.900002,1.000000,543.000000,0.000000,0.000000,293.000000,1.000000,1.000000,0.000000,1.000923,0.750000,0.750000,1.000000,0.000100000,0.000001113,0.066000,0.000000,0.000000,0.000000,0.000000,0.000000,0.750000,0.000000
87.000000,1.000000,543.000000,0.000000,0.000000,293.000000,1.000000,1.000000,0.000000,1.000841,0.750000,0.750000,1.000000,0.000100000,0.000001113,0.066000,0.000000,0.000000,0.000000,0.000000,0.000000,0.750000,0.000000
87.099998,1.000000,543.000000,0.000000,0.000000,293.000000,1.000000,1.000000,0.000000,1.000840,0.750000,0.750000,1.000000,0.000100000,0.000001113,0.066000,0.000000,0.000000,0.000000,0.000000,0.000000,0.750000,0.000000
87.199997,1.000000,543.000000,0.000000,0.000000,293.000000,1.000000,1.000000,0.000000,1.000840,0.750000,0.750000,1.000000,0.000100000,0.000001113,0.066000,0.000000,0.000000,0.000000,0.000000,0.000000,0.750000,0.000000
87.299995,1.000000,543.000000,0.000000,0.000000,293.000000,1.000000,1.000000,0.000000,1.000842,0.750000,0.750000,1.000000,0.000100000,0.000001113,0.066000,0.000000,0.000000,0.000000,0.000000,0.000000,0.750000,0.000000
87.400002,1.000000,543.000000,0.000000,0.000000,293.000000,1.000000,1.000000,0.000000,1.000916,0.750000,0.750000,1.000000,0.000100000,0.000001113,0.066000,0.000000,0.000000,0.000000,0.000000,0.000000,0.750000,0.000000
87.500000,1.000000,543.000000,0.000000,0.000000,293.000000,1.000000,1.000000,0.000000,1.000841,0.750000,0.750000,1.000000,0.000100000,0.000001113,0.066000,0.000000,0.000000,0.000000,0.000000,0.000000,0.750000,0.000000
87.599999,1.000000,543.000000,0.000000,0.000000,293.000000,1.000000,1.000000,0.000000,1.000841,0.750000,0.750000,1.000000,0.000100000,0.000001113,0.066000,0.000000,0.000000,0.000000,0.000000,0.000000,0.750000,0.000000
87.699997,1.000000,543.000000,0.000000,0.000000,293.000000,1.000000,1.000000,0.000000,1.000846,0.750000,0.750000,1.000000,0.000100000,0.000001113,0.066000,0.000000,0.000000,0.000000,0.000000,0.000000,0.750000,0.000000
87.799995,1.000000,543.000000,0.000000,0.000000,293.000000,1.000000,1.000000,0.000000,1.000841,0.750000,0.750000,1.000000,0.000100000,0.000001113,0.066000,0.000000,0.000000,0.000000,0.000000,0.000000,0.750000,0.000000
87.900002,1.000000,543.000000,0.000000,0.000000,293.000000,1.000000,1.000000,0.000000,1.000917,0.750000,0.750000,1.000000,0.000100000,0.000001113,0.066000,0.000000,0.000000,0.000000,0.000000,0.000000,0.750000,0.000000
88.000000,1.000000,543.000000,0.000000,0.000000,293.000000,1.000000,1.000000,0.000000,1.000841,0.750000,0.750000,1.000000,0.000100000,0.000001113,0.066000,0.000000,0.000000,0.000000,0.000000,0.000000,0.750000,0.000000
88.099998,1.000000,543.000000,0.000000,0.000000,293.000000,1.000000,1.000000,0.000000,1.000841,0.750000,0.750000,1.000000,0.000100000,0.000001113,0.066000,0.000000,0.000000,0.000000,0.000000,0.000000,0.750000,0.000000
88.199997,1.000000,543.000000,0.000000,0.000000,293.000000,1.000000,1.000000,0.000000,1.000840,0.750000,0.750000,1.000000,0.000100000,0.000001113,0.066000,0.000000,0.000000,0.000000,0.000000,0.000000,0.750000,0.000000
88.299995,1.000000,543.000000,0.000000,0.000000,293.000000,1.000000,1.000000,0.000000,1.000840,0.750000,0.750000,1.000000,0.000100000,0.000001113,0.066000,0.000000,0.000000,0.000000,0.000000,0.000000,0.750000,0.000000
88.400002,1.000000,543.000000,0.000000,0.000000,293.000000,1.000000,1.000000,0.000000,1.000918,0.750000,0.750000,1.000000,0.000100000,0.000001113,0.066000,0.000000,0.000000,0.000000,0.000000,0.000000,0.750000,0.000000
88.500000,1.000000,543.000000,0.000000,0.000000,293.000000,1.000000,1.000000,0.000000,1.000847,0.750000,0.750000,1.000000,0.000100000,0.000001113,0.066000,0.000000,0.000000,0.000000,0.000000,0.000000,0.750000,0.000000
88.599999,1.000000,543.000000,0.000000,0.000000,293.000000,1.000000,1.000000,0.000000,1.000841,0.750000,0.750000,1.000000,0.000100000,0.000001113,0.066000,0.000000,0.000000,0.000000,0.000000,0.000000,0.750000,0.000000
88.699997,1.000000,543.000000,0.000000,0.000000,293.000000,1.000000,1.000000,0.000000,1.000841,0.750000,0.750000,1.000000,0.000100000,0.000001113,0.066000,0.000000,0.000000,0.000000,0.000000,0.000000,0.750000,0.000000
88.799995,1.000000,543.000000,0.000000,0.000000,293.000000,1.000000,1.000000,0.000000,1.000840,0.750000,0.750000,1.000000,0.000100000,0.000001113,0.066000,0.000000,0.000000,0.000000,0.000000,0.000000,0.750000,0.000000
88.900002,1.000000,543.000000,0.000000,0.000000,293.000000,1.000000,1.000000,0.000000,1.000917,0.750000,0.750000,1.000000,0.000100000,0.000001113,0.066000,0.000000,0.000000,0.000000,0.000000,0.000000,0.750000,0.000000
89.000000,1.000000,543.000000,0.000000,0.000000,293.000000,1.000000,1.000000,0.000000,1.000840,0.750000,0.750000,1.000000,0.000100000,0.000001113,0.066000,0.000000,0.000000,0.000000,0.000000,0.000000,0.750000,0.000000
89.099998,1.000000,543.000000,0.000000,0.000000,293.000000,1.000000,1.000000,0.000000,1.000840,0.750000,0.750000,1.000000,0.000100000,0.000001113,0.066000,0.000000,0.000000,0.000000,0.000000,0.000000,0.750000,0.000000
89.199997,1.000000,543.000000,0.000000,0.000000,293.000000,1.000000,1.000000,0.000000,1.000841,0.750000,0.750000,1.000000,0.000100000,0.000001113,0.066000,0.000000,0.000000,0.000000,0.000000,0.000000,0.750000,0.000000
89.299995,1.000000,543.000000,0.000000,0.000000,293.000000,1.000000,1.000000,0.000000,1.000847,0.750000,0.750000,1.000000,0.000100000,0.000001113,0.066000,0.000000,0.000000,0.000000,0.000000,0.000000,0.750000,0.000000
89.400002,1.000000,543.000000,0.000000,0.000000,293.000000,1.000000,1.000000,0.000000,1.000917,0.750000,0.750000,1.000000,0.000100000,0.000001113,0.066000,0.000000,0.000000,0.000000,0.000000,0.000000,0.750000,0.000000
89.500000,1.000000,543.000000,0.000000,0.000000,293.000000,1.000000,1.000000,0.000000,1.000841,0.750000,0.750000,1.000000,0.000100000,0.000001113,0.066000,0.000000,0.000000,0.000000,0.000000,0.000000,0.750000,0.000000
89.599999,1.000000,543.000000,0.000000,0.000000,293.000000,1.000000,1.000000,0.000000,1.000841,0.750000,0.750000,1.000000,0.000100000,0.000001113,0.066000,0.000000,0.000000,0.000000,0.000000,0.000000,0.750000,0.000000
89.699997,1.000000,543.000000,0.000000,0.000000,293.000000,1.000000,1.000000,0.000000,1.000841,0.750000,0.750000,1.000000,0.000100000,0.000001113,0.066000,0.000000,0.000000,0.000000,0.000000,0.000000,0.750000,0.000000
89.799995,1.000000,543.000000,0.000000,0.000000,293.000000,1.000000,1.000000,0.000000,1.000840,0.750000,0.750000,1.000000,0.000100000,0.000001113,0.066000,0.000000,0.000000,0.000000,0.000000,0.000000,0.750000,0.000000
89.900002,1.000000,543.000000,0.000000,0.000000,293.000000,1.000000,1.000000,0.000000,1.000917,0.750000,0.750000,1.000000,0.000100000,0.000001113,0.066000,0.000000,0.000000,0.000000,0.000000,0.000000,0.750000,0.000000
90.000000,1.000000,543.000000,0.000000,0.000000,293.000000,1.000000,1.000000,0.000000,1.000841,0.750000,0.750000,1.000000,0.000100000,0.000001113,0.066000,0.000000,0.000000,0.000000,0.000000,0.000000,0.750000,0.000000
90.099998,1.000000,543.000000,0.000000,0.000000,293.000000,1.000000,1.000000,0.000000,1.000847,0.750000,0.750000,1.000000,0.000100000,0.000001113,0.066000,0.000000,0.000000,0.000000,0.000000,0.000000,0.750000,0.000000
90.199997,1.000000,543.000000,0.000000,0.000000,293.000000,1.000000,1.000000,0.000000,1.000841,0.750000,0.750000,1.000000,0.000100000,0.000001113,0.066000,0.000000,0.000000,0.000000,0.000000,0.000000,0.750000,0.000000
90.299995,1.000000,543.000000,0.000000,0.000000,293.000000,1.000000,1.000000,0.000000,1.000841,0.750000,0.750000,1.000000,0.000100000,0.000001113,0.066000,0.000000,0.000000,0.000000,0.000000,0.000000,0.750000,0.000000
90.400002,1.000000,543.000000,0.000000,0.000000,293.000000,1.000000,1.000000,0.000000,1.000918,0.750000,0.750000,1.000000,0.000100000,0.000001113,0.066000,0.000000,0.000000,0.000000,0.000000,0.000000,0.750000,0.000000
90.500000,1.000000,543.000000,0.000000,0.000000,293.000000,1.000000,1.000000,0.000000,1.000840,0.750000,0.750000,1.000000,0.000100000,0.000001113,0.066000,0.000000,0.000000,0.000000,0.000000,0.000000,0.750000,0.000000
90.599999,1.000000,543.000000,0.000000,0.000000,293.000000,1.000000,1.000000,0.000000,1.000841,0.750000,0.750000,1.000000,0.000100000,0.000001113,0.066000,0.000000,0.000000,0.000000,0.000000,0.000000,0.750000,0.000000
90.699997,1.000000,543.000000,0.000000,0.000000,293.000000,1.000000,1.000000,0.000000,1.000841,0.750000,0.750000,1.000000,0.000100000,0.000001113,0.066000,0.000000,0.000000,0.000000,0.000000,0.000000,0.750000,0.000000
90.799995,1.000000,543.000000,0.000000,0.000000,293.000000,1.000000,1.000000,0.000000,1.000841,0.750000,0.750000,1.000000,0.000100000,0.000001113,0.066000,0.000000,0.000000,0.000000,0.000000,0.000000,0.750000,0.000000
90.899994,1.000000,543.000000,0.000000,0.000000,293.000000,1.000000,1.000000,0.000000,1.000838,0.750000,0.750000,1.000000,0.000100000,0.000001113,0.066000,0.000000,0.000000,0.000000,0.000000,0.000000,0.750000,0.000000
91.000000,1.000000,543.000000,0.000000,0.000000,293.000000,1.000000,1.000000,0.000000,1.000916,0.750000,0.750000,1.000000,0.000100000,0.000001113,0.066000,0.000000,0.000000,0.000000,0.000000,0.000000,0.750000,0.000000
91.099998,1.000000,543.000000,0.000000,0.000000,293.000000,1.000000,1.000000,0.000000,1.000841,0.750000,0.750000,1.000000,0.000100000,0.000001113,0.066000,0.000000,0.000000,0.000000,0.000000,0.000000,0.750000,0.000000
91.199997,1.000000,543.000000,0.000000,0.000000,293.000000,1.000000,1.000000,0.000000,1.000841,0.750000,0.750000,1.000000,0.000100000,0.000001113,0.066000,0.000000,0.000000,0.000000,0.000000,0.000000,0.750000,0.000000
91.299995,1.000000,543.000000,0.000000,0.000000,293.000000,1.000000,1.000000,0.000000,1.000841,0.750000,0.750000,1.000000,0.000100000,0.000001113,0.066000,0.000000,0.000000,0.000000,0.000000,0.000000,0.750000,0.000000
91.399994,1.000000,543.000000,0.000000,0.000000,293.000000,1.000000,1.000000,0.000000,1.000840,0.750000,0.750000,1.000000,0.000100000,0.000001113,0.066000,0.000000,0.000000,0.000000,0.000000,0.000000,0.750000,0.000000
91.500000,1.000000,543.000000,0.000000,0.000000,293.000000,1.000000,1.000000,0.000000,1.000918,0.750000,0.750000,1.000000,0.000100000,0.000001113,0.066000,0.000000,0.000000,0.000000,0.000000,0.000000,0.750000,0.000000
91.599999,1.000000,543.000000,0.000000,0.000000,293.000000,1.000000,1.000000,0.000000,1.000840,0.750000,0.750000,1.000000,0.000100000,0.000001113,0.066000,0.000000,0.000000,0.000000,0.000000,0.000000,0.750000,0.000000
91.699997,1.000000,543.000000,0.000000,0.000000,293.000000,1.000000,1.000000,0.000000,1.000842,0.750000,0.750000,1.000000,0.000100000,0.000001113,0.066000,0.000000,0.000000,0.000000,0.000000,0.000000,0.750000,0.000000
91.799995,1.000000,543.000000,0.000000,0.000000,293.000000,1.000000,1.000000,0.000000,1.000847,0.750000,0.750000,1.000000,0.000100000,0.000001113,0.066000,0.000000,0.000000,0.000000,0.000000,0.000000,0.750000,0.000000
91.899994,1.000000,543.000000,0.000000,0.000000,293.000000,1.000000,1.000000,0.000000,1.000841,0.750000,0.750000,1.000000,0.000100000,0.000001113,0.066000,0.000000,0.000000,0.000000,0.000000,0.000000,0.750000,0.000000
92.000000,1.000000,543.000000,0.000000,0.000000,293.000000,1.000000,1.000000,0.000000,1.000918,0.750000,0.750000,1.000000,0.000100000,0.000001113,0.066000,0.000000,0.000000,0.000000,0.000000,0.000000,0.750000,0.000000
92.099998,1.000000,543.000000,0.000000,0.000000,293.000000,1.000000,1.000000,0.000000,1.000840,0.750000,0.750000,1.000000,0.000100000,0.000001113,0.066000,0.000000,0.000000,0.000000,0.000000,0.000000,0.750000,0.000000
92.199997,1.000000,543.000000,0.000000,0.000000,293.000000,1.000000,1.000000,0.000000,1.000842,0.750000,0.750000,1.000000,0.000100000,0.000001113,0.066000,0.000000,0.000000,0.000000,0.000000,0.000000,0.750000,0.000000
92.299995,1.000000,543.000000,0.000000,0.000000,293.000000,1.000000,1.000000,0.000000,1.000840,0.750000,0.750000,1.000000,0.000100000,0.000001113,0.066000,0.000000,0.000000,0.000000,0.000000,0.000000,0.750000,0.000000
92.399994,1.000000,543.000000,0.000000,0.000000,293.000000,1.000000,1.000000,0.000000,1.000841,0.750000,0.750000,1.000000,0.000100000,0.000001113,0.066000,0.000000,0.000000,0.000000,0.000000,0.000000,0.750000,0.000000
92.500000,1.000000,543.000000,0.000000,0.000000,293.000000,1.000000,1.000000,0.000000,1.000917,0.750000,0.750000,1.000000,0.000100000,0.000001113,0.066000,0.000000,0.000000,0.000000,0.000000,0.000000,0.750000,0.000000
92.599999,1.000000,543.000000,0.000000,0.000000,293.000000,1.000000,1.000000,0.000000,1.000847,0.750000,0.750000,1.000000,0.000100000,0.000001113,0.066000,0.000000,0.000000,0.000000,0.000000,0.000000,0.750000,0.000000
92.699997,1.000000,543.000000,0.000000,0.000000,293.000000,1.000000,1.000000,0.000000,1.000841,0.750000,0.750000,1.000000,0.000100000,0.000001113,0.066000,0.000000,0.000000,0.000000,0.000000,0.000000,0.750000,0.000000
92.799995,1.000000,543.000000,0.000000,0.000000,293.000000,1.000000,1.000000,0.000000,1.000841,0.750000,0.750000,1.000000,0.000100000,0.000001113,0.066000,0.000000,0.000000,0.000000,0.000000,0.000000,0.750000,0.000000
92.899994,1.000000,543.000000,0.000000,0.000000,293.000000,1.000000,1.000000,0.000000,1.000841,0.750000,0.750000,1.000000,0.000100000,0.000001113,0.066000,0.000000,0.000000,0.000000,0.000000,0.000000,0.750000,0.000000
93.000000,1.000000,543.000000,0.000000,0.000000,293.000000,1.000000,1.000000,0.000000,1.000917,0.750000,0.750000,1.000000,0.000100000,0.000001113,0.066000,0.000000,0.000000,0.000000,0.000000,0.000000,0.750000,0.000000
93.099998,1.000000,543.000000,0.000000,0.000000,293.000000,1.000000,1.000000,0.000000,1.000840,0.750000,0.750000,1.000000,0.000100000,0.000001113,0.066000,0.000000,0.000000,0.000000,0.000000,0.000000,0.750000,0.000000
93.199997,1.000000,543.000000,0.000000,0.000000,293.000000,1.000000,1.000000,0.000000,1.000841,0.750000,0.750000,1.000000,0.000100000,0.000001113,0.066000,0.000000,0.000000,0.000000,0.000000,0.000000,0.750000,0.000000
93.299995,1.000000,543.000000,0.000000,0.000000,293.000000,1.000000,1.000000,0.000000,1.000840,0.750000,0.750000,1.000000,0.000100000,0.000001113,0.066000,0.000000,0.000000,0.000000,0.000000,0.000000,0.750000,0.000000
93.399994,1.000000,543.000000,0.000000,0.000000,293.000000,1.000000,1.000000,0.000000,1.000838,0.750000,0.750000,1.000000,0.000100000,0.000001113,0.066000,0.000000,0.000000,0.000000,0.000000,0.000000,0.750000,0.000000
93.500000,1.000000,543.000000,0.000000,0.000000,293.000000,1.000000,1.000000,0.000000,1.000917,0.750000,0.750000,1.000000,0.000100000,0.000001113,0.066000,0.000000,0.000000,0.000000,0.000000,0.000000,0.750000,0.000000
93.599999,1.000000,543.000000,0.000000,0.000000,293.000000,1.000000,1.000000,0.000000,1.000840,0.750000,0.750000,1.000000,0.000100000,0.000001113,0.066000,0.000000,0.000000,0.000000,0.000000,0.000000,0.750000,0.000000
93.699997,1.000000,543.000000,0.000000,0.000000,293.000000,1.000000,1.000000,0.000000,1.000841,0.750000,0.750000,1.000000,0.000100000,0.000001113,0.066000,0.000000,0.000000,0.000000,0.000000,0.000000,0.750000,0.000000
93.799995,1.000000,543.000000,0.000000,0.000000,293.000000,1.000000,1.000000,0.000000,1.000841,0.750000,0.750000,1.000000,0.000100000,0.000001113,0.066000,0.000000,0.000000,0.000000,0.000000,0.000000,0.750000,0.000000
93.899994,1.000000,543.000000,0.000000,0.000000,293.000000,1.000000,1.000000,0.000000,1.000841,0.750000,0.750000,1.000000,0.000100000,0.000001113,0.066000,0.000000,0.000000,0.000000,0.000000,0.000000,0.750000,0.000000
94.000000,1.000000,543.000000,0.000000,0.000000,293.000000,1.000000,1.000000,0.000000,1.000917,0.750000,0.750000,1.000000,0.000100000,0.000001113,0.066000,0.000000,0.000000,0.000000,0.000000,0.000000,0.750000,0.000000
94.099998,1.000000,543.000000,0.000000,0.000000,293.000000,1.000000,1.000000,0.000000,1.000841,0.750000,0.750000,1.000000,0.000100000,0.000001113,0.066000,0.000000,0.000000,0.000000,0.000000,0.000000,0.750000,0.000000
94.199997,1.000000,543.000000,0.000000,0.000000,293.000000,1.000000,1.000000,0.000000,1.000841,0.750000,0.750000,1.000000,0.000100000,0.000001113,0.066000,0.000000,0.000000,0.000000,0.000000,0.000000,0.750000,0.000000
94.299995,1.000000,543.000000,0.000000,0.000000,293.000000,1.000000,1.000000,0.000000,1.000847,0.750000,0.750000,1.000000,0.000100000,0.000001113,0.066000,0.000000,0.000000,0.000000,0.000000,0.000000,0.750000,0.000000
94.399994,1.000000,543.000000,0.000000,0.000000,293.000000,1.000000,1.000000,0.000000,1.000841,0.750000,0.750000,1.000000,0.000100000,0.000001113,0.066000,0.000000,0.000000,0.000000,0.000000,0.000000,0.750000,0.000000
94.500000,1.000000,543.000000,0.000000,0.000000,293.000000,1.000000,1.000000,0.000000,1.000917,0.750000,0.750000,1.000000,0.000100000,0.000001113,0.066000,0.000000,0.000000,0.000000,0.000000,0.000000,0.750000,0.000000
94.599999,1.000000,543.000000,0.000000,0.000000,293.000000,1.000000,1.000000,0.000000,1.000841,0.750000,0.750000,1.000000,0.000100000,0.000001113,0.066000,0.000000,0.000000,0.000000,0.000000,0.000000,0.750000,0.000000
94.699997,1.000000,543.000000,0.000000,0.000000,293.000000,1.000000,1.000000,0.000000,1.000841,0.750000,0.750000,1.000000,0.000100000,0.000001113,0.066000,0.000000,0.000000,0.000000,0.000000,0.000000,0.750000,0.000000
94.799995,1.000000,543.000000,0.000000,0.000000,293.000000,1.000000,1.000000,0.000000,1.000841,0.750000,0.750000,1.000000,0.000100000,0.000001113,0.066000,0.000000,0.000000,0.000000,0.000000,0.000000,0.750000,0.000000
94.899994,1.000000,543.000000,0.000000,0.000000,293.000000,1.000000,1.000000,0.000000,1.000840,0.750000,0.750000,1.000000,0.000100000,0.000001113,0.066000,0.000000,0.000000,0.000000,0.000000,0.000000,0.750000,0.000000
95.000000,1.000000,543.000000,0.000000,0.000000,293.000000,1.000000,1.000000,0.000000,1.000918,0.750000,0.750000,1.000000,0.000100000,0.000001113,0.066000,0.000000,0.000000,0.000000,0.000000,0.000000,0.750000,0.000000
95.099998,1.000000,543.000000,0.000000,0.000000,293.000000,1.000000,1.000000,0.000000,1.000847,0.750000,0.750000,1.000000,0.000100000,0.000001113,0.066000,0.000000,0.000000,0.000000,0.000000,0.000000,0.750000,0.000000
95.199997,1.000000,543.000000,0.000000,0.000000,293.000000,1.000000,1.000000,0.000000,1.000841,0.750000,0.750000,1.000000,0.000100000,0.000001113,0.066000,0.000000,0.000000,0.000000,0.000000,0.000000,0.750000,0.000000
95.299995,1.000000,543.000000,0.000000,0.000000,293.000000,1.000000,1.000000,0.000000,1.000841,0.750000,0.750000,1.000000,0.000100000,0.000001113,0.066000,0.000000,0.000000,0.000000,0.000000,0.000000,0.750000,0.000000
95.399994,1.000000,543.000000,0.000000,0.000000,293.000000,1.000000,1.000000,0.000000,1.000840,0.750000,0.750000,1.000000,0.000100000,0.000001113,0.066000,0.000000,0.000000,0.000000,0.000000,0.000000,0.750000,0.000000
95.500000,1.000000,543.000000,0.000000,0.000000,293.000000,1.000000,1.000000,0.000000,1.000918,0.750000,0.750000,1.000000,0.000100000,0.000001113,0.066000,0.000000,0.000000,0.000000,0.000000,0.000000,0.750000,0.000000
95.599999,1.000000,543.000000,0.000000,0.000000,293.000000,1.000000,1.000000,0.000000,1.000841,0.750000,0.750000,1.000000,0.000100000,0.000001113,0.066000,0.000000,0.000000,0.000000,0.000000,0.000000,0.750000,0.000000
95.699997,1.000000,543.000000,0.000000,0.000000,293.000000,1.000000,1.000000,0.000000,1.000840,0.750000,0.750000,1.000000,0.000100000,0.000001113,0.066000,0.000000,0.000000,0.000000,0.000000,0.000000,0.750000,0.000000
95.799995,1.000000,543.000000,0.000000,0.000000,293.000000,1.000000,1.000000,0.000000,1.000841,0.750000,0.750000,1.000000,0.000100000,0.000001113,0.066000,0.000000,0.000000,0.000000,0.000000,0.000000,0.750000,0.000000
95.899994,1.000000,543.000000,0.000000,0.000000,293.000000,1.000000,1.000000,0.000000,1.000847,0.750000,0.750000,1.000000,0.000100000,0.000001113,0.066000,0.000000,0.000000,0.000000,0.000000,0.000000,0.750000,0.000000
96.000000,1.000000,543.000000,0.000000,0.000000,293.000000,1.000000,1.000000,0.000000,1.000917,0.750000,0.750000,1.000000,0.000100000,0.000001113,0.066000,0.000000,0.000000,0.000000,0.000000,0.000000,0.750000,0.000000
96.099998,1.000000,543.000000,0.000000,0.000000,293.000000,1.000000,1.000000,0.000000,1.000841,0.750000,0.750000,1.000000,0.000100000,0.000001113,0.066000,0.000000,0.000000,0.000000,0.000000,0.000000,0.750000,0.000000
96.199997,1.000000,543.000000,0.000000,0.000000,293.000000,1.000000,1.000000,0.000000,1.000840,0.750000,0.750000,1.000000,0.000100000,0.000001113,0.066000,0.000000,0.000000,0.000000,0.000000,0.000000,0.750000,0.000000
96.299995,1.000000,543.000000,0.000000,0.000000,293.000000,1.000000,1.000000,0.000000,1.000840,0.750000,0.750000,1.000000,0.000100000,0.000001113,0.066000,0.000000,0.000000,0.000000,0.000000,0.000000,0.750000,0.000000
96.399994,1.000000,543.000000,0.000000,0.000000,293.000000,1.000000,1.000000,0.000000,1.000841,0.750000,0.750000,1.000000,0.000100000,0.000001113,0.066000,0.000000,0.000000,0.000000,0.000000,0.000000,0.750000,0.000000
96.500000,1.000000,543.000000,0.000000,0.000000,293.000000,1.000000,1.000000,0.000000,1.000917,0.750000,0.750000,1.000000,0.000100000,0.000001113,0.066000,0.000000,0.000000,0.000000,0.000000,0.000000,0.750000,0.000000
96.599999,1.000000,543.000000,0.000000,0.000000,293.000000,1.000000,1.000000,0.000000,1.000841,0.750000,0.750000,1.000000,0.000100000,0.000001113,0.066000,0.000000,0.000000,0.000000,0.000000,0.000000,0.750000,0.000000
96.699997,1.000000,543.000000,0.000000,0.000000,293.000000,1.000000,1.000000,0.000000,1.000847,0.750000,0.750000,1.000000,0.000100000,0.000001113,0.066000,0.000000,0.000000,0.000000,0.000000,0.000000,0.750000,0.000000
96.799995,1.000000,543.000000,0.000000,0.000000,293.000000,1.000000,1.000000,0.000000,1.000841,0.750000,0.750000,1.000000,0.000100000,0.000001113,0.066000,0.000000,0.000000,0.000000,0.000000,0.000000,0.750000,0.000000
96.899994,1.000000,543.000000,0.000000,0.000000,293.000000,1.000000,1.000000,0.000000,1.000841,0.750000,0.750000,1.000000,0.000100000,0.000001113,0.066000,0.000000,0.000000,0.000000,0.000000,0.000000,0.750000,0.000000
97.000000,1.000000,543.000000,0.000000,0.000000,293.000000,1.000000,1.000000,0.000000,1.000917,0.750000,0.750000,1.000000,0.000100000,0.000001113,0.066000,0.000000,0.000000,0.000000,0.000000,0.000000,0.750000,0.000000
97.099998,1.000000,543.000000,0.000000,0.000000,293.000000,1.000000,1.000000,0.000000,1.000840,0.750000,0.750000,1.000000,0.000100000,0.000001113,0.066000,0.000000,0.000000,0.000000,0.000000,0.000000,0.750000,0.000000
97.199997,1.000000,543.000000,0.000000,0.000000,293.000000,1.000000,1.000000,0.000000,1.000841,0.750000,0.750000,1.000000,0.000100000,0.000001113,0.066000,0.000000,0.000000,0.000000,0.000000,0.000000,0.750000,0.000000
97.299995,1.000000,543.000000,0.000000,0.000000,293.000000,1.000000,1.000000,0.000000,1.000840,0.750000,0.750000,1.000000,0.000100000,0.000001113,0.066000,0.000000,0.000000,0.000000,0.000000,0.000000,0.750000,0.000000
97.399994,1.000000,543.000000,0.000000,0.000000,293.000000,1.000000,1.000000,0.000000,1.000842,0.750000,0.750000,1.000000,0.000100000,0.000001113,0.066000,0.000000,0.000000,0.000000,0.000000,0.000000,0.750000,0.000000
97.500000,1.000000,543.000000,0.000000,0.000000,293.000000,1.000000,1.000000,0.000000,1.000923,0.750000,0.750000,1.000000,0.000100000,0.000001113,0.066000,0.000000,0.000000,0.000000,0.000000,0.000000,0.750000,0.000000
97.599999,1.000000,543.000000,0.000000,0.000000,293.000000,1.000000,1.000000,0.000000,1.000841,0.750000,0.750000,1.000000,0.000100000,0.000001113,0.066000,0.000000,0.000000,0.000000,0.000000,0.000000,0.750000,0.000000
97.699997,1.000000,543.000000,0.000000,0.000000,293.000000,1.000000,1.000000,0.000000,1.000840,0.750000,0.750000,1.000000,0.000100000,0.000001113,0.066000,0.000000,0.000000,0.000000,0.000000,0.000000,0.750000,0.000000
97.799995,1.000000,543.000000,0.000000,0.000000,293.000000,1.000000,1.000000,0.000000,1.000841,0.750000,0.750000,1.000000,0.000100000,0.000001113,0.066000,0.000000,0.000000,0.000000,0.000000,0.000000,0.750000,0.000000
97.899994,1.000000,543.000000,0.000000,0.000000,293.000000,1.000000,1.000000,0.000000,1.000841,0.750000,0.750000,1.000000,0.000100000,0.000001113,0.066000,0.000000,0.000000,0.000000,0.000000,0.000000,0.750000,0.000000
98.000000,1.000000,543.000000,0.000000,0.000000,293.000000,1.000000,1.000000,0.000000,1.000917,0.750000,0.750000,1.000000,0.000100000,0.000001113,0.066000,0.000000,0.000000,0.000000,0.000000,0.000000,0.750000,0.000000
98.099998,1.000000,543.000000,0.000000,0.000000,293.000000,1.000000,1.000000,0.000000,1.000840,0.750000,0.750000,1.000000,0.000100000,0.000001113,0.066000,0.000000,0.000000,0.000000,0.000000,0.000000,0.750000,0.000000
98.199997,1.000000,543.000000,0.000000,0.000000,293.000000,1.000000,1.000000,0.000000,1.000841,0.750000,0.750000,1.000000,0.000100000,0.000001113,0.066000,0.000000,0.000000,0.000000,0.000000,0.000000,0.750000,0.000000
98.299995,1.000000,543.000000,0.000000,0.000000,293.000000,1.000000,1.000000,0.000000,1.000838,0.750000,0.750000,1.000000,0.000100000,0.000001113,0.066000,0.000000,0.000000,0.000000,0.000000,0.000000,0.750000,0.000000
98.399994,1.000000,543.000000,0.000000,0.000000,293.000000,1.000000,1.000000,0.000000,1.000840,0.750000,0.750000,1.000000,0.000100000,0.000001113,0.066000,0.000000,0.000000,0.000000,0.000000,0.000000,0.750000,0.000000
98.500000,1.000000,543.000000,0.000000,0.000000,293.000000,1.000000,1.000000,0.000000,1.000918,0.750000,0.750000,1.000000,0.000100000,0.000001113,0.066000,0.000000,0.000000,0.000000,0.000000,0.000000,0.750000,0.000000
98.599999,1.000000,543.000000,0.000000,0.000000,293.000000,1.000000,1.000000,0.000000,1.000841,0.750000,0.750000,1.000000,0.000100000,0.000001113,0.066000,0.000000,0.000000,0.000000,0.000000,0.000000,0.750000,0.000000
98.699997,1.000000,543.000000,0.000000,0.000000,293.000000,1.000000,1.000000,0.000000,1.000841,0.750000,0.750000,1.000000,0.000100000,0.000001113,0.066000,0.000000,0.000000,0.000000,0.000000,0.000000,0.750000,0.000000
98.799995,1.000000,543.000000,0.000000,0.000000,293.000000,1.000000,1.000000,0.000000,1.000841,0.750000,0.750000,1.000000,0.000100000,0.000001113,0.066000,0.000000,0.000000,0.000000,0.000000,0.000000,0.750000,0.000000
98.899994,1.000000,543.000000,0.000000,0.000000,293.000000,1.000000,1.000000,0.000000,1.000840,0.750000,0.750000,1.000000,0.000100000,0.000001113,0.066000,0.000000,0.000000,0.000000,0.000000,0.000000,0.750000,0.000000
99.000000,1.000000,543.000000,0.000000,0.000000,293.000000,1.000000,1.000000,0.000000,1.000918,0.750000,0.750000,1.000000,0.000100000,0.000001113,0.066000,0.000000,0.000000,0.000000,0.000000,0.000000,0.750000,0.000000
99.099998,1.000000,543.000000,0.000000,0.000000,293.000000,1.000000,1.000000,0.000000,1.000841,0.750000,0.750000,1.000000,0.000100000,0.000001113,0.066000,0.000000,0.000000,0.000000,0.000000,0.000000,0.750000,0.000000
99.199997,1.000000,543.000000,0.000000,0.000000,293.000000,1.000000,1.000000,0.000000,1.000847,0.750000,0.750000,1.000000,0.000100000,0.000001113,0.066000,0.000000,0.000000,0.000000,0.000000,0.000000,0.750000,0.000000
99.299995,1.000000,543.000000,0.000000,0.000000,293.000000,1.000000,1.000000,0.000000,1.000841,0.750000,0.750000,1.000000,0.000100000,0.000001113,0.066000,0.000000,0.000000,0.000000,0.000000,0.000000,0.750000,0.000000
99.399994,1.000000,543.000000,0.000000,0.000000,293.000000,1.000000,1.000000,0.000000,1.000840,0.750000,0.750000,1.000000,0.000100000,0.000001113,0.066000,0.000000,0.000000,0.000000,0.000000,0.000000,0.750000,0.000000
99.500000,1.000000,543.000000,0.000000,0.000000,293.000000,1.000000,1.000000,0.000000,1.000917,0.750000,0.750000,1.000000,0.000100000,0.000001113,0.066000,0.000000,0.000000,0.000000,0.000000,0.000000,0.750000,0.000000
99.599999,1.000000,543.000000,0.000000,0.000000,293.000000,1.000000,1.000000,0.000000,1.000840,0.750000,0.750000,1.000000,0.000100000,0.000001113,0.066000,0.000000,0.000000,0.000000,0.000000,0.000000,0.750000,0.000000
99.699997,1.000000,543.000000,0.000000,0.000000,293.000000,1.000000,1.000000,0.000000,1.000841,0.750000,0.750000,1.000000,0.000100000,0.000001113,0.066000,0.000000,0.000000,0.000000,0.000000,0.000000,0.750000,0.000000
99.799995,1.000000,543.000000,0.000000,0.000000,293.000000,1.000000,1.000000,0.000000,1.000841,0.750000,0.750000,1.000000,0.000100000,0.000001113,0.066000,0.000000,0.000000,0.000000,0.000000,0.000000,0.750000,0.000000
99.899994,1.000000,543.000000,0.000000,0.000000,293.000000,1.000000,1.000000,0.000000,1.000840,0.750000,0.750000,1.000000,0.000100000,0.000001113,0.066000,0.000000,0.000000,0.000000,0.000000,0.000000,0.750000,0.000000
100.000000,1.000000,543.000000,0.000000,0.000000,293.000000,1.000000,1.000000,0.000000,1.000923,0.750000,0.750000,1.000000,0.000100000,0.000001113,0.066000,0.000000,0.000000,0.000000,0.000000,0.000000,0.750000,0.000000
100.099998,1.000000,543.000000,0.000000,0.000000,293.000000,1.000000,1.000000,0.000000,1.000843,0.750000,0.750000,1.000000,0.000100000,0.000001113,0.066000,0.000000,0.000000,0.000000,0.000000,0.000000,0.750000,0.000000
100.199997,1.000000,543.000000,0.000000,0.000000,293.000000,1.000000,1.000000,0.000000,1.000841,0.750000,0.750000,1.000000,0.000100000,0.000001113,0.066000,0.000000,0.000000,0.000000,0.000000,0.000000,0.750000,0.000000
100.299995,1.000000,543.000000,0.000000,0.000000,293.000000,1.000000,1.000000,0.000000,1.000841,0.750000,0.750000,1.000000,0.000100000,0.000001113,0.066000,0.000000,0.000000,0.000000,0.000000,0.000000,0.750000,0.000000
100.399994,1.000000,543.000000,0.000000,0.000000,293.000000,1.000000,1.000000,0.000000,1.000840,0.750000,0.750000,1.000000,0.000100000,0.000001113,0.066000,0.000000,0.000000,0.000000,0.000000,0.000000,0.750000,0.000000
100.500000,1.000000,543.000000,0.000000,0.000000,293.000000,1.000000,1.000000,0.000000,1.000917,0.750000,0.750000,1.000000,0.000100000,0.000001113,0.066000,0.000000,0.000000,0.000000,0.000000,0.000000,0.750000,0.000000
100.599999,1.000000,543.000000,0.000000,0.000000,293.000000,1.000000,1.000000,0.000000,1.000841,0.750000,0.750000,1.000000,0.000100000,0.000001113,0.066000,0.000000,0.000000,0.000000,0.000000,0.000000,0.750000,0.000000
100.699997,1.000000,543.000000,0.000000,0.000000,293.000000,1.000000,1.000000,0.000000,1.000840,0.750000,0.750000,1.000000,0.000100000,0.000001113,0.066000,0.000000,0.000000,0.000000,0.000000,0.000000,0.750000,0.000000
100.799995,1.000000,543.000000,0.000000,0.000000,293.000000,1.000000,1.000000,0.000000,1.000838,0.750000,0.750000,1.000000,0.000100000,0.000001113,0.066000,0.000000,0.000000,0.000000,0.000000,0.000000,0.750000,0.000000
100.899994,1.000000,543.000000,0.000000,0.000000,293.000000,1.000000,1.000000,0.000000,1.000841,0.750000,0.750000,1.000000,0.000100000,0.000001113,0.066000,0.000000,0.000000,0.000000,0.000000,0.000000,0.750000,0.000000
101.000000,1.000000,543.000000,0.000000,0.000000,293.000000,1.000000,1.000000,0.000000,1.000917,0.750000,0.750000,1.000000,0.000100000,0.000001113,0.066000,0.000000,0.000000,0.000000,0.000000,0.000000,0.750000,0.000000
101.099998,1.000000,543.000000,0.000000,0.000000,293.000000,1.000000,1.000000,0.000000,1.000841,0.750000,0.750000,1.000000,0.000100000,0.000001113,0.066000,0.000000,0.000000,0.000000,0.000000,0.000000,0.750000,0.000000
101.199997,1.000000,543.000000,0.000000,0.000000,293.000000,1.000000,1.000000,0.000000,1.000841,0.750000,0.750000,1.000000,0.000100000,0.000001113,0.066000,0.000000,0.000000,0.000000,0.000000,0.000000,0.750000,0.000000
101.299995,1.000000,543.000000,0.000000,0.000000,293.000000,1.000000,1.000000,0.000000,1.000841,0.750000,0.750000,1.000000,0.000100000,0.000001113,0.066000,0.000000,0.000000,0.000000,0.000000,0.000000,0.750000,0.000000
101.399994,1.000000,543.000000,0.000000,0.000000,293.000000,1.000000,1.000000,0.000000,1.000841,0.750000,0.750000,1.000000,0.000100000,0.000001113,0.066000,0.000000,0.000000,0.000000,0.000000,0.000000,0.750000,0.000000
101.500000,1.000000,543.000000,0.000000,0.000000,293.000000,1.000000,1.000000,0.000000,1.000917,0.750000,0.750000,1.000000,0.000100000,0.000001113,0.066000,0.000000,0.000000,0.000000,0.000000,0.000000,0.750000,0.000000
101.599999,1.000000,543.000000,0.000000,0.000000,293.000000,1.000000,1.000000,0.000000,1.000841,0.750000,0.750000,1.000000,0.000100000,0.000001113,0.066000,0.000000,0.000000,0.000000,0.000000,0.000000,0.750000,0.000000
101.699997,1.000000,543.000000,0.000000,0.000000,293.000000,1.000000,1.000000,0.000000,1.000837,0.750000,0.750000,1.000000,0.000100000,0.000001113,0.066000,0.000000,0.000000,0.000000,0.000000,0.000000,0.750000,0.000000
101.799995,1.000000,543.000000,0.000000,0.000000,293.000000,1.000000,1.000000,0.000000,1.000840,0.750000,0.750000,1.000000,0.000100000,0.000001113,0.066000,0.000000,0.000000,0.000000,0.000000,0.000000,0.750000,0.000000
101.899994,1.000000,543.000000,0.000000,0.000000,293.000000,1.000000,1.000000,0.000000,1.000842,0.750000,0.750000,1.000000,0.000100000,0.000001113,0.066000,0.000000,0.000000,0.000000,0.000000,0.000000,0.750000,0.000000
102.000000,1.000000,543.000000,0.000000,0.000000,293.000000,1.000000,1.000000,0.000000,1.000917,0.750000,0.750000,1.000000,0.000100000,0.000001113,0.066000,0.000000,0.000000,0.000000,0.000000,0.000000,0.750000,0.000000
102.099998,1.000000,543.000000,0.000000,0.000000,293.000000,1.000000,1.000000,0.000000,1.000841,0.750000,0.750000,1.000000,0.000100000,0.000001113,0.066000,0.000000,0.000000,0.000000,0.000000,0.000000,0.750000,0.000000
102.199997,1.000000,543.000000,0.000000,0.000000,293.000000,1.000000,1.000000,0.000000,1.000841,0.750000,0.750000,1.000000,0.000100000,0.000001113,0.066000,0.000000,0.000000,0.000000,0.000000,0.000000,0.750000,0.000000
102.299995,1.000000,543.000000,0.000000,0.000000,293.000000,1.000000,1.000000,0.000000,1.000841,0.750000,0.750000,1.000000,0.000100000,0.000001113,0.066000,0.000000,0.000000,0.000000,0.000000,0.000000,0.750000,0.000000
102.399994,1.000000,543.000000,0.000000,0.000000,293.000000,1.000000,1.000000,0.000000,1.000840,0.750000,0.750000,1.000000,0.000100000,0.000001113,0.066000,0.000000,0.000000,0.000000,0.000000,0.000000,0.750000,0.000000
102.500000,1.000000,543.000000,0.000000,0.000000,293.000000,1.000000,1.000000,0.000000,1.000918,0.750000,0.750000,1.000000,0.000100000,0.000001113,0.066000,0.000000,0.000000,0.000000,0.000000,0.000000,0.750000,0.000000
102.599999,1.000000,543.000000,0.000000,0.000000,293.000000,1.000000,1.000000,0.000000,1.000837,0.750000,0.750000,1.000000,0.000100000,0.000001113,0.066000,0.000000,0.000000,0.000000,0.000000,0.000000,0.750000,0.000000
102.699997,1.000000,543.000000,0.000000,0.000000,293.000000,1.000000,1.000000,0.000000,1.000840,0.750000,0.750000,1.000000,0.000100000,0.000001113,0.066000,0.000000,0.000000,0.000000,0.000000,0.000000,0.750000,0.000000
102.799995,1.000000,543.000000,0.000000,0.000000,293.000000,1.000000,1.000000,0.000000,1.000841,0.750000,0.750000,1.000000,0.000100000,0.000001113,0.066000,0.000000,0.000000,0.000000,0.000000,0.000000,0.750000,0.000000
102.899994,1.000000,543.000000,0.000000,0.000000,293.000000,1.000000,1.000000,0.000000,1.000840,0.750000,0.750000,1.000000,0.000100000,0.000001113,0.066000,0.000000,0.000000,0.000000,0.000000,0.000000,0.750000,0.000000
103.000000,1.000000,543.000000,0.000000,0.000000,293.000000,1.000000,1.000000,0.000000,1.000918,0.750000,0.750000,1.000000,0.000100000,0.000001113,0.066000,0.000000,0.000000,0.000000,0.000000,0.000000,0.750000,0.000000
103.099998,1.000000,543.000000,0.000000,0.000000,293.000000,1.000000,1.000000,0.000000,1.000840,0.750000,0.750000,1.000000,0.000100000,0.000001113,0.066000,0.000000,0.000000,0.000000,0.000000,0.000000,0.750000,0.000000
103.199997,1.000000,543.000000,0.000000,0.000000,293.000000,1.000000,1.000000,0.000000,1.000841,0.750000,0.750000,1.000000,0.000100000,0.000001113,0.066000,0.000000,0.000000,0.000000,0.000000,0.000000,0.750000,0.000000
103.299995,1.000000,543.000000,0.000000,0.000000,293.000000,1.000000,1.000000,0.000000,1.000840,0.750000,0.750000,1.000000,0.000100000,0.000001113,0.066000,0.000000,0.000000,0.000000,0.000000,0.000000,0.750000,0.000000
103.399994,1.000000,543.000000,0.000000,0.000000,293.000000,1.000000,1.000000,0.000000,1.000841,0.750000,0.750000,1.000000,0.000100000,0.000001113,0.066000,0.000000,0.000000,0.000000,0.000000,0.000000,0.750000,0.000000
103.500000,1.000000,543.000000,0.000000,0.000000,293.000000,1.000000,1.000000,0.000000,1.000914,0.750000,0.750000,1.000000,0.000100000,0.000001113,0.066000,0.000000,0.000000,0.000000,0.000000,0.000000,0.750000,0.000000
103.599999,1.000000,543.000000,0.000000,0.000000,293.000000,1.000000,1.000000,0.000000,1.000841,0.750000,0.750000,1.000000,0.000100000,0.000001113,0.066000,0.000000,0.000000,0.000000,0.000000,0.000000,0.750000,0.000000
103.699997,1.000000,543.000000,0.000000,0.000000,293.000000,1.000000,1.000000,0.000000,1.000840,0.750000,0.750000,1.000000,0.000100000,0.000001113,0.066000,0.000000,0.000000,0.000000,0.000000,0.000000,0.750000,0.000000
103.799995,1.000000,543.000000,0.000000,0.000000,293.000000,1.000000,1.000000,0.000000,1.000841,0.750000,0.750000,1.000000,0.000100000,0.000001113,0.066000,0.000000,0.000000,0.000000,0.000000,0.000000,0.750000,0.000000
103.899994,1.000000,543.000000,0.000000,0.000000,293.000000,1.000000,1.000000,0.000000,1.000840,0.750000,0.750000,1.000000,0.000100000,0.000001113,0.066000,0.000000,0.000000,0.000000,0.000000,0.000000,0.750000,0.000000
104.000000,1.000000,543.000000,0.000000,0.000000,293.000000,1.000000,1.000000,0.000000,1.000917,0.750000,0.750000,1.000000,0.000100000,0.000001113,0.066000,0.000000,0.000000,0.000000,0.000000,0.000000,0.750000,0.000000
104.099998,1.000000,543.000000,0.000000,0.000000,293.000000,1.000000,1.000000,0.000000,1.000841,0.750000,0.750000,1.000000,0.000100000,0.000001113,0.066000,0.000000,0.000000,0.000000,0.000000,0.000000,0.750000,0.000000
104.199997,1.000000,543.000000,0.000000,0.000000,293.000000,1.000000,1.000000,0.000000,1.000841,0.750000,0.750000,1.000000,0.000100000,0.000001113,0.066000,0.000000,0.000000,0.000000,0.000000,0.000000,0.750000,0.000000
104.299995,1.000000,543.000000,0.000000,0.000000,293.000000,1.000000,1.000000,0.000000,1.000841,0.750000,0.750000,1.000000,0.000100000,0.000001113,0.066000,0.000000,0.000000,0.000000,0.000000,0.000000,0.750000,0.000000
104.399994,1.000000,543.000000,0.000000,0.000000,293.000000,1.000000,1.000000,0.000000,1.000837,0.750000,0.750000,1.000000,0.000100000,0.000001113,0.066000,0.000000,0.000000,0.000000,0.000000,0.000000,0.750000,0.000000
104.500000,1.000000,543.000000,0.000000,0.000000,293.000000,1.000000,1.000000,0.000000,1.000917,0.750000,0.750000,1.000000,0.000100000,0.000001113,0.066000,0.000000,0.000000,0.000000,0.000000,0.000000,0.750000,0.000000
104.599999,1.000000,543.000000,0.000000,0.000000,293.000000,1.000000,1.000000,0.000000,1.000841,0.750000,0.750000,1.000000,0.000100000,0.000001113,0.066000,0.000000,0.000000,0.000000,0.000000,0.000000,0.750000,0.000000
104.699997,1.000000,543.000000,0.000000,0.000000,293.000000,1.000000,1.000000,0.000000,1.000840,0.750000,0.750000,1.000000,0.000100000,0.000001113,0.066000,0.000000,0.000000,0.000000,0.000000,0.000000,0.750000,0.000000
104.799995,1.000000,543.000000,0.000000,0.000000,293.000000,1.000000,1.000000,0.000000,1.000841,0.750000,0.750000,1.000000,0.000100000,0.000001113,0.066000,0.000000,0.000000,0.000000,0.000000,0.000000,0.750000,0.000000
104.899994,1.000000,543.000000,0.000000,0.000000,293.000000,1.000000,1.000000,0.000000,1.000841,0.750000,0.750000,1.000000,0.000100000,0.000001113,0.066000,0.000000,0.000000,0.000000,0.000000,0.000000,0.750000,0.000000
105.000000,1.000000,543.000000,0.000000,0.000000,293.000000,1.000000,1.000000,0.000000,1.000917,0.750000,0.750000,1.000000,0.000100000,0.000001113,0.066000,0.000000,0.000000,0.000000,0.000000,0.000000,0.750000,0.000000
105.099998,1.000000,543.000000,0.000000,0.000000,293.000000,1.000000,1.000000,0.000000,1.000840,0.750000,0.750000,1.000000,0.000100000,0.000001113,0.066000,0.000000,0.000000,0.000000,0.000000,0.000000,0.750000,0.000000
105.199997,1.000000,543.000000,0.000000,0.000000,293.000000,1.000000,1.000000,0.000000,1.000841,0.750000,0.750000,1.000000,0.000100000,0.000001113,0.066000,0.000000,0.000000,0.000000,0.000000,0.000000,0.750000,0.000000
105.299995,1.000000,543.000000,0.000000,0.000000,293.000000,1.000000,1.000000,0.000000,1.000838,0.750000,0.750000,1.000000,0.000100000,0.000001113,0.066000,0.000000,0.000000,0.000000,0.000000,0.000000,0.750000,0.000000
105.399994,1.000000,543.000000,0.000000,0.000000,293.000000,1.000000,1.000000,0.000000,1.000841,0.750000,0.750000,1.000000,0.000100000,0.000001113,0.066000,0.000000,0.000000,0.000000,0.000000,0.000000,0.750000,0.000000
105.500000,1.000000,543.000000,0.000000,0.000000,293.000000,1.000000,1.000000,0.000000,1.000917,0.750000,0.750000,1.000000,0.000100000,0.000001113,0.066000,0.000000,0.000000,0.000000,0.000000,0.000000,0.750000,0.000000
105.599999,1.000000,543.000000,0.000000,0.000000,293.000000,1.000000,1.000000,0.000000,1.000841,0.750000,0.750000,1.000000,0.000100000,0.000001113,0.066000,0.000000,0.000000,0.000000,0.000000,0.000000,0.750000,0.000000
105.699997,1.000000,543.000000,0.000000,0.000000,293.000000,1.000000,1.000000,0.000000,1.000841,0.750000,0.750000,1.000000,0.000100000,0.000001113,0.066000,0.000000,0.000000,0.000000,0.000000,0.000000,0.750000,0.000000
105.799995,1.000000,543.000000,0.000000,0.000000,293.000000,1.000000,1.000000,0.000000,1.000841,0.750000,0.750000,1.000000,0.000100000,0.000001113,0.066000,0.000000,0.000000,0.000000,0.000000,0.000000,0.750000,0.000000
105.899994,1.000000,543.000000,0.000000,0.000000,293.000000,1.000000,1.000000,0.000000,1.000840,0.750000,0.750000,1.000000,0.000100000,0.000001113,0.066000,0.000000,0.000000,0.000000,0.000000,0.000000,0.750000,0.000000
106.000000,1.000000,543.000000,0.000000,0.000000,293.000000,1.000000,1.000000,0.000000,1.000917,0.750000,0.750000,1.000000,0.000100000,0.000001113,0.066000,0.000000,0.000000,0.000000,0.000000,0.000000,0.750000,0.000000
106.099998,1.000000,543.000000,0.000000,0.000000,293.000000,1.000000,1.000000,0.000000,1.000841,0.750000,0.750000,1.000000,0.000100000,0.000001113,0.066000,0.000000,0.000000,0.000000,0.000000,0.000000,0.750000,0.000000
106.199997,1.000000,543.000000,0.000000,0.000000,293.000000,1.000000,1.000000,0.000000,1.000837,0.750000,0.750000,1.000000,0.000100000,0.000001113,0.066000,0.000000,0.000000,0.000000,0.000000,0.000000,0.750000,0.000000
106.299995,1.000000,543.000000,0.000000,0.000000,293.000000,1.000000,1.000000,0.000000,1.000840,0.750000,0.750000,1.000000,0.000100000,0.000001113,0.066000,0.000000,0.000000,0.000000,0.000000,0.000000,0.750000,0.000000
106.399994,1.000000,543.000000,0.000000,0.000000,293.000000,1.000000,1.000000,0.000000,1.000841,0.750000,0.750000,1.000000,0.000100000,0.000001113,0.066000,0.000000,0.000000,0.000000,0.000000,0.000000,0.750000,0.000000
106.500000,1.000000,543.000000,0.000000,0.000000,293.000000,1.000000,1.000000,0.000000,1.000917,0.750000,0.750000,1.000000,0.000100000,0.000001113,0.066000,0.000000,0.000000,0.000000,0.000000,0.000000,0.750000,0.000000
106.599999,1.000000,543.000000,0.000000,0.000000,293.000000,1.000000,1.000000,0.000000,1.000841,0.750000,0.750000,1.000000,0.000100000,0.000001113,0.066000,0.000000,0.000000,0.000000,0.000000,0.000000,0.750000,0.000000
106.699997,1.000000,543.000000,0.000000,0.000000,293.000000,1.000000,1.000000,0.000000,1.000841,0.750000,0.750000,1.000000,0.000100000,0.000001113,0.066000,0.000000,0.000000,0.000000,0.000000,0.000000,0.750000,0.000000
106.799995,1.000000,543.000000,0.000000,0.000000,293.000000,1.000000,1.000000,0.000000,1.000840,0.750000,0.750000,1.000000,0.000100000,0.000001113,0.066000,0.000000,0.000000,0.000000,0.000000,0.000000,0.750000,0.000000
106.899994,1.000000,543.000000,0.000000,0.000000,293.000000,1.000000,1.000000,0.000000,1.000840,0.750000,0.750000,1.000000,0.000100000,0.000001113,0.066000,0.000000,0.000000,0.000000,0.000000,0.000000,0.750000,0.000000
107.000000,1.000000,543.000000,0.000000,0.000000,293.000000,1.000000,1.000000,0.000000,1.000917,0.750000,0.750000,1.000000,0.000100000,0.000001113,0.066000,0.000000,0.000000,0.000000,0.000000,0.000000,0.750000,0.000000
107.099998,1.000000,543.000000,0.000000,0.000000,293.000000,1.000000,1.000000,0.000000,1.000837,0.750000,0.750000,1.000000,0.000100000,0.000001113,0.066000,0.000000,0.000000,0.000000,0.000000,0.000000,0.750000,0.000000
107.199997,1.000000,543.000000,0.000000,0.000000,293.000000,1.000000,1.000000,0.000000,1.000840,0.750000,0.750000,1.000000,0.000100000,0.000001113,0.066000,0.000000,0.000000,0.000000,0.000000,0.000000,0.750000,0.000000
107.299995,1.000000,543.000000,0.000000,0.000000,293.000000,1.000000,1.000000,0.000000,1.000841,0.750000,0.750000,1.000000,0.000100000,0.000001113,0.066000,0.000000,0.000000,0.000000,0.000000,0.000000,0.750000,0.000000
107.399994,1.000000,543.000000,0.000000,0.000000,293.000000,1.000000,1.000000,0.000000,1.000840,0.750000,0.750000,1.000000,0.000100000,0.000001113,0.066000,0.000000,0.000000,0.000000,0.000000,0.000000,0.750000,0.000000
107.500000,1.000000,543.000000,0.000000,0.000000,293.000000,1.000000,1.000000,0.000000,1.000918,0.750000,0.750000,1.000000,0.000100000,0.000001113,0.066000,0.000000,0.000000,0.000000,0.000000,0.000000,0.750000,0.000000
107.599999,1.000000,543.000000,0.000000,0.000000,293.000000,1.000000,1.000000,0.000000,1.000841,0.750000,0.750000,1.000000,0.000100000,0.000001113,0.066000,0.000000,0.000000,0.000000,0.000000,0.000000,0.750000,0.000000
107.699997,1.000000,543.000000,0.000000,0.000000,293.000000,1.000000,1.000000,0.000000,1.000840,0.750000,0.750000,1.000000,0.000100000,0.000001113,0.066000,0.000000,0.000000,0.000000,0.000000,0.000000,0.750000,0.000000
107.799995,1.000000,543.000000,0.000000,0.000000,293.000000,1.000000,1.000000,0.000000,1.000841,0.750000,0.750000,1.000000,0.000100000,0.000001113,0.066000,0.000000,0.000000,0.000000,0.000000,0.000000,0.750000,0.000000
107.899994,1.000000,543.000000,0.000000,0.000000,293.000000,1.000000,1.000000,0.000000,1.000841,0.750000,0.750000,1.000000,0.000100000,0.000001113,0.066000,0.000000,0.000000,0.000000,0.000000,0.000000,0.750000,0.000000
108.000000,1.000000,543.000000,0.000000,0.000000,293.000000,1.000000,1.000000,0.000000,1.000914,0.750000,0.750000,1.000000,0.000100000,0.000001113,0.066000,0.000000,0.000000,0.000000,0.000000,0.000000,0.750000,0.000000
108.099998,1.000000,543.000000,0.000000,0.000000,293.000000,1.000000,1.000000,0.000000,1.000841,0.750000,0.750000,1.000000,0.000100000,0.000001113,0.066000,0.000000,0.000000,0.000000,0.000000,0.000000,0.750000,0.000000
108.199997,1.000000,543.000000,0.000000,0.000000,293.000000,1.000000,1.000000,0.000000,1.000841,0.750000,0.750000,1.000000,0.000100000,0.000001113,0.066000,0.000000,0.000000,0.000000,0.000000,0.000000,0.750000,0.000000
108.299995,1.000000,543.000000,0.000000,0.000000,293.000000,1.000000,1.000000,0.000000,1.000840,0.750000,0.750000,1.000000,0.000100000,0.000001113,0.066000,0.000000,0.000000,0.000000,0.000000,0.000000,0.750000,0.000000
108.399994,1.000000,543.000000,0.000000,0.000000,293.000000,1.000000,1.000000,0.000000,1.000841,0.750000,0.750000,1.000000,0.000100000,0.000001113,0.066000,0.000000,0.000000,0.000000,0.000000,0.000000,0.750000,0.000000
108.500000,1.000000,543.000000,0.000000,0.000000,293.000000,1.000000,1.000000,0.000000,1.000917,0.750000,0.750000,1.000000,0.000100000,0.000001113,0.066000,0.000000,0.000000,0.000000,0.000000,0.000000,0.750000,0.000000
108.599999,1.000000,543.000000,0.000000,0.000000,293.000000,1.000000,1.000000,0.000000,1.000840,0.750000,0.750000,1.000000,0.000100000,0.000001113,0.066000,0.000000,0.000000,0.000000,0.000000,0.000000,0.750000,0.000000
108.699997,1.000000,543.000000,0.000000,0.000000,293.000000,1.000000,1.000000,0.000000,1.000841,0.750000,0.750000,1.000000,0.000100000,0.000001113,0.066000,0.000000,0.000000,0.000000,0.000000,0.000000,0.750000,0.000000
108.799995,1.000000,543.000000,0.000000,0.000000,293.000000,1.000000,1.000000,0.000000,1.000841,0.750000,0.750000,1.000000,0.000100000,0.000001113,0.066000,0.000000,0.000000,0.000000,0.000000,0.000000,0.750000,0.000000
108.899994,1.000000,543.000000,0.000000,0.000000,293.000000,1.000000,1.000000,0.000000,1.000846,0.750000,0.750000,1.000000,0.000100000,0.000001113,0.066000,0.000000,0.000000,0.000000,0.000000,0.000000,0.750000,0.000000
109.000000,1.000000,543.000000,0.000000,0.000000,293.000000,1.000000,1.000000,0.000000,1.000918,0.750000,0.750000,1.000000,0.000100000,0.000001113,0.066000,0.000000,0.000000,0.000000,0.000000,0.000000,0.750000,0.000000
109.099998,1.000000,543.000000,0.000000,0.000000,293.000000,1.000000,1.000000,0.000000,1.000841,0.750000,0.750000,1.000000,0.000100000,0.000001113,0.066000,0.000000,0.000000,0.000000,0.000000,0.000000,0.750000,0.000000
109.199997,1.000000,543.000000,0.000000,0.000000,293.000000,1.000000,1.000000,0.000000,1.000840,0.750000,0.750000,1.000000,0.000100000,0.000001113,0.066000,0.000000,0.000000,0.000000,0.000000,0.000000,0.750000,0.000000
109.299995,1.000000,543.000000,0.000000,0.000000,293.000000,1.000000,1.000000,0.000000,1.000841,0.750000,0.750000,1.000000,0.000100000,0.000001113,0.066000,0.000000,0.000000,0.000000,0.000000,0.000000,0.750000,0.000000
109.399994,1.000000,543.000000,0.000000,0.000000,293.000000,1.000000,1.000000,0.000000,1.000840,0.750000,0.750000,1.000000,0.000100000,0.000001113,0.066000,0.000000,0.000000,0.000000,0.000000,0.000000,0.750000,0.000000
109.500000,1.000000,543.000000,0.000000,0.000000,293.000000,1.000000,1.000000,0.000000,1.000917,0.750000,0.750000,1.000000,0.000100000,0.000001113,0.066000,0.000000,0.000000,0.000000,0.000000,0.000000,0.750000,0.000000
109.599999,1.000000,543.000000,0.000000,0.000000,293.000000,1.000000,1.000000,0.000000,1.000840,0.750000,0.750000,1.000000,0.000100000,0.000001113,0.066000,0.000000,0.000000,0.000000,0.000000,0.000000,0.750000,0.000000
109.699997,1.000000,543.000000,0.000000,0.000000,293.000000,1.000000,1.000000,0.000000,1.000838,0.750000,0.750000,1.000000,0.000100000,0.000001113,0.066000,0.000000,0.000000,0.000000,0.000000,0.000000,0.750000,0.000000
109.799995,1.000000,543.000000,0.000000,0.000000,293.000000,1.000000,1.000000,0.000000,1.000840,0.750000,0.750000,1.000000,0.000100000,0.000001113,0.066000,0.000000,0.000000,0.000000,0.000000,0.000000,0.750000,0.000000
109.899994,1.000000,543.000000,0.000000,0.000000,293.000000,1.000000,1.000000,0.000000,1.000841,0.750000,0.750000,1.000000,0.000100000,0.000001113,0.066000,0.000000,0.000000,0.000000,0.000000,0.000000,0.750000,0.000000
110.000000,1.000000,543.000000,0.000000,0.000000,293.000000,1.000000,1.000000,0.000000,1.000918,0.750000,0.750000,1.000000,0.000100000,0.000001113,0.066000,0.000000,0.000000,0.000000,0.000000,0.000000,0.750000,0.000000
110.099998,1.000000,543.000000,0.000000,0.000000,293.000000,1.000000,1.000000,0.000000,1.000840,0.750000,0.750000,1.000000,0.000100000,0.000001113,0.066000,0.000000,0.000000,0.000000,0.000000,0.000000,0.750000,0.000000
110.199997,1.000000,543.000000,0.000000,0.000000,293.000000,1.000000,1.000000,0.000000,1.000841,0.750000,0.750000,1.000000,0.000100000,0.000001113,0.066000,0.000000,0.000000,0.000000,0.000000,0.000000,0.750000,0.000000
110.299995,1.000000,543.000000,0.000000,0.000000,293.000000,1.000000,1.000000,0.000000,1.000841,0.750000,0.750000,1.000000,0.000100000,0.000001113,0.066000,0.000000,0.000000,0.000000,0.000000,0.000000,0.750000,0.000000
110.399994,1.000000,543.000000,0.000000,0.000000,293.000000,1.000000,1.000000,0.000000,1.000840,0.750000,0.750000,1.000000,0.000100000,0.000001113,0.066000,0.000000,0.000000,0.000000,0.000000,0.000000,0.750000,0.000000
110.500000,1.000000,543.000000,0.000000,0.000000,293.000000,1.000000,1.000000,0.000000,1.000917,0.750000,0.750000,1.000000,0.000100000,0.000001113,0.066000,0.000000,0.000000,0.000000,0.000000,0.000000,0.750000,0.000000
110.599999,1.000000,543.000000,0.000000,0.000000,293.000000,1.000000,1.000000,0.000000,1.000838,0.750000,0.750000,1.000000,0.000100000,0.000001113,0.066000,0.000000,0.000000,0.000000,0.000000,0.000000,0.750000,0.000000
110.699997,1.000000,543.000000,0.000000,0.000000,293.000000,1.000000,1.000000,0.000000,1.000840,0.750000,0.750000,1.000000,0.000100000,0.000001113,0.066000,0.000000,0.000000,0.000000,0.000000,0.000000,0.750000,0.000000
110.799995,1.000000,543.000000,0.000000,0.000000,293.000000,1.000000,1.000000,0.000000,1.000841,0.750000,0.750000,1.000000,0.000100000,0.000001113,0.066000,0.000000,0.000000,0.000000,0.000000,0.000000,0.750000,0.000000
110.899994,1.000000,543.000000,0.000000,0.000000,293.000000,1.000000,1.000000,0.000000,1.000840,0.750000,0.750000,1.000000,0.000100000,0.000001113,0.066000,0.000000,0.000000,0.000000,0.000000,0.000000,0.750000,0.000000
111.000000,1.000000,543.000000,0.000000,0.000000,293.000000,1.000000,1.000000,0.000000,1.000918,0.750000,0.750000,1.000000,0.000100000,0.000001113,0.066000,0.000000,0.000000,0.000000,0.000000,0.000000,0.750000,0.000000
111.099998,1.000000,543.000000,0.000000,0.000000,293.000000,1.000000,1.000000,0.000000,1.000840,0.750000,0.750000,1.000000,0.000100000,0.000001113,0.066000,0.000000,0.000000,0.000000,0.000000,0.000000,0.750000,0.000000
111.199997,1.000000,543.000000,0.000000,0.000000,293.000000,1.000000,1.000000,0.000000,1.000840,0.750000,0.750000,1.000000,0.000100000,0.000001113,0.066000,0.000000,0.000000,0.000000,0.000000,0.000000,0.750000,0.000000
111.299995,1.000000,543.000000,0.000000,0.000000,293.000000,1.000000,1.000000,0.000000,1.000841,0.750000,0.750000,1.000000,0.000100000,0.000001113,0.066000,0.000000,0.000000,0.000000,0.000000,0.000000,0.750000,0.000000
111.399994,1.000000,543.000000,0.000000,0.000000,293.000000,1.000000,1.000000,0.000000,1.000841,0.750000,0.750000,1.000000,0.000100000,0.000001113,0.066000,0.000000,0.000000,0.000000,0.000000,0.000000,0.750000,0.000000
111.500000,1.000000,543.000000,0.000000,0.000000,293.000000,1.000000,1.000000,0.000000,1.000914,0.750000,0.750000,1.000000,0.000100000,0.000001113,0.066000,0.000000,0.000000,0.000000,0.000000,0.000000,0.750000,0.000000
111.599999,1.000000,543.000000,0.000000,0.000000,293.000000,1.000000,1.000000,0.000000,1.000841,0.750000,0.750000,1.000000,0.000100000,0.000001113,0.066000,0.000000,0.000000,0.000000,0.000000,0.000000,0.750000,0.000000
111.699997,1.000000,543.000000,0.000000,0.000000,293.000000,1.000000,1.000000,0.000000,1.000841,0.750000,0.750000,1.000000,0.000100000,0.000001113,0.066000,0.000000,0.000000,0.000000,0.000000,0.000000,0.750000,0.000000
111.799995,1.000000,543.000000,0.000000,0.000000,293.000000,1.000000,1.000000,0.000000,1.000840,0.750000,0.750000,1.000000,0.000100000,0.000001113,0.066000,0.000000,0.000000,0.000000,0.000000,0.000000,0.750000,0.000000
111.899994,1.000000,543.000000,0.000000,0.000000,293.000000,1.000000,1.000000,0.000000,1.000841,0.750000,0.750000,1.000000,0.000100000,0.000001113,0.066000,0.000000,0.000000,0.000000,0.000000,0.000000,0.750000,0.000000
112.000000,1.000000,543.000000,0.000000,0.000000,293.000000,1.000000,1.000000,0.000000,1.000918,0.750000,0.750000,1.000000,0.000100000,0.000001113,0.066000,0.000000,0.000000,0.000000,0.000000,0.000000,0.750000,0.000000
112.099998,1.000000,543.000000,0.000000,0.000000,293.000000,1.000000,1.000000,0.000000,1.000840,0.750000,0.750000,1.000000,0.000100000,0.000001113,0.066000,0.000000,0.000000,0.000000,0.000000,0.000000,0.750000,0.000000
112.199997,1.000000,543.000000,0.000000,0.000000,293.000000,1.000000,1.000000,0.000000,1.000840,0.750000,0.750000,1.000000,0.000100000,0.000001113,0.066000,0.000000,0.000000,0.000000,0.000000,0.000000,0.750000,0.000000
112.299995,1.000000,543.000000,0.000000,0.000000,293.000000,1.000000,1.000000,0.000000,1.000842,0.750000,0.750000,1.000000,0.000100000,0.000001113,0.066000,0.000000,0.000000,0.000000,0.000000,0.000000,0.750000,0.000000
112.399994,1.000000,543.000000,0.000000,0.000000,293.000000,1.000000,1.000000,0.000000,1.000837,0.750000,0.750000,1.000000,0.000100000,0.000001113,0.066000,0.000000,0.000000,0.000000,0.000000,0.000000,0.750000,0.000000
112.500000,1.000000,543.000000,0.000000,0.000000,293.000000,1.000000,1.000000,0.000000,1.000917,0.750000,0.750000,1.000000,0.000100000,0.000001113,0.066000,0.000000,0.000000,0.000000,0.000000,0.000000,0.750000,0.000000
112.599999,1.000000,543.000000,0.000000,0.000000,293.000000,1.000000,1.000000,0.000000,1.000841,0.750000,0.750000,1.000000,0.000100000,0.000001113,0.066000,0.000000,0.000000,0.000000,0.000000,0.000000,0.750000,0.000000
112.699997,1.000000,543.000000,0.000000,0.000000,293.000000,1.000000,1.000000,0.000000,1.000840,0.750000,0.750000,1.000000,0.000100000,0.000001113,0.066000,0.000000,0.000000,0.000000,0.000000,0.000000,0.750000,0.000000
112.799995,1.000000,543.000000,0.000000,0.000000,293.000000,1.000000,1.000000,0.000000,1.000841,0.750000,0.750000,1.000000,0.000100000,0.000001113,0.066000,0.000000,0.000000,0.000000,0.000000,0.000000,0.750000,0.000000
112.899994,1.000000,543.000000,0.000000,0.000000,293.000000,1.000000,1.000000,0.000000,1.000840,0.750000,0.750000,1.000000,0.000100000,0.000001113,0.066000,0.000000,0.000000,0.000000,0.000000,0.000000,0.750000,0.000000
113.000000,1.000000,543.000000,0.000000,0.000000,293.000000,1.000000,1.000000,0.000000,1.000917,0.750000,0.750000,1.000000,0.000100000,0.000001113,0.066000,0.000000,0.000000,0.000000,0.000000,0.000000,0.750000,0.000000
113.099998,1.000000,543.000000,0.000000,0.000000,293.000000,1.000000,1.000000,0.000000,1.000841,0.750000,0.750000,1.000000,0.000100000,0.000001113,0.066000,0.000000,0.000000,0.000000,0.000000,0.000000,0.750000,0.000000
113.199997,1.000000,543.000000,0.000000,0.000000,293.000000,1.000000,1.000000,0.000000,1.000841,0.750000,0.750000,1.000000,0.000100000,0.000001113,0.066000,0.000000,0.000000,0.000000,0.000000,0.000000,0.750000,0.000000
113.299995,1.000000,543.000000,0.000000,0.000000,293.000000,1.000000,1.000000,0.000000,1.000838,0.750000,0.750000,1.000000,0.000100000,0.000001113,0.066000,0.000000,0.000000,0.000000,0.000000,0.000000,0.750000,0.000000
113.399994,1.000000,543.000000,0.000000,0.000000,293.000000,1.000000,1.000000,0.000000,1.000841,0.750000,0.750000,1.000000,0.000100000,0.000001113,0.066000,0.000000,0.000000,0.000000,0.000000,0.000000,0.750000,0.000000
113.500000,1.000000,543.000000,0.000000,0.000000,293.000000,1.000000,1.000000,0.000000,1.000917,0.750000,0.750000,1.000000,0.000100000,0.000001113,0.066000,0.000000,0.000000,0.000000,0.000000,0.000000,0.750000,0.000000
113.599999,1.000000,543.000000,0.000000,0.000000,293.000000,1.000000,1.000000,0.000000,1.000841,0.750000,0.750000,1.000000,0.000100000,0.000001113,0.066000,0.000000,0.000000,0.000000,0.000000,0.000000,0.750000,0.000000
113.699997,1.000000,543.000000,0.000000,0.000000,293.000000,1.000000,1.000000,0.000000,1.000840,0.750000,0.750000,1.000000,0.000100000,0.000001113,0.066000,0.000000,0.000000,0.000000,0.000000,0.000000,0.750000,0.000000
113.799995,1.000000,543.000000,0.000000,0.000000,293.000000,1.000000,1.000000,0.000000,1.000841,0.750000,0.750000,1.000000,0.000100000,0.000001113,0.066000,0.000000,0.000000,0.000000,0.000000,0.000000,0.750000,0.000000
113.899994,1.000000,543.000000,0.000000,0.000000,293.000000,1.000000,1.000000,0.000000,1.000841,0.750000,0.750000,1.000000,0.000100000,0.000001113,0.066000,0.000000,0.000000,0.000000,0.000000,0.000000,0.750000,0.000000
114.000000,1.000000,543.000000,0.000000,0.000000,293.000000,1.000000,1.000000,0.000000,1.000917,0.750000,0.750000,1.000000,0.000100000,0.000001113,0.066000,0.000000,0.000000,0.000000,0.000000,0.000000,0.750000,0.000000
114.099998,1.000000,543.000000,0.000000,0.000000,293.000000,1.000000,1.000000,0.000000,1.000841,0.750000,0.750000,1.000000,0.000100000,0.000001113,0.066000,0.000000,0.000000,0.000000,0.000000,0.000000,0.750000,0.000000
114.199997,1.000000,543.000000,0.000000,0.000000,293.000000,1.000000,1.000000,0.000000,1.000837,0.750000,0.750000,1.000000,0.000100000,0.000001113,0.066000,0.000000,0.000000,0.000000,0.000000,0.000000,0.750000,0.000000
114.299995,1.000000,543.000000,0.000000,0.000000,293.000000,1.000000,1.000000,0.000000,1.000841,0.750000,0.750000,1.000000,0.000100000,0.000001113,0.066000,0.000000,0.000000,0.000000,0.000000,0.000000,0.750000,0.000000
114.399994,1.000000,543.000000,0.000000,0.000000,293.000000,1.000000,1.000000,0.000000,1.000840,0.750000,0.750000,1.000000,0.000100000,0.000001113,0.066000,0.000000,0.000000,0.000000,0.000000,0.000000,0.750000,0.000000
114.500000,1.000000,543.000000,0.000000,0.000000,293.000000,1.000000,1.000000,0.000000,1.000917,0.750000,0.750000,1.000000,0.000100000,0.000001113,0.066000,0.000000,0.000000,0.000000,0.000000,0.000000,0.750000,0.000000
114.599999,1.000000,543.000000,0.000000,0.000000,293.000000,1.000000,1.000000,0.000000,1.000841,0.750000,0.750000,1.000000,0.000100000,0.000001113,0.066000,0.000000,0.000000,0.000000,0.000000,0.000000,0.750000,0.000000
114.699997,1.000000,543.000000,0.000000,0.000000,293.000000,1.000000,1.000000,0.000000,1.000841,0.750000,0.750000,1.000000,0.000100000,0.000001113,0.066000,0.000000,0.000000,0.000000,0.000000,0.000000,0.750000,0.000000
114.799995,1.000000,543.000000,0.000000,0.000000,293.000000,1.000000,1.000000,0.000000,1.000841,0.750000,0.750000,1.000000,0.000100000,0.000001113,0.066000,0.000000,0.000000,0.000000,0.000000,0.000000,0.750000,0.000000
114.899994,1.000000,543.000000,0.000000,0.000000,293.000000,1.000000,1.000000,0.000000,1.000840,0.750000,0.750000,1.000000,0.000100000,0.000001113,0.066000,0.000000,0.000000,0.000000,0.000000,0.000000,0.750000,0.000000
115.000000,1.000000,543.000000,0.000000,0.000000,293.000000,1.000000,1.000000,0.000000,1.000918,0.750000,0.750000,1.000000,0.000100000,0.000001113,0.066000,0.000000,0.000000,0.000000,0.000000,0.000000,0.750000,0.000000
115.099998,1.000000,543.000000,0.000000,0.000000,293.000000,1.000000,1.000000,0.000000,1.000838,0.750000,0.750000,1.000000,0.000100000,0.000001113,0.066000,0.000000,0.000000,0.000000,0.000000,0.000000,0.750000,0.000000
115.199997,1.000000,543.000000,0.000000,0.000000,293.000000,1.000000,1.000000,0.000000,1.000840,0.750000,0.750000,1.000000,0.000100000,0.000001113,0.066000,0.000000,0.000000,0.000000,0.000000,0.000000,0.750000,0.000000
115.299995,1.000000,543.000000,0.000000,0.000000,293.000000,1.000000,1.000000,0.000000,1.000840,0.750000,0.750000,1.000000,0.000100000,0.000001113,0.066000,0.000000,0.000000,0.000000,0.000000,0.000000,0.750000,0.000000
115.399994,1.000000,543.000000,0.000000,0.000000,293.000000,1.000000,1.000000,0.000000,1.000841,0.750000,0.750000,1.000000,0.000100000,0.000001113,0.066000,0.000000,0.000000,0.000000,0.000000,0.000000,0.750000,0.000000
115.500000,1.000000,543.000000,0.000000,0.000000,293.000000,1.000000,1.000000,0.000000,1.000917,0.750000,0.750000,1.000000,0.000100000,0.000001113,0.066000,0.000000,0.000000,0.000000,0.000000,0.000000,0.750000,0.000000
115.599999,1.000000,543.000000,0.000000,0.000000,293.000000,1.000000,1.000000,0.000000,1.000841,0.750000,0.750000,1.000000,0.000100000,0.000001113,0.066000,0.000000,0.000000,0.000000,0.000000,0.000000,0.750000,0.000000
115.699997,1.000000,543.000000,0.000000,0.000000,293.000000,1.000000,1.000000,0.000000,1.000841,0.750000,0.750000,1.000000,0.000100000,0.000001113,0.066000,0.000000,0.000000,0.000000,0.000000,0.000000,0.750000,0.000000
115.799995,1.000000,543.000000,0.000000,0.000000,293.000000,1.000000,1.000000,0.000000,1.000840,0.750000,0.750000,1.000000,0.000100000,0.000001113,0.066000,0.000000,0.000000,0.000000,0.000000,0.000000,0.750000,0.000000
115.899994,1.000000,543.000000,0.000000,0.000000,293.000000,1.000000,1.000000,0.000000,1.000841,0.750000,0.750000,1.000000,0.000100000,0.000001113,0.066000,0.000000,0.000000,0.000000,0.000000,0.000000,0.750000,0.000000
116.000000,1.000000,543.000000,0.000000,0.000000,293.000000,1.000000,1.000000,0.000000,1.000923,0.750000,0.750000,1.000000,0.000100000,0.000001113,0.066000,0.000000,0.000000,0.000000,0.000000,0.000000,0.750000,0.000000
116.099998,1.000000,543.000000,0.000000,0.000000,293.000000,1.000000,1.000000,0.000000,1.000842,0.750000,0.750000,1.000000,0.000100000,0.000001113,0.066000,0.000000,0.000000,0.000000,0.000000,0.000000,0.750000,0.000000
116.199997,1.000000,543.000000,0.000000,0.000000,293.000000,1.000000,1.000000,0.000000,1.000840,0.750000,0.750000,1.000000,0.000100000,0.000001113,0.066000,0.000000,0.000000,0.000000,0.000000,0.000000,0.750000,0.000000
116.299995,1.000000,543.000000,0.000000,0.000000,293.000000,1.000000,1.000000,0.000000,1.000841,0.750000,0.750000,1.000000,0.000100000,0.000001113,0.066000,0.000000,0.000000,0.000000,0.000000,0.000000,0.750000,0.000000
116.399994,1.000000,543.000000,0.000000,0.000000,293.000000,1.000000,1.000000,0.000000,1.000841,0.750000,0.750000,1.000000,0.000100000,0.000001113,0.066000,0.000000,0.000000,0.000000,0.000000,0.000000,0.750000,0.000000
116.500000,1.000000,543.000000,0.000000,0.000000,293.000000,1.000000,1.000000,0.000000,1.000917,0.750000,0.750000,1.000000,0.000100000,0.000001113,0.066000,0.000000,0.000000,0.000000,0.000000,0.000000,0.750000,0.000000
116.599999,1.000000,543.000000,0.000000,0.000000,293.000000,1.000000,1.000000,0.000000,1.000841,0.750000,0.750000,1.000000,0.000100000,0.000001113,0.066000,0.000000,0.000000,0.000000,0.000000,0.000000,0.750000,0.000000
116.699997,1.000000,543.000000,0.000000,0.000000,293.000000,1.000000,1.000000,0.000000,1.000842,0.750000,0.750000,1.000000,0.000100000,0.000001113,0.066000,0.000000,0.000000,0.000000,0.000000,0.000000,0.750000,0.000000
116.799995,1.000000,543.000000,0.000000,0.000000,293.000000,1.000000,1.000000,0.000000,1.000837,0.750000,0.750000,1.000000,0.000100000,0.000001113,0.066000,0.000000,0.000000,0.000000,0.000000,0.000000,0.750000,0.000000
116.899994,1.000000,543.000000,0.000000,0.000000,293.000000,1.000000,1.000000,0.000000,1.000841,0.750000,0.750000,1.000000,0.000100000,0.000001113,0.066000,0.000000,0.000000,0.000000,0.000000,0.000000,0.750000,0.000000
117.000000,1.000000,543.000000,0.000000,0.000000,293.000000,1.000000,1.000000,0.000000,1.000917,0.750000,0.750000,1.000000,0.000100000,0.000001113,0.066000,0.000000,0.000000,0.000000,0.000000,0.000000,0.750000,0.000000
117.099998,1.000000,543.000000,0.000000,0.000000,293.000000,1.000000,1.000000,0.000000,1.000840,0.750000,0.750000,1.000000,0.000100000,0.000001113,0.066000,0.000000,0.000000,0.000000,0.000000,0.000000,0.750000,0.000000
117.199997,1.000000,543.000000,0.000000,0.000000,293.000000,1.000000,1.000000,0.000000,1.000840,0.750000,0.750000,1.000000,0.000100000,0.000001113,0.066000,0.000000,0.000000,0.000000,0.000000,0.000000,0.750000,0.000000
117.299995,1.000000,543.000000,0.000000,0.000000,293.000000,1.000000,1.000000,0.000000,1.000841,0.750000,0.750000,1.000000,0.000100000,0.000001113,0.066000,0.000000,0.000000,0.000000,0.000000,0.000000,0.750000,0.000000
117.399994,1.000000,543.000000,0.000000,0.000000,293.000000,1.000000,1.000000,0.000000,1.000841,0.750000,0.750000,1.000000,0.000100000,0.000001113,0.066000,0.000000,0.000000,0.000000,0.000000,0.000000,0.750000,0.000000
117.500000,1.000000,543.000000,0.000000,0.000000,293.000000,1.000000,1.000000,0.000000,1.000916,0.750000,0.750000,1.000000,0.000100000,0.000001113,0.066000,0.000000,0.000000,0.000000,0.000000,0.000000,0.750000,0.000000
117.599999,1.000000,543.000000,0.000000,0.000000,293.000000,1.000000,1.000000,0.000000,1.000841,0.750000,0.750000,1.000000,0.000100000,0.000001113,0.066000,0.000000,0.000000,0.000000,0.000000,0.000000,0.750000,0.000000
117.699997,1.000000,543.000000,0.000000,0.000000,293.000000,1.000000,1.000000,0.000000,1.000837,0.750000,0.750000,1.000000,0.000100000,0.000001113,0.066000,0.000000,0.000000,0.000000,0.000000,0.000000,0.750000,0.000000
117.799995,1.000000,543.000000,0.000000,0.000000,293.000000,1.000000,1.000000,0.000000,1.000841,0.750000,0.750000,1.000000,0.000100000,0.000001113,0.066000,0.000000,0.000000,0.000000,0.000000,0.000000,0.750000,0.000000
117.899994,1.000000,543.000000,0.000000,0.000000,293.000000,1.000000,1.000000,0.000000,1.000841,0.750000,0.750000,1.000000,0.000100000,0.000001113,0.066000,0.000000,0.000000,0.000000,0.000000,0.000000,0.750000,0.000000
118.000000,1.000000,543.000000,0.000000,0.000000,293.000000,1.000000,1.000000,0.000000,1.000917,0.750000,0.750000,1.000000,0.000100000,0.000001113,0.066000,0.000000,0.000000,0.000000,0.000000,0.000000,0.750000,0.000000
118.099998,1.000000,543.000000,0.000000,0.000000,293.000000,1.000000,1.000000,0.000000,1.000840,0.750000,0.750000,1.000000,0.000100000,0.000001113,0.066000,0.000000,0.000000,0.000000,0.000000,0.000000,0.750000,0.000000
118.199997,1.000000,543.000000,0.000000,0.000000,293.000000,1.000000,1.000000,0.000000,1.000841,0.750000,0.750000,1.000000,0.000100000,0.000001113,0.066000,0.000000,0.000000,0.000000,0.000000,0.000000,0.750000,0.000000
118.299995,1.000000,543.000000,0.000000,0.000000,293.000000,1.000000,1.000000,0.000000,1.000840,0.750000,0.750000,1.000000,0.000100000,0.000001113,0.066000,0.000000,0.000000,0.000000,0.000000,0.000000,0.750000,0.000000
118.399994,1.000000,543.000000,0.000000,0.000000,293.000000,1.000000,1.000000,0.000000,1.000841,0.750000,0.750000,1.000000,0.000100000,0.000001113,0.066000,0.000000,0.000000,0.000000,0.000000,0.000000,0.750000,0.000000
118.500000,1.000000,543.000000,0.000000,0.000000,293.000000,1.000000,1.000000,0.000000,1.000917,0.750000,0.750000,1.000000,0.000100000,0.000001113,0.066000,0.000000,0.000000,0.000000,0.000000,0.000000,0.750000,0.000000
118.599999,1.000000,543.000000,0.000000,0.000000,293.000000,1.000000,1.000000,0.000000,1.000838,0.750000,0.750000,1.000000,0.000100000,0.000001113,0.066000,0.000000,0.000000,0.000000,0.000000,0.000000,0.750000,0.000000
118.699997,1.000000,543.000000,0.000000,0.000000,293.000000,1.000000,1.000000,0.000000,1.000840,0.750000,0.750000,1.000000,0.000100000,0.000001113,0.066000,0.000000,0.000000,0.000000,0.000000,0.000000,0.750000,0.000000
118.799995,1.000000,543.000000,0.000000,0.000000,293.000000,1.000000,1.000000,0.000000,1.000841,0.750000,0.750000,1.000000,0.000100000,0.000001113,0.066000,0.000000,0.000000,0.000000,0.000000,0.000000,0.750000,0.000000
118.899994,1.000000,543.000000,0.000000,0.000000,293.000000,1.000000,1.000000,0.000000,1.000840,0.750000,0.750000,1.000000,0.000100000,0.000001113,0.066000,0.000000,0.000000,0.000000,0.000000,0.000000,0.750000,0.000000
119.000000,1.000000,543.000000,0.000000,0.000000,293.000000,1.000000,1.000000,0.000000,1.000918,0.750000,0.750000,1.000000,0.000100000,0.000001113,0.066000,0.000000,0.000000,0.000000,0.000000,0.000000,0.750000,0.000000
119.099998,1.000000,543.000000,0.000000,0.000000,293.000000,1.000000,1.000000,0.000000,1.000841,0.750000,0.750000,1.000000,0.000100000,0.000001113,0.066000,0.000000,0.000000,0.000000,0.000000,0.000000,0.750000,0.000000
119.199997,1.000000,543.000000,0.000000,0.000000,293.000000,1.000000,1.000000,0.000000,1.000840,0.750000,0.750000,1.000000,0.000100000,0.000001113,0.066000,0.000000,0.000000,0.000000,0.000000,0.000000,0.750000,0.000000
119.299995,1.000000,543.000000,0.000000,0.000000,293.000000,1.000000,1.000000,0.000000,1.000840,0.750000,0.750000,1.000000,0.000100000,0.000001113,0.066000,0.000000,0.000000,0.000000,0.000000,0.000000,0.750000,0.000000
119.399994,1.000000,543.000000,0.000000,0.000000,293.000000,1.000000,1.000000,0.000000,1.000842,0.750000,0.750000,1.000000,0.000100000,0.000001113,0.066000,0.000000,0.000000,0.000000,0.000000,0.000000,0.750000,0.000000
119.500000,1.000000,543.000000,0.000000,0.000000,293.000000,1.000000,1.000000,0.000000,1.000914,0.750000,0.750000,1.000000,0.000100000,0.000001113,0.066000,0.000000,0.000000,0.000000,0.000000,0.000000,0.750000,0.000000
119.599999,1.000000,543.000000,0.000000,0.000000,293.000000,1.000000,1.000000,0.000000,1.000841,0.750000,0.750000,1.000000,0.000100000,0.000001113,0.066000,0.000000,0.000000,0.000000,0.000000,0.000000,0.750000,0.000000
119.699997,1.000000,543.000000,0.000000,0.000000,293.000000,1.000000,1.000000,0.000000,1.000841,0.750000,0.750000,1.000000,0.000100000,0.000001113,0.066000,0.000000,0.000000,0.000000,0.000000,0.000000,0.750000,0.000000
119.799995,1.000000,543.000000,0.000000,0.000000,293.000000,1.000000,1.000000,0.000000,1.000841,0.750000,0.750000,1.000000,0.000100000,0.000001113,0.066000,0.000000,0.000000,0.000000,0.000000,0.000000,0.750000,0.000000
119.899994,1.000000,543.000000,0.000000,0.000000,293.000000,1.000000,1.000000,0.000000,1.000840,0.750000,0.750000,1.000000,0.000100000,0.000001113,0.066000,0.000000,0.000000,0.000000,0.000000,0.000000,0.750000,0.000000
120.000000,1.000000,543.000000,0.000000,0.000000,293.000000,1.000000,1.000000,0.000000,1.000917,0.750000,0.750000,1.000000,0.000100000,0.000001113,0.066000,0.000000,0.000000,0.000000,0.000000,0.000000,0.750000,0.000000
120.099998,1.000000,543.000000,0.000000,0.000000,293.000000,1.000000,1.000000,0.000000,1.000841,0.750000,0.750000,1.000000,0.000100000,0.000001113,0.066000,0.000000,0.000000,0.000000,0.000000,0.000000,0.750000,0.000000
120.199997,1.000000,543.000000,0.000000,0.000000,293.000000,1.000000,1.000000,0.000000,1.000840,0.750000,0.750000,1.000000,0.000100000,0.000001113,0.066000,0.000000,0.000000,0.000000,0.000000,0.000000,0.750000,0.000000
120.299995,1.000000,543.000000,0.000000,0.000000,293.000000,1.000000,1.000000,0.000000,1.000841,0.750000,0.750000,1.000000,0.000100000,0.000001113,0.066000,0.000000,0.000000,0.000000,0.000000,0.000000,0.750000,0.000000
120.399994,1.000000,543.000000,0.000000,0.000000,293.000000,1.000000,1.000000,0.000000,1.000838,0.750000,0.750000,1.000000,0.000100000,0.000001113,0.066000,0.000000,0.000000,0.000000,0.000000,0.000000,0.750000,0.000000
120.500000,1.000000,543.000000,0.000000,0.000000,293.000000,1.000000,1.000000,0.000000,1.000917,0.750000,0.750000,1.000000,0.000100000,0.000001113,0.066000,0.000000,0.000000,0.000000,0.000000,0.000000,0.750000,0.000000
120.599999,1.000000,543.000000,0.000000,0.000000,293.000000,1.000000,1.000000,0.000000,1.000840,0.750000,0.750000,1.000000,0.000100000,0.000001113,0.066000,0.000000,0.000000,0.000000,0.000000,0.000000,0.750000,0.000000
120.699997,1.000000,543.000000,0.000000,0.000000,293.000000,1.000000,1.000000,0.000000,1.000841,0.750000,0.750000,1.000000,0.000100000,0.000001113,0.066000,0.000000,0.000000,0.000000,0.000000,0.000000,0.750000,0.000000
120.799995,1.000000,543.000000,0.000000,0.000000,293.000000,1.000000,1.000000,0.000000,1.000841,0.750000,0.750000,1.000000,0.000100000,0.000001113,0.066000,0.000000,0.000000,0.000000,0.000000,0.000000,0.750000,0.000000
120.899994,1.000000,543.000000,0.000000,0.000000,293.000000,1.000000,1.000000,0.000000,1.000840,0.750000,0.750000,1.000000,0.000100000,0.000001113,0.066000,0.000000,0.000000,0.000000,0.000000,0.000000,0.750000,0.000000
121.000000,1.000000,543.000000,0.000000,0.000000,293.000000,1.000000,1.000000,0.000000,1.000917,0.750000,0.750000,1.000000,0.000100000,0.000001113,0.066000,0.000000,0.000000,0.000000,0.000000,0.000000,0.750000,0.000000
121.099998,1.000000,543.000000,0.000000,0.000000,293.000000,1.000000,1.000000,0.000000,1.000841,0.750000,0.750000,1.000000,0.000100000,0.000001113,0.066000,0.000000,0.000000,0.000000,0.000000,0.000000,0.750000,0.000000
121.199997,1.000000,543.000000,0.000000,0.000000,293.000000,1.000000,1.000000,0.000000,1.000842,0.750000,0.750000,1.000000,0.000100000,0.000001113,0.066000,0.000000,0.000000,0.000000,0.000000,0.000000,0.750000,0.000000
121.299995,1.000000,543.000000,0.000000,0.000000,293.000000,1.000000,1.000000,0.000000,1.000847,0.750000,0.750000,1.000000,0.000100000,0.000001113,0.066000,0.000000,0.000000,0.000000,0.000000,0.000000,0.750000,0.000000
121.399994,1.000000,543.000000,0.000000,0.000000,293.000000,1.000000,1.000000,0.000000,1.000841,0.750000,0.750000,1.000000,0.000100000,0.000001113,0.066000,0.000000,0.000000,0.000000,0.000000,0.000000,0.750000,0.000000
121.500000,1.000000,543.000000,0.000000,0.000000,293.000000,1.000000,1.000000,0.000000,1.000918,0.750000,0.750000,1.000000,0.000100000,0.000001113,0.066000,0.000000,0.000000,0.000000,0.000000,0.000000,0.750000,0.000000
121.599999,1.000000,543.000000,0.000000,0.000000,293.000000,1.000000,1.000000,0.000000,1.000840,0.750000,0.750000,1.000000,0.000100000,0.000001113,0.066000,0.000000,0.000000,0.000000,0.000000,0.000000,0.750000,0.000000
121.699997,1.000000,543.000000,0.000000,0.000000,293.000000,1.000000,1.000000,0.000000,1.000840,0.750000,0.750000,1.000000,0.000100000,0.000001113,0.066000,0.000000,0.000000,0.000000,0.000000,0.000000,0.750000,0.000000
121.799995,1.000000,543.000000,0.000000,0.000000,293.000000,1.000000,1.000000,0.000000,1.000841,0.750000,0.750000,1.000000,0.000100000,0.000001113,0.066000,0.000000,0.000000,0.000000,0.000000,0.000000,0.750000,0.000000
121.899994,1.000000,543.000000,0.000000,0.000000,293.000000,1.000000,1.000000,0.000000,1.000841,0.750000,0.750000,1.000000,0.000100000,0.000001113,0.066000,0.000000,0.000000,0.000000,0.000000,0.000000,0.750000,0.000000
122.000000,1.000000,543.000000,0.000000,0.000000,293.000000,1.000000,1.000000,0.000000,1.000917,0.750000,0.750000,1.000000,0.000100000,0.000001113,0.066000,0.000000,0.000000,0.000000,0.000000,0.000000,0.750000,0.000000
122.099998,1.000000,543.000000,0.000000,0.000000,293.000000,1.000000,1.000000,0.000000,1.000838,0.750000,0.750000,1.000000,0.000100000,0.000001113,0.066000,0.000000,0.000000,0.000000,0.000000,0.000000,0.750000,0.000000
122.199997,1.000000,543.000000,0.000000,0.000000,293.000000,1.000000,1.000000,0.000000,1.000840,0.750000,0.750000,1.000000,0.000100000,0.000001113,0.066000,0.000000,0.000000,0.000000,0.000000,0.000000,0.750000,0.000000
122.299995,1.000000,543.000000,0.000000,0.000000,293.000000,1.000000,1.000000,0.000000,1.000841,0.750000,0.750000,1.000000,0.000100000,0.000001113,0.066000,0.000000,0.000000,0.000000,0.000000,0.000000,0.750000,0.000000
122.399994,1.000000,543.000000,0.000000,0.000000,293.000000,1.000000,1.000000,0.000000,1.000841,0.750000,0.750000,1.000000,0.000100000,0.000001113,0.066000,0.000000,0.000000,0.000000,0.000000,0.000000,0.750000,0.000000
122.500000,1.000000,543.000000,0.000000,0.000000,293.000000,1.000000,1.000000,0.000000,1.000917,0.750000,0.750000,1.000000,0.000100000,0.000001113,0.066000,0.000000,0.000000,0.000000,0.000000,0.000000,0.750000,0.000000
122.599999,1.000000,543.000000,0.000000,0.000000,293.000000,1.000000,1.000000,0.000000,1.000841,0.750000,0.750000,1.000000,0.000100000,0.000001113,0.066000,0.000000,0.000000,0.000000,0.000000,0.000000,0.750000,0.000000
122.699997,1.000000,543.000000,0.000000,0.000000,293.000000,1.000000,1.000000,0.000000,1.000841,0.750000,0.750000,1.000000,0.000100000,0.000001113,0.066000,0.000000,0.000000,0.000000,0.000000,0.000000,0.750000,0.000000
122.799995,1.000000,543.000000,0.000000,0.000000,293.000000,1.000000,1.000000,0.000000,1.000841,0.750000,0.750000,1.000000,0.000100000,0.000001113,0.066000,0.000000,0.000000,0.000000,0.000000,0.000000,0.750000,0.000000
122.899994,1.000000,543.000000,0.000000,0.000000,293.000000,1.000000,1.000000,0.000000,1.000840,0.750000,0.750000,1.000000,0.000100000,0.000001113,0.066000,0.000000,0.000000,0.000000,0.000000,0.000000,0.750000,0.000000
123.000000,1.000000,543.000000,0.000000,0.000000,293.000000,1.000000,1.000000,0.000000,1.000914,0.750000,0.750000,1.000000,0.000100000,0.000001113,0.066000,0.000000,0.000000,0.000000,0.000000,0.000000,0.750000,0.000000
123.099998,1.000000,543.000000,0.000000,0.000000,293.000000,1.000000,1.000000,0.000000,1.000841,0.750000,0.750000,1.000000,0.000100000,0.000001113,0.066000,0.000000,0.000000,0.000000,0.000000,0.000000,0.750000,0.000000
123.199997,1.000000,543.000000,0.000000,0.000000,293.000000,1.000000,1.000000,0.000000,1.000841,0.750000,0.750000,1.000000,0.000100000,0.000001113,0.066000,0.000000,0.000000,0.000000,0.000000,0.000000,0.750000,0.000000
123.299995,1.000000,543.000000,0.000000,0.000000,293.000000,1.000000,1.000000,0.000000,1.000840,0.750000,0.750000,1.000000,0.000100000,0.000001113,0.066000,0.000000,0.000000,0.000000,0.000000,0.000000,0.750000,0.000000
123.399994,1.000000,543.000000,0.000000,0.000000,293.000000,1.000000,1.000000,0.000000,1.000841,0.750000,0.750000,1.000000,0.000100000,0.000001113,0.066000,0.000000,0.000000,0.000000,0.000000,0.000000,0.750000,0.000000
123.500000,1.000000,543.000000,0.000000,0.000000,293.000000,1.000000,1.000000,0.000000,1.000917,0.750000,0.750000,1.000000,0.000100000,0.000001113,0.066000,0.000000,0.000000,0.000000,0.000000,0.000000,0.750000,0.000000
123.599999,1.000000,543.000000,0.000000,0.000000,293.000000,1.000000,1.000000,0.000000,1.000840,0.750000,0.750000,1.000000,0.000100000,0.000001113,0.066000,0.000000,0.000000,0.000000,0.000000,0.000000,0.750000,0.000000
123.699997,1.000000,543.000000,0.000000,0.000000,293.000000,1.000000,1.000000,0.000000,1.000841,0.750000,0.750000,1.000000,0.000100000,0.000001113,0.066000,0.000000,0.000000,0.000000,0.000000,0.000000,0.750000,0.000000
123.799995,1.000000,543.000000,0.000000,0.000000,293.000000,1.000000,1.000000,0.000000,1.000841,0.750000,0.750000,1.000000,0.000100000,0.000001113,0.066000,0.000000,0.000000,0.000000,0.000000,0.000000,0.750000,0.000000
123.899994,1.000000,543.000000,0.000000,0.000000,293.000000,1.000000,1.000000,0.000000,1.000838,0.750000,0.750000,1.000000,0.000100000,0.000001113,0.066000,0.000000,0.000000,0.000000,0.000000,0.000000,0.750000,0.000000
124.000000,1.000000,543.000000,0.000000,0.000000,293.000000,1.000000,1.000000,0.000000,1.000916,0.750000,0.750000,1.000000,0.000100000,0.000001113,0.066000,0.000000,0.000000,0.000000,0.000000,0.000000,0.750000,0.000000
124.099998,1.000000,543.000000,0.000000,0.000000,293.000000,1.000000,1.000000,0.000000,1.000841,0.750000,0.750000,1.000000,0.000100000,0.000001113,0.066000,0.000000,0.000000,0.000000,0.000000,0.000000,0.750000,0.000000
124.199997,1.000000,543.000000,0.000000,0.000000,293.000000,1.000000,1.000000,0.000000,1.000841,0.750000,0.750000,1.000000,0.000100000,0.000001113,0.066000,0.000000,0.000000,0.000000,0.000000,0.000000,0.750000,0.000000
124.299995,1.000000,543.000000,0.000000,0.000000,293.000000,1.000000,1.000000,0.000000,1.000840,0.750000,0.750000,1.000000,0.000100000,0.000001113,0.066000,0.000000,0.000000,0.000000,0.000000,0.000000,0.750000,0.000000
124.399994,1.000000,543.000000,0.000000,0.000000,293.000000,1.000000,1.000000,0.000000,1.000841,0.750000,0.750000,1.000000,0.000100000,0.000001113,0.066000,0.000000,0.000000,0.000000,0.000000,0.000000,0.750000,0.000000
124.500000,1.000000,543.000000,0.000000,0.000000,293.000000,1.000000,1.000000,0.000000,1.000916,0.750000,0.750000,1.000000,0.000100000,0.000001113,0.066000,0.000000,0.000000,0.000000,0.000000,0.000000,0.750000,0.000000
124.599999,1.000000,543.000000,0.000000,0.000000,293.000000,1.000000,1.000000,0.000000,1.000842,0.750000,0.750000,1.000000,0.000100000,0.000001113,0.066000,0.000000,0.000000,0.000000,0.000000,0.000000,0.750000,0.000000
124.699997,1.000000,543.000000,0.000000,0.000000,293.000000,1.000000,1.000000,0.000000,1.000840,0.750000,0.750000,1.000000,0.000100000,0.000001113,0.066000,0.000000,0.000000,0.000000,0.000000,0.000000,0.750000,0.000000
124.799995,1.000000,543.000000,0.000000,0.000000,293.000000,1.000000,1.000000,0.000000,1.000838,0.750000,0.750000,1.000000,0.000100000,0.000001113,0.066000,0.000000,0.000000,0.000000,0.000000,0.000000,0.750000,0.000000
124.899994,1.000000,543.000000,0.000000,0.000000,293.000000,1.000000,1.000000,0.000000,1.000840,0.750000,0.750000,1.000000,0.000100000,0.000001113,0.066000,0.000000,0.000000,0.000000,0.000000,0.000000,0.750000,0.000000
125.000000,1.000000,543.000000,0.000000,0.000000,293.000000,1.000000,1.000000,0.000000,1.000918,0.750000,0.750000,1.000000,0.000100000,0.000001113,0.066000,0.000000,0.000000,0.000000,0.000000,0.000000,0.750000,0.000000
125.099998,1.000000,543.000000,0.000000,0.000000,293.000000,1.000000,1.000000,0.000000,1.000840,0.750000,0.750000,1.000000,0.000100000,0.000001113,0.066000,0.000000,0.000000,0.000000,0.000000,0.000000,0.750000,0.000000
125.199997,1.000000,543.000000,0.000000,0.000000,293.000000,1.000000,1.000000,0.000000,1.000841,0.750000,0.750000,1.000000,0.000100000,0.000001113,0.066000,0.000000,0.000000,0.000000,0.000000,0.000000,0.750000,0.000000
125.299995,1.000000,543.000000,0.000000,0.000000,293.000000,1.000000,1.000000,0.000000,1.000840,0.750000,0.750000,1.000000,0.000100000,0.000001113,0.066000,0.000000,0.000000,0.000000,0.000000,0.000000,0.750000,0.000000
125.399994,1.000000,543.000000,0.000000,0.000000,293.000000,1.000000,1.000000,0.000000,1.000840,0.750000,0.750000,1.000000,0.000100000,0.000001113,0.066000,0.000000,0.000000,0.000000,0.000000,0.000000,0.750000,0.000000
125.500000,1.000000,543.000000,0.000000,0.000000,293.000000,1.000000,1.000000,0.000000,1.000918,0.750000,0.750000,1.000000,0.000100000,0.000001113,0.066000,0.000000,0.000000,0.000000,0.000000,0.000000,0.750000,0.000000
125.599999,1.000000,543.000000,0.000000,0.000000,293.000000,1.000000,1.000000,0.000000,1.000841,0.750000,0.750000,1.000000,0.000100000,0.000001113,0.066000,0.000000,0.000000,0.000000,0.000000,0.000000,0.750000,0.000000
125.699997,1.000000,543.000000,0.000000,0.000000,293.000000,1.000000,1.000000,0.000000,1.000837,0.750000,0.750000,1.000000,0.000100000,0.000001113,0.066000,0.000000,0.000000,0.000000,0.000000,0.000000,0.750000,0.000000
125.799995,1.000000,543.000000,0.000000,0.000000,293.000000,1.000000,1.000000,0.000000,1.000841,0.750000,0.750000,1.000000,0.000100000,0.000001113,0.066000,0.000000,0.000000,0.000000,0.000000,0.000000,0.750000,0.000000
125.899994,1.000000,543.000000,0.000000,0.000000,293.000000,1.000000,1.000000,0.000000,1.000840,0.750000,0.750000,1.000000,0.000100000,0.000001113,0.066000,0.000000,0.000000,0.000000,0.000000,0.000000,0.750000,0.000000
126.000000,1.000000,543.000000,0.000000,0.000000,293.000000,1.000000,1.000000,0.000000,1.000917,0.750000,0.750000,1.000000,0.000100000,0.000001113,0.066000,0.000000,0.000000,0.000000,0.000000,0.000000,0.750000,0.000000
126.099998,1.000000,543.000000,0.000000,0.000000,293.000000,1.000000,1.000000,0.000000,1.000841,0.750000,0.750000,1.000000,0.000100000,0.000001113,0.066000,0.000000,0.000000,0.000000,0.000000,0.000000,0.750000,0.000000
126.199997,1.000000,543.000000,0.000000,0.000000,293.000000,1.000000,1.000000,0.000000,1.000840,0.750000,0.750000,1.000000,0.000100000,0.000001113,0.066000,0.000000,0.000000,0.000000,0.000000,0.000000,0.750000,0.000000
126.299995,1.000000,543.000000,0.000000,0.000000,293.000000,1.000000,1.000000,0.000000,1.000841,0.750000,0.750000,1.000000,0.000100000,0.000001113,0.066000,0.000000,0.000000,0.000000,0.000000,0.000000,0.750000,0.000000
126.399994,1.000000,543.000000,0.000000,0.000000,293.000000,1.000000,1.000000,0.000000,1.000841,0.750000,0.750000,1.000000,0.000100000,0.000001113,0.066000,0.000000,0.000000,0.000000,0.000000,0.000000,0.750000,0.000000
126.500000,1.000000,543.000000,0.000000,0.000000,293.000000,1.000000,1.000000,0.000000,1.000917,0.750000,0.750000,1.000000,0.000100000,0.000001113,0.066000,0.000000,0.000000,0.000000,0.000000,0.000000,0.750000,0.000000
126.599999,1.000000,543.000000,0.000000,0.000000,293.000000,1.000000,1.000000,0.000000,1.000838,0.750000,0.750000,1.000000,0.000100000,0.000001113,0.066000,0.000000,0.000000,0.000000,0.000000,0.000000,0.750000,0.000000
126.699997,1.000000,543.000000,0.000000,0.000000,293.000000,1.000000,1.000000,0.000000,1.000840,0.750000,0.750000,1.000000,0.000100000,0.000001113,0.066000,0.000000,0.000000,0.000000,0.000000,0.000000,0.750000,0.000000
126.799995,1.000000,543.000000,0.000000,0.000000,293.000000,1.000000,1.000000,0.000000,1.000841,0.750000,0.750000,1.000000,0.000100000,0.000001113,0.066000,0.000000,0.000000,0.000000,0.000000,0.000000,0.750000,0.000000
126.899994,1.000000,543.000000,0.000000,0.000000,293.000000,1.000000,1.000000,0.000000,1.000840,0.750000,0.750000,1.000000,0.000100000,0.000001113,0.066000,0.000000,0.000000,0.000000,0.000000,0.000000,0.750000,0.000000
127.000000,1.000000,543.000000,0.000000,0.000000,293.000000,1.000000,1.000000,0.000000,1.000918,0.750000,0.750000,1.000000,0.000100000,0.000001113,0.066000,0.000000,0.000000,0.000000,0.000000,0.000000,0.750000,0.000000
127.099998,1.000000,543.000000,0.000000,0.000000,293.000000,1.000000,1.000000,0.000000,1.000841,0.750000,0.750000,1.000000,0.000100000,0.000001113,0.066000,0.000000,0.000000,0.000000,0.000000,0.000000,0.750000,0.000000
127.199997,1.000000,543.000000,0.000000,0.000000,293.000000,1.000000,1.000000,0.000000,1.000840,0.750000,0.750000,1.000000,0.000100000,0.000001113,0.066000,0.000000,0.000000,0.000000,0.000000,0.000000,0.750000,0.000000
127.299995,1.000000,543.000000,0.000000,0.000000,293.000000,1.000000,1.000000,0.000000,1.000841,0.750000,0.750000,1.000000,0.000100000,0.000001113,0.066000,0.000000,0.000000,0.000000,0.000000,0.000000,0.750000,0.000000
127.399994,1.000000,543.000000,0.000000,0.000000,293.000000,1.000000,1.000000,0.000000,1.000841,0.750000,0.750000,1.000000,0.000100000,0.000001113,0.066000,0.000000,0.000000,0.000000,0.000000,0.000000,0.750000,0.000000
127.500000,1.000000,543.000000,0.000000,0.000000,293.000000,1.000000,1.000000,0.000000,1.000913,0.750000,0.750000,1.000000,0.000100000,0.000001113,0.066000,0.000000,0.000000,0.000000,0.000000,0.000000,0.750000,0.000000
127.599999,1.000000,543.000000,0.000000,0.000000,293.000000,1.000000,1.000000,0.000000,1.000840,0.750000,0.750000,1.000000,0.000100000,0.000001113,0.066000,0.000000,0.000000,0.000000,0.000000,0.000000,0.750000,0.000000
127.699997,1.000000,543.000000,0.000000,0.000000,293.000000,1.000000,1.000000,0.000000,1.000841,0.750000,0.750000,1.000000,0.000100000,0.000001113,0.066000,0.000000,0.000000,0.000000,0.000000,0.000000,0.750000,0.000000
127.799995,1.000000,543.000000,0.000000,0.000000,293.000000,1.000000,1.000000,0.000000,1.000841,0.750000,0.750000,1.000000,0.000100000,0.000001113,0.066000,0.000000,0.000000,0.000000,0.000000,0.000000,0.750000,0.000000
127.899994,1.000000,543.000000,0.000000,0.000000,293.000000,1.000000,1.000000,0.000000,1.000841,0.750000,0.750000,1.000000,0.000100000,0.000001113,0.066000,0.000000,0.000000,0.000000,0.000000,0.000000,0.750000,0.000000
128.000000,1.000000,543.000000,0.000000,0.000000,293.000000,1.000000,1.000000,0.000000,1.000918,0.750000,0.750000,1.000000,0.000100000,0.000001113,0.066000,0.000000,0.000000,0.000000,0.000000,0.000000,0.750000,0.000000
128.099991,1.000000,543.000000,0.000000,0.000000,293.000000,1.000000,1.000000,0.000000,1.000764,0.750000,0.750000,1.000000,0.000100000,0.000001113,0.066000,0.000000,0.000000,0.000000,0.000000,0.000000,0.750000,0.000000
128.199997,1.000000,543.000000,0.000000,0.000000,293.000000,1.000000,1.000000,0.000000,1.000917,0.750000,0.750000,1.000000,0.000100000,0.000001113,0.066000,0.000000,0.000000,0.000000,0.000000,0.000000,0.750000,0.000000
128.300003,1.000000,543.000000,0.000000,0.000000,293.000000,1.000000,1.000000,0.000000,1.000917,0.750000,0.750000,1.000000,0.000100000,0.000001113,0.066000,0.000000,0.000000,0.000000,0.000000,0.000000,0.750000,0.000000
128.399994,1.000000,543.000000,0.000000,0.000000,293.000000,1.000000,1.000000,0.000000,1.000761,0.750000,0.750000,1.000000,0.000100000,0.000001113,0.066000,0.000000,0.000000,0.000000,0.000000,0.000000,0.750000,0.000000
128.500000,1.000000,543.000000,0.000000,0.000000,293.000000,1.000000,1.000000,0.000000,1.000917,0.750000,0.750000,1.000000,0.000100000,0.000001113,0.066000,0.000000,0.000000,0.000000,0.000000,0.000000,0.750000,0.000000
128.599991,1.000000,543.000000,0.000000,0.000000,293.000000,1.000000,1.000000,0.000000,1.000765,0.750000,0.750000,1.000000,0.000100000,0.000001113,0.066000,0.000000,0.000000,0.000000,0.000000,0.000000,0.750000,0.000000
128.699997,1.000000,543.000000,0.000000,0.000000,293.000000,1.000000,1.000000,0.000000,1.000916,0.750000,0.750000,1.000000,0.000100000,0.000001113,0.066000,0.000000,0.000000,0.000000,0.000000,0.000000,0.750000,0.000000
128.800003,1.000000,543.000000,0.000000,0.000000,293.000000,1.000000,1.000000,0.000000,1.000918,0.750000,0.750000,1.000000,0.000100000,0.000001113,0.066000,0.000000,0.000000,0.000000,0.000000,0.000000,0.750000,0.000000
128.899994,1.000000,543.000000,0.000000,0.000000,293.000000,1.000000,1.000000,0.000000,1.000764,0.750000,0.750000,1.000000,0.000100000,0.000001113,0.066000,0.000000,0.000000,0.000000,0.000000,0.000000,0.750000,0.000000
129.000000,1.000000,543.000000,0.000000,0.000000,293.000000,1.000000,1.000000,0.000000,1.000917,0.750000,0.750000,1.000000,0.000100000,0.000001113,0.066000,0.000000,0.000000,0.000000,0.000000,0.000000,0.750000,0.000000
129.099991,1.000000,543.000000,0.000000,0.000000,293.000000,1.000000,1.000000,0.000000,1.000765,0.750000,0.750000,1.000000,0.000100000,0.000001113,0.066000,0.000000,0.000000,0.000000,0.000000,0.000000,0.750000,0.000000
129.199997,1.000000,543.000000,0.000000,0.000000,293.000000,1.000000,1.000000,0.000000,1.000916,0.750000,0.750000,1.000000,0.000100000,0.000001113,0.066000,0.000000,0.000000,0.000000,0.000000,0.000000,0.750000,0.000000
129.300003,1.000000,543.000000,0.000000,0.000000,293.000000,1.000000,1.000000,0.000000,1.000915,0.750000,0.750000,1.000000,0.000100000,0.000001113,0.066000,0.000000,0.000000,0.000000,0.000000,0.000000,0.750000,0.000000
129.399994,1.000000,543.000000,0.000000,0.000000,293.000000,1.000000,1.000000,0.000000,1.000764,0.750000,0.750000,1.000000,0.000100000,0.000001113,0.066000,0.000000,0.000000,0.000000,0.000000,0.000000,0.750000,0.000000
129.500000,1.000000,543.000000,0.000000,0.000000,293.000000,1.000000,1.000000,0.000000,1.000917,0.750000,0.750000,1.000000,0.000100000,0.000001113,0.066000,0.000000,0.000000,0.000000,0.000000,0.000000,0.750000,0.000000
129.599991,1.000000,543.000000,0.000000,0.000000,293.000000,1.000000,1.000000,0.000000,1.000764,0.750000,0.750000,1.000000,0.000100000,0.000001113,0.066000,0.000000,0.000000,0.000000,0.000000,0.000000,0.750000,0.000000
129.699997,1.000000,543.000000,0.000000,0.000000,293.000000,1.000000,1.000000,0.000000,1.000917,0.750000,0.750000,1.000000,0.000100000,0.000001113,0.066000,0.000000,0.000000,0.000000,0.000000,0.000000,0.750000,0.000000
129.800003,1.000000,543.000000,0.000000,0.000000,293.000000,1.000000,1.000000,0.000000,1.000917,0.750000,0.750000,1.000000,0.000100000,0.000001113,0.066000,0.000000,0.000000,0.000000,0.000000,0.000000,0.750000,0.000000
129.899994,1.000000,543.000000,0.000000,0.000000,293.000000,1.000000,1.000000,0.000000,1.000765,0.750000,0.750000,1.000000,0.000100000,0.000001113,0.066000,0.000000,0.000000,0.000000,0.000000,0.000000,0.750000,0.000000
130.000000,1.000000,543.000000,0.000000,0.000000,293.000000,1.000000,1.000000,0.000000,1.000917,0.750000,0.750000,1.000000,0.000100000,0.000001113,0.066000,0.000000,0.000000,0.000000,0.000000,0.000000,0.750000,0.000000
130.099991,1.000000,543.000000,0.000000,0.000000,293.000000,1.000000,1.000000,0.000000,1.000764,0.750000,0.750000,1.000000,0.000100000,0.000001113,0.066000,0.000000,0.000000,0.000000,0.000000,0.000000,0.750000,0.000000
130.199997,1.000000,543.000000,0.000000,0.000000,293.000000,1.000000,1.000000,0.000000,1.000915,0.750000,0.750000,1.000000,0.000100000,0.000001113,0.066000,0.000000,0.000000,0.000000,0.000000,0.000000,0.750000,0.000000
130.300003,1.000000,543.000000,0.000000,0.000000,293.000000,1.000000,1.000000,0.000000,1.000917,0.750000,0.750000,1.000000,0.000100000,0.000001113,0.066000,0.000000,0.000000,0.000000,0.000000,0.000000,0.750000,0.000000
130.399994,1.000000,543.000000,0.000000,0.000000,293.000000,1.000000,1.000000,0.000000,1.000764,0.750000,0.750000,1.000000,0.000100000,0.000001113,0.066000,0.000000,0.000000,0.000000,0.000000,0.000000,0.750000,0.000000
130.500000,1.000000,543.000000,0.000000,0.000000,293.000000,1.000000,1.000000,0.000000,1.000917,0.750000,0.750000,1.000000,0.000100000,0.000001113,0.066000,0.000000,0.000000,0.000000,0.000000,0.000000,0.750000,0.000000
130.599991,1.000000,543.000000,0.000000,0.000000,293.000000,1.000000,1.000000,0.000000,1.000765,0.750000,0.750000,1.000000,0.000100000,0.000001113,0.066000,0.000000,0.000000,0.000000,0.000000,0.000000,0.750000,0.000000
130.699997,1.000000,543.000000,0.000000,0.000000,293.000000,1.000000,1.000000,0.000000,1.000917,0.750000,0.750000,1.000000,0.000100000,0.000001113,0.066000,0.000000,0.000000,0.000000,0.000000,0.000000,0.750000,0.000000
130.800003,1.000000,543.000000,0.000000,0.000000,293.000000,1.000000,1.000000,0.000000,1.000917,0.750000,0.750000,1.000000,0.000100000,0.000001113,0.066000,0.000000,0.000000,0.000000,0.000000,0.000000,0.750000,0.000000
130.899994,1.000000,543.000000,0.000000,0.000000,293.000000,1.000000,1.000000,0.000000,1.000765,0.750000,0.750000,1.000000,0.000100000,0.000001113,0.066000,0.000000,0.000000,0.000000,0.000000,0.000000,0.750000,0.000000
131.000000,1.000000,543.000000,0.000000,0.000000,293.000000,1.000000,1.000000,0.000000,1.000916,0.750000,0.750000,1.000000,0.000100000,0.000001113,0.066000,0.000000,0.000000,0.000000,0.000000,0.000000,0.750000,0.000000
131.099991,1.000000,543.000000,0.000000,0.000000,293.000000,1.000000,1.000000,0.000000,1.000762,0.750000,0.750000,1.000000,0.000100000,0.000001113,0.066000,0.000000,0.000000,0.000000,0.000000,0.000000,0.750000,0.000000
131.199997,1.000000,543.000000,0.000000,0.000000,293.000000,1.000000,1.000000,0.000000,1.000918,0.750000,0.750000,1.000000,0.000100000,0.000001113,0.066000,0.000000,0.000000,0.000000,0.000000,0.000000,0.750000,0.000000
131.300003,1.000000,543.000000,0.000000,0.000000,293.000000,1.000000,1.000000,0.000000,1.000916,0.750000,0.750000,1.000000,0.000100000,0.000001113,0.066000,0.000000,0.000000,0.000000,0.000000,0.000000,0.750000,0.000000
131.399994,1.000000,543.000000,0.000000,0.000000,293.000000,1.000000,1.000000,0.000000,1.000764,0.750000,0.750000,1.000000,0.000100000,0.000001113,0.066000,0.000000,0.000000,0.000000,0.000000,0.000000,0.750000,0.000000
131.500000,1.000000,543.000000,0.000000,0.000000,293.000000,1.000000,1.000000,0.000000,1.000917,0.750000,0.750000,1.000000,0.000100000,0.000001113,0.066000,0.000000,0.000000,0.000000,0.000000,0.000000,0.750000,0.000000
131.599991,1.000000,543.000000,0.000000,0.000000,293.000000,1.000000,1.000000,0.000000,1.000764,0.750000,0.750000,1.000000,0.000100000,0.000001113,0.066000,0.000000,0.000000,0.000000,0.000000,0.000000,0.750000,0.000000
131.699997,1.000000,543.000000,0.000000,0.000000,293.000000,1.000000,1.000000,0.000000,1.000918,0.750000,0.750000,1.000000,0.000100000,0.000001113,0.066000,0.000000,0.000000,0.000000,0.000000,0.000000,0.750000,0.000000
131.800003,1.000000,543.000000,0.000000,0.000000,293.000000,1.000000,1.000000,0.000000,1.000917,0.750000,0.750000,1.000000,0.000100000,0.000001113,0.066000,0.000000,0.000000,0.000000,0.000000,0.000000,0.750000,0.000000
131.899994,1.000000,543.000000,0.000000,0.000000,293.000000,1.000000,1.000000,0.000000,1.000765,0.750000,0.750000,1.000000,0.000100000,0.000001113,0.066000,0.000000,0.000000,0.000000,0.000000,0.000000,0.750000,0.000000
132.000000,1.000000,543.000000,0.000000,0.000000,293.000000,1.000000,1.000000,0.000000,1.000914,0.750000,0.750000,1.000000,0.000100000,0.000001113,0.066000,0.000000,0.000000,0.000000,0.000000,0.000000,0.750000,0.000000
132.099991,1.000000,543.000000,0.000000,0.000000,293.000000,1.000000,1.000000,0.000000,1.000764,0.750000,0.750000,1.000000,0.000100000,0.000001113,0.066000,0.000000,0.000000,0.000000,0.000000,0.000000,0.750000,0.000000
132.199997,1.000000,543.000000,0.000000,0.000000,293.000000,1.000000,1.000000,0.000000,1.000917,0.750000,0.750000,1.000000,0.000100000,0.000001113,0.066000,0.000000,0.000000,0.000000,0.000000,0.000000,0.750000,0.000000
132.300003,1.000000,543.000000,0.000000,0.000000,293.000000,1.000000,1.000000,0.000000,1.000917,0.750000,0.750000,1.000000,0.000100000,0.000001113,0.066000,0.000000,0.000000,0.000000,0.000000,0.000000,0.750000,0.000000
132.399994,1.000000,543.000000,0.000000,0.000000,293.000000,1.000000,1.000000,0.000000,1.000765,0.750000,0.750000,1.000000,0.000100000,0.000001113,0.066000,0.000000,0.000000,0.000000,0.000000,0.000000,0.750000,0.000000
132.500000,1.000000,543.000000,0.000000,0.000000,293.000000,1.000000,1.000000,0.000000,1.000916,0.750000,0.750000,1.000000,0.000100000,0.000001113,0.066000,0.000000,0.000000,0.000000,0.000000,0.000000,0.750000,0.000000
132.599991,1.000000,543.000000,0.000000,0.000000,293.000000,1.000000,1.000000,0.000000,1.000764,0.750000,0.750000,1.000000,0.000100000,0.000001113,0.066000,0.000000,0.000000,0.000000,0.000000,0.000000,0.750000,0.000000
132.699997,1.000000,543.000000,0.000000,0.000000,293.000000,1.000000,1.000000,0.000000,1.000917,0.750000,0.750000,1.000000,0.000100000,0.000001113,0.066000,0.000000,0.000000,0.000000,0.000000,0.000000,0.750000,0.000000
132.800003,1.000000,543.000000,0.000000,0.000000,293.000000,1.000000,1.000000,0.000000,1.000918,0.750000,0.750000,1.000000,0.000100000,0.000001113,0.066000,0.000000,0.000000,0.000000,0.000000,0.000000,0.750000,0.000000
132.899994,1.000000,543.000000,0.000000,0.000000,293.000000,1.000000,1.000000,0.000000,1.000761,0.750000,0.750000,1.000000,0.000100000,0.000001113,0.066000,0.000000,0.000000,0.000000,0.000000,0.000000,0.750000,0.000000
133.000000,1.000000,543.000000,0.000000,0.000000,293.000000,1.000000,1.000000,0.000000,1.000917,0.750000,0.750000,1.000000,0.000100000,0.000001113,0.066000,0.000000,0.000000,0.000000,0.000000,0.000000,0.750000,0.000000
133.099991,1.000000,543.000000,0.000000,0.000000,293.000000,1.000000,1.000000,0.000000,1.000764,0.750000,0.750000,1.000000,0.000100000,0.000001113,0.066000,0.000000,0.000000,0.000000,0.000000,0.000000,0.750000,0.000000
133.199997,1.000000,543.000000,0.000000,0.000000,293.000000,1.000000,1.000000,0.000000,1.000917,0.750000,0.750000,1.000000,0.000100000,0.000001113,0.066000,0.000000,0.000000,0.000000,0.000000,0.000000,0.750000,0.000000
133.300003,1.000000,543.000000,0.000000,0.000000,293.000000,1.000000,1.000000,0.000000,1.000917,0.750000,0.750000,1.000000,0.000100000,0.000001113,0.066000,0.000000,0.000000,0.000000,0.000000,0.000000,0.750000,0.000000
133.399994,1.000000,543.000000,0.000000,0.000000,293.000000,1.000000,1.000000,0.000000,1.000764,0.750000,0.750000,1.000000,0.000100000,0.000001113,0.066000,0.000000,0.000000,0.000000,0.000000,0.000000,0.750000,0.000000
133.500000,1.000000,543.000000,0.000000,0.000000,293.000000,1.000000,1.000000,0.000000,1.000918,0.750000,0.750000,1.000000,0.000100000,0.000001113,0.066000,0.000000,0.000000,0.000000,0.000000,0.000000,0.750000,0.000000
133.599991,1.000000,543.000000,0.000000,0.000000,293.000000,1.000000,1.000000,0.000000,1.000764,0.750000,0.750000,1.000000,0.000100000,0.000001113,0.066000,0.000000,0.000000,0.000000,0.000000,0.000000,0.750000,0.000000
133.699997,1.000000,543.000000,0.000000,0.000000,293.000000,1.000000,1.000000,0.000000,1.000917,0.750000,0.750000,1.000000,0.000100000,0.000001113,0.066000,0.000000,0.000000,0.000000,0.000000,0.000000,0.750000,0.000000
133.800003,1.000000,543.000000,0.000000,0.000000,293.000000,1.000000,1.000000,0.000000,1.000915,0.750000,0.750000,1.000000,0.000100000,0.000001113,0.066000,0.000000,0.000000,0.000000,0.000000,0.000000,0.750000,0.000000
133.899994,1.000000,543.000000,0.000000,0.000000,293.000000,1.000000,1.000000,0.000000,1.000764,0.750000,0.750000,1.000000,0.000100000,0.000001113,0.066000,0.000000,0.000000,0.000000,0.000000,0.000000,0.750000,0.000000
134.000000,1.000000,543.000000,0.000000,0.000000,293.000000,1.000000,1.000000,0.000000,1.000917,0.750000,0.750000,1.000000,0.000100000,0.000001113,0.066000,0.000000,0.000000,0.000000,0.000000,0.000000,0.750000,0.000000
134.099991,1.000000,543.000000,0.000000,0.000000,293.000000,1.000000,1.000000,0.000000,1.000764,0.750000,0.750000,1.000000,0.000100000,0.000001113,0.066000,0.000000,0.000000,0.000000,0.000000,0.000000,0.750000,0.000000
134.199997,1.000000,543.000000,0.000000,0.000000,293.000000,1.000000,1.000000,0.000000,1.000917,0.750000,0.750000,1.000000,0.000100000,0.000001113,0.066000,0.000000,0.000000,0.000000,0.000000,0.000000,0.750000,0.000000
134.300003,1.000000,543.000000,0.000000,0.000000,293.000000,1.000000,1.000000,0.000000,1.000918,0.750000,0.750000,1.000000,0.000100000,0.000001113,0.066000,0.000000,0.000000,0.000000,0.000000,0.000000,0.750000,0.000000
134.399994,1.000000,543.000000,0.000000,0.000000,293.000000,1.000000,1.000000,0.000000,1.000764,0.750000,0.750000,1.000000,0.000100000,0.000001113,0.066000,0.000000,0.000000,0.000000,0.000000,0.000000,0.750000,0.000000
134.500000,1.000000,543.000000,0.000000,0.000000,293.000000,1.000000,1.000000,0.000000,1.000917,0.750000,0.750000,1.000000,0.000100000,0.000001113,0.066000,0.000000,0.000000,0.000000,0.000000,0.000000,0.750000,0.000000
134.599991,1.000000,543.000000,0.000000,0.000000,293.000000,1.000000,1.000000,0.000000,1.000765,0.750000,0.750000,1.000000,0.000100000,0.000001113,0.066000,0.000000,0.000000,0.000000,0.000000,0.000000,0.750000,0.000000
134.699997,1.000000,543.000000,0.000000,0.000000,293.000000,1.000000,1.000000,0.000000,1.000913,0.750000,0.750000,1.000000,0.000100000,0.000001113,0.066000,0.000000,0.000000,0.000000,0.000000,0.000000,0.750000,0.000000
134.800003,1.000000,543.000000,0.000000,0.000000,293.000000,1.000000,1.000000,0.000000,1.000917,0.750000,0.750000,1.000000,0.000100000,0.000001113,0.066000,0.000000,0.000000,0.000000,0.000000,0.000000,0.750000,0.000000
134.899994,1.000000,543.000000,0.000000,0.000000,293.000000,1.000000,1.000000,0.000000,1.000764,0.750000,0.750000,1.000000,0.000100000,0.000001113,0.066000,0.000000,0.000000,0.000000,0.000000,0.000000,0.750000,0.000000
135.000000,1.000000,543.000000,0.000000,0.000000,293.000000,1.000000,1.000000,0.000000,1.000917,0.750000,0.750000,1.000000,0.000100000,0.000001113,0.066000,0.000000,0.000000,0.000000,0.000000,0.000000,0.750000,0.000000
135.099991,1.000000,543.000000,0.000000,0.000000,293.000000,1.000000,1.000000,0.000000,1.000765,0.750000,0.750000,1.000000,0.000100000,0.000001113,0.066000,0.000000,0.000000,0.000000,0.000000,0.000000,0.750000,0.000000
135.199997,1.000000,543.000000,0.000000,0.000000,293.000000,1.000000,1.000000,0.000000,1.000917,0.750000,0.750000,1.000000,0.000100000,0.000001113,0.066000,0.000000,0.000000,0.000000,0.000000,0.000000,0.750000,0.000000
135.300003,1.000000,543.000000,0.000000,0.000000,293.000000,1.000000,1.000000,0.000000,1.000916,0.750000,0.750000,1.000000,0.000100000,0.000001113,0.066000,0.000000,0.000000,0.000000,0.000000,0.000000,0.750000,0.000000
135.399994,1.000000,543.000000,0.000000,0.000000,293.000000,1.000000,1.000000,0.000000,1.000765,0.750000,0.750000,1.000000,0.000100000,0.000001113,0.066000,0.000000,0.000000,0.000000,0.000000,0.000000,0.750000,0.000000
135.500000,1.000000,543.000000,0.000000,0.000000,293.000000,1.000000,1.000000,0.000000,1.000917,0.750000,0.750000,1.000000,0.000100000,0.000001113,0.066000,0.000000,0.000000,0.000000,0.000000,0.000000,0.750000,0.000000
135.599991,1.000000,543.000000,0.000000,0.000000,293.000000,1.000000,1.000000,0.000000,1.000762,0.750000,0.750000,1.000000,0.000100000,0.000001113,0.066000,0.000000,0.000000,0.000000,0.000000,0.000000,0.750000,0.000000
135.699997,1.000000,543.000000,0.000000,0.000000,293.000000,1.000000,1.000000,0.000000,1.000916,0.750000,0.750000,1.000000,0.000100000,0.000001113,0.066000,0.000000,0.000000,0.000000,0.000000,0.000000,0.750000,0.000000
135.800003,1.000000,543.000000,0.000000,0.000000,293.000000,1.000000,1.000000,0.000000,1.000917,0.750000,0.750000,1.000000,0.000100000,0.000001113,0.066000,0.000000,0.000000,0.000000,0.000000,0.000000,0.750000,0.000000
135.899994,1.000000,543.000000,0.000000,0.000000,293.000000,1.000000,1.000000,0.000000,1.000764,0.750000,0.750000,1.000000,0.000100000,0.000001113,0.066000,0.000000,0.000000,0.000000,0.000000,0.000000,0.750000,0.000000
136.000000,1.000000,543.000000,0.000000,0.000000,293.000000,1.000000,1.000000,0.000000,1.000918,0.750000,0.750000,1.000000,0.000100000,0.000001113,0.066000,0.000000,0.000000,0.000000,0.000000,0.000000,0.750000,0.000000
136.099991,1.000000,543.000000,0.000000,0.000000,293.000000,1.000000,1.000000,0.000000,1.000763,0.750000,0.750000,1.000000,0.000100000,0.000001113,0.066000,0.000000,0.000000,0.000000,0.000000,0.000000,0.750000,0.000000
136.199997,1.000000,543.000000,0.000000,0.000000,293.000000,1.000000,1.000000,0.000000,1.000917,0.750000,0.750000,1.000000,0.000100000,0.000001113,0.066000,0.000000,0.000000,0.000000,0.000000,0.000000,0.750000,0.000000
136.300003,1.000000,543.000000,0.000000,0.000000,293.000000,1.000000,1.000000,0.000000,1.000917,0.750000,0.750000,1.000000,0.000100000,0.000001113,0.066000,0.000000,0.000000,0.000000,0.000000,0.000000,0.750000,0.000000
136.399994,1.000000,543.000000,0.000000,0.000000,293.000000,1.000000,1.000000,0.000000,1.000765,0.750000,0.750000,1.000000,0.000100000,0.000001113,0.066000,0.000000,0.000000,0.000000,0.000000,0.000000,0.750000,0.000000
136.500000,1.000000,543.000000,0.000000,0.000000,293.000000,1.000000,1.000000,0.000000,1.000914,0.750000,0.750000,1.000000,0.000100000,0.000001113,0.066000,0.000000,0.000000,0.000000,0.000000,0.000000,0.750000,0.000000
136.599991,1.000000,543.000000,0.000000,0.000000,293.000000,1.000000,1.000000,0.000000,1.000764,0.750000,0.750000,1.000000,0.000100000,0.000001113,0.066000,0.000000,0.000000,0.000000,0.000000,0.000000,0.750000,0.000000
136.699997,1.000000,543.000000,0.000000,0.000000,293.000000,1.000000,1.000000,0.000000,1.000916,0.750000,0.750000,1.000000,0.000100000,0.000001113,0.066000,0.000000,0.000000,0.000000,0.000000,0.000000,0.750000,0.000000
136.800003,1.000000,543.000000,0.000000,0.000000,293.000000,1.000000,1.000000,0.000000,1.000918,0.750000,0.750000,1.000000,0.000100000,0.000001113,0.066000,0.000000,0.000000,0.000000,0.000000,0.000000,0.750000,0.000000
136.899994,1.000000,543.000000,0.000000,0.000000,293.000000,1.000000,1.000000,0.000000,1.000764,0.750000,0.750000,1.000000,0.000100000,0.000001113,0.066000,0.000000,0.000000,0.000000,0.000000,0.000000,0.750000,0.000000
137.000000,1.000000,543.000000,0.000000,0.000000,293.000000,1.000000,1.000000,0.000000,1.000917,0.750000,0.750000,1.000000,0.000100000,0.000001113,0.066000,0.000000,0.000000,0.000000,0.000000,0.000000,0.750000,0.000000
137.099991,1.000000,543.000000,0.000000,0.000000,293.000000,1.000000,1.000000,0.000000,1.000764,0.750000,0.750000,1.000000,0.000100000,0.000001113,0.066000,0.000000,0.000000,0.000000,0.000000,0.000000,0.750000,0.000000
137.199997,1.000000,543.000000,0.000000,0.000000,293.000000,1.000000,1.000000,0.000000,1.000917,0.750000,0.750000,1.000000,0.000100000,0.000001113,0.066000,0.000000,0.000000,0.000000,0.000000,0.000000,0.750000,0.000000
137.300003,1.000000,543.000000,0.000000,0.000000,293.000000,1.000000,1.000000,0.000000,1.000918,0.750000,0.750000,1.000000,0.000100000,0.000001113,0.066000,0.000000,0.000000,0.000000,0.000000,0.000000,0.750000,0.000000
137.399994,1.000000,543.000000,0.000000,0.000000,293.000000,1.000000,1.000000,0.000000,1.000761,0.750000,0.750000,1.000000,0.000100000,0.000001113,0.066000,0.000000,0.000000,0.000000,0.000000,0.000000,0.750000,0.000000
137.500000,1.000000,543.000000,0.000000,0.000000,293.000000,1.000000,1.000000,0.000000,1.000917,0.750000,0.750000,1.000000,0.000100000,0.000001113,0.066000,0.000000,0.000000,0.000000,0.000000,0.000000,0.750000,0.000000
137.599991,1.000000,543.000000,0.000000,0.000000,293.000000,1.000000,1.000000,0.000000,1.000764,0.750000,0.750000,1.000000,0.000100000,0.000001113,0.066000,0.000000,0.000000,0.000000,0.000000,0.000000,0.750000,0.000000
137.699997,1.000000,543.000000,0.000000,0.000000,293.000000,1.000000,1.000000,0.000000,1.000916,0.750000,0.750000,1.000000,0.000100000,0.000001113,0.066000,0.000000,0.000000,0.000000,0.000000,0.000000,0.750000,0.000000
137.800003,1.000000,543.000000,0.000000,0.000000,293.000000,1.000000,1.000000,0.000000,1.000918,0.750000,0.750000,1.000000,0.000100000,0.000001113,0.066000,0.000000,0.000000,0.000000,0.000000,0.000000,0.750000,0.000000
137.899994,1.000000,543.000000,0.000000,0.000000,293.000000,1.000000,1.000000,0.000000,1.000764,0.750000,0.750000,1.000000,0.000100000,0.000001113,0.066000,0.000000,0.000000,0.000000,0.000000,0.000000,0.750000,0.000000
138.000000,1.000000,543.000000,0.000000,0.000000,293.000000,1.000000,1.000000,0.000000,1.000917,0.750000,0.750000,1.000000,0.000100000,0.000001113,0.066000,0.000000,0.000000,0.000000,0.000000,0.000000,0.750000,0.000000
138.099991,1.000000,543.000000,0.000000,0.000000,293.000000,1.000000,1.000000,0.000000,1.000765,0.750000,0.750000,1.000000,0.000100000,0.000001113,0.066000,0.000000,0.000000,0.000000,0.000000,0.000000,0.750000,0.000000
138.199997,1.000000,543.000000,0.000000,0.000000,293.000000,1.000000,1.000000,0.000000,1.000917,0.750000,0.750000,1.000000,0.000100000,0.000001113,0.066000,0.000000,0.000000,0.000000,0.000000,0.000000,0.750000,0.000000
138.300003,1.000000,543.000000,0.000000,0.000000,293.000000,1.000000,1.000000,0.000000,1.000914,0.750000,0.750000,1.000000,0.000100000,0.000001113,0.066000,0.000000,0.000000,0.000000,0.000000,0.000000,0.750000,0.000000
138.399994,1.000000,543.000000,0.000000,0.000000,293.000000,1.000000,1.000000,0.000000,1.000764,0.750000,0.750000,1.000000,0.000100000,0.000001113,0.066000,0.000000,0.000000,0.000000,0.000000,0.000000,0.750000,0.000000
138.500000,1.000000,543.000000,0.000000,0.000000,293.000000,1.000000,1.000000,0.000000,1.000917,0.750000,0.750000,1.000000,0.000100000,0.000001113,0.066000,0.000000,0.000000,0.000000,0.000000,0.000000,0.750000,0.000000
138.599991,1.000000,543.000000,0.000000,0.000000,293.000000,1.000000,1.000000,0.000000,1.000764,0.750000,0.750000,1.000000,0.000100000,0.000001113,0.066000,0.000000,0.000000,0.000000,0.000000,0.000000,0.750000,0.000000
138.699997,1.000000,543.000000,0.000000,0.000000,293.000000,1.000000,1.000000,0.000000,1.000917,0.750000,0.750000,1.000000,0.000100000,0.000001113,0.066000,0.000000,0.000000,0.000000,0.000000,0.000000,0.750000,0.000000
138.800003,1.000000,543.000000,0.000000,0.000000,293.000000,1.000000,1.000000,0.000000,1.000917,0.750000,0.750000,1.000000,0.000100000,0.000001113,0.066000,0.000000,0.000000,0.000000,0.000000,0.000000,0.750000,0.000000
138.899994,1.000000,543.000000,0.000000,0.000000,293.000000,1.000000,1.000000,0.000000,1.000765,0.750000,0.750000,1.000000,0.000100000,0.000001113,0.066000,0.000000,0.000000,0.000000,0.000000,0.000000,0.750000,0.000000
139.000000,1.000000,543.000000,0.000000,0.000000,293.000000,1.000000,1.000000,0.000000,1.000917,0.750000,0.750000,1.000000,0.000100000,0.000001113,0.066000,0.000000,0.000000,0.000000,0.000000,0.000000,0.750000,0.000000
139.099991,1.000000,543.000000,0.000000,0.000000,293.000000,1.000000,1.000000,0.000000,1.000764,0.750000,0.750000,1.000000,0.000100000,0.000001113,0.066000,0.000000,0.000000,0.000000,0.000000,0.000000,0.750000,0.000000
139.199997,1.000000,543.000000,0.000000,0.000000,293.000000,1.000000,1.000000,0.000000,1.000915,0.750000,0.750000,1.000000,0.000100000,0.000001113,0.066000,0.000000,0.000000,0.000000,0.000000,0.000000,0.750000,0.000000
139.300003,1.000000,543.000000,0.000000,0.000000,293.000000,1.000000,1.000000,0.000000,1.000917,0.750000,0.750000,1.000000,0.000100000,0.000001113,0.066000,0.000000,0.000000,0.000000,0.000000,0.000000,0.750000,0.000000
139.399994,1.000000,543.000000,0.000000,0.000000,293.000000,1.000000,1.000000,0.000000,1.000764,0.750000,0.750000,1.000000,0.000100000,0.000001113,0.066000,0.000000,0.000000,0.000000,0.000000,0.000000,0.750000,0.000000
139.500000,1.000000,543.000000,0.000000,0.000000,293.000000,1.000000,1.000000,0.000000,1.000917,0.750000,0.750000,1.000000,0.000100000,0.000001113,0.066000,0.000000,0.000000,0.000000,0.000000,0.000000,0.750000,0.000000
139.599991,1.000000,543.000000,0.000000,0.000000,293.000000,1.000000,1.000000,0.000000,1.000765,0.750000,0.750000,1.000000,0.000100000,0.000001113,0.066000,0.000000,0.000000,0.000000,0.000000,0.000000,0.750000,0.000000
139.699997,1.000000,543.000000,0.000000,0.000000,293.000000,1.000000,1.000000,0.000000,1.000916,0.750000,0.750000,1.000000,0.000100000,0.000001113,0.066000,0.000000,0.000000,0.000000,0.000000,0.000000,0.750000,0.000000
139.800003,1.000000,543.000000,0.000000,0.000000,293.000000,1.000000,1.000000,0.000000,1.000917,0.750000,0.750000,1.000000,0.000100000,0.000001113,0.066000,0.000000,0.000000,0.000000,0.000000,0.000000,0.750000,0.000000
139.899994,1.000000,543.000000,0.000000,0.000000,293.000000,1.000000,1.000000,0.000000,1.000764,0.750000,0.750000,1.000000,0.000100000,0.000001113,0.066000,0.000000,0.000000,0.000000,0.000000,0.000000,0.750000,0.000000
140.000000,1.000000,543.000000,0.000000,0.000000,293.000000,1.000000,1.000000,0.000000,1.000918,0.750000,0.750000,1.000000,0.000100000,0.000001113,0.066000,0.000000,0.000000,0.000000,0.000000,0.000000,0.750000,0.000000
140.099991,1.000000,543.000000,0.000000,0.000000,293.000000,1.000000,1.000000,0.000000,1.000761,0.750000,0.750000,1.000000,0.000100000,0.000001113,0.066000,0.000000,0.000000,0.000000,0.000000,0.000000,0.750000,0.000000
140.199997,1.000000,543.000000,0.000000,0.000000,293.000000,1.000000,1.000000,0.000000,1.000917,0.750000,0.750000,1.000000,0.000100000,0.000001113,0.066000,0.000000,0.000000,0.000000,0.000000,0.000000,0.750000,0.000000
140.300003,1.000000,543.000000,0.000000,0.000000,293.000000,1.000000,1.000000,0.000000,1.000917,0.750000,0.750000,1.000000,0.000100000,0.000001113,0.066000,0.000000,0.000000,0.000000,0.000000,0.000000,0.750000,0.000000
140.399994,1.000000,543.000000,0.000000,0.000000,293.000000,1.000000,1.000000,0.000000,1.000764,0.750000,0.750000,1.000000,0.000100000,0.000001113,0.066000,0.000000,0.000000,0.000000,0.000000,0.000000,0.750000,0.000000
140.500000,1.000000,543.000000,0.000000,0.000000,293.000000,1.000000,1.000000,0.000000,1.000918,0.750000,0.750000,1.000000,0.000100000,0.000001113,0.066000,0.000000,0.000000,0.000000,0.000000,0.000000,0.750000,0.000000
140.599991,1.000000,543.000000,0.000000,0.000000,293.000000,1.000000,1.000000,0.000000,1.000764,0.750000,0.750000,1.000000,0.000100000,0.000001113,0.066000,0.000000,0.000000,0.000000,0.000000,0.000000,0.750000,0.000000
140.699997,1.000000,543.000000,0.000000,0.000000,293.000000,1.000000,1.000000,0.000000,1.000917,0.750000,0.750000,1.000000,0.000100000,0.000001113,0.066000,0.000000,0.000000,0.000000,0.000000,0.000000,0.750000,0.000000
140.800003,1.000000,543.000000,0.000000,0.000000,293.000000,1.000000,1.000000,0.000000,1.000918,0.750000,0.750000,1.000000,0.000100000,0.000001113,0.066000,0.000000,0.000000,0.000000,0.000000,0.000000,0.750000,0.000000
140.899994,1.000000,543.000000,0.000000,0.000000,293.000000,1.000000,1.000000,0.000000,1.000764,0.750000,0.750000,1.000000,0.000100000,0.000001113,0.066000,0.000000,0.000000,0.000000,0.000000,0.000000,0.750000,0.000000
141.000000,1.000000,543.000000,0.000000,0.000000,293.000000,1.000000,1.000000,0.000000,1.000914,0.750000,0.750000,1.000000,0.000100000,0.000001113,0.066000,0.000000,0.000000,0.000000,0.000000,0.000000,0.750000,0.000000
141.099991,1.000000,543.000000,0.000000,0.000000,293.000000,1.000000,1.000000,0.000000,1.000764,0.750000,0.750000,1.000000,0.000100000,0.000001113,0.066000,0.000000,0.000000,0.000000,0.000000,0.000000,0.750000,0.000000
141.199997,1.000000,543.000000,0.000000,0.000000,293.000000,1.000000,1.000000,0.000000,1.000918,0.750000,0.750000,1.000000,0.000100000,0.000001113,0.066000,0.000000,0.000000,0.000000,0.000000,0.000000,0.750000,0.000000
141.300003,1.000000,543.000000,0.000000,0.000000,293.000000,1.000000,1.000000,0.000000,1.000917,0.750000,0.750000,1.000000,0.000100000,0.000001113,0.066000,0.000000,0.000000,0.000000,0.000000,0.000000,0.750000,0.000000
141.399994,1.000000,543.000000,0.000000,0.000000,293.000000,1.000000,1.000000,0.000000,1.000765,0.750000,0.750000,1.000000,0.000100000,0.000001113,0.066000,0.000000,0.000000,0.000000,0.000000,0.000000,0.750000,0.000000
141.500000,1.000000,543.000000,0.000000,0.000000,293.000000,1.000000,1.000000,0.000000,1.000916,0.750000,0.750000,1.000000,0.000100000,0.000001113,0.066000,0.000000,0.000000,0.000000,0.000000,0.000000,0.750000,0.000000
141.599991,1.000000,543.000000,0.000000,0.000000,293.000000,1.000000,1.000000,0.000000,1.000764,0.750000,0.750000,1.000000,0.000100000,0.000001113,0.066000,0.000000,0.000000,0.000000,0.000000,0.000000,0.750000,0.000000
141.699997,1.000000,543.000000,0.000000,0.000000,293.000000,1.000000,1.000000,0.000000,1.000918,0.750000,0.750000,1.000000,0.000100000,0.000001113,0.066000,0.000000,0.000000,0.000000,0.000000,0.000000,0.750000,0.000000
141.800003,1.000000,543.000000,0.000000,0.000000,293.000000,1.000000,1.000000,0.000000,1.000917,0.750000,0.750000,1.000000,0.000100000,0.000001113,0.066000,0.000000,0.000000,0.000000,0.000000,0.000000,0.750000,0.000000
141.899994,1.000000,543.000000,0.000000,0.000000,293.000000,1.000000,1.000000,0.000000,1.000761,0.750000,0.750000,1.000000,0.000100000,0.000001113,0.066000,0.000000,0.000000,0.000000,0.000000,0.000000,0.750000,0.000000
142.000000,1.000000,543.000000,0.000000,0.000000,293.000000,1.000000,1.000000,0.000000,1.000918,0.750000,0.750000,1.000000,0.000100000,0.000001113,0.066000,0.000000,0.000000,0.000000,0.000000,0.000000,0.750000,0.000000
142.099991,1.000000,543.000000,0.000000,0.000000,293.000000,1.000000,1.000000,0.000000,1.000763,0.750000,0.750000,1.000000,0.000100000,0.000001113,0.066000,0.000000,0.000000,0.000000,0.000000,0.000000,0.750000,0.000000
142.199997,1.000000,543.000000,0.000000,0.000000,293.000000,1.000000,1.000000,0.000000,1.000917,0.750000,0.750000,1.000000,0.000100000,0.000001113,0.066000,0.000000,0.000000,0.000000,0.000000,0.000000,0.750000,0.000000
142.300003,1.000000,543.000000,0.000000,0.000000,293.000000,1.000000,1.000000,0.000000,1.000918,0.750000,0.750000,1.000000,0.000100000,0.000001113,0.066000,0.000000,0.000000,0.000000,0.000000,0.000000,0.750000,0.000000
142.399994,1.000000,543.000000,0.000000,0.000000,293.000000,1.000000,1.000000,0.000000,1.000764,0.750000,0.750000,1.000000,0.000100000,0.000001113,0.066000,0.000000,0.000000,0.000000,0.000000,0.000000,0.750000,0.000000
142.500000,1.000000,543.000000,0.000000,0.000000,293.000000,1.000000,1.000000,0.000000,1.000917,0.750000,0.750000,1.000000,0.000100000,0.000001113,0.066000,0.000000,0.000000,0.000000,0.000000,0.000000,0.750000,0.000000
142.599991,1.000000,543.000000,0.000000,0.000000,293.000000,1.000000,1.000000,0.000000,1.000764,0.750000,0.750000,1.000000,0.000100000,0.000001113,0.066000,0.000000,0.000000,0.000000,0.000000,0.000000,0.750000,0.000000
142.699997,1.000000,543.000000,0.000000,0.000000,293.000000,1.000000,1.000000,0.000000,1.000917,0.750000,0.750000,1.000000,0.000100000,0.000001113,0.066000,0.000000,0.000000,0.000000,0.000000,0.000000,0.750000,0.000000
142.800003,1.000000,543.000000,0.000000,0.000000,293.000000,1.000000,1.000000,0.000000,1.000914,0.750000,0.750000,1.000000,0.000100000,0.000001113,0.066000,0.000000,0.000000,0.000000,0.000000,0.000000,0.750000,0.000000
142.899994,1.000000,543.000000,0.000000,0.000000,293.000000,1.000000,1.000000,0.000000,1.000764,0.750000,0.750000,1.000000,0.000100000,0.000001113,0.066000,0.000000,0.000000,0.000000,0.000000,0.000000,0.750000,0.000000
143.000000,1.000000,543.000000,0.000000,0.000000,293.000000,1.000000,1.000000,0.000000,1.000918,0.750000,0.750000,1.000000,0.000100000,0.000001113,0.066000,0.000000,0.000000,0.000000,0.000000,0.000000,0.750000,0.000000
143.099991,1.000000,543.000000,0.000000,0.000000,293.000000,1.000000,1.000000,0.000000,1.000764,0.750000,0.750000,1.000000,0.000100000,0.000001113,0.066000,0.000000,0.000000,0.000000,0.000000,0.000000,0.750000,0.000000
143.199997,1.000000,543.000000,0.000000,0.000000,293.000000,1.000000,1.000000,0.000000,1.000918,0.750000,0.750000,1.000000,0.000100000,0.000001113,0.066000,0.000000,0.000000,0.000000,0.000000,0.000000,0.750000,0.000000
143.300003,1.000000,543.000000,0.000000,0.000000,293.000000,1.000000,1.000000,0.000000,1.000917,0.750000,0.750000,1.000000,0.000100000,0.000001113,0.066000,0.000000,0.000000,0.000000,0.000000,0.000000,0.750000,0.000000
143.399994,1.000000,543.000000,0.000000,0.000000,293.000000,1.000000,1.000000,0.000000,1.000764,0.750000,0.750000,1.000000,0.000100000,0.000001113,0.066000,0.000000,0.000000,0.000000,0.000000,0.000000,0.750000,0.000000
143.500000,1.000000,543.000000,0.000000,0.000000,293.000000,1.000000,1.000000,0.000000,1.000917,0.750000,0.750000,1.000000,0.000100000,0.000001113,0.066000,0.000000,0.000000,0.000000,0.000000,0.000000,0.750000,0.000000
143.599991,1.000000,543.000000,0.000000,0.000000,293.000000,1.000000,1.000000,0.000000,1.000764,0.750000,0.750000,1.000000,0.000100000,0.000001113,0.066000,0.000000,0.000000,0.000000,0.000000,0.000000,0.750000,0.000000
143.699997,1.000000,543.000000,0.000000,0.000000,293.000000,1.000000,1.000000,0.000000,1.000914,0.750000,0.750000,1.000000,0.000100000,0.000001113,0.066000,0.000000,0.000000,0.000000,0.000000,0.000000,0.750000,0.000000
143.800003,1.000000,543.000000,0.000000,0.000000,293.000000,1.000000,1.000000,0.000000,1.000917,0.750000,0.750000,1.000000,0.000100000,0.000001113,0.066000,0.000000,0.000000,0.000000,0.000000,0.000000,0.750000,0.000000
143.899994,1.000000,543.000000,0.000000,0.000000,293.000000,1.000000,1.000000,0.000000,1.000765,0.750000,0.750000,1.000000,0.000100000,0.000001113,0.066000,0.000000,0.000000,0.000000,0.000000,0.000000,0.750000,0.000000
144.000000,1.000000,543.000000,0.000000,0.000000,293.000000,1.000000,1.000000,0.000000,1.000917,0.750000,0.750000,1.000000,0.000100000,0.000001113,0.066000,0.000000,0.000000,0.000000,0.000000,0.000000,0.750000,0.000000
144.099991,1.000000,543.000000,0.000000,0.000000,293.000000,1.000000,1.000000,0.000000,1.000765,0.750000,0.750000,1.000000,0.000100000,0.000001113,0.066000,0.000000,0.000000,0.000000,0.000000,0.000000,0.750000,0.000000
144.199997,1.000000,543.000000,0.000000,0.000000,293.000000,1.000000,1.000000,0.000000,1.000916,0.750000,0.750000,1.000000,0.000100000,0.000001113,0.066000,0.000000,0.000000,0.000000,0.000000,0.000000,0.750000,0.000000
144.300003,1.000000,543.000000,0.000000,0.000000,293.000000,1.000000,1.000000,0.000000,1.000916,0.750000,0.750000,1.000000,0.000100000,0.000001113,0.066000,0.000000,0.000000,0.000000,0.000000,0.000000,0.750000,0.000000
144.399994,1.000000,543.000000,0.000000,0.000000,293.000000,1.000000,1.000000,0.000000,1.000765,0.750000,0.750000,1.000000,0.000100000,0.000001113,0.066000,0.000000,0.000000,0.000000,0.000000,0.000000,0.750000,0.000000
144.500000,1.000000,543.000000,0.000000,0.000000,293.000000,1.000000,1.000000,0.000000,1.000916,0.750000,0.750000,1.000000,0.000100000,0.000001113,0.066000,0.000000,0.000000,0.000000,0.000000,0.000000,0.750000,0.000000
144.599991,1.000000,543.000000,0.000000,0.000000,293.000000,1.000000,1.000000,0.000000,1.000762,0.750000,0.750000,1.000000,0.000100000,0.000001113,0.066000,0.000000,0.000000,0.000000,0.000000,0.000000,0.750000,0.000000
144.699997,1.000000,543.000000,0.000000,0.000000,293.000000,1.000000,1.000000,0.000000,1.000917,0.750000,0.750000,1.000000,0.000100000,0.000001113,0.066000,0.000000,0.000000,0.000000,0.000000,0.000000,0.750000,0.000000
144.800003,1.000000,543.000000,0.000000,0.000000,293.000000,1.000000,1.000000,0.000000,1.000916,0.750000,0.750000,1.000000,0.000100000,0.000001113,0.066000,0.000000,0.000000,0.000000,0.000000,0.000000,0.750000,0.000000
144.899994,1.000000,543.000000,0.000000,0.000000,293.000000,1.000000,1.000000,0.000000,1.000765,0.750000,0.750000,1.000000,0.000100000,0.000001113,0.066000,0.000000,0.000000,0.000000,0.000000,0.000000,0.750000,0.000000
145.000000,1.000000,543.000000,0.000000,0.000000,293.000000,1.000000,1.000000,0.000000,1.000918,0.750000,0.750000,1.000000,0.000100000,0.000001113,0.066000,0.000000,0.000000,0.000000,0.000000,0.000000,0.750000,0.000000
